<graph>
  <node id="ACID">
    <attribute name="FREQUENCY" value="4" />
  </node>
  <node id="ADHERED">
    <attribute name="FREQUENCY" value="1" />
  </node>
  <node id="ADMIT">
    <attribute name="FREQUENCY" value="1" />
  </node>
  <node id="AGAINST">
    <attribute name="FREQUENCY" value="1" />
  </node>
  <node id="AGENT">
    <attribute name="FREQUENCY" value="1" />
  </node>
  <node id="ANALYSIS">
    <attribute name="FREQUENCY" value="1" />
  </node>
  <node id="ANIMALS">
    <attribute name="FREQUENCY" value="2" />
  </node>
  <node id="ANTIBIOTICS">
    <attribute name="FREQUENCY" value="2" />
  </node>
  <node id="ANTIBODIES">
    <attribute name="FREQUENCY" value="1" />
  </node>
  <node id="APPEARS">
    <attribute name="FREQUENCY" value="1" />
  </node>
  <node id="ARCHIVE">
    <attribute name="FREQUENCY" value="2" />
  </node>
  <node id="AREA">
    <attribute name="FREQUENCY" value="1" />
  </node>
  <node id="ATTENTION">
    <attribute name="FREQUENCY" value="1" />
  </node>
  <node id="AWARENESS">
    <attribute name="FREQUENCY" value="1" />
  </node>
  <node id="BACTERIA">
    <attribute name="FREQUENCY" value="3" />
  </node>
  <node id="BACTERIAL">
    <attribute name="FREQUENCY" value="3" />
  </node>
  <node id="BAREFOOT">
    <attribute name="FREQUENCY" value="1" />
  </node>
  <node id="BARTONELLA">
    <attribute name="FREQUENCY" value="1" />
  </node>
  <node id="BEACH">
    <attribute name="FREQUENCY" value="1" />
  </node>
  <node id="BEAR">
    <attribute name="FREQUENCY" value="1" />
  </node>
  <node id="BEGIN">
    <attribute name="FREQUENCY" value="1" />
  </node>
  <node id="BELIEVES">
    <attribute name="FREQUENCY" value="2" />
  </node>
  <node id="BENEFIT">
    <attribute name="FREQUENCY" value="1" />
  </node>
  <node id="BIT">
    <attribute name="FREQUENCY" value="1" />
  </node>
  <node id="BITE">
    <attribute name="FREQUENCY" value="1" />
  </node>
  <node id="BIZ">
    <attribute name="FREQUENCY" value="4" />
  </node>
  <node id="BROUGHT">
    <attribute name="FREQUENCY" value="1" />
  </node>
  <node id="CAMPYLOBACTER">
    <attribute name="FREQUENCY" value="1" />
  </node>
  <node id="CARRY">
    <attribute name="FREQUENCY" value="1" />
  </node>
  <node id="CASE">
    <attribute name="FREQUENCY" value="1" />
  </node>
  <node id="CAT">
    <attribute name="FREQUENCY" value="9" />
  </node>
  <node id="CAUSED">
    <attribute name="FREQUENCY" value="1" />
  </node>
  <node id="CHILDREN">
    <attribute name="FREQUENCY" value="1" />
  </node>
  <node id="COLLEGE">
    <attribute name="FREQUENCY" value="1" />
  </node>
  <node id="COMMENTS">
    <attribute name="FREQUENCY" value="2" />
  </node>
  <node id="CONTAMINATED">
    <attribute name="FREQUENCY" value="1" />
  </node>
  <node id="CONTRACT">
    <attribute name="FREQUENCY" value="1" />
  </node>
  <node id="CONTRIBUTE">
    <attribute name="FREQUENCY" value="1" />
  </node>
  <node id="CONTROL">
    <attribute name="FREQUENCY" value="2" />
  </node>
  <node id="CONTROLLABLE">
    <attribute name="FREQUENCY" value="1" />
  </node>
  <node id="CONTROLLING">
    <attribute name="FREQUENCY" value="1" />
  </node>
  <node id="CRYPTOSPORIDIUM">
    <attribute name="FREQUENCY" value="1" />
  </node>
  <node id="DEFECATE">
    <attribute name="FREQUENCY" value="1" />
  </node>
  <node id="DEFENSE">
    <attribute name="FREQUENCY" value="1" />
  </node>
  <node id="DIARRHEA">
    <attribute name="FREQUENCY" value="2" />
  </node>
  <node id="DIARRHEA-CAUSING">
    <attribute name="FREQUENCY" value="1" />
  </node>
  <node id="DIRECTLY">
    <attribute name="FREQUENCY" value="1" />
  </node>
  <node id="DISEASE">
    <attribute name="FREQUENCY" value="19" />
  </node>
  <node id="DIVIDE">
    <attribute name="FREQUENCY" value="1" />
  </node>
  <node id="DOG">
    <attribute name="FREQUENCY" value="7" />
  </node>
  <node id="DOG-HUMAN">
    <attribute name="FREQUENCY" value="1" />
  </node>
  <node id="DRINK">
    <attribute name="FREQUENCY" value="1" />
  </node>
  <node id="EDT">
    <attribute name="FREQUENCY" value="1" />
  </node>
  <node id="EHRLICHIOSIS">
    <attribute name="FREQUENCY" value="1" />
  </node>
  <node id="EMOTIONAL">
    <attribute name="FREQUENCY" value="1" />
  </node>
  <node id="ENDEMIC">
    <attribute name="FREQUENCY" value="1" />
  </node>
  <node id="ENTERTAIN">
    <attribute name="FREQUENCY" value="4" />
  </node>
  <node id="EXPERTS">
    <attribute name="FREQUENCY" value="1" />
  </node>
  <node id="EXPLAINS">
    <attribute name="FREQUENCY" value="1" />
  </node>
  <node id="EXTERNAL">
    <attribute name="FREQUENCY" value="1" />
  </node>
  <node id="FECAL-BORNE">
    <attribute name="FREQUENCY" value="1" />
  </node>
  <node id="FECES">
    <attribute name="FREQUENCY" value="5" />
  </node>
  <node id="FERTILIZER">
    <attribute name="FREQUENCY" value="1" />
  </node>
  <node id="FEVER">
    <attribute name="FREQUENCY" value="4" />
  </node>
  <node id="FINAL">
    <attribute name="FREQUENCY" value="1" />
  </node>
  <node id="FLAG">
    <attribute name="FREQUENCY" value="1" />
  </node>
  <node id="FLEA">
    <attribute name="FREQUENCY" value="1" />
  </node>
  <node id="FLEA-BEARING">
    <attribute name="FREQUENCY" value="1" />
  </node>
  <node id="FOLIC">
    <attribute name="FREQUENCY" value="4" />
  </node>
  <node id="GREATLY">
    <attribute name="FREQUENCY" value="1" />
  </node>
  <node id="HALF">
    <attribute name="FREQUENCY" value="1" />
  </node>
  <node id="HEADLINES">
    <attribute name="FREQUENCY" value="1" />
  </node>
  <node id="HEALTH">
    <attribute name="FREQUENCY" value="5" />
  </node>
  <node id="HENSELAE">
    <attribute name="FREQUENCY" value="2" />
  </node>
  <node id="HIGHER">
    <attribute name="FREQUENCY" value="1" />
  </node>
  <node id="HOOKWORM">
    <attribute name="FREQUENCY" value="2" />
  </node>
  <node id="HOST">
    <attribute name="FREQUENCY" value="1" />
  </node>
  <node id="HOUSEHOLDS">
    <attribute name="FREQUENCY" value="3" />
  </node>
  <node id="HTML">
    <attribute name="FREQUENCY" value="1" />
  </node>
  <node id="HUMAN">
    <attribute name="FREQUENCY" value="5" />
  </node>
  <node id="HUMANKIND">
    <attribute name="FREQUENCY" value="1" />
  </node>
  <node id="HYGIENE">
    <attribute name="FREQUENCY" value="1" />
  </node>
  <node id="ILLNESS">
    <attribute name="FREQUENCY" value="3" />
  </node>
  <node id="IMMUNIZATION">
    <attribute name="FREQUENCY" value="1" />
  </node>
  <node id="INDIRECTLY">
    <attribute name="FREQUENCY" value="1" />
  </node>
  <node id="INDOOR">
    <attribute name="FREQUENCY" value="1" />
  </node>
  <node id="INFECTION">
    <attribute name="FREQUENCY" value="6" />
  </node>
  <node id="INFECTIOUS">
    <attribute name="FREQUENCY" value="3" />
  </node>
  <node id="INFESTATION">
    <attribute name="FREQUENCY" value="1" />
  </node>
  <node id="INFO">
    <attribute name="FREQUENCY" value="2" />
  </node>
  <node id="INSIGNIFICANT">
    <attribute name="FREQUENCY" value="1" />
  </node>
  <node id="INTER-SPECIES">
    <attribute name="FREQUENCY" value="1" />
  </node>
  <node id="INTERNAL">
    <attribute name="FREQUENCY" value="2" />
  </node>
  <node id="INTESTINAL">
    <attribute name="FREQUENCY" value="1" />
  </node>
  <node id="INVOLVES">
    <attribute name="FREQUENCY" value="1" />
  </node>
  <node id="JAMES">
    <attribute name="FREQUENCY" value="1" />
  </node>
  <node id="LAW">
    <attribute name="FREQUENCY" value="1" />
  </node>
  <node id="LEAD">
    <attribute name="FREQUENCY" value="1" />
  </node>
  <node id="LEAP">
    <attribute name="FREQUENCY" value="1" />
  </node>
  <node id="LIMITED">
    <attribute name="FREQUENCY" value="1" />
  </node>
  <node id="LINE">
    <attribute name="FREQUENCY" value="1" />
  </node>
  <node id="LINKED">
    <attribute name="FREQUENCY" value="1" />
  </node>
  <node id="LOVE">
    <attribute name="FREQUENCY" value="1" />
  </node>
  <node id="LOVER">
    <attribute name="FREQUENCY" value="1" />
  </node>
  <node id="LYME">
    <attribute name="FREQUENCY" value="4" />
  </node>
  <node id="MATTER">
    <attribute name="FREQUENCY" value="1" />
  </node>
  <node id="MEDICAL">
    <attribute name="FREQUENCY" value="1" />
  </node>
  <node id="MEDICINE">
    <attribute name="FREQUENCY" value="3" />
  </node>
  <node id="MICROSCOPIC">
    <attribute name="FREQUENCY" value="1" />
  </node>
  <node id="MITE">
    <attribute name="FREQUENCY" value="1" />
  </node>
  <node id="MONDAY">
    <attribute name="FREQUENCY" value="1" />
  </node>
  <node id="MOUNTAIN">
    <attribute name="FREQUENCY" value="1" />
  </node>
  <node id="NEWS">
    <attribute name="FREQUENCY" value="4" />
  </node>
  <node id="NORTHEASTERN">
    <attribute name="FREQUENCY" value="1" />
  </node>
  <node id="OHIO">
    <attribute name="FREQUENCY" value="2" />
  </node>
  <node id="OUTDOOR">
    <attribute name="FREQUENCY" value="1" />
  </node>
  <node id="OUTWEIGH">
    <attribute name="FREQUENCY" value="1" />
  </node>
  <node id="OWNER">
    <attribute name="FREQUENCY" value="1" />
  </node>
  <node id="PALSY">
    <attribute name="FREQUENCY" value="4" />
  </node>
  <node id="PARASITE">
    <attribute name="FREQUENCY" value="3" />
  </node>
  <node id="PARASITIC">
    <attribute name="FREQUENCY" value="2" />
  </node>
  <node id="PARK">
    <attribute name="FREQUENCY" value="1" />
  </node>
  <node id="PEOPLE">
    <attribute name="FREQUENCY" value="1" />
  </node>
  <node id="PERMITTED">
    <attribute name="FREQUENCY" value="1" />
  </node>
  <node id="PET">
    <attribute name="FREQUENCY" value="14" />
  </node>
  <node id="PET-BORNE">
    <attribute name="FREQUENCY" value="4" />
  </node>
  <node id="PET-TO-HUMAN">
    <attribute name="FREQUENCY" value="1" />
  </node>
  <node id="PHYSICAL">
    <attribute name="FREQUENCY" value="1" />
  </node>
  <node id="PICK">
    <attribute name="FREQUENCY" value="3" />
  </node>
  <node id="PLAGUE">
    <attribute name="FREQUENCY" value="1" />
  </node>
  <node id="PLAY">
    <attribute name="FREQUENCY" value="1" />
  </node>
  <node id="PLAYGROUND">
    <attribute name="FREQUENCY" value="1" />
  </node>
  <node id="PM">
    <attribute name="FREQUENCY" value="1" />
  </node>
  <node id="POINT">
    <attribute name="FREQUENCY" value="1" />
  </node>
  <node id="POLITIC">
    <attribute name="FREQUENCY" value="4" />
  </node>
  <node id="POOPER-SCOOPER">
    <attribute name="FREQUENCY" value="1" />
  </node>
  <node id="POSE">
    <attribute name="FREQUENCY" value="1" />
  </node>
  <node id="POSITIVE">
    <attribute name="FREQUENCY" value="1" />
  </node>
  <node id="PRECAUTIONS">
    <attribute name="FREQUENCY" value="1" />
  </node>
  <node id="PRESENCE">
    <attribute name="FREQUENCY" value="1" />
  </node>
  <node id="PRESENT">
    <attribute name="FREQUENCY" value="1" />
  </node>
  <node id="PREVENTION">
    <attribute name="FREQUENCY" value="1" />
  </node>
  <node id="PROPER">
    <attribute name="FREQUENCY" value="1" />
  </node>
  <node id="PSYCHOLOGICAL">
    <attribute name="FREQUENCY" value="1" />
  </node>
  <node id="QUESTIONS">
    <attribute name="FREQUENCY" value="2" />
  </node>
  <node id="RAISE">
    <attribute name="FREQUENCY" value="1" />
  </node>
  <node id="RASH">
    <attribute name="FREQUENCY" value="1" />
  </node>
  <node id="REAL">
    <attribute name="FREQUENCY" value="1" />
  </node>
  <node id="REALIZE">
    <attribute name="FREQUENCY" value="1" />
  </node>
  <node id="RECOMMENDED">
    <attribute name="FREQUENCY" value="4" />
  </node>
  <node id="RED">
    <attribute name="FREQUENCY" value="1" />
  </node>
  <node id="RESPONSIBILITIES">
    <attribute name="FREQUENCY" value="1" />
  </node>
  <node id="RESPONSIBILITY">
    <attribute name="FREQUENCY" value="1" />
  </node>
  <node id="REUTERS">
    <attribute name="FREQUENCY" value="2" />
  </node>
  <node id="REVIEW">
    <attribute name="FREQUENCY" value="1" />
  </node>
  <node id="RICKETTSIAL">
    <attribute name="FREQUENCY" value="4" />
  </node>
  <node id="RISK">
    <attribute name="FREQUENCY" value="3" />
  </node>
  <node id="ROCKY">
    <attribute name="FREQUENCY" value="1" />
  </node>
  <node id="ROOTSTOWN">
    <attribute name="FREQUENCY" value="1" />
  </node>
  <node id="ROUT">
    <attribute name="FREQUENCY" value="1" />
  </node>
  <node id="ROUTE">
    <attribute name="FREQUENCY" value="1" />
  </node>
  <node id="SALIVA">
    <attribute name="FREQUENCY" value="1" />
  </node>
  <node id="SALMONELLA">
    <attribute name="FREQUENCY" value="1" />
  </node>
  <node id="SCABIES">
    <attribute name="FREQUENCY" value="1" />
  </node>
  <node id="SCOREBOARD">
    <attribute name="FREQUENCY" value="4" />
  </node>
  <node id="SCRATCH">
    <attribute name="FREQUENCY" value="2" />
  </node>
  <node id="SELENIUM">
    <attribute name="FREQUENCY" value="4" />
  </node>
  <node id="SEND">
    <attribute name="FREQUENCY" value="1" />
  </node>
  <node id="SEPTEMBER">
    <attribute name="FREQUENCY" value="1" />
  </node>
  <node id="SEVERE">
    <attribute name="FREQUENCY" value="1" />
  </node>
  <node id="SIMPLE">
    <attribute name="FREQUENCY" value="1" />
  </node>
  <node id="SOURCE">
    <attribute name="FREQUENCY" value="3" />
  </node>
  <node id="SPINAL">
    <attribute name="FREQUENCY" value="4" />
  </node>
  <node id="SPORT">
    <attribute name="FREQUENCY" value="4" />
  </node>
  <node id="SPOTTED">
    <attribute name="FREQUENCY" value="1" />
  </node>
  <node id="SPREAD">
    <attribute name="FREQUENCY" value="2" />
  </node>
  <node id="STAPHYLOCOCCUS">
    <attribute name="FREQUENCY" value="1" />
  </node>
  <node id="STATES">
    <attribute name="FREQUENCY" value="1" />
  </node>
  <node id="STOP">
    <attribute name="FREQUENCY" value="1" />
  </node>
  <node id="STORIES">
    <attribute name="FREQUENCY" value="1" />
  </node>
  <node id="STORY">
    <attribute name="FREQUENCY" value="4" />
  </node>
  <node id="STREPTOCOCCUS">
    <attribute name="FREQUENCY" value="1" />
  </node>
  <node id="STRICTLY">
    <attribute name="FREQUENCY" value="1" />
  </node>
  <node id="SUSPECTED">
    <attribute name="FREQUENCY" value="1" />
  </node>
  <node id="TAN">
    <attribute name="FREQUENCY" value="11" />
  </node>
  <node id="TAPES">
    <attribute name="FREQUENCY" value="4" />
  </node>
  <node id="TAPEWORM">
    <attribute name="FREQUENCY" value="2" />
  </node>
  <node id="TECH">
    <attribute name="FREQUENCY" value="4" />
  </node>
  <node id="TESTED">
    <attribute name="FREQUENCY" value="1" />
  </node>
  <node id="TEXT">
    <attribute name="FREQUENCY" value="1" />
  </node>
  <node id="THOUGHT">
    <attribute name="FREQUENCY" value="1" />
  </node>
  <node id="THREAT">
    <attribute name="FREQUENCY" value="2" />
  </node>
  <node id="TICK-BORNE">
    <attribute name="FREQUENCY" value="1" />
  </node>
  <node id="TICKING">
    <attribute name="FREQUENCY" value="1" />
  </node>
  <node id="TRANSMISSION">
    <attribute name="FREQUENCY" value="3" />
  </node>
  <node id="TRANSMITTED">
    <attribute name="FREQUENCY" value="1" />
  </node>
  <node id="TREATED">
    <attribute name="FREQUENCY" value="1" />
  </node>
  <node id="TREATMENT">
    <attribute name="FREQUENCY" value="1" />
  </node>
  <node id="TYPE">
    <attribute name="FREQUENCY" value="1" />
  </node>
  <node id="ULTIMATE">
    <attribute name="FREQUENCY" value="1" />
  </node>
  <node id="UNITED">
    <attribute name="FREQUENCY" value="1" />
  </node>
  <node id="UNIVERSITIES">
    <attribute name="FREQUENCY" value="1" />
  </node>
  <node id="VITAMIN">
    <attribute name="FREQUENCY" value="4" />
  </node>
  <node id="WALK">
    <attribute name="FREQUENCY" value="1" />
  </node>
  <node id="WATER">
    <attribute name="FREQUENCY" value="1" />
  </node>
  <node id="WEEK">
    <attribute name="FREQUENCY" value="1" />
  </node>
  <node id="WELFARE">
    <attribute name="FREQUENCY" value="1" />
  </node>
  <node id="WORMS">
    <attribute name="FREQUENCY" value="1" />
  </node>
  <node id="WRITE">
    <attribute name="FREQUENCY" value="2" />
  </node>
  <node id="WRITTEN">
    <attribute name="FREQUENCY" value="1" />
  </node>
  <node id="YAHOO">
    <attribute name="FREQUENCY" value="4" />
  </node>
  <node id="YORK">
    <attribute name="FREQUENCY" value="1" />
  </node>
  <edge from="ACID" to="RECOMMENDED">
    <attribute name="TEXT" value="2" />
    <attribute name="LINKS" value="2" />
  </edge>
  <edge from="ACID" to="RECOMMENDED">
    <attribute name="TEXT" value="2" />
    <attribute name="LINKS" value="2" />
  </edge>
  <edge from="AGAINST" to="HUMAN">
    <attribute name="TEXT" value="1" />
  </edge>
  <edge from="ANALYSIS" to="TAN">
    <attribute name="TEXT" value="1" />
  </edge>
  <edge from="ANIMALS" to="FECES">
    <attribute name="TEXT" value="2" />
  </edge>
  <edge from="BACTERIAL" to="ANTIBODIES">
    <attribute name="TEXT" value="1" />
  </edge>
  <edge from="BACTERIAL" to="INFECTION">
    <attribute name="TEXT" value="1" />
  </edge>
  <edge from="BARTONELLA" to="HENSELAE">
    <attribute name="TEXT" value="1" />
  </edge>
  <edge from="BEAR" to="ULTIMATE">
    <attribute name="TEXT" value="1" />
  </edge>
  <edge from="BELIEVES" to="PET">
    <attribute name="TEXT" value="1" />
  </edge>
  <edge from="CARRY" to="BARTONELLA">
    <attribute name="TEXT" value="1" />
  </edge>
  <edge from="CAT" to="BIT">
    <attribute name="TEXT" value="1" />
  </edge>
  <edge from="CAT" to="DOG-HUMAN">
    <attribute name="TEXT" value="1" />
  </edge>
  <edge from="CAT" to="LOVER">
    <attribute name="TEXT" value="1" />
  </edge>
  <edge from="CAT" to="SCRATCH">
    <attribute name="TEXT" value="2" />
  </edge>
  <edge from="CHILDREN" to="PLAY">
    <attribute name="TEXT" value="1" />
  </edge>
  <edge from="CONTRIBUTE" to="GREATLY">
    <attribute name="TEXT" value="1" />
  </edge>
  <edge from="CRYPTOSPORIDIUM" to="MICROSCOPIC">
    <attribute name="TEXT" value="1" />
  </edge>
  <edge from="DEFENSE" to="AGAINST">
    <attribute name="TEXT" value="1" />
  </edge>
  <edge from="DIARRHEA-CAUSING" to="CAMPYLOBACTER">
    <attribute name="TEXT" value="1" />
  </edge>
  <edge from="DISEASE" to="EXPERTS">
    <attribute name="TEXT" value="1" />
  </edge>
  <edge from="DISEASE" to="PALSY">
    <attribute name="TEXT" value="2" />
    <attribute name="LINKS" value="2" />
  </edge>
  <edge from="DISEASE" to="PALSY">
    <attribute name="TEXT" value="2" />
    <attribute name="LINKS" value="2" />
  </edge>
  <edge from="DISEASE" to="PREVENTION">
    <attribute name="TEXT" value="1" />
  </edge>
  <edge from="DISEASE" to="TYPE">
    <attribute name="TEXT" value="1" />
  </edge>
  <edge from="DISEASE" to="WRITTEN">
    <attribute name="TEXT" value="1" />
  </edge>
  <edge from="DIVIDE" to="PET-TO-HUMAN">
    <attribute name="TEXT" value="1" />
  </edge>
  <edge from="DOG" to="SALIVA">
    <attribute name="TEXT" value="1" />
  </edge>
  <edge from="DOG" to="TICKING">
    <attribute name="TEXT" value="1" />
  </edge>
  <edge from="DOG-HUMAN" to="INFECTION">
    <attribute name="TEXT" value="1" />
  </edge>
  <edge from="DRINK" to="WATER">
    <attribute name="TEXT" value="1" />
  </edge>
  <edge from="EMOTIONAL" to="PSYCHOLOGICAL">
    <attribute name="TEXT" value="1" />
  </edge>
  <edge from="EXTERNAL" to="PARASITE">
    <attribute name="TEXT" value="1" />
  </edge>
  <edge from="FECAL-BORNE" to="DISEASE">
    <attribute name="TEXT" value="1" />
  </edge>
  <edge from="FINAL" to="ANALYSIS">
    <attribute name="TEXT" value="1" />
  </edge>
  <edge from="FLEA-BEARING" to="CAT">
    <attribute name="TEXT" value="1" />
  </edge>
  <edge from="FOLIC" to="ACID">
    <attribute name="TEXT" value="2" />
    <attribute name="LINKS" value="2" />
  </edge>
  <edge from="FOLIC" to="ACID">
    <attribute name="TEXT" value="2" />
    <attribute name="LINKS" value="2" />
  </edge>
  <edge from="HEALTH" to="STORIES">
    <attribute name="TEXT" value="1" />
  </edge>
  <edge from="HIGHER" to="RISK">
    <attribute name="TEXT" value="1" />
  </edge>
  <edge from="HOUSEHOLDS" to="PET">
    <attribute name="TEXT" value="2" />
  </edge>
  <edge from="HUMAN" to="HEALTH">
    <attribute name="TEXT" value="1" />
  </edge>
  <edge from="HUMAN" to="PARASITIC">
    <attribute name="TEXT" value="1" />
  </edge>
  <edge from="ILLNESS" to="APPEARS">
    <attribute name="TEXT" value="1" />
  </edge>
  <edge from="IMMUNIZATION" to="DISEASE">
    <attribute name="TEXT" value="1" />
  </edge>
  <edge from="INFECTION" to="TRANSMISSION">
    <attribute name="TEXT" value="1" />
  </edge>
  <edge from="INFECTIOUS" to="AGENT">
    <attribute name="TEXT" value="1" />
  </edge>
  <edge from="INFECTIOUS" to="BACTERIA">
    <attribute name="TEXT" value="1" />
  </edge>
  <edge from="INFECTIOUS" to="DISEASE">
    <attribute name="TEXT" value="1" />
  </edge>
  <edge from="INTER-SPECIES" to="LEAP">
    <attribute name="TEXT" value="1" />
  </edge>
  <edge from="INTERNAL" to="MEDICINE">
    <attribute name="TEXT" value="2" />
  </edge>
  <edge from="INTESTINAL" to="WORMS">
    <attribute name="TEXT" value="1" />
  </edge>
  <edge from="INVOLVES" to="RASH">
    <attribute name="TEXT" value="1" />
  </edge>
  <edge from="JAMES" to="TAN">
    <attribute name="TEXT" value="1" />
  </edge>
  <edge from="LYME" to="DISEASE">
    <attribute name="TEXT" value="2" />
    <attribute name="LINKS" value="2" />
  </edge>
  <edge from="LYME" to="DISEASE">
    <attribute name="TEXT" value="2" />
    <attribute name="LINKS" value="2" />
  </edge>
  <edge from="MEDICAL" to="ATTENTION">
    <attribute name="TEXT" value="1" />
  </edge>
  <edge from="MICROSCOPIC" to="PARASITE">
    <attribute name="TEXT" value="1" />
  </edge>
  <edge from="MONDAY" to="SEPTEMBER">
    <attribute name="TEXT" value="1" />
  </edge>
  <edge from="MOUNTAIN" to="SPOTTED">
    <attribute name="TEXT" value="1" />
  </edge>
  <edge from="NORTHEASTERN" to="OHIO">
    <attribute name="TEXT" value="1" />
  </edge>
  <edge from="OHIO" to="UNIVERSITIES">
    <attribute name="TEXT" value="1" />
  </edge>
  <edge from="OUTDOOR" to="PET">
    <attribute name="TEXT" value="1" />
  </edge>
  <edge from="OWNER" to="BEAR">
    <attribute name="TEXT" value="1" />
  </edge>
  <edge from="PARASITE" to="LEAD">
    <attribute name="TEXT" value="1" />
  </edge>
  <edge from="PARASITIC" to="INFECTION">
    <attribute name="TEXT" value="1" />
  </edge>
  <edge from="PARASITIC" to="INFESTATION">
    <attribute name="TEXT" value="1" />
  </edge>
  <edge from="PEOPLE" to="EMOTIONAL">
    <attribute name="TEXT" value="1" />
  </edge>
  <edge from="PET" to="BEGIN">
    <attribute name="TEXT" value="1" />
  </edge>
  <edge from="PET" to="FECES">
    <attribute name="TEXT" value="2" />
  </edge>
  <edge from="PET" to="OWNER">
    <attribute name="TEXT" value="1" />
  </edge>
  <edge from="PET-BORNE" to="DISEASE">
    <attribute name="TEXT" value="3" />
  </edge>
  <edge from="PET-BORNE" to="INFECTIOUS">
    <attribute name="TEXT" value="1" />
  </edge>
  <edge from="PET-TO-HUMAN" to="INFECTION">
    <attribute name="TEXT" value="1" />
  </edge>
  <edge from="PHYSICAL" to="WELFARE">
    <attribute name="TEXT" value="1" />
  </edge>
  <edge from="PLAGUE" to="DOG">
    <attribute name="TEXT" value="1" />
  </edge>
  <edge from="PM" to="EDT">
    <attribute name="TEXT" value="1" />
  </edge>
  <edge from="PREVENTION" to="HYGIENE">
    <attribute name="TEXT" value="1" />
  </edge>
  <edge from="PROPER" to="IMMUNIZATION">
    <attribute name="TEXT" value="1" />
  </edge>
  <edge from="RAISE" to="AWARENESS">
    <attribute name="TEXT" value="1" />
  </edge>
  <edge from="RED" to="FLAG">
    <attribute name="TEXT" value="1" />
  </edge>
  <edge from="REUTERS" to="LIMITED">
    <attribute name="TEXT" value="1" />
  </edge>
  <edge from="RICKETTSIAL" to="DISEASE">
    <attribute name="TEXT" value="2" />
  </edge>
  <edge from="RICKETTSIAL" to="INFECTION">
    <attribute name="TEXT" value="2" />
  </edge>
  <edge from="ROCKY" to="MOUNTAIN">
    <attribute name="TEXT" value="1" />
  </edge>
  <edge from="ROOTSTOWN" to="OHIO">
    <attribute name="TEXT" value="1" />
  </edge>
  <edge from="SCABIES" to="MITE">
    <attribute name="TEXT" value="1" />
  </edge>
  <edge from="SCRATCH" to="DISEASE">
    <attribute name="TEXT" value="1" />
  </edge>
  <edge from="SCRATCH" to="POSE">
    <attribute name="TEXT" value="1" />
  </edge>
  <edge from="SELENIUM" to="VITAMIN">
    <attribute name="TEXT" value="2" />
  </edge>
  <edge from="SEVERE" to="DIARRHEA">
    <attribute name="TEXT" value="1" />
  </edge>
  <edge from="SIMPLE" to="PRECAUTIONS">
    <attribute name="TEXT" value="1" />
  </edge>
  <edge from="SPINAL" to="TAPES">
    <attribute name="TEXT" value="4" />
    <attribute name="LINKS" value="4" />
  </edge>
  <edge from="SPINAL" to="TAPES">
    <attribute name="TEXT" value="4" />
    <attribute name="LINKS" value="4" />
  </edge>
  <edge from="SPOTTED" to="FEVER">
    <attribute name="TEXT" value="1" />
  </edge>
  <edge from="STORIES" to="PET">
    <attribute name="TEXT" value="1" />
  </edge>
  <edge from="STRICTLY" to="ADHERED">
    <attribute name="TEXT" value="1" />
  </edge>
  <edge from="TAN" to="ADMIT">
    <attribute name="TEXT" value="1" />
  </edge>
  <edge from="TAN" to="BELIEVES">
    <attribute name="TEXT" value="1" />
  </edge>
  <edge from="TAN" to="EXPLAINS">
    <attribute name="TEXT" value="1" />
  </edge>
  <edge from="TAN" to="POINT">
    <attribute name="TEXT" value="1" />
  </edge>
  <edge from="TAN" to="REVIEW">
    <attribute name="TEXT" value="1" />
  </edge>
  <edge from="TESTED" to="POSITIVE">
    <attribute name="TEXT" value="1" />
  </edge>
  <edge from="TEXT" to="HEADLINES">
    <attribute name="TEXT" value="1" />
  </edge>
  <edge from="TRANSMISSION" to="ROUT">
    <attribute name="TEXT" value="1" />
  </edge>
  <edge from="TRANSMISSION" to="TAN">
    <attribute name="TEXT" value="1" />
  </edge>
  <edge from="ULTIMATE" to="RESPONSIBILITY">
    <attribute name="TEXT" value="1" />
  </edge>
  <edge from="UNITED" to="STATES">
    <attribute name="TEXT" value="1" />
  </edge>
  <edge from="UNIVERSITIES" to="COLLEGE">
    <attribute name="TEXT" value="1" />
  </edge>
  <edge from="VITAMIN" to="FOLIC">
    <attribute name="TEXT" value="2" />
  </edge>
  <edge from="WALK" to="BAREFOOT">
    <attribute name="TEXT" value="1" />
  </edge>
  <edge from="WATER" to="CONTAMINATED">
    <attribute name="TEXT" value="1" />
  </edge>
</graph>
