<graph>
  <node id="ADDED">
    <attribute name="FREQUENCY" value="1" />
  </node>
  <node id="ADULTS">
    <attribute name="FREQUENCY" value="9" />
  </node>
  <node id="AGE">
    <attribute name="FREQUENCY" value="5" />
  </node>
  <node id="ALCOHOL">
    <attribute name="FREQUENCY" value="3" />
  </node>
  <node id="ANALYZED">
    <attribute name="FREQUENCY" value="1" />
  </node>
  <node id="ASSESSMENT">
    <attribute name="FREQUENCY" value="1" />
  </node>
  <node id="ASSISTANT">
    <attribute name="FREQUENCY" value="1" />
  </node>
  <node id="ATHENS">
    <attribute name="FREQUENCY" value="1" />
  </node>
  <node id="AUGUST">
    <attribute name="FREQUENCY" value="1" />
  </node>
  <node id="AUTHOR">
    <attribute name="FREQUENCY" value="1" />
  </node>
  <node id="BENEFIT">
    <attribute name="FREQUENCY" value="1" />
  </node>
  <node id="BIZ">
    <attribute name="FREQUENCY" value="4" />
  </node>
  <node id="BREAST">
    <attribute name="FREQUENCY" value="17" />
  </node>
  <node id="CANCER">
    <attribute name="FREQUENCY" value="19" />
  </node>
  <node id="CANCER-CAUSING">
    <attribute name="FREQUENCY" value="1" />
  </node>
  <node id="CARRIES">
    <attribute name="FREQUENCY" value="1" />
  </node>
  <node id="CLEARER">
    <attribute name="FREQUENCY" value="1" />
  </node>
  <node id="CO-AUTHOR">
    <attribute name="FREQUENCY" value="1" />
  </node>
  <node id="COACH">
    <attribute name="FREQUENCY" value="4" />
  </node>
  <node id="COMBINED">
    <attribute name="FREQUENCY" value="1" />
  </node>
  <node id="COMMENTS">
    <attribute name="FREQUENCY" value="2" />
  </node>
  <node id="COMPARISON">
    <attribute name="FREQUENCY" value="1" />
  </node>
  <node id="CONFER">
    <attribute name="FREQUENCY" value="1" />
  </node>
  <node id="CONSIDERED">
    <attribute name="FREQUENCY" value="1" />
  </node>
  <node id="CONSUMED">
    <attribute name="FREQUENCY" value="1" />
  </node>
  <node id="CONSUMPTION">
    <attribute name="FREQUENCY" value="2" />
  </node>
  <node id="DAY">
    <attribute name="FREQUENCY" value="1" />
  </node>
  <node id="DEFINITIVE">
    <attribute name="FREQUENCY" value="1" />
  </node>
  <node id="DEGREE">
    <attribute name="FREQUENCY" value="1" />
  </node>
  <node id="DELIVERY">
    <attribute name="FREQUENCY" value="3" />
  </node>
  <node id="DEVELOPMENT">
    <attribute name="FREQUENCY" value="1" />
  </node>
  <node id="DIAGNOSED">
    <attribute name="FREQUENCY" value="2" />
  </node>
  <node id="DISEASE">
    <attribute name="FREQUENCY" value="6" />
  </node>
  <node id="DISPROPORTIONATELY">
    <attribute name="FREQUENCY" value="1" />
  </node>
  <node id="EDT">
    <attribute name="FREQUENCY" value="1" />
  </node>
  <node id="EFFECTIVE">
    <attribute name="FREQUENCY" value="1" />
  </node>
  <node id="EFFORT">
    <attribute name="FREQUENCY" value="1" />
  </node>
  <node id="EGAN">
    <attribute name="FREQUENCY" value="4" />
  </node>
  <node id="EMERGENCE">
    <attribute name="FREQUENCY" value="1" />
  </node>
  <node id="EMERGING">
    <attribute name="FREQUENCY" value="1" />
  </node>
  <node id="ENCOUNTERED">
    <attribute name="FREQUENCY" value="1" />
  </node>
  <node id="ENTERED">
    <attribute name="FREQUENCY" value="1" />
  </node>
  <node id="ENTERTAIN">
    <attribute name="FREQUENCY" value="4" />
  </node>
  <node id="EPIDEMIOLOGIST">
    <attribute name="FREQUENCY" value="1" />
  </node>
  <node id="EPIDEMIOLOGY">
    <attribute name="FREQUENCY" value="3" />
  </node>
  <node id="ESTROGEN">
    <attribute name="FREQUENCY" value="3" />
  </node>
  <node id="EXCESS">
    <attribute name="FREQUENCY" value="1" />
  </node>
  <node id="EXPOSURE">
    <attribute name="FREQUENCY" value="1" />
  </node>
  <node id="EXPRESSION">
    <attribute name="FREQUENCY" value="1" />
  </node>
  <node id="FACTORS">
    <attribute name="FREQUENCY" value="12" />
  </node>
  <node id="FAMILIAL">
    <attribute name="FREQUENCY" value="1" />
  </node>
  <node id="FAMILY">
    <attribute name="FREQUENCY" value="9" />
  </node>
  <node id="FELT">
    <attribute name="FREQUENCY" value="1" />
  </node>
  <node id="FINDINGS">
    <attribute name="FREQUENCY" value="3" />
  </node>
  <node id="GENE">
    <attribute name="FREQUENCY" value="6" />
  </node>
  <node id="GENOTYPE">
    <attribute name="FREQUENCY" value="1" />
  </node>
  <node id="GLASSES">
    <attribute name="FREQUENCY" value="1" />
  </node>
  <node id="GREATER">
    <attribute name="FREQUENCY" value="2" />
  </node>
  <node id="GREECE">
    <attribute name="FREQUENCY" value="1" />
  </node>
  <node id="GREEK">
    <attribute name="FREQUENCY" value="1" />
  </node>
  <node id="GROUP">
    <attribute name="FREQUENCY" value="1" />
  </node>
  <node id="GROUPED">
    <attribute name="FREQUENCY" value="2" />
  </node>
  <node id="HANDLE">
    <attribute name="FREQUENCY" value="1" />
  </node>
  <node id="HARVARD">
    <attribute name="FREQUENCY" value="2" />
  </node>
  <node id="HEAD">
    <attribute name="FREQUENCY" value="4" />
  </node>
  <node id="HEADLINES">
    <attribute name="FREQUENCY" value="1" />
  </node>
  <node id="HEALTH">
    <attribute name="FREQUENCY" value="5" />
  </node>
  <node id="HEIGHT">
    <attribute name="FREQUENCY" value="1" />
  </node>
  <node id="HIGH">
    <attribute name="FREQUENCY" value="2" />
  </node>
  <node id="HIGH-RISK">
    <attribute name="FREQUENCY" value="1" />
  </node>
  <node id="HIKE">
    <attribute name="FREQUENCY" value="2" />
  </node>
  <node id="HINTS">
    <attribute name="FREQUENCY" value="4" />
  </node>
  <node id="HISTORY">
    <attribute name="FREQUENCY" value="9" />
  </node>
  <node id="HTML">
    <attribute name="FREQUENCY" value="1" />
  </node>
  <node id="IMPACT">
    <attribute name="FREQUENCY" value="1" />
  </node>
  <node id="IMPLY">
    <attribute name="FREQUENCY" value="1" />
  </node>
  <node id="INCLUDING">
    <attribute name="FREQUENCY" value="1" />
  </node>
  <node id="INCONSISTENTLY">
    <attribute name="FREQUENCY" value="1" />
  </node>
  <node id="INCREASE">
    <attribute name="FREQUENCY" value="1" />
  </node>
  <node id="INCREASED">
    <attribute name="FREQUENCY" value="2" />
  </node>
  <node id="INFO">
    <attribute name="FREQUENCY" value="2" />
  </node>
  <node id="INFORMATION">
    <attribute name="FREQUENCY" value="1" />
  </node>
  <node id="INJURY">
    <attribute name="FREQUENCY" value="4" />
  </node>
  <node id="INTERACTED">
    <attribute name="FREQUENCY" value="1" />
  </node>
  <node id="INTERACTION">
    <attribute name="FREQUENCY" value="4" />
  </node>
  <node id="INTERMEDIATE">
    <attribute name="FREQUENCY" value="1" />
  </node>
  <node id="INTRIGUING">
    <attribute name="FREQUENCY" value="1" />
  </node>
  <node id="ISSUE">
    <attribute name="FREQUENCY" value="1" />
  </node>
  <node id="JOURNAL">
    <attribute name="FREQUENCY" value="1" />
  </node>
  <node id="KATHLEEN">
    <attribute name="FREQUENCY" value="1" />
  </node>
  <node id="LIFE">
    <attribute name="FREQUENCY" value="15" />
  </node>
  <node id="LIFETIME">
    <attribute name="FREQUENCY" value="1" />
  </node>
  <node id="LIMITED">
    <attribute name="FREQUENCY" value="1" />
  </node>
  <node id="LOWER">
    <attribute name="FREQUENCY" value="1" />
  </node>
  <node id="MEANS">
    <attribute name="FREQUENCY" value="1" />
  </node>
  <node id="MENOPAUSE">
    <attribute name="FREQUENCY" value="4" />
  </node>
  <node id="MENSTRUATION">
    <attribute name="FREQUENCY" value="2" />
  </node>
  <node id="MIND">
    <attribute name="FREQUENCY" value="1" />
  </node>
  <node id="MODIFIED">
    <attribute name="FREQUENCY" value="2" />
  </node>
  <node id="MONDAY">
    <attribute name="FREQUENCY" value="1" />
  </node>
  <node id="MOTHER">
    <attribute name="FREQUENCY" value="1" />
  </node>
  <node id="NEWS">
    <attribute name="FREQUENCY" value="4" />
  </node>
  <node id="OBESITY">
    <attribute name="FREQUENCY" value="2" />
  </node>
  <node id="OCCURRENCE">
    <attribute name="FREQUENCY" value="1" />
  </node>
  <node id="OLDER">
    <attribute name="FREQUENCY" value="2" />
  </node>
  <node id="PARENTS">
    <attribute name="FREQUENCY" value="4" />
  </node>
  <node id="PATIENTS">
    <attribute name="FREQUENCY" value="1" />
  </node>
  <node id="PICTURE">
    <attribute name="FREQUENCY" value="2" />
  </node>
  <node id="PLAY">
    <attribute name="FREQUENCY" value="1" />
  </node>
  <node id="PM">
    <attribute name="FREQUENCY" value="1" />
  </node>
  <node id="POINT">
    <attribute name="FREQUENCY" value="2" />
  </node>
  <node id="POLITIC">
    <attribute name="FREQUENCY" value="4" />
  </node>
  <node id="POPULATION">
    <attribute name="FREQUENCY" value="1" />
  </node>
  <node id="POSITIVELY">
    <attribute name="FREQUENCY" value="1" />
  </node>
  <node id="PREDISPOSITION">
    <attribute name="FREQUENCY" value="1" />
  </node>
  <node id="PRESENCE">
    <attribute name="FREQUENCY" value="1" />
  </node>
  <node id="PREVENTION">
    <attribute name="FREQUENCY" value="1" />
  </node>
  <node id="PROFESSOR">
    <attribute name="FREQUENCY" value="1" />
  </node>
  <node id="PROLONG">
    <attribute name="FREQUENCY" value="4" />
  </node>
  <node id="PROXY">
    <attribute name="FREQUENCY" value="1" />
  </node>
  <node id="PUBLIC">
    <attribute name="FREQUENCY" value="1" />
  </node>
  <node id="QUESTIONNAIRES">
    <attribute name="FREQUENCY" value="1" />
  </node>
  <node id="QUESTIONS">
    <attribute name="FREQUENCY" value="3" />
  </node>
  <node id="REDUCED">
    <attribute name="FREQUENCY" value="1" />
  </node>
  <node id="REPLACEMENT">
    <attribute name="FREQUENCY" value="1" />
  </node>
  <node id="RESEARCH">
    <attribute name="FREQUENCY" value="1" />
  </node>
  <node id="RESEARCHERS">
    <attribute name="FREQUENCY" value="3" />
  </node>
  <node id="REUTERS">
    <attribute name="FREQUENCY" value="2" />
  </node>
  <node id="RISK">
    <attribute name="FREQUENCY" value="22" />
  </node>
  <node id="ROLE">
    <attribute name="FREQUENCY" value="1" />
  </node>
  <node id="SCHOOL">
    <attribute name="FREQUENCY" value="1" />
  </node>
  <node id="SCORE">
    <attribute name="FREQUENCY" value="2" />
  </node>
  <node id="SCOREBOARD">
    <attribute name="FREQUENCY" value="4" />
  </node>
  <node id="SIGNIFIES">
    <attribute name="FREQUENCY" value="1" />
  </node>
  <node id="SISTER">
    <attribute name="FREQUENCY" value="1" />
  </node>
  <node id="SOCIAL">
    <attribute name="FREQUENCY" value="4" />
  </node>
  <node id="SOURCE">
    <attribute name="FREQUENCY" value="1" />
  </node>
  <node id="SPECIFICALLY">
    <attribute name="FREQUENCY" value="1" />
  </node>
  <node id="SPORT">
    <attribute name="FREQUENCY" value="4" />
  </node>
  <node id="STORIES">
    <attribute name="FREQUENCY" value="1" />
  </node>
  <node id="STORY">
    <attribute name="FREQUENCY" value="4" />
  </node>
  <node id="STUDIES">
    <attribute name="FREQUENCY" value="1" />
  </node>
  <node id="STUDY">
    <attribute name="FREQUENCY" value="6" />
  </node>
  <node id="SUFFICIENTLY">
    <attribute name="FREQUENCY" value="1" />
  </node>
  <node id="SUGGESTS">
    <attribute name="FREQUENCY" value="1" />
  </node>
  <node id="SUSCEPTIBILITY">
    <attribute name="FREQUENCY" value="1" />
  </node>
  <node id="TALL">
    <attribute name="FREQUENCY" value="1" />
  </node>
  <node id="TECH">
    <attribute name="FREQUENCY" value="4" />
  </node>
  <node id="TECHNOLOGY">
    <attribute name="FREQUENCY" value="1" />
  </node>
  <node id="TEXT">
    <attribute name="FREQUENCY" value="1" />
  </node>
  <node id="THERAPY">
    <attribute name="FREQUENCY" value="1" />
  </node>
  <node id="TIMES">
    <attribute name="FREQUENCY" value="2" />
  </node>
  <node id="TRIGGER">
    <attribute name="FREQUENCY" value="1" />
  </node>
  <node id="UNIVERSITY">
    <attribute name="FREQUENCY" value="1" />
  </node>
  <node id="VARIABLE">
    <attribute name="FREQUENCY" value="1" />
  </node>
  <node id="WARRANT">
    <attribute name="FREQUENCY" value="1" />
  </node>
  <node id="WEAKLY">
    <attribute name="FREQUENCY" value="1" />
  </node>
  <node id="WOMAN">
    <attribute name="FREQUENCY" value="2" />
  </node>
  <node id="WOMEN">
    <attribute name="FREQUENCY" value="10" />
  </node>
  <node id="WORK">
    <attribute name="FREQUENCY" value="2" />
  </node>
  <node id="WRITE">
    <attribute name="FREQUENCY" value="3" />
  </node>
  <node id="YAHOO">
    <attribute name="FREQUENCY" value="4" />
  </node>
  <node id="YEAR">
    <attribute name="FREQUENCY" value="2" />
  </node>
  <node id="YORK">
    <attribute name="FREQUENCY" value="1" />
  </node>
  <node id="YOUNGER">
    <attribute name="FREQUENCY" value="1" />
  </node>
  <edge from="ADULTS" to="LIFE">
    <attribute name="TEXT" value="9" />
  </edge>
  <edge from="ALCOHOL" to="CONSUMPTION">
    <attribute name="TEXT" value="2" />
  </edge>
  <edge from="ASSISTANT" to="PROFESSOR">
    <attribute name="TEXT" value="1" />
  </edge>
  <edge from="BENEFIT" to="DISPROPORTIONATELY">
    <attribute name="TEXT" value="1" />
  </edge>
  <edge from="BREAST" to="CANCER">
    <attribute name="TEXT" value="16" />
    <attribute name="KEYWORDS" value="1" />
  </edge>
  <edge from="BREAST" to="CANCER">
    <attribute name="TEXT" value="16" />
    <attribute name="KEYWORDS" value="1" />
  </edge>
  <edge from="CANCER" to="DEVELOPMENT">
    <attribute name="TEXT" value="1" />
  </edge>
  <edge from="CANCER" to="EPIDEMIOLOGIST">
    <attribute name="TEXT" value="1" />
  </edge>
  <edge from="CANCER" to="FAMILY">
    <attribute name="TEXT" value="1" />
  </edge>
  <edge from="CANCER" to="GENE">
    <attribute name="TEXT" value="3" />
  </edge>
  <edge from="CANCER" to="PREVENTION">
    <attribute name="TEXT" value="1" />
  </edge>
  <edge from="CANCER" to="RISK">
    <attribute name="TEXT" value="2" />
    <attribute name="KEYWORDS" value="1" />
  </edge>
  <edge from="CANCER" to="RISK">
    <attribute name="TEXT" value="2" />
    <attribute name="KEYWORDS" value="1" />
  </edge>
  <edge from="CANCER-CAUSING" to="GENE">
    <attribute name="TEXT" value="1" />
  </edge>
  <edge from="CLEARER" to="PICTURE">
    <attribute name="TEXT" value="1" />
  </edge>
  <edge from="COMPARISON" to="GROUP">
    <attribute name="TEXT" value="1" />
  </edge>
  <edge from="DELIVERY" to="ESTROGEN">
    <attribute name="TEXT" value="1" />
  </edge>
  <edge from="DELIVERY" to="HEIGHT">
    <attribute name="TEXT" value="1" />
  </edge>
  <edge from="DEVELOPMENT" to="INCLUDING">
    <attribute name="TEXT" value="1" />
  </edge>
  <edge from="EFFECTIVE" to="BREAST">
    <attribute name="TEXT" value="1" />
  </edge>
  <edge from="EGAN" to="ADDED">
    <attribute name="TEXT" value="1" />
  </edge>
  <edge from="EGAN" to="ASSISTANT">
    <attribute name="TEXT" value="1" />
  </edge>
  <edge from="ENTERED" to="MENOPAUSE">
    <attribute name="TEXT" value="1" />
  </edge>
  <edge from="ESTROGEN" to="REPLACEMENT">
    <attribute name="TEXT" value="1" />
  </edge>
  <edge from="EXCESS" to="RISK">
    <attribute name="TEXT" value="1" />
  </edge>
  <edge from="FACTORS" to="ENCOUNTERED">
    <attribute name="TEXT" value="1" />
  </edge>
  <edge from="FACTORS" to="GROUPED">
    <attribute name="TEXT" value="1" />
  </edge>
  <edge from="FACTORS" to="HIKE">
    <attribute name="TEXT" value="1" />
    <attribute name="KEYWORDS" value="1" />
  </edge>
  <edge from="FACTORS" to="HIKE">
    <attribute name="TEXT" value="1" />
    <attribute name="KEYWORDS" value="1" />
  </edge>
  <edge from="FACTORS" to="INTERACTED">
    <attribute name="TEXT" value="1" />
  </edge>
  <edge from="FAMILIAL" to="SUSCEPTIBILITY">
    <attribute name="TEXT" value="1" />
  </edge>
  <edge from="FAMILY" to="HISTORY">
    <attribute name="TEXT" value="9" />
  </edge>
  <edge from="FINDINGS" to="IMPLY">
    <attribute name="TEXT" value="1" />
  </edge>
  <edge from="GENE" to="WORK">
    <attribute name="TEXT" value="2" />
  </edge>
  <edge from="GREATER" to="RISK">
    <attribute name="TEXT" value="2" />
  </edge>
  <edge from="GREEK" to="WOMEN">
    <attribute name="TEXT" value="1" />
  </edge>
  <edge from="HARVARD" to="SCHOOL">
    <attribute name="TEXT" value="1" />
  </edge>
  <edge from="HEAD" to="INJURY">
    <attribute name="TEXT" value="2" />
    <attribute name="LINKS" value="2" />
  </edge>
  <edge from="HEAD" to="INJURY">
    <attribute name="TEXT" value="2" />
    <attribute name="LINKS" value="2" />
  </edge>
  <edge from="HEALTH" to="STORIES">
    <attribute name="TEXT" value="1" />
  </edge>
  <edge from="HEIGHT" to="OBESITY">
    <attribute name="TEXT" value="1" />
  </edge>
  <edge from="HIGH" to="RISK">
    <attribute name="TEXT" value="1" />
  </edge>
  <edge from="HIGH" to="SCORE">
    <attribute name="TEXT" value="1" />
  </edge>
  <edge from="HIGH-RISK" to="PICTURE">
    <attribute name="TEXT" value="1" />
  </edge>
  <edge from="HIKE" to="BREAST">
    <attribute name="TEXT" value="1" />
    <attribute name="KEYWORDS" value="1" />
  </edge>
  <edge from="HIKE" to="BREAST">
    <attribute name="TEXT" value="1" />
    <attribute name="KEYWORDS" value="1" />
  </edge>
  <edge from="HISTORY" to="CARRIES">
    <attribute name="TEXT" value="1" />
  </edge>
  <edge from="HISTORY" to="EGAN">
    <attribute name="TEXT" value="1" />
  </edge>
  <edge from="INCLUDING" to="AGE">
    <attribute name="TEXT" value="1" />
  </edge>
  <edge from="INCREASE" to="WOMAN">
    <attribute name="TEXT" value="1" />
  </edge>
  <edge from="INCREASED" to="CANCER">
    <attribute name="TEXT" value="1" />
  </edge>
  <edge from="INCREASED" to="RISK">
    <attribute name="TEXT" value="1" />
  </edge>
  <edge from="INJURY" to="HINTS">
    <attribute name="TEXT" value="2" />
    <attribute name="LINKS" value="2" />
  </edge>
  <edge from="INJURY" to="HINTS">
    <attribute name="TEXT" value="2" />
    <attribute name="LINKS" value="2" />
  </edge>
  <edge from="JOURNAL" to="EPIDEMIOLOGY">
    <attribute name="TEXT" value="1" />
  </edge>
  <edge from="KATHLEEN" to="EGAN">
    <attribute name="TEXT" value="1" />
  </edge>
  <edge from="LIFE" to="FACTORS">
    <attribute name="TEXT" value="1" />
    <attribute name="KEYWORDS" value="1" />
  </edge>
  <edge from="LIFE" to="FACTORS">
    <attribute name="TEXT" value="1" />
    <attribute name="KEYWORDS" value="1" />
  </edge>
  <edge from="LIFE" to="RISK">
    <attribute name="TEXT" value="7" />
  </edge>
  <edge from="LIFE" to="VARIABLE">
    <attribute name="TEXT" value="1" />
  </edge>
  <edge from="LIFETIME" to="RISK">
    <attribute name="TEXT" value="1" />
  </edge>
  <edge from="MEANS" to="DEFINITIVE">
    <attribute name="TEXT" value="1" />
  </edge>
  <edge from="MENOPAUSE" to="AGE">
    <attribute name="TEXT" value="1" />
  </edge>
  <edge from="MENSTRUATION" to="AGE">
    <attribute name="TEXT" value="1" />
  </edge>
  <edge from="MODIFIED" to="POSITIVELY">
    <attribute name="TEXT" value="1" />
  </edge>
  <edge from="MONDAY" to="AUGUST">
    <attribute name="TEXT" value="1" />
  </edge>
  <edge from="OLDER" to="AGE">
    <attribute name="TEXT" value="1" />
  </edge>
  <edge from="PARENTS" to="COACH">
    <attribute name="TEXT" value="2" />
  </edge>
  <edge from="PLAY" to="ROLE">
    <attribute name="TEXT" value="1" />
  </edge>
  <edge from="PM" to="EDT">
    <attribute name="TEXT" value="1" />
  </edge>
  <edge from="PREVENTION" to="EFFORT">
    <attribute name="TEXT" value="1" />
  </edge>
  <edge from="PROLONG" to="LIFE">
    <attribute name="TEXT" value="2" />
    <attribute name="LINKS" value="2" />
  </edge>
  <edge from="PROLONG" to="LIFE">
    <attribute name="TEXT" value="2" />
    <attribute name="LINKS" value="2" />
  </edge>
  <edge from="PUBLIC" to="HEALTH">
    <attribute name="TEXT" value="1" />
  </edge>
  <edge from="REDUCED" to="EXPOSURE">
    <attribute name="TEXT" value="1" />
  </edge>
  <edge from="REPLACEMENT" to="THERAPY">
    <attribute name="TEXT" value="1" />
  </edge>
  <edge from="RESEARCHERS" to="ANALYZED">
    <attribute name="TEXT" value="1" />
  </edge>
  <edge from="REUTERS" to="LIMITED">
    <attribute name="TEXT" value="1" />
  </edge>
  <edge from="RISK" to="FACTORS">
    <attribute name="TEXT" value="8" />
  </edge>
  <edge from="RISK" to="PREDISPOSITION">
    <attribute name="TEXT" value="1" />
  </edge>
  <edge from="RISK" to="SCORE">
    <attribute name="TEXT" value="1" />
  </edge>
  <edge from="SISTER" to="DIAGNOSED">
    <attribute name="TEXT" value="1" />
  </edge>
  <edge from="SOCIAL" to="INTERACTION">
    <attribute name="TEXT" value="2" />
    <attribute name="LINKS" value="2" />
  </edge>
  <edge from="SOCIAL" to="INTERACTION">
    <attribute name="TEXT" value="2" />
    <attribute name="LINKS" value="2" />
  </edge>
  <edge from="SPECIFICALLY" to="WOMEN">
    <attribute name="TEXT" value="1" />
  </edge>
  <edge from="STORIES" to="RISK">
    <attribute name="TEXT" value="1" />
  </edge>
  <edge from="STUDY" to="AUTHOR">
    <attribute name="TEXT" value="1" />
  </edge>
  <edge from="STUDY" to="CO-AUTHOR">
    <attribute name="TEXT" value="1" />
  </edge>
  <edge from="STUDY" to="POINT">
    <attribute name="TEXT" value="1" />
  </edge>
  <edge from="SUFFICIENTLY" to="INTRIGUING">
    <attribute name="TEXT" value="1" />
  </edge>
  <edge from="TEXT" to="HEADLINES">
    <attribute name="TEXT" value="1" />
  </edge>
  <edge from="TIMES" to="GREATER">
    <attribute name="TEXT" value="1" />
  </edge>
  <edge from="TIMES" to="INCREASED">
    <attribute name="TEXT" value="1" />
  </edge>
  <edge from="TRIGGER" to="BREAST">
    <attribute name="TEXT" value="1" />
  </edge>
  <edge from="WOMAN" to="RISK">
    <attribute name="TEXT" value="1" />
  </edge>
  <edge from="WOMEN" to="FAMILY">
    <attribute name="TEXT" value="1" />
  </edge>
</graph>
