<graph>
  <node id="ACCOUNT">
    <attribute name="FREQUENCY" value="1" />
  </node>
  <node id="ACID">
    <attribute name="FREQUENCY" value="1" />
  </node>
  <node id="ADD">
    <attribute name="FREQUENCY" value="2" />
  </node>
  <node id="ADVANTAGE">
    <attribute name="FREQUENCY" value="1" />
  </node>
  <node id="AGREE">
    <attribute name="FREQUENCY" value="2" />
  </node>
  <node id="AGRICULTURAL">
    <attribute name="FREQUENCY" value="1" />
  </node>
  <node id="AMERICAN">
    <attribute name="FREQUENCY" value="3" />
  </node>
  <node id="AMOUNT">
    <attribute name="FREQUENCY" value="1" />
  </node>
  <node id="ANIMALS">
    <attribute name="FREQUENCY" value="1" />
  </node>
  <node id="APPEARS">
    <attribute name="FREQUENCY" value="1" />
  </node>
  <node id="ARTERIES">
    <attribute name="FREQUENCY" value="1" />
  </node>
  <node id="ARTICLE">
    <attribute name="FREQUENCY" value="1" />
  </node>
  <node id="ASSERTS">
    <attribute name="FREQUENCY" value="1" />
  </node>
  <node id="ATHEROSCLEROSIS">
    <attribute name="FREQUENCY" value="1" />
  </node>
  <node id="AUGUST">
    <attribute name="FREQUENCY" value="1" />
  </node>
  <node id="AVAILABILITY">
    <attribute name="FREQUENCY" value="1" />
  </node>
  <node id="BAD">
    <attribute name="FREQUENCY" value="1" />
  </node>
  <node id="BENEFICIAL">
    <attribute name="FREQUENCY" value="1" />
  </node>
  <node id="BENEFIT">
    <attribute name="FREQUENCY" value="3" />
  </node>
  <node id="BIZ">
    <attribute name="FREQUENCY" value="4" />
  </node>
  <node id="BLOOD">
    <attribute name="FREQUENCY" value="3" />
  </node>
  <node id="BODY">
    <attribute name="FREQUENCY" value="1" />
  </node>
  <node id="BOSTON">
    <attribute name="FREQUENCY" value="1" />
  </node>
  <node id="CANCER">
    <attribute name="FREQUENCY" value="8" />
  </node>
  <node id="CANOLA">
    <attribute name="FREQUENCY" value="1" />
  </node>
  <node id="CARBOHYDRATES">
    <attribute name="FREQUENCY" value="5" />
  </node>
  <node id="CARDIAC">
    <attribute name="FREQUENCY" value="1" />
  </node>
  <node id="CASE">
    <attribute name="FREQUENCY" value="2" />
  </node>
  <node id="CELLS">
    <attribute name="FREQUENCY" value="4" />
  </node>
  <node id="CENTER">
    <attribute name="FREQUENCY" value="1" />
  </node>
  <node id="CERVICAL">
    <attribute name="FREQUENCY" value="4" />
  </node>
  <node id="CHANGE">
    <attribute name="FREQUENCY" value="2" />
  </node>
  <node id="CHOLESTEROL">
    <attribute name="FREQUENCY" value="1" />
  </node>
  <node id="CITING">
    <attribute name="FREQUENCY" value="1" />
  </node>
  <node id="COMMENTS">
    <attribute name="FREQUENCY" value="2" />
  </node>
  <node id="COMPLEX">
    <attribute name="FREQUENCY" value="1" />
  </node>
  <node id="COMPOUND">
    <attribute name="FREQUENCY" value="4" />
  </node>
  <node id="CONNOR">
    <attribute name="FREQUENCY" value="6" />
  </node>
  <node id="CONSTITUENTS">
    <attribute name="FREQUENCY" value="1" />
  </node>
  <node id="CONSUMPTION">
    <attribute name="FREQUENCY" value="2" />
  </node>
  <node id="CONTRIBUTE">
    <attribute name="FREQUENCY" value="1" />
  </node>
  <node id="CONTROL">
    <attribute name="FREQUENCY" value="1" />
  </node>
  <node id="CORONARY">
    <attribute name="FREQUENCY" value="3" />
  </node>
  <node id="CUT">
    <attribute name="FREQUENCY" value="1" />
  </node>
  <node id="DAIRY">
    <attribute name="FREQUENCY" value="1" />
  </node>
  <node id="DALLAS">
    <attribute name="FREQUENCY" value="1" />
  </node>
  <node id="DATA">
    <attribute name="FREQUENCY" value="1" />
  </node>
  <node id="DEBATE">
    <attribute name="FREQUENCY" value="2" />
  </node>
  <node id="DEBATED">
    <attribute name="FREQUENCY" value="6" />
  </node>
  <node id="DEVELOPMENT">
    <attribute name="FREQUENCY" value="1" />
  </node>
  <node id="DIET">
    <attribute name="FREQUENCY" value="15" />
  </node>
  <node id="DIETARY">
    <attribute name="FREQUENCY" value="1" />
  </node>
  <node id="DIRECTLY">
    <attribute name="FREQUENCY" value="1" />
  </node>
  <node id="DISADVANTAGE">
    <attribute name="FREQUENCY" value="1" />
  </node>
  <node id="DISEASE">
    <attribute name="FREQUENCY" value="4" />
  </node>
  <node id="DIVERSIFY">
    <attribute name="FREQUENCY" value="1" />
  </node>
  <node id="DRS">
    <attribute name="FREQUENCY" value="1" />
  </node>
  <node id="EASILY">
    <attribute name="FREQUENCY" value="1" />
  </node>
  <node id="EATING">
    <attribute name="FREQUENCY" value="1" />
  </node>
  <node id="EDT">
    <attribute name="FREQUENCY" value="1" />
  </node>
  <node id="EFFECT">
    <attribute name="FREQUENCY" value="1" />
  </node>
  <node id="EMPHASIZE">
    <attribute name="FREQUENCY" value="1" />
  </node>
  <node id="EMPHATIC">
    <attribute name="FREQUENCY" value="1" />
  </node>
  <node id="END">
    <attribute name="FREQUENCY" value="1" />
  </node>
  <node id="ENERGY">
    <attribute name="FREQUENCY" value="1" />
  </node>
  <node id="ENGLAND">
    <attribute name="FREQUENCY" value="2" />
  </node>
  <node id="ENTERTAIN">
    <attribute name="FREQUENCY" value="4" />
  </node>
  <node id="ESSENTIAL">
    <attribute name="FREQUENCY" value="1" />
  </node>
  <node id="EVIDENCE">
    <attribute name="FREQUENCY" value="1" />
  </node>
  <node id="EXPERIMENTS">
    <attribute name="FREQUENCY" value="1" />
  </node>
  <node id="EXPERTS">
    <attribute name="FREQUENCY" value="2" />
  </node>
  <node id="FAT">
    <attribute name="FREQUENCY" value="25" />
  </node>
  <node id="FAT-FREE">
    <attribute name="FREQUENCY" value="1" />
  </node>
  <node id="FATTY">
    <attribute name="FREQUENCY" value="2" />
  </node>
  <node id="FIBER">
    <attribute name="FREQUENCY" value="1" />
  </node>
  <node id="FOLLOW">
    <attribute name="FREQUENCY" value="1" />
  </node>
  <node id="FOOD">
    <attribute name="FREQUENCY" value="3" />
  </node>
  <node id="FORM">
    <attribute name="FREQUENCY" value="1" />
  </node>
  <node id="FRUITS">
    <attribute name="FREQUENCY" value="3" />
  </node>
  <node id="GOOD">
    <attribute name="FREQUENCY" value="2" />
  </node>
  <node id="GRAINS">
    <attribute name="FREQUENCY" value="2" />
  </node>
  <node id="GRUNDY">
    <attribute name="FREQUENCY" value="1" />
  </node>
  <node id="HARVARD">
    <attribute name="FREQUENCY" value="1" />
  </node>
  <node id="HDL">
    <attribute name="FREQUENCY" value="1" />
  </node>
  <node id="HEADLINES">
    <attribute name="FREQUENCY" value="1" />
  </node>
  <node id="HEALTH">
    <attribute name="FREQUENCY" value="7" />
  </node>
  <node id="HEART">
    <attribute name="FREQUENCY" value="4" />
  </node>
  <node id="HIGH">
    <attribute name="FREQUENCY" value="5" />
  </node>
  <node id="HIGH-CARBOHYDRATE">
    <attribute name="FREQUENCY" value="8" />
  </node>
  <node id="HIGH-FAT">
    <attribute name="FREQUENCY" value="1" />
  </node>
  <node id="HIGH-FIBER">
    <attribute name="FREQUENCY" value="1" />
  </node>
  <node id="HIGHER">
    <attribute name="FREQUENCY" value="1" />
  </node>
  <node id="HIGHLY">
    <attribute name="FREQUENCY" value="1" />
  </node>
  <node id="HINTS">
    <attribute name="FREQUENCY" value="1" />
  </node>
  <node id="HTML">
    <attribute name="FREQUENCY" value="1" />
  </node>
  <node id="HYDROGENATED">
    <attribute name="FREQUENCY" value="1" />
  </node>
  <node id="HYPERTENSION">
    <attribute name="FREQUENCY" value="1" />
  </node>
  <node id="INCREASE">
    <attribute name="FREQUENCY" value="2" />
  </node>
  <node id="INCREASED">
    <attribute name="FREQUENCY" value="2" />
  </node>
  <node id="INFO">
    <attribute name="FREQUENCY" value="2" />
  </node>
  <node id="INGESTED">
    <attribute name="FREQUENCY" value="1" />
  </node>
  <node id="INTAKE">
    <attribute name="FREQUENCY" value="4" />
  </node>
  <node id="ISSUE">
    <attribute name="FREQUENCY" value="3" />
  </node>
  <node id="JOURNAL">
    <attribute name="FREQUENCY" value="2" />
  </node>
  <node id="KATAN">
    <attribute name="FREQUENCY" value="1" />
  </node>
  <node id="KILL">
    <attribute name="FREQUENCY" value="4" />
  </node>
  <node id="LAMENT">
    <attribute name="FREQUENCY" value="1" />
  </node>
  <node id="LDL">
    <attribute name="FREQUENCY" value="1" />
  </node>
  <node id="LEGUMES">
    <attribute name="FREQUENCY" value="2" />
  </node>
  <node id="LIMITED">
    <attribute name="FREQUENCY" value="1" />
  </node>
  <node id="LIPEMIA">
    <attribute name="FREQUENCY" value="1" />
  </node>
  <node id="LIPOPROTEIN">
    <attribute name="FREQUENCY" value="1" />
  </node>
  <node id="LOS">
    <attribute name="FREQUENCY" value="1" />
  </node>
  <node id="LOSE">
    <attribute name="FREQUENCY" value="1" />
  </node>
  <node id="LOST">
    <attribute name="FREQUENCY" value="1" />
  </node>
  <node id="LOW">
    <attribute name="FREQUENCY" value="1" />
  </node>
  <node id="LOW-FAT">
    <attribute name="FREQUENCY" value="8" />
  </node>
  <node id="LOWER">
    <attribute name="FREQUENCY" value="1" />
  </node>
  <node id="LOWER-FAT">
    <attribute name="FREQUENCY" value="1" />
  </node>
  <node id="MAINTAIN">
    <attribute name="FREQUENCY" value="1" />
  </node>
  <node id="MAKING">
    <attribute name="FREQUENCY" value="1" />
  </node>
  <node id="MARTIJN">
    <attribute name="FREQUENCY" value="1" />
  </node>
  <node id="MEALS">
    <attribute name="FREQUENCY" value="1" />
  </node>
  <node id="MEAT">
    <attribute name="FREQUENCY" value="1" />
  </node>
  <node id="MEDICAL">
    <attribute name="FREQUENCY" value="1" />
  </node>
  <node id="MEDICINE">
    <attribute name="FREQUENCY" value="2" />
  </node>
  <node id="MONOUNSATURATED">
    <attribute name="FREQUENCY" value="2" />
  </node>
  <node id="NARROW">
    <attribute name="FREQUENCY" value="1" />
  </node>
  <node id="NETHERLANDS">
    <attribute name="FREQUENCY" value="1" />
  </node>
  <node id="NEWS">
    <attribute name="FREQUENCY" value="4" />
  </node>
  <node id="NOTES">
    <attribute name="FREQUENCY" value="1" />
  </node>
  <node id="NOTING">
    <attribute name="FREQUENCY" value="1" />
  </node>
  <node id="OIL">
    <attribute name="FREQUENCY" value="2" />
  </node>
  <node id="OLIVE">
    <attribute name="FREQUENCY" value="1" />
  </node>
  <node id="OPPOSING">
    <attribute name="FREQUENCY" value="1" />
  </node>
  <node id="OREGON">
    <attribute name="FREQUENCY" value="3" />
  </node>
  <node id="OVERWEIGHT">
    <attribute name="FREQUENCY" value="1" />
  </node>
  <node id="PARTIALLY">
    <attribute name="FREQUENCY" value="1" />
  </node>
  <node id="PERCENT">
    <attribute name="FREQUENCY" value="1" />
  </node>
  <node id="PERSON">
    <attribute name="FREQUENCY" value="1" />
  </node>
  <node id="PLANT">
    <attribute name="FREQUENCY" value="2" />
  </node>
  <node id="PM">
    <attribute name="FREQUENCY" value="1" />
  </node>
  <node id="POINT">
    <attribute name="FREQUENCY" value="2" />
  </node>
  <node id="POLITIC">
    <attribute name="FREQUENCY" value="4" />
  </node>
  <node id="POLYUNSATURATED">
    <attribute name="FREQUENCY" value="2" />
  </node>
  <node id="PORTLAND">
    <attribute name="FREQUENCY" value="1" />
  </node>
  <node id="POSTPRANDIAL">
    <attribute name="FREQUENCY" value="1" />
  </node>
  <node id="PRESENT">
    <attribute name="FREQUENCY" value="2" />
  </node>
  <node id="PRESSURE">
    <attribute name="FREQUENCY" value="1" />
  </node>
  <node id="PREVENTION">
    <attribute name="FREQUENCY" value="1" />
  </node>
  <node id="PRODUCTS">
    <attribute name="FREQUENCY" value="2" />
  </node>
  <node id="PROTECTIVE">
    <attribute name="FREQUENCY" value="1" />
  </node>
  <node id="PRUDENT">
    <attribute name="FREQUENCY" value="1" />
  </node>
  <node id="PUBLIC">
    <attribute name="FREQUENCY" value="1" />
  </node>
  <node id="PUBLISHING">
    <attribute name="FREQUENCY" value="1" />
  </node>
  <node id="QUESTIONS">
    <attribute name="FREQUENCY" value="2" />
  </node>
  <node id="REBUTTAL">
    <attribute name="FREQUENCY" value="1" />
  </node>
  <node id="RECOMMENDATIONS">
    <attribute name="FREQUENCY" value="1" />
  </node>
  <node id="REDUCE">
    <attribute name="FREQUENCY" value="6" />
  </node>
  <node id="REDUCED">
    <attribute name="FREQUENCY" value="1" />
  </node>
  <node id="REDUCTION">
    <attribute name="FREQUENCY" value="1" />
  </node>
  <node id="REFINED">
    <attribute name="FREQUENCY" value="1" />
  </node>
  <node id="REFLECT">
    <attribute name="FREQUENCY" value="1" />
  </node>
  <node id="REPLACE">
    <attribute name="FREQUENCY" value="6" />
  </node>
  <node id="REPLACED">
    <attribute name="FREQUENCY" value="2" />
  </node>
  <node id="REPLACEMENT">
    <attribute name="FREQUENCY" value="1" />
  </node>
  <node id="RESEARCHERS">
    <attribute name="FREQUENCY" value="1" />
  </node>
  <node id="REUTERS">
    <attribute name="FREQUENCY" value="2" />
  </node>
  <node id="RISK">
    <attribute name="FREQUENCY" value="5" />
  </node>
  <node id="SATURATED">
    <attribute name="FREQUENCY" value="5" />
  </node>
  <node id="SCHOOL">
    <attribute name="FREQUENCY" value="1" />
  </node>
  <node id="SCIENCE">
    <attribute name="FREQUENCY" value="1" />
  </node>
  <node id="SCOREBOARD">
    <attribute name="FREQUENCY" value="4" />
  </node>
  <node id="SCOTT">
    <attribute name="FREQUENCY" value="1" />
  </node>
  <node id="SIDE">
    <attribute name="FREQUENCY" value="4" />
  </node>
  <node id="SIMILARLY">
    <attribute name="FREQUENCY" value="1" />
  </node>
  <node id="SIMPLY">
    <attribute name="FREQUENCY" value="1" />
  </node>
  <node id="SONJA">
    <attribute name="FREQUENCY" value="1" />
  </node>
  <node id="SOURCE">
    <attribute name="FREQUENCY" value="2" />
  </node>
  <node id="SOUTHWESTERN">
    <attribute name="FREQUENCY" value="1" />
  </node>
  <node id="SPORT">
    <attribute name="FREQUENCY" value="4" />
  </node>
  <node id="STARCH">
    <attribute name="FREQUENCY" value="1" />
  </node>
  <node id="STATES">
    <attribute name="FREQUENCY" value="3" />
  </node>
  <node id="STORIES">
    <attribute name="FREQUENCY" value="1" />
  </node>
  <node id="STORY">
    <attribute name="FREQUENCY" value="4" />
  </node>
  <node id="STRATEGY">
    <attribute name="FREQUENCY" value="1" />
  </node>
  <node id="STUDIES">
    <attribute name="FREQUENCY" value="1" />
  </node>
  <node id="SUBSTANTIATED">
    <attribute name="FREQUENCY" value="1" />
  </node>
  <node id="SUGAR">
    <attribute name="FREQUENCY" value="3" />
  </node>
  <node id="SUPPORT">
    <attribute name="FREQUENCY" value="1" />
  </node>
  <node id="TECH">
    <attribute name="FREQUENCY" value="4" />
  </node>
  <node id="TELLS">
    <attribute name="FREQUENCY" value="1" />
  </node>
  <node id="TEXAS">
    <attribute name="FREQUENCY" value="1" />
  </node>
  <node id="TEXT">
    <attribute name="FREQUENCY" value="1" />
  </node>
  <node id="THURSDAY">
    <attribute name="FREQUENCY" value="1" />
  </node>
  <node id="TOTAL">
    <attribute name="FREQUENCY" value="1" />
  </node>
  <node id="UNIVERSITY">
    <attribute name="FREQUENCY" value="3" />
  </node>
  <node id="VEGETABLES">
    <attribute name="FREQUENCY" value="5" />
  </node>
  <node id="VIEW">
    <attribute name="FREQUENCY" value="1" />
  </node>
  <node id="VITAMIN">
    <attribute name="FREQUENCY" value="1" />
  </node>
  <node id="WAGENINGEN">
    <attribute name="FREQUENCY" value="1" />
  </node>
  <node id="WALTER">
    <attribute name="FREQUENCY" value="1" />
  </node>
  <node id="WEEK">
    <attribute name="FREQUENCY" value="1" />
  </node>
  <node id="WEIGHT">
    <attribute name="FREQUENCY" value="3" />
  </node>
  <node id="WILLET">
    <attribute name="FREQUENCY" value="1" />
  </node>
  <node id="WILLIAM">
    <attribute name="FREQUENCY" value="1" />
  </node>
  <node id="WRITE">
    <attribute name="FREQUENCY" value="5" />
  </node>
  <node id="YAHOO">
    <attribute name="FREQUENCY" value="4" />
  </node>
  <node id="YORK">
    <attribute name="FREQUENCY" value="1" />
  </node>
  <edge from="ADD" to="PROTECTIVE">
    <attribute name="TEXT" value="1" />
  </edge>
  <edge from="AGRICULTURAL" to="UNIVERSITY">
    <attribute name="TEXT" value="1" />
  </edge>
  <edge from="ANIMALS" to="HINTS">
    <attribute name="TEXT" value="1" />
  </edge>
  <edge from="APPEARS" to="PRUDENT">
    <attribute name="TEXT" value="1" />
  </edge>
  <edge from="BENEFICIAL" to="EFFECT">
    <attribute name="TEXT" value="1" />
  </edge>
  <edge from="BLOOD" to="FAT">
    <attribute name="TEXT" value="2" />
  </edge>
  <edge from="BLOOD" to="PRESSURE">
    <attribute name="TEXT" value="1" />
  </edge>
  <edge from="BODY" to="WEIGHT">
    <attribute name="TEXT" value="1" />
  </edge>
  <edge from="CANCER" to="CELLS">
    <attribute name="TEXT" value="2" />
    <attribute name="LINKS" value="2" />
  </edge>
  <edge from="CANCER" to="CELLS">
    <attribute name="TEXT" value="2" />
    <attribute name="LINKS" value="2" />
  </edge>
  <edge from="CANCER" to="RISK">
    <attribute name="TEXT" value="1" />
  </edge>
  <edge from="CARDIAC" to="BENEFIT">
    <attribute name="TEXT" value="1" />
  </edge>
  <edge from="CERVICAL" to="CANCER">
    <attribute name="TEXT" value="2" />
    <attribute name="LINKS" value="2" />
  </edge>
  <edge from="CERVICAL" to="CANCER">
    <attribute name="TEXT" value="2" />
    <attribute name="LINKS" value="2" />
  </edge>
  <edge from="CHANGE" to="SIMILARLY">
    <attribute name="TEXT" value="1" />
  </edge>
  <edge from="COMPLEX" to="CARBOHYDRATES">
    <attribute name="TEXT" value="1" />
  </edge>
  <edge from="COMPOUND" to="KILL">
    <attribute name="TEXT" value="4" />
    <attribute name="LINKS" value="4" />
  </edge>
  <edge from="COMPOUND" to="KILL">
    <attribute name="TEXT" value="4" />
    <attribute name="LINKS" value="4" />
  </edge>
  <edge from="CORONARY" to="ARTERIES">
    <attribute name="TEXT" value="1" />
  </edge>
  <edge from="CORONARY" to="HEART">
    <attribute name="TEXT" value="2" />
  </edge>
  <edge from="CUT" to="FAT">
    <attribute name="TEXT" value="1" />
  </edge>
  <edge from="DAIRY" to="PRODUCTS">
    <attribute name="TEXT" value="1" />
  </edge>
  <edge from="DATA" to="SUPPORT">
    <attribute name="TEXT" value="1" />
  </edge>
  <edge from="DIET" to="DEBATED">
    <attribute name="TEXT" value="3" />
    <attribute name="LINKS" value="2" />
    <attribute name="KEYWORDS" value="1" />
  </edge>
  <edge from="DIET" to="DEBATED">
    <attribute name="TEXT" value="3" />
    <attribute name="LINKS" value="2" />
    <attribute name="KEYWORDS" value="1" />
  </edge>
  <edge from="DIET" to="DEBATED">
    <attribute name="TEXT" value="3" />
    <attribute name="LINKS" value="2" />
    <attribute name="KEYWORDS" value="1" />
  </edge>
  <edge from="DIET" to="HIGH">
    <attribute name="TEXT" value="2" />
  </edge>
  <edge from="DIET" to="LOW">
    <attribute name="TEXT" value="1" />
  </edge>
  <edge from="DIETARY" to="FAT">
    <attribute name="TEXT" value="1" />
  </edge>
  <edge from="DIRECTLY" to="REFLECT">
    <attribute name="TEXT" value="1" />
  </edge>
  <edge from="DISEASE" to="TELLS">
    <attribute name="TEXT" value="1" />
  </edge>
  <edge from="ENERGY" to="CONSUMPTION">
    <attribute name="TEXT" value="1" />
  </edge>
  <edge from="ENGLAND" to="JOURNAL">
    <attribute name="TEXT" value="2" />
  </edge>
  <edge from="ESSENTIAL" to="FATTY">
    <attribute name="TEXT" value="1" />
  </edge>
  <edge from="EXPERTS" to="PRESENT">
    <attribute name="TEXT" value="1" />
  </edge>
  <edge from="FAT" to="INGESTED">
    <attribute name="TEXT" value="1" />
  </edge>
  <edge from="FAT" to="INTAKE">
    <attribute name="TEXT" value="3" />
  </edge>
  <edge from="FAT" to="SUGAR">
    <attribute name="TEXT" value="1" />
  </edge>
  <edge from="FAT-FREE" to="PRODUCTS">
    <attribute name="TEXT" value="1" />
  </edge>
  <edge from="FATTY" to="ACID">
    <attribute name="TEXT" value="1" />
  </edge>
  <edge from="FATTY" to="NARROW">
    <attribute name="TEXT" value="1" />
  </edge>
  <edge from="FOLLOW" to="LOW-FAT">
    <attribute name="TEXT" value="1" />
  </edge>
  <edge from="FOOD" to="LOSE">
    <attribute name="TEXT" value="1" />
  </edge>
  <edge from="FRUITS" to="VEGETABLES">
    <attribute name="TEXT" value="2" />
  </edge>
  <edge from="GOOD" to="EVIDENCE">
    <attribute name="TEXT" value="1" />
  </edge>
  <edge from="GRAINS" to="VEGETABLES">
    <attribute name="TEXT" value="1" />
  </edge>
  <edge from="HARVARD" to="SCHOOL">
    <attribute name="TEXT" value="1" />
  </edge>
  <edge from="HEALTH" to="EXPERTS">
    <attribute name="TEXT" value="1" />
  </edge>
  <edge from="HEALTH" to="SCIENCE">
    <attribute name="TEXT" value="1" />
  </edge>
  <edge from="HEALTH" to="STORIES">
    <attribute name="TEXT" value="1" />
  </edge>
  <edge from="HEART" to="DISEASE">
    <attribute name="TEXT" value="4" />
  </edge>
  <edge from="HIGH" to="BLOOD">
    <attribute name="TEXT" value="1" />
  </edge>
  <edge from="HIGH-CARBOHYDRATE" to="DIET">
    <attribute name="TEXT" value="5" />
    <attribute name="LINKS" value="2" />
    <attribute name="KEYWORDS" value="1" />
  </edge>
  <edge from="HIGH-CARBOHYDRATE" to="DIET">
    <attribute name="TEXT" value="5" />
    <attribute name="LINKS" value="2" />
    <attribute name="KEYWORDS" value="1" />
  </edge>
  <edge from="HIGH-CARBOHYDRATE" to="DIET">
    <attribute name="TEXT" value="5" />
    <attribute name="LINKS" value="2" />
    <attribute name="KEYWORDS" value="1" />
  </edge>
  <edge from="HIGH-FAT" to="DIET">
    <attribute name="TEXT" value="1" />
  </edge>
  <edge from="HIGH-FIBER" to="FOOD">
    <attribute name="TEXT" value="1" />
  </edge>
  <edge from="HIGHLY" to="REFINED">
    <attribute name="TEXT" value="1" />
  </edge>
  <edge from="HYDROGENATED" to="OIL">
    <attribute name="TEXT" value="1" />
  </edge>
  <edge from="INCREASED" to="AVAILABILITY">
    <attribute name="TEXT" value="1" />
  </edge>
  <edge from="INCREASED" to="CANCER">
    <attribute name="TEXT" value="1" />
  </edge>
  <edge from="KILL" to="CERVICAL">
    <attribute name="TEXT" value="4" />
    <attribute name="LINKS" value="4" />
  </edge>
  <edge from="KILL" to="CERVICAL">
    <attribute name="TEXT" value="4" />
    <attribute name="LINKS" value="4" />
  </edge>
  <edge from="LOS" to="WEIGHT">
    <attribute name="TEXT" value="1" />
  </edge>
  <edge from="LOSE" to="WEIGHT">
    <attribute name="TEXT" value="1" />
  </edge>
  <edge from="LOW-FAT" to="DIET">
    <attribute name="TEXT" value="1" />
  </edge>
  <edge from="LOW-FAT" to="HIGH-CARBOHYDRATE">
    <attribute name="TEXT" value="4" />
  </edge>
  <edge from="LOWER" to="HDL">
    <attribute name="TEXT" value="1" />
  </edge>
  <edge from="LOWER-FAT" to="DIET">
    <attribute name="TEXT" value="1" />
  </edge>
  <edge from="MAINTAIN" to="BODY">
    <attribute name="TEXT" value="1" />
  </edge>
  <edge from="MARTIJN" to="KATAN">
    <attribute name="TEXT" value="1" />
  </edge>
  <edge from="MEAT" to="DAIRY">
    <attribute name="TEXT" value="1" />
  </edge>
  <edge from="MEDICAL" to="CENTER">
    <attribute name="TEXT" value="1" />
  </edge>
  <edge from="MEDICINE" to="PUBLISHING">
    <attribute name="TEXT" value="1" />
  </edge>
  <edge from="MONOUNSATURATED" to="FAT">
    <attribute name="TEXT" value="2" />
  </edge>
  <edge from="NETHERLANDS" to="SCOTT">
    <attribute name="TEXT" value="1" />
  </edge>
  <edge from="OLIVE" to="OIL">
    <attribute name="TEXT" value="1" />
  </edge>
  <edge from="OPPOSING" to="SIDE">
    <attribute name="TEXT" value="1" />
  </edge>
  <edge from="OREGON" to="AGREE">
    <attribute name="TEXT" value="1" />
  </edge>
  <edge from="OREGON" to="HEALTH">
    <attribute name="TEXT" value="1" />
  </edge>
  <edge from="OREGON" to="RESEARCHERS">
    <attribute name="TEXT" value="1" />
  </edge>
  <edge from="OVERWEIGHT" to="PERSON">
    <attribute name="TEXT" value="1" />
  </edge>
  <edge from="PARTIALLY" to="HYDROGENATED">
    <attribute name="TEXT" value="1" />
  </edge>
  <edge from="PLANT" to="FOOD">
    <attribute name="TEXT" value="1" />
  </edge>
  <edge from="PLANT" to="SOURCE">
    <attribute name="TEXT" value="1" />
  </edge>
  <edge from="PM" to="EDT">
    <attribute name="TEXT" value="1" />
  </edge>
  <edge from="POLYUNSATURATED" to="FAT">
    <attribute name="TEXT" value="1" />
  </edge>
  <edge from="POLYUNSATURATED" to="VEGETABLES">
    <attribute name="TEXT" value="1" />
  </edge>
  <edge from="PORTLAND" to="OREGON">
    <attribute name="TEXT" value="1" />
  </edge>
  <edge from="POSTPRANDIAL" to="LIPEMIA">
    <attribute name="TEXT" value="1" />
  </edge>
  <edge from="PRODUCTS" to="HIGH">
    <attribute name="TEXT" value="1" />
  </edge>
  <edge from="PROTECTIVE" to="CONSTITUENTS">
    <attribute name="TEXT" value="1" />
  </edge>
  <edge from="PUBLIC" to="HEALTH">
    <attribute name="TEXT" value="1" />
  </edge>
  <edge from="PUBLISHING" to="ARTICLE">
    <attribute name="TEXT" value="1" />
  </edge>
  <edge from="REDUCE" to="SATURATED">
    <attribute name="TEXT" value="1" />
  </edge>
  <edge from="REFINED" to="STARCH">
    <attribute name="TEXT" value="1" />
  </edge>
  <edge from="REPLACE" to="FAT">
    <attribute name="TEXT" value="3" />
  </edge>
  <edge from="REPLACE" to="SATURATED">
    <attribute name="TEXT" value="2" />
  </edge>
  <edge from="REUTERS" to="LIMITED">
    <attribute name="TEXT" value="1" />
  </edge>
  <edge from="SATURATED" to="FAT">
    <attribute name="TEXT" value="5" />
  </edge>
  <edge from="SCIENCE" to="UNIVERSITY">
    <attribute name="TEXT" value="1" />
  </edge>
  <edge from="SCOTT" to="GRUNDY">
    <attribute name="TEXT" value="1" />
  </edge>
  <edge from="SIDE" to="AGREE">
    <attribute name="TEXT" value="1" />
  </edge>
  <edge from="SIDE" to="LAMENT">
    <attribute name="TEXT" value="1" />
  </edge>
  <edge from="SIDE" to="POINT">
    <attribute name="TEXT" value="1" />
  </edge>
  <edge from="SIMILARLY" to="LOWER">
    <attribute name="TEXT" value="1" />
  </edge>
  <edge from="SONJA" to="CONNOR">
    <attribute name="TEXT" value="1" />
  </edge>
  <edge from="SOUTHWESTERN" to="MEDICAL">
    <attribute name="TEXT" value="1" />
  </edge>
  <edge from="STATES" to="NOTING">
    <attribute name="TEXT" value="1" />
  </edge>
  <edge from="STORIES" to="DEBATE">
    <attribute name="TEXT" value="1" />
  </edge>
  <edge from="TEXAS" to="SOUTHWESTERN">
    <attribute name="TEXT" value="1" />
  </edge>
  <edge from="TEXT" to="HEADLINES">
    <attribute name="TEXT" value="1" />
  </edge>
  <edge from="THURSDAY" to="AUGUST">
    <attribute name="TEXT" value="1" />
  </edge>
  <edge from="TOTAL" to="ENERGY">
    <attribute name="TEXT" value="1" />
  </edge>
  <edge from="VEGETABLES" to="FAT">
    <attribute name="TEXT" value="1" />
  </edge>
  <edge from="VEGETABLES" to="FOOD">
    <attribute name="TEXT" value="1" />
  </edge>
  <edge from="VEGETABLES" to="LEGUMES">
    <attribute name="TEXT" value="2" />
  </edge>
  <edge from="WAGENINGEN" to="AGRICULTURAL">
    <attribute name="TEXT" value="1" />
  </edge>
  <edge from="WALTER" to="WILLET">
    <attribute name="TEXT" value="1" />
  </edge>
  <edge from="WILLIAM" to="CONNOR">
    <attribute name="TEXT" value="1" />
  </edge>
  <edge from="WRITE" to="CONNOR">
    <attribute name="TEXT" value="1" />
  </edge>
</graph>
