<graph>
  <node id="-CANADIAN">
    <attribute name="FREQUENCY" value="1" />
  </node>
  <node id="ACCIDENT">
    <attribute name="FREQUENCY" value="5" />
  </node>
  <node id="ACTUAL">
    <attribute name="FREQUENCY" value="1" />
  </node>
  <node id="ADDED">
    <attribute name="FREQUENCY" value="1" />
  </node>
  <node id="AGAINST">
    <attribute name="FREQUENCY" value="1" />
  </node>
  <node id="AGREED">
    <attribute name="FREQUENCY" value="1" />
  </node>
  <node id="ALERTNESS">
    <attribute name="FREQUENCY" value="1" />
  </node>
  <node id="AMERICAN">
    <attribute name="FREQUENCY" value="1" />
  </node>
  <node id="AMOUNT">
    <attribute name="FREQUENCY" value="1" />
  </node>
  <node id="ASSOCIATION">
    <attribute name="FREQUENCY" value="1" />
  </node>
  <node id="ATTITUDES">
    <attribute name="FREQUENCY" value="1" />
  </node>
  <node id="AVERAGE">
    <attribute name="FREQUENCY" value="4" />
  </node>
  <node id="AVERAGED">
    <attribute name="FREQUENCY" value="1" />
  </node>
  <node id="BADGE">
    <attribute name="FREQUENCY" value="1" />
  </node>
  <node id="BELIEVES">
    <attribute name="FREQUENCY" value="1" />
  </node>
  <node id="BIG">
    <attribute name="FREQUENCY" value="1" />
  </node>
  <node id="BIZ">
    <attribute name="FREQUENCY" value="4" />
  </node>
  <node id="BOBBING">
    <attribute name="FREQUENCY" value="1" />
  </node>
  <node id="BYPASS">
    <attribute name="FREQUENCY" value="4" />
  </node>
  <node id="CAB-MOUNTED">
    <attribute name="FREQUENCY" value="1" />
  </node>
  <node id="CALIFORNIA">
    <attribute name="FREQUENCY" value="1" />
  </node>
  <node id="CAMERA">
    <attribute name="FREQUENCY" value="2" />
  </node>
  <node id="CARRY">
    <attribute name="FREQUENCY" value="1" />
  </node>
  <node id="CAUGHT">
    <attribute name="FREQUENCY" value="1" />
  </node>
  <node id="CENTER">
    <attribute name="FREQUENCY" value="1" />
  </node>
  <node id="CHANGE">
    <attribute name="FREQUENCY" value="1" />
  </node>
  <node id="CIRCLE">
    <attribute name="FREQUENCY" value="1" />
  </node>
  <node id="CITY">
    <attribute name="FREQUENCY" value="1" />
  </node>
  <node id="CLINIC">
    <attribute name="FREQUENCY" value="1" />
  </node>
  <node id="CLINICALLY">
    <attribute name="FREQUENCY" value="1" />
  </node>
  <node id="COCKTAIL">
    <attribute name="FREQUENCY" value="4" />
  </node>
  <node id="COMMENTARY">
    <attribute name="FREQUENCY" value="1" />
  </node>
  <node id="COMMENTS">
    <attribute name="FREQUENCY" value="2" />
  </node>
  <node id="COMMERCIAL">
    <attribute name="FREQUENCY" value="2" />
  </node>
  <node id="CONCERNS">
    <attribute name="FREQUENCY" value="1" />
  </node>
  <node id="CONCLUDE">
    <attribute name="FREQUENCY" value="1" />
  </node>
  <node id="CONDEMNATION">
    <attribute name="FREQUENCY" value="1" />
  </node>
  <node id="CORRIDOR">
    <attribute name="FREQUENCY" value="1" />
  </node>
  <node id="COVERED">
    <attribute name="FREQUENCY" value="1" />
  </node>
  <node id="DANGER">
    <attribute name="FREQUENCY" value="1" />
  </node>
  <node id="DANGEROUS">
    <attribute name="FREQUENCY" value="1" />
  </node>
  <node id="DAY">
    <attribute name="FREQUENCY" value="3" />
  </node>
  <node id="DEMENT">
    <attribute name="FREQUENCY" value="3" />
  </node>
  <node id="DEPARTMENT">
    <attribute name="FREQUENCY" value="1" />
  </node>
  <node id="DISCOVERED">
    <attribute name="FREQUENCY" value="1" />
  </node>
  <node id="DRIVE">
    <attribute name="FREQUENCY" value="6" />
  </node>
  <node id="DRIVER">
    <attribute name="FREQUENCY" value="8" />
  </node>
  <node id="DROOPING">
    <attribute name="FREQUENCY" value="1" />
  </node>
  <node id="DROVE">
    <attribute name="FREQUENCY" value="1" />
  </node>
  <node id="DROWSINESS">
    <attribute name="FREQUENCY" value="2" />
  </node>
  <node id="DROWSY">
    <attribute name="FREQUENCY" value="4" />
  </node>
  <node id="DRUG">
    <attribute name="FREQUENCY" value="4" />
  </node>
  <node id="DRUNK">
    <attribute name="FREQUENCY" value="1" />
  </node>
  <node id="DURATION">
    <attribute name="FREQUENCY" value="1" />
  </node>
  <node id="EDT">
    <attribute name="FREQUENCY" value="1" />
  </node>
  <node id="ELECTROENCEPHALOGRAPH">
    <attribute name="FREQUENCY" value="1" />
  </node>
  <node id="ELIMINATE">
    <attribute name="FREQUENCY" value="1" />
  </node>
  <node id="EMERGENCE">
    <attribute name="FREQUENCY" value="1" />
  </node>
  <node id="ENGLAND">
    <attribute name="FREQUENCY" value="2" />
  </node>
  <node id="ENTERTAIN">
    <attribute name="FREQUENCY" value="4" />
  </node>
  <node id="ESTIMATES">
    <attribute name="FREQUENCY" value="1" />
  </node>
  <node id="EVENING">
    <attribute name="FREQUENCY" value="1" />
  </node>
  <node id="EXPECT">
    <attribute name="FREQUENCY" value="1" />
  </node>
  <node id="EXPERIENCE">
    <attribute name="FREQUENCY" value="1" />
  </node>
  <node id="EYELIDS">
    <attribute name="FREQUENCY" value="1" />
  </node>
  <node id="FATIGUE-RELATED">
    <attribute name="FREQUENCY" value="1" />
  </node>
  <node id="FINDINGS">
    <attribute name="FREQUENCY" value="1" />
  </node>
  <node id="FIRE">
    <attribute name="FREQUENCY" value="2" />
  </node>
  <node id="FOCUSED">
    <attribute name="FREQUENCY" value="1" />
  </node>
  <node id="FOUNDATION">
    <attribute name="FREQUENCY" value="1" />
  </node>
  <node id="FULL">
    <attribute name="FREQUENCY" value="1" />
  </node>
  <node id="GOVERNMENT">
    <attribute name="FREQUENCY" value="1" />
  </node>
  <node id="GRAFT">
    <attribute name="FREQUENCY" value="4" />
  </node>
  <node id="GROUP">
    <attribute name="FREQUENCY" value="2" />
  </node>
  <node id="HALF">
    <attribute name="FREQUENCY" value="2" />
  </node>
  <node id="HARD">
    <attribute name="FREQUENCY" value="1" />
  </node>
  <node id="HEAD">
    <attribute name="FREQUENCY" value="1" />
  </node>
  <node id="HEADLINES">
    <attribute name="FREQUENCY" value="1" />
  </node>
  <node id="HEALTH">
    <attribute name="FREQUENCY" value="4" />
  </node>
  <node id="HIV">
    <attribute name="FREQUENCY" value="4" />
  </node>
  <node id="HONOR">
    <attribute name="FREQUENCY" value="1" />
  </node>
  <node id="HOURS">
    <attribute name="FREQUENCY" value="6" />
  </node>
  <node id="HTML">
    <attribute name="FREQUENCY" value="1" />
  </node>
  <node id="HUMAN">
    <attribute name="FREQUENCY" value="1" />
  </node>
  <node id="IDEAL">
    <attribute name="FREQUENCY" value="1" />
  </node>
  <node id="IMAGE">
    <attribute name="FREQUENCY" value="1" />
  </node>
  <node id="IMPACT">
    <attribute name="FREQUENCY" value="1" />
  </node>
  <node id="IMPORTANT">
    <attribute name="FREQUENCY" value="1" />
  </node>
  <node id="IN-DEPTH">
    <attribute name="FREQUENCY" value="1" />
  </node>
  <node id="INDICATING">
    <attribute name="FREQUENCY" value="1" />
  </node>
  <node id="INDIVIDUALS">
    <attribute name="FREQUENCY" value="1" />
  </node>
  <node id="INDUSTRY">
    <attribute name="FREQUENCY" value="3" />
  </node>
  <node id="INFO">
    <attribute name="FREQUENCY" value="2" />
  </node>
  <node id="INFRARED">
    <attribute name="FREQUENCY" value="2" />
  </node>
  <node id="INJURED">
    <attribute name="FREQUENCY" value="1" />
  </node>
  <node id="INVESTIGATORS">
    <attribute name="FREQUENCY" value="2" />
  </node>
  <node id="INVOLVING">
    <attribute name="FREQUENCY" value="2" />
  </node>
  <node id="ISSUE">
    <attribute name="FREQUENCY" value="3" />
  </node>
  <node id="JIM">
    <attribute name="FREQUENCY" value="1" />
  </node>
  <node id="JOB">
    <attribute name="FREQUENCY" value="2" />
  </node>
  <node id="JOINT">
    <attribute name="FREQUENCY" value="1" />
  </node>
  <node id="JOLLA">
    <attribute name="FREQUENCY" value="1" />
  </node>
  <node id="JOURNAL">
    <attribute name="FREQUENCY" value="3" />
  </node>
  <node id="JUDGED">
    <attribute name="FREQUENCY" value="1" />
  </node>
  <node id="KILLED">
    <attribute name="FREQUENCY" value="1" />
  </node>
  <node id="KILOMETERS">
    <attribute name="FREQUENCY" value="2" />
  </node>
  <node id="LA">
    <attribute name="FREQUENCY" value="1" />
  </node>
  <node id="LABELED">
    <attribute name="FREQUENCY" value="1" />
  </node>
  <node id="LACK">
    <attribute name="FREQUENCY" value="1" />
  </node>
  <node id="LEADER">
    <attribute name="FREQUENCY" value="1" />
  </node>
  <node id="LED">
    <attribute name="FREQUENCY" value="1" />
  </node>
  <node id="LEWIS">
    <attribute name="FREQUENCY" value="3" />
  </node>
  <node id="LIGHT">
    <attribute name="FREQUENCY" value="1" />
  </node>
  <node id="LIMITED">
    <attribute name="FREQUENCY" value="1" />
  </node>
  <node id="LOAD">
    <attribute name="FREQUENCY" value="1" />
  </node>
  <node id="LONG-DISTANCE">
    <attribute name="FREQUENCY" value="1" />
  </node>
  <node id="LONG-HAUL">
    <attribute name="FREQUENCY" value="1" />
  </node>
  <node id="LOUIS-KANSAS">
    <attribute name="FREQUENCY" value="1" />
  </node>
  <node id="MALE">
    <attribute name="FREQUENCY" value="1" />
  </node>
  <node id="MEANTIME">
    <attribute name="FREQUENCY" value="1" />
  </node>
  <node id="MEDICINE">
    <attribute name="FREQUENCY" value="2" />
  </node>
  <node id="MILLION">
    <attribute name="FREQUENCY" value="1" />
  </node>
  <node id="MONITORED">
    <attribute name="FREQUENCY" value="1" />
  </node>
  <node id="MONTREAL-TORONTO">
    <attribute name="FREQUENCY" value="1" />
  </node>
  <node id="NAPTIMES">
    <attribute name="FREQUENCY" value="1" />
  </node>
  <node id="NATION">
    <attribute name="FREQUENCY" value="1" />
  </node>
  <node id="NATIONAL">
    <attribute name="FREQUENCY" value="1" />
  </node>
  <node id="NEAR-TOTAL">
    <attribute name="FREQUENCY" value="1" />
  </node>
  <node id="NEWS">
    <attribute name="FREQUENCY" value="4" />
  </node>
  <node id="NIGHT">
    <attribute name="FREQUENCY" value="1" />
  </node>
  <node id="OCCUR">
    <attribute name="FREQUENCY" value="1" />
  </node>
  <node id="OPEN">
    <attribute name="FREQUENCY" value="4" />
  </node>
  <node id="ORGANIZATION">
    <attribute name="FREQUENCY" value="1" />
  </node>
  <node id="ORIGINATE">
    <attribute name="FREQUENCY" value="1" />
  </node>
  <node id="PARENTS">
    <attribute name="FREQUENCY" value="1" />
  </node>
  <node id="PATTERN">
    <attribute name="FREQUENCY" value="1" />
  </node>
  <node id="PEOPLE">
    <attribute name="FREQUENCY" value="1" />
  </node>
  <node id="PERIOD">
    <attribute name="FREQUENCY" value="2" />
  </node>
  <node id="PLACE">
    <attribute name="FREQUENCY" value="1" />
  </node>
  <node id="PLIED">
    <attribute name="FREQUENCY" value="1" />
  </node>
  <node id="PM">
    <attribute name="FREQUENCY" value="1" />
  </node>
  <node id="POINT">
    <attribute name="FREQUENCY" value="3" />
  </node>
  <node id="POLITIC">
    <attribute name="FREQUENCY" value="4" />
  </node>
  <node id="PRIDE">
    <attribute name="FREQUENCY" value="1" />
  </node>
  <node id="PROBLEMS">
    <attribute name="FREQUENCY" value="1" />
  </node>
  <node id="PUBLIC">
    <attribute name="FREQUENCY" value="1" />
  </node>
  <node id="QUESTIONS">
    <attribute name="FREQUENCY" value="2" />
  </node>
  <node id="RECEIVE">
    <attribute name="FREQUENCY" value="1" />
  </node>
  <node id="RECORDED">
    <attribute name="FREQUENCY" value="1" />
  </node>
  <node id="RECORDINGS">
    <attribute name="FREQUENCY" value="1" />
  </node>
  <node id="REGULATION">
    <attribute name="FREQUENCY" value="1" />
  </node>
  <node id="REPORTED">
    <attribute name="FREQUENCY" value="1" />
  </node>
  <node id="REQUIRED">
    <attribute name="FREQUENCY" value="1" />
  </node>
  <node id="RESEARCH">
    <attribute name="FREQUENCY" value="2" />
  </node>
  <node id="RESEARCHERS">
    <attribute name="FREQUENCY" value="5" />
  </node>
  <node id="REUTERS">
    <attribute name="FREQUENCY" value="2" />
  </node>
  <node id="REVIEWED">
    <attribute name="FREQUENCY" value="1" />
  </node>
  <node id="REVISED">
    <attribute name="FREQUENCY" value="1" />
  </node>
  <node id="RIG">
    <attribute name="FREQUENCY" value="1" />
  </node>
  <node id="ROUT">
    <attribute name="FREQUENCY" value="1" />
  </node>
  <node id="ROUTE">
    <attribute name="FREQUENCY" value="1" />
  </node>
  <node id="ROUTINELY">
    <attribute name="FREQUENCY" value="1" />
  </node>
  <node id="RULES">
    <attribute name="FREQUENCY" value="1" />
  </node>
  <node id="SAFETY">
    <attribute name="FREQUENCY" value="1" />
  </node>
  <node id="SCHEDULE">
    <attribute name="FREQUENCY" value="3" />
  </node>
  <node id="SCOREBOARD">
    <attribute name="FREQUENCY" value="4" />
  </node>
  <node id="SCRIPPS">
    <attribute name="FREQUENCY" value="2" />
  </node>
  <node id="SEGMENT">
    <attribute name="FREQUENCY" value="1" />
  </node>
  <node id="SELF-ATTACHED">
    <attribute name="FREQUENCY" value="1" />
  </node>
  <node id="SEPTEMBER">
    <attribute name="FREQUENCY" value="1" />
  </node>
  <node id="SLEEP">
    <attribute name="FREQUENCY" value="7" />
  </node>
  <node id="SLEEP-DEPRIVED">
    <attribute name="FREQUENCY" value="2" />
  </node>
  <node id="SLEEPY">
    <attribute name="FREQUENCY" value="1" />
  </node>
  <node id="SLEPT">
    <attribute name="FREQUENCY" value="1" />
  </node>
  <node id="SLIGHTLY">
    <attribute name="FREQUENCY" value="1" />
  </node>
  <node id="SOCIETAL">
    <attribute name="FREQUENCY" value="1" />
  </node>
  <node id="SOURCE">
    <attribute name="FREQUENCY" value="1" />
  </node>
  <node id="SPOKESPERSON">
    <attribute name="FREQUENCY" value="1" />
  </node>
  <node id="SPORT">
    <attribute name="FREQUENCY" value="4" />
  </node>
  <node id="STAGE">
    <attribute name="FREQUENCY" value="1" />
  </node>
  <node id="STANDARD">
    <attribute name="FREQUENCY" value="1" />
  </node>
  <node id="STANFORD">
    <attribute name="FREQUENCY" value="1" />
  </node>
  <node id="STATES">
    <attribute name="FREQUENCY" value="1" />
  </node>
  <node id="STATISTICS">
    <attribute name="FREQUENCY" value="2" />
  </node>
  <node id="STENTS">
    <attribute name="FREQUENCY" value="4" />
  </node>
  <node id="STORIES">
    <attribute name="FREQUENCY" value="1" />
  </node>
  <node id="STORY">
    <attribute name="FREQUENCY" value="4" />
  </node>
  <node id="STUDY">
    <attribute name="FREQUENCY" value="4" />
  </node>
  <node id="SUPPRESSES">
    <attribute name="FREQUENCY" value="4" />
  </node>
  <node id="TAPED">
    <attribute name="FREQUENCY" value="1" />
  </node>
  <node id="TAPES">
    <attribute name="FREQUENCY" value="1" />
  </node>
  <node id="TECH">
    <attribute name="FREQUENCY" value="4" />
  </node>
  <node id="TEXT">
    <attribute name="FREQUENCY" value="1" />
  </node>
  <node id="TIRED">
    <attribute name="FREQUENCY" value="1" />
  </node>
  <node id="TOTAL">
    <attribute name="FREQUENCY" value="1" />
  </node>
  <node id="TRANSPORTATION">
    <attribute name="FREQUENCY" value="1" />
  </node>
  <node id="TRIP">
    <attribute name="FREQUENCY" value="1" />
  </node>
  <node id="TRUCK-MOUNTED">
    <attribute name="FREQUENCY" value="1" />
  </node>
  <node id="TRUCKERS">
    <attribute name="FREQUENCY" value="5" />
  </node>
  <node id="TRUCKING">
    <attribute name="FREQUENCY" value="3" />
  </node>
  <node id="TRUCKS">
    <attribute name="FREQUENCY" value="4" />
  </node>
  <node id="UNDERSTAND">
    <attribute name="FREQUENCY" value="1" />
  </node>
  <node id="UNIVERSITY">
    <attribute name="FREQUENCY" value="1" />
  </node>
  <node id="VIDEO">
    <attribute name="FREQUENCY" value="1" />
  </node>
  <node id="WASHINGTON">
    <attribute name="FREQUENCY" value="1" />
  </node>
  <node id="WEDNESDAY">
    <attribute name="FREQUENCY" value="1" />
  </node>
  <node id="WEEK">
    <attribute name="FREQUENCY" value="3" />
  </node>
  <node id="WILLIAM">
    <attribute name="FREQUENCY" value="1" />
  </node>
  <node id="WORK">
    <attribute name="FREQUENCY" value="2" />
  </node>
  <node id="WRITE">
    <attribute name="FREQUENCY" value="3" />
  </node>
  <node id="YAHOO">
    <attribute name="FREQUENCY" value="4" />
  </node>
  <node id="YEAR">
    <attribute name="FREQUENCY" value="1" />
  </node>
  <node id="YORK">
    <attribute name="FREQUENCY" value="1" />
  </node>
  <edge from="-CANADIAN" to="STUDY">
    <attribute name="TEXT" value="1" />
  </edge>
  <edge from="ACCIDENT" to="INVOLVING">
    <attribute name="TEXT" value="2" />
  </edge>
  <edge from="ACTUAL" to="SLEEP">
    <attribute name="TEXT" value="1" />
  </edge>
  <edge from="AGAINST" to="TIRED">
    <attribute name="TEXT" value="1" />
  </edge>
  <edge from="AMERICAN" to="TRUCKING">
    <attribute name="TEXT" value="1" />
  </edge>
  <edge from="AVERAGE" to="HALF">
    <attribute name="TEXT" value="1" />
  </edge>
  <edge from="BELIEVES" to="TRUCKING">
    <attribute name="TEXT" value="1" />
  </edge>
  <edge from="BIG" to="RIG">
    <attribute name="TEXT" value="1" />
  </edge>
  <edge from="BOBBING" to="HEAD">
    <attribute name="TEXT" value="1" />
  </edge>
  <edge from="BYPASS" to="GRAFT">
    <attribute name="TEXT" value="4" />
    <attribute name="LINKS" value="4" />
  </edge>
  <edge from="BYPASS" to="GRAFT">
    <attribute name="TEXT" value="4" />
    <attribute name="LINKS" value="4" />
  </edge>
  <edge from="CAB-MOUNTED" to="INFRARED">
    <attribute name="TEXT" value="1" />
  </edge>
  <edge from="CAMERA" to="CAUGHT">
    <attribute name="TEXT" value="1" />
  </edge>
  <edge from="CARRY" to="LOAD">
    <attribute name="TEXT" value="1" />
  </edge>
  <edge from="CAUGHT" to="IMAGE">
    <attribute name="TEXT" value="1" />
  </edge>
  <edge from="CHANGE" to="PUBLIC">
    <attribute name="TEXT" value="1" />
  </edge>
  <edge from="CITY" to="ROUTE">
    <attribute name="TEXT" value="1" />
  </edge>
  <edge from="CLINICALLY" to="LABELED">
    <attribute name="TEXT" value="1" />
  </edge>
  <edge from="COCKTAIL" to="SUPPRESSES">
    <attribute name="TEXT" value="2" />
    <attribute name="LINKS" value="2" />
  </edge>
  <edge from="COCKTAIL" to="SUPPRESSES">
    <attribute name="TEXT" value="2" />
    <attribute name="LINKS" value="2" />
  </edge>
  <edge from="COMMERCIAL" to="TRUCKS">
    <attribute name="TEXT" value="2" />
  </edge>
  <edge from="CONCLUDE" to="JOINT">
    <attribute name="TEXT" value="1" />
  </edge>
  <edge from="CONDEMNATION" to="DEMENT">
    <attribute name="TEXT" value="1" />
  </edge>
  <edge from="DANGEROUS" to="DROWSINESS">
    <attribute name="TEXT" value="1" />
  </edge>
  <edge from="DEMENT" to="POINT">
    <attribute name="TEXT" value="1" />
  </edge>
  <edge from="DEMENT" to="WRITE">
    <attribute name="TEXT" value="1" />
  </edge>
  <edge from="DEPARTMENT" to="STATISTICS">
    <attribute name="TEXT" value="1" />
  </edge>
  <edge from="DRIVE" to="COVERED">
    <attribute name="TEXT" value="1" />
  </edge>
  <edge from="DRIVE" to="RECEIVE">
    <attribute name="TEXT" value="1" />
  </edge>
  <edge from="DRIVE" to="RESEARCHERS">
    <attribute name="TEXT" value="1" />
  </edge>
  <edge from="DRIVER" to="AGREED">
    <attribute name="TEXT" value="1" />
  </edge>
  <edge from="DRIVER" to="AVERAGED">
    <attribute name="TEXT" value="1" />
  </edge>
  <edge from="DRIVER" to="CARRY">
    <attribute name="TEXT" value="1" />
  </edge>
  <edge from="DROOPING" to="EYELIDS">
    <attribute name="TEXT" value="1" />
  </edge>
  <edge from="DROWSY" to="TRUCKERS">
    <attribute name="TEXT" value="1" />
    <attribute name="KEYWORDS" value="1" />
  </edge>
  <edge from="DROWSY" to="TRUCKERS">
    <attribute name="TEXT" value="1" />
    <attribute name="KEYWORDS" value="1" />
  </edge>
  <edge from="DRUG" to="COCKTAIL">
    <attribute name="TEXT" value="2" />
    <attribute name="LINKS" value="2" />
  </edge>
  <edge from="DRUG" to="COCKTAIL">
    <attribute name="TEXT" value="2" />
    <attribute name="LINKS" value="2" />
  </edge>
  <edge from="DRUNK" to="DRIVE">
    <attribute name="TEXT" value="1" />
  </edge>
  <edge from="DURATION" to="ADDED">
    <attribute name="TEXT" value="1" />
  </edge>
  <edge from="ENGLAND" to="JOURNAL">
    <attribute name="TEXT" value="2" />
  </edge>
  <edge from="EVENING" to="SCHEDULE">
    <attribute name="TEXT" value="1" />
  </edge>
  <edge from="EXPERIENCE" to="PERIOD">
    <attribute name="TEXT" value="1" />
  </edge>
  <edge from="FATIGUE-RELATED" to="ACCIDENT">
    <attribute name="TEXT" value="1" />
  </edge>
  <edge from="GOVERNMENT" to="LEADER">
    <attribute name="TEXT" value="1" />
  </edge>
  <edge from="GRAFT" to="OPEN">
    <attribute name="TEXT" value="4" />
    <attribute name="LINKS" value="4" />
  </edge>
  <edge from="GRAFT" to="OPEN">
    <attribute name="TEXT" value="4" />
    <attribute name="LINKS" value="4" />
  </edge>
  <edge from="GROUP" to="DROVE">
    <attribute name="TEXT" value="1" />
  </edge>
  <edge from="HALF" to="HOURS">
    <attribute name="TEXT" value="1" />
  </edge>
  <edge from="HARD" to="WORK">
    <attribute name="TEXT" value="1" />
  </edge>
  <edge from="HEALTH" to="STORIES">
    <attribute name="TEXT" value="1" />
  </edge>
  <edge from="HONOR" to="INDICATING">
    <attribute name="TEXT" value="1" />
  </edge>
  <edge from="HOURS" to="DRIVE">
    <attribute name="TEXT" value="1" />
  </edge>
  <edge from="HOURS" to="TRIP">
    <attribute name="TEXT" value="1" />
  </edge>
  <edge from="HUMAN" to="SLEEP">
    <attribute name="TEXT" value="1" />
  </edge>
  <edge from="IMPORTANT" to="JOB">
    <attribute name="TEXT" value="1" />
  </edge>
  <edge from="IN-DEPTH" to="RESEARCH">
    <attribute name="TEXT" value="1" />
  </edge>
  <edge from="INDICATING" to="HARD">
    <attribute name="TEXT" value="1" />
  </edge>
  <edge from="INDIVIDUALS" to="TRUCKERS">
    <attribute name="TEXT" value="1" />
  </edge>
  <edge from="INFRARED" to="CAMERA">
    <attribute name="TEXT" value="1" />
  </edge>
  <edge from="INFRARED" to="VIDEO">
    <attribute name="TEXT" value="1" />
  </edge>
  <edge from="INVESTIGATORS" to="FOCUSED">
    <attribute name="TEXT" value="1" />
  </edge>
  <edge from="INVOLVING" to="COMMERCIAL">
    <attribute name="TEXT" value="1" />
  </edge>
  <edge from="JIM" to="LEWIS">
    <attribute name="TEXT" value="1" />
  </edge>
  <edge from="JOINT" to="-CANADIAN">
    <attribute name="TEXT" value="1" />
  </edge>
  <edge from="JOLLA" to="CALIFORNIA">
    <attribute name="TEXT" value="1" />
  </edge>
  <edge from="LA" to="JOLLA">
    <attribute name="TEXT" value="1" />
  </edge>
  <edge from="LEADER" to="LEWIS">
    <attribute name="TEXT" value="1" />
  </edge>
  <edge from="LEWIS" to="BELIEVES">
    <attribute name="TEXT" value="1" />
  </edge>
  <edge from="LEWIS" to="SPOKESPERSON">
    <attribute name="TEXT" value="1" />
  </edge>
  <edge from="LONG-DISTANCE" to="TRUCKERS">
    <attribute name="TEXT" value="1" />
  </edge>
  <edge from="LONG-HAUL" to="TRUCKS">
    <attribute name="TEXT" value="1" />
  </edge>
  <edge from="LOUIS-KANSAS" to="CITY">
    <attribute name="TEXT" value="1" />
  </edge>
  <edge from="MALE" to="COMMERCIAL">
    <attribute name="TEXT" value="1" />
  </edge>
  <edge from="MEANTIME" to="STANFORD">
    <attribute name="TEXT" value="1" />
  </edge>
  <edge from="MILLION" to="KILOMETERS">
    <attribute name="TEXT" value="1" />
  </edge>
  <edge from="MONTREAL-TORONTO" to="CORRIDOR">
    <attribute name="TEXT" value="1" />
  </edge>
  <edge from="NAPTIMES" to="AVERAGE">
    <attribute name="TEXT" value="1" />
  </edge>
  <edge from="NATION" to="LONG-DISTANCE">
    <attribute name="TEXT" value="1" />
  </edge>
  <edge from="NATIONAL" to="TRUCKS">
    <attribute name="TEXT" value="1" />
  </edge>
  <edge from="NEAR-TOTAL" to="SOCIETAL">
    <attribute name="TEXT" value="1" />
  </edge>
  <edge from="NIGHT" to="SCHEDULE">
    <attribute name="TEXT" value="1" />
  </edge>
  <edge from="PARENTS" to="AGAINST">
    <attribute name="TEXT" value="1" />
  </edge>
  <edge from="PM" to="EDT">
    <attribute name="TEXT" value="1" />
  </edge>
  <edge from="PUBLIC" to="ATTITUDES">
    <attribute name="TEXT" value="1" />
  </edge>
  <edge from="RECEIVE" to="NEAR-TOTAL">
    <attribute name="TEXT" value="1" />
  </edge>
  <edge from="REPORTED" to="IDEAL">
    <attribute name="TEXT" value="1" />
  </edge>
  <edge from="RESEARCH" to="FOUNDATION">
    <attribute name="TEXT" value="1" />
  </edge>
  <edge from="RESEARCHERS" to="DISCOVERED">
    <attribute name="TEXT" value="1" />
  </edge>
  <edge from="REUTERS" to="LIMITED">
    <attribute name="TEXT" value="1" />
  </edge>
  <edge from="ROUTINELY" to="EXPERIENCE">
    <attribute name="TEXT" value="1" />
  </edge>
  <edge from="SCRIPPS" to="CLINIC">
    <attribute name="TEXT" value="1" />
  </edge>
  <edge from="SCRIPPS" to="STUDY">
    <attribute name="TEXT" value="1" />
  </edge>
  <edge from="SELF-ATTACHED" to="ELECTROENCEPHALOGRAPH">
    <attribute name="TEXT" value="1" />
  </edge>
  <edge from="SLEEP" to="PATTERN">
    <attribute name="TEXT" value="1" />
  </edge>
  <edge from="SLEEP" to="PERIOD">
    <attribute name="TEXT" value="1" />
  </edge>
  <edge from="SLEEP-DEPRIVED" to="DRIVER">
    <attribute name="TEXT" value="1" />
  </edge>
  <edge from="SLEEPY" to="DRIVER">
    <attribute name="TEXT" value="1" />
  </edge>
  <edge from="SOCIETAL" to="CONDEMNATION">
    <attribute name="TEXT" value="1" />
  </edge>
  <edge from="STANDARD" to="ORIGINATE">
    <attribute name="TEXT" value="1" />
  </edge>
  <edge from="STANFORD" to="UNIVERSITY">
    <attribute name="TEXT" value="1" />
  </edge>
  <edge from="STORIES" to="DROWSY">
    <attribute name="TEXT" value="1" />
  </edge>
  <edge from="STUDY" to="LED">
    <attribute name="TEXT" value="1" />
  </edge>
  <edge from="SUPPRESSES" to="HIV">
    <attribute name="TEXT" value="2" />
    <attribute name="LINKS" value="2" />
  </edge>
  <edge from="SUPPRESSES" to="HIV">
    <attribute name="TEXT" value="2" />
    <attribute name="LINKS" value="2" />
  </edge>
  <edge from="TAPES" to="RECORDINGS">
    <attribute name="TEXT" value="1" />
  </edge>
  <edge from="TEXT" to="HEADLINES">
    <attribute name="TEXT" value="1" />
  </edge>
  <edge from="TIRED" to="TRUCKERS">
    <attribute name="TEXT" value="1" />
  </edge>
  <edge from="TOTAL" to="SLIGHTLY">
    <attribute name="TEXT" value="1" />
  </edge>
  <edge from="TRANSPORTATION" to="DEPARTMENT">
    <attribute name="TEXT" value="1" />
  </edge>
  <edge from="TRUCK-MOUNTED" to="INFRARED">
    <attribute name="TEXT" value="1" />
  </edge>
  <edge from="TRUCKERS" to="DRIVE">
    <attribute name="TEXT" value="1" />
  </edge>
  <edge from="TRUCKERS" to="POINT">
    <attribute name="TEXT" value="1" />
  </edge>
  <edge from="TRUCKERS" to="ROUTINELY">
    <attribute name="TEXT" value="1" />
  </edge>
  <edge from="TRUCKING" to="ASSOCIATION">
    <attribute name="TEXT" value="1" />
  </edge>
  <edge from="TRUCKING" to="INDUSTRY">
    <attribute name="TEXT" value="1" />
  </edge>
  <edge from="TRUCKING" to="REGULATION">
    <attribute name="TEXT" value="1" />
  </edge>
  <edge from="TRUCKS" to="DRIVER">
    <attribute name="TEXT" value="2" />
  </edge>
  <edge from="TRUCKS" to="STATISTICS">
    <attribute name="TEXT" value="1" />
  </edge>
  <edge from="VIDEO" to="CAMERA">
    <attribute name="TEXT" value="1" />
  </edge>
  <edge from="WEDNESDAY" to="SEPTEMBER">
    <attribute name="TEXT" value="1" />
  </edge>
  <edge from="WEEK" to="ISSUE">
    <attribute name="TEXT" value="1" />
  </edge>
  <edge from="WILLIAM" to="DEMENT">
    <attribute name="TEXT" value="1" />
  </edge>
  <edge from="WRITE" to="COMMENTARY">
    <attribute name="TEXT" value="1" />
  </edge>
</graph>
