<graph>
  <node id="ABSOLUTELY">
    <attribute name="FREQUENCY" value="1" />
  </node>
  <node id="ACTIVE">
    <attribute name="FREQUENCY" value="1" />
  </node>
  <node id="ADD">
    <attribute name="FREQUENCY" value="1" />
  </node>
  <node id="ADEQUATELY">
    <attribute name="FREQUENCY" value="1" />
  </node>
  <node id="AGAINST">
    <attribute name="FREQUENCY" value="1" />
  </node>
  <node id="AGE">
    <attribute name="FREQUENCY" value="2" />
  </node>
  <node id="ALTRUISM">
    <attribute name="FREQUENCY" value="2" />
  </node>
  <node id="AMOUNT">
    <attribute name="FREQUENCY" value="1" />
  </node>
  <node id="ANGINA">
    <attribute name="FREQUENCY" value="1" />
  </node>
  <node id="ANGIOPLASTY">
    <attribute name="FREQUENCY" value="1" />
  </node>
  <node id="ARTERIAL">
    <attribute name="FREQUENCY" value="1" />
  </node>
  <node id="ARTERIES">
    <attribute name="FREQUENCY" value="1" />
  </node>
  <node id="ARTHRITIS">
    <attribute name="FREQUENCY" value="4" />
  </node>
  <node id="ATTACK">
    <attribute name="FREQUENCY" value="2" />
  </node>
  <node id="AUGUST">
    <attribute name="FREQUENCY" value="1" />
  </node>
  <node id="AUTHOR">
    <attribute name="FREQUENCY" value="1" />
  </node>
  <node id="BAD">
    <attribute name="FREQUENCY" value="2" />
  </node>
  <node id="BANK">
    <attribute name="FREQUENCY" value="1" />
  </node>
  <node id="BENEFIT">
    <attribute name="FREQUENCY" value="10" />
  </node>
  <node id="BIZ">
    <attribute name="FREQUENCY" value="4" />
  </node>
  <node id="BLOOD">
    <attribute name="FREQUENCY" value="26" />
  </node>
  <node id="BODIES">
    <attribute name="FREQUENCY" value="1" />
  </node>
  <node id="BODY">
    <attribute name="FREQUENCY" value="2" />
  </node>
  <node id="BONE">
    <attribute name="FREQUENCY" value="1" />
  </node>
  <node id="BOOST">
    <attribute name="FREQUENCY" value="4" />
  </node>
  <node id="BRITISH">
    <attribute name="FREQUENCY" value="1" />
  </node>
  <node id="BYPASS">
    <attribute name="FREQUENCY" value="1" />
  </node>
  <node id="CARDIAC">
    <attribute name="FREQUENCY" value="2" />
  </node>
  <node id="CARDIOVASCULAR">
    <attribute name="FREQUENCY" value="1" />
  </node>
  <node id="CARRIER">
    <attribute name="FREQUENCY" value="1" />
  </node>
  <node id="CARRY">
    <attribute name="FREQUENCY" value="1" />
  </node>
  <node id="CATALYST">
    <attribute name="FREQUENCY" value="1" />
  </node>
  <node id="CENTER">
    <attribute name="FREQUENCY" value="2" />
  </node>
  <node id="CHANGE">
    <attribute name="FREQUENCY" value="1" />
  </node>
  <node id="CHEST">
    <attribute name="FREQUENCY" value="2" />
  </node>
  <node id="CHOLESTEROL">
    <attribute name="FREQUENCY" value="2" />
  </node>
  <node id="CIGARETTE">
    <attribute name="FREQUENCY" value="1" />
  </node>
  <node id="CITY">
    <attribute name="FREQUENCY" value="1" />
  </node>
  <node id="CLEAN">
    <attribute name="FREQUENCY" value="1" />
  </node>
  <node id="CLINICAL">
    <attribute name="FREQUENCY" value="2" />
  </node>
  <node id="CLUES">
    <attribute name="FREQUENCY" value="1" />
  </node>
  <node id="COLLEAGUES">
    <attribute name="FREQUENCY" value="3" />
  </node>
  <node id="COMMENTS">
    <attribute name="FREQUENCY" value="2" />
  </node>
  <node id="CONCENTRATION">
    <attribute name="FREQUENCY" value="4" />
  </node>
  <node id="CONCERNS">
    <attribute name="FREQUENCY" value="1" />
  </node>
  <node id="CONCLUSION">
    <attribute name="FREQUENCY" value="1" />
  </node>
  <node id="CONFINED">
    <attribute name="FREQUENCY" value="1" />
  </node>
  <node id="CONTACTED">
    <attribute name="FREQUENCY" value="1" />
  </node>
  <node id="CONTAMINATE">
    <attribute name="FREQUENCY" value="1" />
  </node>
  <node id="CONTINUE">
    <attribute name="FREQUENCY" value="1" />
  </node>
  <node id="CONTINUED">
    <attribute name="FREQUENCY" value="1" />
  </node>
  <node id="CORONARY">
    <attribute name="FREQUENCY" value="3" />
  </node>
  <node id="CORONARY-RELATED">
    <attribute name="FREQUENCY" value="1" />
  </node>
  <node id="CREATIVITY">
    <attribute name="FREQUENCY" value="4" />
  </node>
  <node id="CURRENT">
    <attribute name="FREQUENCY" value="1" />
  </node>
  <node id="DAVID">
    <attribute name="FREQUENCY" value="1" />
  </node>
  <node id="DAY">
    <attribute name="FREQUENCY" value="1" />
  </node>
  <node id="DEATH">
    <attribute name="FREQUENCY" value="2" />
  </node>
  <node id="DEFINED">
    <attribute name="FREQUENCY" value="1" />
  </node>
  <node id="DEFINITIVE">
    <attribute name="FREQUENCY" value="1" />
  </node>
  <node id="DERIVED">
    <attribute name="FREQUENCY" value="1" />
  </node>
  <node id="DIET">
    <attribute name="FREQUENCY" value="1" />
  </node>
  <node id="DIFFERENCE">
    <attribute name="FREQUENCY" value="2" />
  </node>
  <node id="DIFFICULT">
    <attribute name="FREQUENCY" value="1" />
  </node>
  <node id="DISEASE">
    <attribute name="FREQUENCY" value="6" />
  </node>
  <node id="DONATE">
    <attribute name="FREQUENCY" value="12" />
  </node>
  <node id="DONATED">
    <attribute name="FREQUENCY" value="2" />
  </node>
  <node id="DONATIONS">
    <attribute name="FREQUENCY" value="6" />
  </node>
  <node id="DONORS">
    <attribute name="FREQUENCY" value="6" />
  </node>
  <node id="DOUBLE">
    <attribute name="FREQUENCY" value="1" />
  </node>
  <node id="EDT">
    <attribute name="FREQUENCY" value="1" />
  </node>
  <node id="EFFORT">
    <attribute name="FREQUENCY" value="1" />
  </node>
  <node id="ENTERED">
    <attribute name="FREQUENCY" value="1" />
  </node>
  <node id="ENTERTAIN">
    <attribute name="FREQUENCY" value="4" />
  </node>
  <node id="ESTROGEN">
    <attribute name="FREQUENCY" value="2" />
  </node>
  <node id="ETHICAL">
    <attribute name="FREQUENCY" value="1" />
  </node>
  <node id="EVENT">
    <attribute name="FREQUENCY" value="1" />
  </node>
  <node id="EXPLAINED">
    <attribute name="FREQUENCY" value="2" />
  </node>
  <node id="EXPLAINS">
    <attribute name="FREQUENCY" value="1" />
  </node>
  <node id="EXPLANATION">
    <attribute name="FREQUENCY" value="1" />
  </node>
  <node id="FEMALE">
    <attribute name="FREQUENCY" value="2" />
  </node>
  <node id="FERRITIN">
    <attribute name="FREQUENCY" value="5" />
  </node>
  <node id="FINDINGS">
    <attribute name="FREQUENCY" value="1" />
  </node>
  <node id="FLOW">
    <attribute name="FREQUENCY" value="1" />
  </node>
  <node id="FREQUENCY">
    <attribute name="FREQUENCY" value="1" />
  </node>
  <node id="FREQUENTLY">
    <attribute name="FREQUENCY" value="1" />
  </node>
  <node id="GOLD">
    <attribute name="FREQUENCY" value="4" />
  </node>
  <node id="GOOD">
    <attribute name="FREQUENCY" value="1" />
  </node>
  <node id="HALF">
    <attribute name="FREQUENCY" value="6" />
  </node>
  <node id="HARDEN">
    <attribute name="FREQUENCY" value="1" />
  </node>
  <node id="HEADLINES">
    <attribute name="FREQUENCY" value="1" />
  </node>
  <node id="HEALTH">
    <attribute name="FREQUENCY" value="7" />
  </node>
  <node id="HEALTHY">
    <attribute name="FREQUENCY" value="2" />
  </node>
  <node id="HEART">
    <attribute name="FREQUENCY" value="14" />
  </node>
  <node id="HEART-RELATED">
    <attribute name="FREQUENCY" value="1" />
  </node>
  <node id="HISTORY">
    <attribute name="FREQUENCY" value="1" />
  </node>
  <node id="HORMONE">
    <attribute name="FREQUENCY" value="1" />
  </node>
  <node id="HTML">
    <attribute name="FREQUENCY" value="1" />
  </node>
  <node id="HYPOTHESIS">
    <attribute name="FREQUENCY" value="3" />
  </node>
  <node id="HYSTERECTOMY">
    <attribute name="FREQUENCY" value="1" />
  </node>
  <node id="INCLUDED">
    <attribute name="FREQUENCY" value="1" />
  </node>
  <node id="INCLUDING">
    <attribute name="FREQUENCY" value="1" />
  </node>
  <node id="INCREASE">
    <attribute name="FREQUENCY" value="1" />
  </node>
  <node id="INDUCEMENT">
    <attribute name="FREQUENCY" value="1" />
  </node>
  <node id="INFECTED">
    <attribute name="FREQUENCY" value="1" />
  </node>
  <node id="INFO">
    <attribute name="FREQUENCY" value="2" />
  </node>
  <node id="INTERNAL">
    <attribute name="FREQUENCY" value="1" />
  </node>
  <node id="IRONS">
    <attribute name="FREQUENCY" value="9" />
  </node>
  <node id="JOURNAL">
    <attribute name="FREQUENCY" value="1" />
  </node>
  <node id="KANSAS">
    <attribute name="FREQUENCY" value="3" />
  </node>
  <node id="LARGER">
    <attribute name="FREQUENCY" value="1" />
  </node>
  <node id="LDL">
    <attribute name="FREQUENCY" value="2" />
  </node>
  <node id="LEVELS">
    <attribute name="FREQUENCY" value="5" />
  </node>
  <node id="LIMITED">
    <attribute name="FREQUENCY" value="1" />
  </node>
  <node id="LIVER">
    <attribute name="FREQUENCY" value="1" />
  </node>
  <node id="LONG">
    <attribute name="FREQUENCY" value="2" />
  </node>
  <node id="LONGER">
    <attribute name="FREQUENCY" value="1" />
  </node>
  <node id="LOW">
    <attribute name="FREQUENCY" value="1" />
  </node>
  <node id="LOWER">
    <attribute name="FREQUENCY" value="3" />
  </node>
  <node id="MAJOR">
    <attribute name="FREQUENCY" value="1" />
  </node>
  <node id="MALE">
    <attribute name="FREQUENCY" value="1" />
  </node>
  <node id="MARROW">
    <attribute name="FREQUENCY" value="1" />
  </node>
  <node id="MEASURE">
    <attribute name="FREQUENCY" value="1" />
  </node>
  <node id="MEDICAL">
    <attribute name="FREQUENCY" value="3" />
  </node>
  <node id="MEDICINE">
    <attribute name="FREQUENCY" value="1" />
  </node>
  <node id="MEN">
    <attribute name="FREQUENCY" value="11" />
  </node>
  <node id="MENOPAUSE">
    <attribute name="FREQUENCY" value="3" />
  </node>
  <node id="MENSTRUATING">
    <attribute name="FREQUENCY" value="4" />
  </node>
  <node id="MEYER">
    <attribute name="FREQUENCY" value="12" />
  </node>
  <node id="MINERAL">
    <attribute name="FREQUENCY" value="1" />
  </node>
  <node id="MOLECULES">
    <attribute name="FREQUENCY" value="1" />
  </node>
  <node id="NASTY">
    <attribute name="FREQUENCY" value="1" />
  </node>
  <node id="NEBRASKA">
    <attribute name="FREQUENCY" value="1" />
  </node>
  <node id="NEGATED">
    <attribute name="FREQUENCY" value="1" />
  </node>
  <node id="NEWS">
    <attribute name="FREQUENCY" value="4" />
  </node>
  <node id="NON-DONORS">
    <attribute name="FREQUENCY" value="1" />
  </node>
  <node id="NONSMOKING">
    <attribute name="FREQUENCY" value="1" />
  </node>
  <node id="NORMAL">
    <attribute name="FREQUENCY" value="1" />
  </node>
  <node id="NOTES">
    <attribute name="FREQUENCY" value="2" />
  </node>
  <node id="OCCASIONALLY">
    <attribute name="FREQUENCY" value="1" />
  </node>
  <node id="OCCURRENCE">
    <attribute name="FREQUENCY" value="1" />
  </node>
  <node id="OLDER">
    <attribute name="FREQUENCY" value="1" />
  </node>
  <node id="OUTCOME">
    <attribute name="FREQUENCY" value="1" />
  </node>
  <node id="PAIN">
    <attribute name="FREQUENCY" value="2" />
  </node>
  <node id="PARTICIPANTS">
    <attribute name="FREQUENCY" value="1" />
  </node>
  <node id="PAST">
    <attribute name="FREQUENCY" value="1" />
  </node>
  <node id="PAY">
    <attribute name="FREQUENCY" value="2" />
  </node>
  <node id="PECTORIS">
    <attribute name="FREQUENCY" value="1" />
  </node>
  <node id="PEOPLE">
    <attribute name="FREQUENCY" value="5" />
  </node>
  <node id="PERSON">
    <attribute name="FREQUENCY" value="2" />
  </node>
  <node id="PM">
    <attribute name="FREQUENCY" value="1" />
  </node>
  <node id="POINT">
    <attribute name="FREQUENCY" value="2" />
  </node>
  <node id="POLICY">
    <attribute name="FREQUENCY" value="3" />
  </node>
  <node id="POLITIC">
    <attribute name="FREQUENCY" value="4" />
  </node>
  <node id="POSSIBILITY">
    <attribute name="FREQUENCY" value="1" />
  </node>
  <node id="POTENTIAL">
    <attribute name="FREQUENCY" value="1" />
  </node>
  <node id="PREVENTIVE">
    <attribute name="FREQUENCY" value="1" />
  </node>
  <node id="PROCEDURE">
    <attribute name="FREQUENCY" value="1" />
  </node>
  <node id="PRODUCE">
    <attribute name="FREQUENCY" value="1" />
  </node>
  <node id="PROFESSOR">
    <attribute name="FREQUENCY" value="1" />
  </node>
  <node id="PROPOSED">
    <attribute name="FREQUENCY" value="1" />
  </node>
  <node id="PROTECT">
    <attribute name="FREQUENCY" value="1" />
  </node>
  <node id="PROTECTED">
    <attribute name="FREQUENCY" value="1" />
  </node>
  <node id="PROTEIN">
    <attribute name="FREQUENCY" value="1" />
  </node>
  <node id="PROVIDE">
    <attribute name="FREQUENCY" value="1" />
  </node>
  <node id="PUBLIC">
    <attribute name="FREQUENCY" value="2" />
  </node>
  <node id="PUBLISHED">
    <attribute name="FREQUENCY" value="1" />
  </node>
  <node id="QUESTIONS">
    <attribute name="FREQUENCY" value="2" />
  </node>
  <node id="RAMIFICATIONS">
    <attribute name="FREQUENCY" value="1" />
  </node>
  <node id="RANDOMIZED">
    <attribute name="FREQUENCY" value="1" />
  </node>
  <node id="RATE">
    <attribute name="FREQUENCY" value="2" />
  </node>
  <node id="REAP">
    <attribute name="FREQUENCY" value="2" />
  </node>
  <node id="REASON">
    <attribute name="FREQUENCY" value="1" />
  </node>
  <node id="RECENT">
    <attribute name="FREQUENCY" value="1" />
  </node>
  <node id="REDUCTION">
    <attribute name="FREQUENCY" value="1" />
  </node>
  <node id="REMAIN">
    <attribute name="FREQUENCY" value="1" />
  </node>
  <node id="REPLICATED">
    <attribute name="FREQUENCY" value="1" />
  </node>
  <node id="RESEARCH">
    <attribute name="FREQUENCY" value="1" />
  </node>
  <node id="RESEARCHERS">
    <attribute name="FREQUENCY" value="4" />
  </node>
  <node id="RESTORE">
    <attribute name="FREQUENCY" value="1" />
  </node>
  <node id="RESULTS">
    <attribute name="FREQUENCY" value="2" />
  </node>
  <node id="REUTERS">
    <attribute name="FREQUENCY" value="2" />
  </node>
  <node id="RING">
    <attribute name="FREQUENCY" value="4" />
  </node>
  <node id="RISK">
    <attribute name="FREQUENCY" value="3" />
  </node>
  <node id="SCOREBOARD">
    <attribute name="FREQUENCY" value="4" />
  </node>
  <node id="SIMILAR">
    <attribute name="FREQUENCY" value="1" />
  </node>
  <node id="SITUATION">
    <attribute name="FREQUENCY" value="1" />
  </node>
  <node id="SLOW">
    <attribute name="FREQUENCY" value="4" />
  </node>
  <node id="SMOKED">
    <attribute name="FREQUENCY" value="4" />
  </node>
  <node id="SMOKERS">
    <attribute name="FREQUENCY" value="1" />
  </node>
  <node id="SMOKING">
    <attribute name="FREQUENCY" value="1" />
  </node>
  <node id="SOURCE">
    <attribute name="FREQUENCY" value="1" />
  </node>
  <node id="SPLEEN">
    <attribute name="FREQUENCY" value="1" />
  </node>
  <node id="SPORT">
    <attribute name="FREQUENCY" value="4" />
  </node>
  <node id="STATES">
    <attribute name="FREQUENCY" value="1" />
  </node>
  <node id="STATISTICALLY">
    <attribute name="FREQUENCY" value="1" />
  </node>
  <node id="STOP">
    <attribute name="FREQUENCY" value="1" />
  </node>
  <node id="STORE">
    <attribute name="FREQUENCY" value="1" />
  </node>
  <node id="STORIES">
    <attribute name="FREQUENCY" value="1" />
  </node>
  <node id="STORY">
    <attribute name="FREQUENCY" value="4" />
  </node>
  <node id="STREET">
    <attribute name="FREQUENCY" value="1" />
  </node>
  <node id="STROKE">
    <attribute name="FREQUENCY" value="2" />
  </node>
  <node id="STUDIES">
    <attribute name="FREQUENCY" value="1" />
  </node>
  <node id="STUDY">
    <attribute name="FREQUENCY" value="13" />
  </node>
  <node id="SUBSTANTIALLY">
    <attribute name="FREQUENCY" value="1" />
  </node>
  <node id="SUGGESTS">
    <attribute name="FREQUENCY" value="1" />
  </node>
  <node id="SUPPLY">
    <attribute name="FREQUENCY" value="2" />
  </node>
  <node id="SUPPORTED">
    <attribute name="FREQUENCY" value="1" />
  </node>
  <node id="SURGERY">
    <attribute name="FREQUENCY" value="1" />
  </node>
  <node id="SURVEY">
    <attribute name="FREQUENCY" value="2" />
  </node>
  <node id="SWEDEN">
    <attribute name="FREQUENCY" value="1" />
  </node>
  <node id="TECH">
    <attribute name="FREQUENCY" value="4" />
  </node>
  <node id="TERMS">
    <attribute name="FREQUENCY" value="1" />
  </node>
  <node id="TEXT">
    <attribute name="FREQUENCY" value="1" />
  </node>
  <node id="TISSUE">
    <attribute name="FREQUENCY" value="1" />
  </node>
  <node id="TRIAL">
    <attribute name="FREQUENCY" value="1" />
  </node>
  <node id="UNIT">
    <attribute name="FREQUENCY" value="2" />
  </node>
  <node id="UNIVERSITY">
    <attribute name="FREQUENCY" value="2" />
  </node>
  <node id="VIRTUAL">
    <attribute name="FREQUENCY" value="1" />
  </node>
  <node id="VORACIOUSLY">
    <attribute name="FREQUENCY" value="1" />
  </node>
  <node id="WEDNESDAY">
    <attribute name="FREQUENCY" value="1" />
  </node>
  <node id="WHETHER">
    <attribute name="FREQUENCY" value="2" />
  </node>
  <node id="WOMEN">
    <attribute name="FREQUENCY" value="10" />
  </node>
  <node id="WORK">
    <attribute name="FREQUENCY" value="4" />
  </node>
  <node id="WORKED">
    <attribute name="FREQUENCY" value="1" />
  </node>
  <node id="WRITE">
    <attribute name="FREQUENCY" value="2" />
  </node>
  <node id="YAHOO">
    <attribute name="FREQUENCY" value="4" />
  </node>
  <node id="YEAR">
    <attribute name="FREQUENCY" value="2" />
  </node>
  <node id="YORK">
    <attribute name="FREQUENCY" value="1" />
  </node>
  <edge from="ACTIVE" to="BLOOD">
    <attribute name="TEXT" value="1" />
  </edge>
  <edge from="ADEQUATELY" to="EXPLAINED">
    <attribute name="TEXT" value="1" />
  </edge>
  <edge from="AGAINST" to="HEART">
    <attribute name="TEXT" value="1" />
  </edge>
  <edge from="ANGINA" to="PECTORIS">
    <attribute name="TEXT" value="1" />
  </edge>
  <edge from="ARTERIAL" to="DISEASE">
    <attribute name="TEXT" value="1" />
  </edge>
  <edge from="ATTACK" to="CORONARY-RELATED">
    <attribute name="TEXT" value="1" />
  </edge>
  <edge from="BLOOD" to="BANK">
    <attribute name="TEXT" value="1" />
  </edge>
  <edge from="BLOOD" to="DONATIONS">
    <attribute name="TEXT" value="4" />
  </edge>
  <edge from="BLOOD" to="DONORS">
    <attribute name="TEXT" value="5" />
    <attribute name="KEYWORDS" value="1" />
  </edge>
  <edge from="BLOOD" to="DONORS">
    <attribute name="TEXT" value="5" />
    <attribute name="KEYWORDS" value="1" />
  </edge>
  <edge from="BLOOD" to="FERRITIN">
    <attribute name="TEXT" value="2" />
  </edge>
  <edge from="BLOOD" to="FLOW">
    <attribute name="TEXT" value="1" />
  </edge>
  <edge from="BLOOD" to="LEVELS">
    <attribute name="TEXT" value="1" />
  </edge>
  <edge from="BLOOD" to="OCCASIONALLY">
    <attribute name="TEXT" value="1" />
  </edge>
  <edge from="BLOOD" to="SUPPLY">
    <attribute name="TEXT" value="2" />
  </edge>
  <edge from="BODY" to="IRONS">
    <attribute name="TEXT" value="1" />
  </edge>
  <edge from="BODY" to="MAJOR">
    <attribute name="TEXT" value="1" />
  </edge>
  <edge from="BONE" to="MARROW">
    <attribute name="TEXT" value="1" />
  </edge>
  <edge from="BOOST" to="CREATIVITY">
    <attribute name="TEXT" value="4" />
    <attribute name="LINKS" value="4" />
  </edge>
  <edge from="BOOST" to="CREATIVITY">
    <attribute name="TEXT" value="4" />
    <attribute name="LINKS" value="4" />
  </edge>
  <edge from="BRITISH" to="JOURNAL">
    <attribute name="TEXT" value="1" />
  </edge>
  <edge from="BYPASS" to="SURGERY">
    <attribute name="TEXT" value="1" />
  </edge>
  <edge from="CARDIAC" to="BENEFIT">
    <attribute name="TEXT" value="2" />
  </edge>
  <edge from="CARDIOVASCULAR" to="EVENT">
    <attribute name="TEXT" value="1" />
  </edge>
  <edge from="CHEST" to="PAIN">
    <attribute name="TEXT" value="2" />
  </edge>
  <edge from="CIGARETTE" to="SMOKING">
    <attribute name="TEXT" value="1" />
  </edge>
  <edge from="CLINICAL" to="MEASURE">
    <attribute name="TEXT" value="1" />
  </edge>
  <edge from="CLINICAL" to="TRIAL">
    <attribute name="TEXT" value="1" />
  </edge>
  <edge from="COLLEAGUES" to="CLUES">
    <attribute name="TEXT" value="1" />
  </edge>
  <edge from="COLLEAGUES" to="NOTES">
    <attribute name="TEXT" value="1" />
  </edge>
  <edge from="COLLEAGUES" to="POINT">
    <attribute name="TEXT" value="1" />
  </edge>
  <edge from="CONCENTRATION" to="REMAIN">
    <attribute name="TEXT" value="1" />
  </edge>
  <edge from="CORONARY" to="CHEST">
    <attribute name="TEXT" value="1" />
  </edge>
  <edge from="CORONARY" to="HEART">
    <attribute name="TEXT" value="2" />
  </edge>
  <edge from="CORONARY-RELATED" to="CHEST">
    <attribute name="TEXT" value="1" />
  </edge>
  <edge from="CURRENT" to="CIGARETTE">
    <attribute name="TEXT" value="1" />
  </edge>
  <edge from="DAY" to="BLOOD">
    <attribute name="TEXT" value="1" />
  </edge>
  <edge from="DEATH" to="RATE">
    <attribute name="TEXT" value="1" />
  </edge>
  <edge from="DEFINITIVE" to="CONCLUSION">
    <attribute name="TEXT" value="1" />
  </edge>
  <edge from="DIET" to="HEART">
    <attribute name="TEXT" value="1" />
  </edge>
  <edge from="DIFFICULT" to="SITUATION">
    <attribute name="TEXT" value="1" />
  </edge>
  <edge from="DISEASE" to="INCREASE">
    <attribute name="TEXT" value="1" />
  </edge>
  <edge from="DONATE" to="BLOOD">
    <attribute name="TEXT" value="8" />
  </edge>
  <edge from="DONATED" to="FREQUENTLY">
    <attribute name="TEXT" value="1" />
  </edge>
  <edge from="DONORS" to="REAP">
    <attribute name="TEXT" value="1" />
    <attribute name="KEYWORDS" value="1" />
  </edge>
  <edge from="DONORS" to="REAP">
    <attribute name="TEXT" value="1" />
    <attribute name="KEYWORDS" value="1" />
  </edge>
  <edge from="EXPLAINED" to="MEYER">
    <attribute name="TEXT" value="1" />
  </edge>
  <edge from="FEMALE" to="BLOOD">
    <attribute name="TEXT" value="1" />
  </edge>
  <edge from="FEMALE" to="HORMONE">
    <attribute name="TEXT" value="1" />
  </edge>
  <edge from="FERRITIN" to="CONCENTRATION">
    <attribute name="TEXT" value="4" />
  </edge>
  <edge from="FINDINGS" to="CARRY">
    <attribute name="TEXT" value="1" />
  </edge>
  <edge from="GOLD" to="RING">
    <attribute name="TEXT" value="4" />
    <attribute name="LINKS" value="4" />
  </edge>
  <edge from="GOLD" to="RING">
    <attribute name="TEXT" value="4" />
    <attribute name="LINKS" value="4" />
  </edge>
  <edge from="HEALTH" to="BENEFIT">
    <attribute name="TEXT" value="1" />
  </edge>
  <edge from="HEALTH" to="POLICY">
    <attribute name="TEXT" value="1" />
  </edge>
  <edge from="HEALTH" to="STORIES">
    <attribute name="TEXT" value="1" />
  </edge>
  <edge from="HEALTHY" to="MENSTRUATING">
    <attribute name="TEXT" value="1" />
  </edge>
  <edge from="HEALTHY" to="PEOPLE">
    <attribute name="TEXT" value="1" />
  </edge>
  <edge from="HEART" to="ATTACK">
    <attribute name="TEXT" value="2" />
  </edge>
  <edge from="HEART" to="BENEFIT">
    <attribute name="TEXT" value="4" />
    <attribute name="KEYWORDS" value="2" />
  </edge>
  <edge from="HEART" to="BENEFIT">
    <attribute name="TEXT" value="4" />
    <attribute name="KEYWORDS" value="2" />
  </edge>
  <edge from="HEART" to="DISEASE">
    <attribute name="TEXT" value="5" />
  </edge>
  <edge from="HEART" to="SURVEY">
    <attribute name="TEXT" value="1" />
  </edge>
  <edge from="HEART-RELATED" to="DEATH">
    <attribute name="TEXT" value="1" />
  </edge>
  <edge from="HORMONE" to="ESTROGEN">
    <attribute name="TEXT" value="1" />
  </edge>
  <edge from="INFECTED" to="PEOPLE">
    <attribute name="TEXT" value="1" />
  </edge>
  <edge from="IRONS" to="HYPOTHESIS">
    <attribute name="TEXT" value="2" />
  </edge>
  <edge from="IRONS" to="LEVELS">
    <attribute name="TEXT" value="3" />
  </edge>
  <edge from="IRONS" to="STORE">
    <attribute name="TEXT" value="1" />
  </edge>
  <edge from="JOURNAL" to="HEART">
    <attribute name="TEXT" value="1" />
  </edge>
  <edge from="KANSAS" to="CITY">
    <attribute name="TEXT" value="1" />
  </edge>
  <edge from="KANSAS" to="UNIVERSITY">
    <attribute name="TEXT" value="2" />
  </edge>
  <edge from="LARGER" to="STUDY">
    <attribute name="TEXT" value="1" />
  </edge>
  <edge from="LDL" to="CHOLESTEROL">
    <attribute name="TEXT" value="1" />
  </edge>
  <edge from="LIVER" to="SPLEEN">
    <attribute name="TEXT" value="1" />
  </edge>
  <edge from="LONGER" to="PAY">
    <attribute name="TEXT" value="1" />
  </edge>
  <edge from="LOWER" to="IRONS">
    <attribute name="TEXT" value="2" />
  </edge>
  <edge from="LOWER" to="RATE">
    <attribute name="TEXT" value="1" />
  </edge>
  <edge from="MAJOR" to="CARRIER">
    <attribute name="TEXT" value="1" />
  </edge>
  <edge from="MEDICAL" to="CENTER">
    <attribute name="TEXT" value="2" />
  </edge>
  <edge from="MEDICAL" to="PROCEDURE">
    <attribute name="TEXT" value="1" />
  </edge>
  <edge from="MEN" to="CURRENT">
    <attribute name="TEXT" value="1" />
  </edge>
  <edge from="MEN" to="DONATE">
    <attribute name="TEXT" value="2" />
  </edge>
  <edge from="MENSTRUATING" to="WOMEN">
    <attribute name="TEXT" value="3" />
  </edge>
  <edge from="MEYER" to="CONTINUED">
    <attribute name="TEXT" value="1" />
  </edge>
  <edge from="MEYER" to="PROFESSOR">
    <attribute name="TEXT" value="1" />
  </edge>
  <edge from="NASTY" to="MOLECULES">
    <attribute name="TEXT" value="1" />
  </edge>
  <edge from="NEBRASKA" to="DIET">
    <attribute name="TEXT" value="1" />
  </edge>
  <edge from="NONSMOKING" to="MEN">
    <attribute name="TEXT" value="1" />
  </edge>
  <edge from="NORMAL" to="HEALTHY">
    <attribute name="TEXT" value="1" />
  </edge>
  <edge from="NOTES" to="ADD">
    <attribute name="TEXT" value="1" />
  </edge>
  <edge from="OUTCOME" to="INCLUDING">
    <attribute name="TEXT" value="1" />
  </edge>
  <edge from="PAIN" to="HEART">
    <attribute name="TEXT" value="1" />
  </edge>
  <edge from="PARTICIPANTS" to="INCLUDED">
    <attribute name="TEXT" value="1" />
  </edge>
  <edge from="PAST" to="SMOKERS">
    <attribute name="TEXT" value="1" />
  </edge>
  <edge from="PAY" to="BLOOD">
    <attribute name="TEXT" value="2" />
  </edge>
  <edge from="PEOPLE" to="DONATED">
    <attribute name="TEXT" value="1" />
  </edge>
  <edge from="PERSON" to="BLOOD">
    <attribute name="TEXT" value="1" />
  </edge>
  <edge from="PM" to="EDT">
    <attribute name="TEXT" value="1" />
  </edge>
  <edge from="POLICY" to="CONCERNS">
    <attribute name="TEXT" value="1" />
  </edge>
  <edge from="POLICY" to="RAMIFICATIONS">
    <attribute name="TEXT" value="1" />
  </edge>
  <edge from="POTENTIAL" to="HEALTH">
    <attribute name="TEXT" value="1" />
  </edge>
  <edge from="PREVENTIVE" to="MEDICINE">
    <attribute name="TEXT" value="1" />
  </edge>
  <edge from="PRODUCE" to="ESTROGEN">
    <attribute name="TEXT" value="1" />
  </edge>
  <edge from="PROPOSED" to="EXPLANATION">
    <attribute name="TEXT" value="1" />
  </edge>
  <edge from="PROTECTED" to="AGAINST">
    <attribute name="TEXT" value="1" />
  </edge>
  <edge from="PROTEIN" to="FERRITIN">
    <attribute name="TEXT" value="1" />
  </edge>
  <edge from="PROVIDE" to="REASON">
    <attribute name="TEXT" value="1" />
  </edge>
  <edge from="PUBLIC" to="HEALTH">
    <attribute name="TEXT" value="1" />
  </edge>
  <edge from="PUBLIC" to="POLICY">
    <attribute name="TEXT" value="1" />
  </edge>
  <edge from="RANDOMIZED" to="CLINICAL">
    <attribute name="TEXT" value="1" />
  </edge>
  <edge from="REAP" to="HEART">
    <attribute name="TEXT" value="1" />
    <attribute name="KEYWORDS" value="1" />
  </edge>
  <edge from="REAP" to="HEART">
    <attribute name="TEXT" value="1" />
    <attribute name="KEYWORDS" value="1" />
  </edge>
  <edge from="RESEARCHERS" to="STATES">
    <attribute name="TEXT" value="1" />
  </edge>
  <edge from="RESTORE" to="BLOOD">
    <attribute name="TEXT" value="1" />
  </edge>
  <edge from="REUTERS" to="LIMITED">
    <attribute name="TEXT" value="1" />
  </edge>
  <edge from="RING" to="SLOW">
    <attribute name="TEXT" value="4" />
    <attribute name="LINKS" value="4" />
  </edge>
  <edge from="RING" to="SLOW">
    <attribute name="TEXT" value="4" />
    <attribute name="LINKS" value="4" />
  </edge>
  <edge from="SLOW" to="ARTHRITIS">
    <attribute name="TEXT" value="2" />
    <attribute name="LINKS" value="2" />
  </edge>
  <edge from="SLOW" to="ARTHRITIS">
    <attribute name="TEXT" value="2" />
    <attribute name="LINKS" value="2" />
  </edge>
  <edge from="SMOKING" to="NEGATED">
    <attribute name="TEXT" value="1" />
  </edge>
  <edge from="STOP" to="PRODUCE">
    <attribute name="TEXT" value="1" />
  </edge>
  <edge from="STUDY" to="AUTHOR">
    <attribute name="TEXT" value="1" />
  </edge>
  <edge from="STUDY" to="FINDINGS">
    <attribute name="TEXT" value="1" />
  </edge>
  <edge from="STUDY" to="MEYER">
    <attribute name="TEXT" value="1" />
  </edge>
  <edge from="STUDY" to="PARTICIPANTS">
    <attribute name="TEXT" value="1" />
  </edge>
  <edge from="STUDY" to="PUBLISHED">
    <attribute name="TEXT" value="1" />
  </edge>
  <edge from="STUDY" to="RESULTS">
    <attribute name="TEXT" value="1" />
  </edge>
  <edge from="STUDY" to="SUGGESTS">
    <attribute name="TEXT" value="1" />
  </edge>
  <edge from="SWEDEN" to="RESULTS">
    <attribute name="TEXT" value="1" />
  </edge>
  <edge from="TEXT" to="HEADLINES">
    <attribute name="TEXT" value="1" />
  </edge>
  <edge from="UNIT" to="DERIVED">
    <attribute name="TEXT" value="1" />
  </edge>
  <edge from="UNIVERSITY" to="MEDICAL">
    <attribute name="TEXT" value="2" />
  </edge>
  <edge from="VIRTUAL" to="WOMEN">
    <attribute name="TEXT" value="1" />
  </edge>
  <edge from="WEDNESDAY" to="AUGUST">
    <attribute name="TEXT" value="1" />
  </edge>
  <edge from="WOMEN" to="STOP">
    <attribute name="TEXT" value="1" />
  </edge>
  <edge from="WOMEN" to="WHETHER">
    <attribute name="TEXT" value="2" />
  </edge>
</graph>
