<graph>
  <node id="ADVANCE">
    <attribute name="FREQUENCY" value="1" />
  </node>
  <node id="ALTERNATIVE">
    <attribute name="FREQUENCY" value="1" />
  </node>
  <node id="ANEURYSM">
    <attribute name="FREQUENCY" value="4" />
  </node>
  <node id="ANGIOPLASTY">
    <attribute name="FREQUENCY" value="11" />
  </node>
  <node id="ARTERIES">
    <attribute name="FREQUENCY" value="4" />
  </node>
  <node id="ARTERY">
    <attribute name="FREQUENCY" value="5" />
  </node>
  <node id="ATTACHED">
    <attribute name="FREQUENCY" value="1" />
  </node>
  <node id="ATTACK">
    <attribute name="FREQUENCY" value="1" />
  </node>
  <node id="BALLOON">
    <attribute name="FREQUENCY" value="1" />
  </node>
  <node id="BALLOON-TIPPED">
    <attribute name="FREQUENCY" value="1" />
  </node>
  <node id="BARI">
    <attribute name="FREQUENCY" value="2" />
  </node>
  <node id="BEAT">
    <attribute name="FREQUENCY" value="2" />
  </node>
  <node id="BEGAN">
    <attribute name="FREQUENCY" value="1" />
  </node>
  <node id="BENEFICIAL">
    <attribute name="FREQUENCY" value="1" />
  </node>
  <node id="BIZ">
    <attribute name="FREQUENCY" value="4" />
  </node>
  <node id="BLOCKED">
    <attribute name="FREQUENCY" value="1" />
  </node>
  <node id="BLOOD">
    <attribute name="FREQUENCY" value="2" />
  </node>
  <node id="BRAIN">
    <attribute name="FREQUENCY" value="4" />
  </node>
  <node id="BYPASS">
    <attribute name="FREQUENCY" value="9" />
  </node>
  <node id="CANADA">
    <attribute name="FREQUENCY" value="1" />
  </node>
  <node id="CARDIAC">
    <attribute name="FREQUENCY" value="1" />
  </node>
  <node id="CARDIOVASCULAR">
    <attribute name="FREQUENCY" value="1" />
  </node>
  <node id="CARRY">
    <attribute name="FREQUENCY" value="4" />
  </node>
  <node id="CATHETER">
    <attribute name="FREQUENCY" value="1" />
  </node>
  <node id="CAUTION">
    <attribute name="FREQUENCY" value="1" />
  </node>
  <node id="CAUTIOUSLY">
    <attribute name="FREQUENCY" value="1" />
  </node>
  <node id="CENTER">
    <attribute name="FREQUENCY" value="1" />
  </node>
  <node id="CENTURY">
    <attribute name="FREQUENCY" value="1" />
  </node>
  <node id="CHALLENGE">
    <attribute name="FREQUENCY" value="1" />
  </node>
  <node id="CHEST">
    <attribute name="FREQUENCY" value="1" />
  </node>
  <node id="CHOOSE">
    <attribute name="FREQUENCY" value="1" />
  </node>
  <node id="CIRCULATION">
    <attribute name="FREQUENCY" value="3" />
  </node>
  <node id="CLEAR">
    <attribute name="FREQUENCY" value="1" />
  </node>
  <node id="CLEVELAND">
    <attribute name="FREQUENCY" value="1" />
  </node>
  <node id="CLINIC">
    <attribute name="FREQUENCY" value="1" />
  </node>
  <node id="COMMENTS">
    <attribute name="FREQUENCY" value="2" />
  </node>
  <node id="COMPARED">
    <attribute name="FREQUENCY" value="1" />
  </node>
  <node id="COMPLICATIONS">
    <attribute name="FREQUENCY" value="1" />
  </node>
  <node id="CONTINUE">
    <attribute name="FREQUENCY" value="1" />
  </node>
  <node id="CONTROLLED">
    <attribute name="FREQUENCY" value="1" />
  </node>
  <node id="CORONARY">
    <attribute name="FREQUENCY" value="2" />
  </node>
  <node id="CRAIG">
    <attribute name="FREQUENCY" value="1" />
  </node>
  <node id="CURRENT">
    <attribute name="FREQUENCY" value="1" />
  </node>
  <node id="DEVELOP">
    <attribute name="FREQUENCY" value="1" />
  </node>
  <node id="DEVICES">
    <attribute name="FREQUENCY" value="1" />
  </node>
  <node id="DIABETES">
    <attribute name="FREQUENCY" value="1" />
  </node>
  <node id="DIABETIC">
    <attribute name="FREQUENCY" value="9" />
  </node>
  <node id="DIFFICULT">
    <attribute name="FREQUENCY" value="1" />
  </node>
  <node id="DISEASE">
    <attribute name="FREQUENCY" value="5" />
  </node>
  <node id="DOCTORS">
    <attribute name="FREQUENCY" value="1" />
  </node>
  <node id="DRS">
    <attribute name="FREQUENCY" value="1" />
  </node>
  <node id="DYING">
    <attribute name="FREQUENCY" value="1" />
  </node>
  <node id="EDITORIAL">
    <attribute name="FREQUENCY" value="2" />
  </node>
  <node id="EDT">
    <attribute name="FREQUENCY" value="1" />
  </node>
  <node id="ELLIS">
    <attribute name="FREQUENCY" value="2" />
  </node>
  <node id="END">
    <attribute name="FREQUENCY" value="1" />
  </node>
  <node id="ENTERTAIN">
    <attribute name="FREQUENCY" value="4" />
  </node>
  <node id="ENZYME">
    <attribute name="FREQUENCY" value="4" />
  </node>
  <node id="EXPERIMENTS">
    <attribute name="FREQUENCY" value="4" />
  </node>
  <node id="FACT">
    <attribute name="FREQUENCY" value="1" />
  </node>
  <node id="FATTY">
    <attribute name="FREQUENCY" value="1" />
  </node>
  <node id="FIVE-YEAR">
    <attribute name="FREQUENCY" value="1" />
  </node>
  <node id="FOUNDATION">
    <attribute name="FREQUENCY" value="1" />
  </node>
  <node id="GRAFT">
    <attribute name="FREQUENCY" value="1" />
  </node>
  <node id="GREATER">
    <attribute name="FREQUENCY" value="2" />
  </node>
  <node id="HEADLINES">
    <attribute name="FREQUENCY" value="1" />
  </node>
  <node id="HEALTH">
    <attribute name="FREQUENCY" value="4" />
  </node>
  <node id="HEART">
    <attribute name="FREQUENCY" value="7" />
  </node>
  <node id="HTML">
    <attribute name="FREQUENCY" value="1" />
  </node>
  <node id="IMA">
    <attribute name="FREQUENCY" value="5" />
  </node>
  <node id="IMMEDIATELY">
    <attribute name="FREQUENCY" value="1" />
  </node>
  <node id="INCLUDING">
    <attribute name="FREQUENCY" value="1" />
  </node>
  <node id="INFLATED">
    <attribute name="FREQUENCY" value="1" />
  </node>
  <node id="INFLUENCE">
    <attribute name="FREQUENCY" value="1" />
  </node>
  <node id="INFO">
    <attribute name="FREQUENCY" value="2" />
  </node>
  <node id="INSIDE">
    <attribute name="FREQUENCY" value="1" />
  </node>
  <node id="INTERNAL">
    <attribute name="FREQUENCY" value="1" />
  </node>
  <node id="INTERPRETED">
    <attribute name="FREQUENCY" value="2" />
  </node>
  <node id="INTERVENTION">
    <attribute name="FREQUENCY" value="1" />
  </node>
  <node id="INVESTIGATION">
    <attribute name="FREQUENCY" value="1" />
  </node>
  <node id="ISSUE">
    <attribute name="FREQUENCY" value="1" />
  </node>
  <node id="JOURNAL">
    <attribute name="FREQUENCY" value="1" />
  </node>
  <node id="LATE">
    <attribute name="FREQUENCY" value="1" />
  </node>
  <node id="LEG">
    <attribute name="FREQUENCY" value="2" />
  </node>
  <node id="LIMITATIONS">
    <attribute name="FREQUENCY" value="1" />
  </node>
  <node id="LIMITED">
    <attribute name="FREQUENCY" value="1" />
  </node>
  <node id="LINKED">
    <attribute name="FREQUENCY" value="4" />
  </node>
  <node id="LONG-TERM">
    <attribute name="FREQUENCY" value="1" />
  </node>
  <node id="LOOKED">
    <attribute name="FREQUENCY" value="1" />
  </node>
  <node id="MAMMARY">
    <attribute name="FREQUENCY" value="1" />
  </node>
  <node id="MANAGEMENT">
    <attribute name="FREQUENCY" value="1" />
  </node>
  <node id="METAL">
    <attribute name="FREQUENCY" value="1" />
  </node>
  <node id="MINORITY">
    <attribute name="FREQUENCY" value="1" />
  </node>
  <node id="MORTALITY">
    <attribute name="FREQUENCY" value="3" />
  </node>
  <node id="MUSCLE">
    <attribute name="FREQUENCY" value="1" />
  </node>
  <node id="NARINS">
    <attribute name="FREQUENCY" value="1" />
  </node>
  <node id="NEWS">
    <attribute name="FREQUENCY" value="4" />
  </node>
  <node id="OHIO">
    <attribute name="FREQUENCY" value="1" />
  </node>
  <node id="OXYGEN-STARVED">
    <attribute name="FREQUENCY" value="1" />
  </node>
  <node id="PAIRED">
    <attribute name="FREQUENCY" value="1" />
  </node>
  <node id="PARTICIPATED">
    <attribute name="FREQUENCY" value="1" />
  </node>
  <node id="PATIENTS">
    <attribute name="FREQUENCY" value="5" />
  </node>
  <node id="PEOPLE">
    <attribute name="FREQUENCY" value="2" />
  </node>
  <node id="PERCUTANEOUS">
    <attribute name="FREQUENCY" value="1" />
  </node>
  <node id="PERIOD">
    <attribute name="FREQUENCY" value="1" />
  </node>
  <node id="PHYSICIANS">
    <attribute name="FREQUENCY" value="1" />
  </node>
  <node id="PLAQUE">
    <attribute name="FREQUENCY" value="1" />
  </node>
  <node id="PM">
    <attribute name="FREQUENCY" value="1" />
  </node>
  <node id="POLITIC">
    <attribute name="FREQUENCY" value="4" />
  </node>
  <node id="POSE">
    <attribute name="FREQUENCY" value="1" />
  </node>
  <node id="PROCEDURE">
    <attribute name="FREQUENCY" value="2" />
  </node>
  <node id="PUBLISHED">
    <attribute name="FREQUENCY" value="1" />
  </node>
  <node id="QUESTIONS">
    <attribute name="FREQUENCY" value="2" />
  </node>
  <node id="RANDOMIZED">
    <attribute name="FREQUENCY" value="1" />
  </node>
  <node id="RATE">
    <attribute name="FREQUENCY" value="1" />
  </node>
  <node id="RE-CLOGGING">
    <attribute name="FREQUENCY" value="1" />
  </node>
  <node id="RE-NARROWING">
    <attribute name="FREQUENCY" value="1" />
  </node>
  <node id="REDUCE">
    <attribute name="FREQUENCY" value="2" />
  </node>
  <node id="RESEARCHERS">
    <attribute name="FREQUENCY" value="2" />
  </node>
  <node id="RESULTS">
    <attribute name="FREQUENCY" value="2" />
  </node>
  <node id="REUTERS">
    <attribute name="FREQUENCY" value="2" />
  </node>
  <node id="REVASCULARIZATION">
    <attribute name="FREQUENCY" value="1" />
  </node>
  <node id="RISK">
    <attribute name="FREQUENCY" value="3" />
  </node>
  <node id="RUN">
    <attribute name="FREQUENCY" value="1" />
  </node>
  <node id="SCOREBOARD">
    <attribute name="FREQUENCY" value="4" />
  </node>
  <node id="SEPARATED">
    <attribute name="FREQUENCY" value="1" />
  </node>
  <node id="SEPTEMBER">
    <attribute name="FREQUENCY" value="1" />
  </node>
  <node id="SHUTTLE">
    <attribute name="FREQUENCY" value="4" />
  </node>
  <node id="SMALL">
    <attribute name="FREQUENCY" value="2" />
  </node>
  <node id="SOURCE">
    <attribute name="FREQUENCY" value="1" />
  </node>
  <node id="SPORT">
    <attribute name="FREQUENCY" value="4" />
  </node>
  <node id="STATES">
    <attribute name="FREQUENCY" value="1" />
  </node>
  <node id="STENTS">
    <attribute name="FREQUENCY" value="1" />
  </node>
  <node id="STEPHEN">
    <attribute name="FREQUENCY" value="1" />
  </node>
  <node id="STORIES">
    <attribute name="FREQUENCY" value="1" />
  </node>
  <node id="STORY">
    <attribute name="FREQUENCY" value="4" />
  </node>
  <node id="STRIKE">
    <attribute name="FREQUENCY" value="1" />
  </node>
  <node id="STUDY">
    <attribute name="FREQUENCY" value="5" />
  </node>
  <node id="SUBSTANTIALLY">
    <attribute name="FREQUENCY" value="1" />
  </node>
  <node id="SUGGESTS">
    <attribute name="FREQUENCY" value="1" />
  </node>
  <node id="SUPPLY">
    <attribute name="FREQUENCY" value="1" />
  </node>
  <node id="SURGERY">
    <attribute name="FREQUENCY" value="4" />
  </node>
  <node id="SURROUNDING">
    <attribute name="FREQUENCY" value="1" />
  </node>
  <node id="SURVIVAL">
    <attribute name="FREQUENCY" value="1" />
  </node>
  <node id="TECH">
    <attribute name="FREQUENCY" value="4" />
  </node>
  <node id="TEXT">
    <attribute name="FREQUENCY" value="1" />
  </node>
  <node id="THERAPY">
    <attribute name="FREQUENCY" value="1" />
  </node>
  <node id="THREADED">
    <attribute name="FREQUENCY" value="1" />
  </node>
  <node id="TIMES">
    <attribute name="FREQUENCY" value="1" />
  </node>
  <node id="TISSUE">
    <attribute name="FREQUENCY" value="1" />
  </node>
  <node id="TREATED">
    <attribute name="FREQUENCY" value="3" />
  </node>
  <node id="TREATMENT">
    <attribute name="FREQUENCY" value="1" />
  </node>
  <node id="TRIAL">
    <attribute name="FREQUENCY" value="1" />
  </node>
  <node id="TUESDAY">
    <attribute name="FREQUENCY" value="1" />
  </node>
  <node id="TYPE">
    <attribute name="FREQUENCY" value="1" />
  </node>
  <node id="UNDERGO">
    <attribute name="FREQUENCY" value="2" />
  </node>
  <node id="UNDERWENT">
    <attribute name="FREQUENCY" value="1" />
  </node>
  <node id="UNITED">
    <attribute name="FREQUENCY" value="1" />
  </node>
  <node id="VEIN">
    <attribute name="FREQUENCY" value="2" />
  </node>
  <node id="VESSEL">
    <attribute name="FREQUENCY" value="1" />
  </node>
  <node id="WALL">
    <attribute name="FREQUENCY" value="1" />
  </node>
  <node id="WRITE">
    <attribute name="FREQUENCY" value="2" />
  </node>
  <node id="WROTE">
    <attribute name="FREQUENCY" value="2" />
  </node>
  <node id="YAHOO">
    <attribute name="FREQUENCY" value="4" />
  </node>
  <node id="YEAR">
    <attribute name="FREQUENCY" value="1" />
  </node>
  <node id="YORK">
    <attribute name="FREQUENCY" value="1" />
  </node>
  <edge from="ANGIOPLASTY" to="BALLOON-TIPPED">
    <attribute name="TEXT" value="1" />
  </edge>
  <edge from="ANGIOPLASTY" to="REVASCULARIZATION">
    <attribute name="TEXT" value="1" />
  </edge>
  <edge from="ARTERY" to="EXPERIMENTS">
    <attribute name="TEXT" value="4" />
    <attribute name="LINKS" value="4" />
  </edge>
  <edge from="ARTERY" to="EXPERIMENTS">
    <attribute name="TEXT" value="4" />
    <attribute name="LINKS" value="4" />
  </edge>
  <edge from="BALLOON" to="ANGIOPLASTY">
    <attribute name="TEXT" value="1" />
  </edge>
  <edge from="BALLOON-TIPPED" to="CATHETER">
    <attribute name="TEXT" value="1" />
  </edge>
  <edge from="BEAT" to="ANGIOPLASTY">
    <attribute name="TEXT" value="2" />
    <attribute name="KEYWORDS" value="2" />
  </edge>
  <edge from="BEAT" to="ANGIOPLASTY">
    <attribute name="TEXT" value="2" />
    <attribute name="KEYWORDS" value="2" />
  </edge>
  <edge from="BLOCKED" to="ARTERIES">
    <attribute name="TEXT" value="1" />
  </edge>
  <edge from="BLOOD" to="VESSEL">
    <attribute name="TEXT" value="1" />
  </edge>
  <edge from="BRAIN" to="ANEURYSM">
    <attribute name="TEXT" value="2" />
    <attribute name="LINKS" value="2" />
  </edge>
  <edge from="BRAIN" to="ANEURYSM">
    <attribute name="TEXT" value="2" />
    <attribute name="LINKS" value="2" />
  </edge>
  <edge from="BYPASS" to="ANGIOPLASTY">
    <attribute name="TEXT" value="1" />
  </edge>
  <edge from="BYPASS" to="BEAT">
    <attribute name="TEXT" value="2" />
    <attribute name="KEYWORDS" value="2" />
  </edge>
  <edge from="BYPASS" to="BEAT">
    <attribute name="TEXT" value="2" />
    <attribute name="KEYWORDS" value="2" />
  </edge>
  <edge from="BYPASS" to="BLOCKED">
    <attribute name="TEXT" value="1" />
  </edge>
  <edge from="BYPASS" to="PROCEDURE">
    <attribute name="TEXT" value="1" />
  </edge>
  <edge from="BYPASS" to="SURGERY">
    <attribute name="TEXT" value="3" />
  </edge>
  <edge from="CARDIAC" to="MORTALITY">
    <attribute name="TEXT" value="1" />
  </edge>
  <edge from="CARDIOVASCULAR" to="DISEASE">
    <attribute name="TEXT" value="1" />
  </edge>
  <edge from="CARRY" to="ARTERY">
    <attribute name="TEXT" value="2" />
    <attribute name="LINKS" value="2" />
  </edge>
  <edge from="CARRY" to="ARTERY">
    <attribute name="TEXT" value="2" />
    <attribute name="LINKS" value="2" />
  </edge>
  <edge from="CHEST" to="WALL">
    <attribute name="TEXT" value="1" />
  </edge>
  <edge from="CLEAR" to="FATTY">
    <attribute name="TEXT" value="1" />
  </edge>
  <edge from="CLEVELAND" to="CLINIC">
    <attribute name="TEXT" value="1" />
  </edge>
  <edge from="CLINIC" to="FOUNDATION">
    <attribute name="TEXT" value="1" />
  </edge>
  <edge from="CONTROLLED" to="TRIAL">
    <attribute name="TEXT" value="1" />
  </edge>
  <edge from="CORONARY" to="ARTERIES">
    <attribute name="TEXT" value="1" />
  </edge>
  <edge from="CORONARY" to="BYPASS">
    <attribute name="TEXT" value="1" />
  </edge>
  <edge from="CURRENT" to="ISSUE">
    <attribute name="TEXT" value="1" />
  </edge>
  <edge from="DEVELOP" to="HEART">
    <attribute name="TEXT" value="1" />
  </edge>
  <edge from="DIABETIC" to="CARDIOVASCULAR">
    <attribute name="TEXT" value="1" />
  </edge>
  <edge from="DIABETIC" to="PATIENTS">
    <attribute name="TEXT" value="1" />
  </edge>
  <edge from="DIFFICULT" to="CHALLENGE">
    <attribute name="TEXT" value="1" />
  </edge>
  <edge from="DYING" to="IMMEDIATELY">
    <attribute name="TEXT" value="1" />
  </edge>
  <edge from="ELLIS" to="WROTE">
    <attribute name="TEXT" value="1" />
  </edge>
  <edge from="ENZYME" to="LINKED">
    <attribute name="TEXT" value="2" />
    <attribute name="LINKS" value="2" />
  </edge>
  <edge from="ENZYME" to="LINKED">
    <attribute name="TEXT" value="2" />
    <attribute name="LINKS" value="2" />
  </edge>
  <edge from="FATTY" to="PLAQUE">
    <attribute name="TEXT" value="1" />
  </edge>
  <edge from="FIVE-YEAR" to="SURVIVAL">
    <attribute name="TEXT" value="1" />
  </edge>
  <edge from="GREATER" to="RISK">
    <attribute name="TEXT" value="1" />
  </edge>
  <edge from="HEALTH" to="STORIES">
    <attribute name="TEXT" value="1" />
  </edge>
  <edge from="HEART" to="ATTACK">
    <attribute name="TEXT" value="1" />
  </edge>
  <edge from="HEART" to="DISEASE">
    <attribute name="TEXT" value="4" />
  </edge>
  <edge from="HEART" to="MUSCLE">
    <attribute name="TEXT" value="1" />
  </edge>
  <edge from="IMA" to="GRAFT">
    <attribute name="TEXT" value="1" />
  </edge>
  <edge from="INTERNAL" to="MAMMARY">
    <attribute name="TEXT" value="1" />
  </edge>
  <edge from="INTERPRETED" to="CAUTIOUSLY">
    <attribute name="TEXT" value="1" />
  </edge>
  <edge from="JOURNAL" to="CIRCULATION">
    <attribute name="TEXT" value="1" />
  </edge>
  <edge from="LONG-TERM" to="COMPLICATIONS">
    <attribute name="TEXT" value="1" />
  </edge>
  <edge from="MAMMARY" to="ARTERY">
    <attribute name="TEXT" value="1" />
  </edge>
  <edge from="METAL" to="DEVICES">
    <attribute name="TEXT" value="1" />
  </edge>
  <edge from="MORTALITY" to="RISK">
    <attribute name="TEXT" value="1" />
  </edge>
  <edge from="OXYGEN-STARVED" to="HEART">
    <attribute name="TEXT" value="1" />
  </edge>
  <edge from="PAIRED" to="BLOOD">
    <attribute name="TEXT" value="1" />
  </edge>
  <edge from="PATIENTS" to="INCLUDING">
    <attribute name="TEXT" value="1" />
  </edge>
  <edge from="PATIENTS" to="TREATED">
    <attribute name="TEXT" value="1" />
  </edge>
  <edge from="PERCUTANEOUS" to="INTERVENTION">
    <attribute name="TEXT" value="1" />
  </edge>
  <edge from="PM" to="EDT">
    <attribute name="TEXT" value="1" />
  </edge>
  <edge from="POSE" to="DIFFICULT">
    <attribute name="TEXT" value="1" />
  </edge>
  <edge from="RANDOMIZED" to="CONTROLLED">
    <attribute name="TEXT" value="1" />
  </edge>
  <edge from="REDUCE" to="MORTALITY">
    <attribute name="TEXT" value="2" />
  </edge>
  <edge from="RESEARCHERS" to="LOOKED">
    <attribute name="TEXT" value="1" />
  </edge>
  <edge from="REUTERS" to="LIMITED">
    <attribute name="TEXT" value="1" />
  </edge>
  <edge from="REVASCULARIZATION" to="INVESTIGATION">
    <attribute name="TEXT" value="1" />
  </edge>
  <edge from="SMALL" to="MINORITY">
    <attribute name="TEXT" value="1" />
  </edge>
  <edge from="STENTS" to="METAL">
    <attribute name="TEXT" value="1" />
  </edge>
  <edge from="STORIES" to="DIABETIC">
    <attribute name="TEXT" value="1" />
  </edge>
  <edge from="STUDY" to="BEGAN">
    <attribute name="TEXT" value="1" />
  </edge>
  <edge from="STUDY" to="SUGGESTS">
    <attribute name="TEXT" value="1" />
  </edge>
  <edge from="SUPPLY" to="BLOOD">
    <attribute name="TEXT" value="1" />
  </edge>
  <edge from="SURROUNDING" to="TISSUE">
    <attribute name="TEXT" value="1" />
  </edge>
  <edge from="SURVIVAL" to="RATE">
    <attribute name="TEXT" value="1" />
  </edge>
  <edge from="TEXT" to="HEADLINES">
    <attribute name="TEXT" value="1" />
  </edge>
  <edge from="TIMES" to="GREATER">
    <attribute name="TEXT" value="1" />
  </edge>
  <edge from="TUESDAY" to="SEPTEMBER">
    <attribute name="TEXT" value="1" />
  </edge>
  <edge from="UNDERGO" to="ANGIOPLASTY">
    <attribute name="TEXT" value="1" />
  </edge>
  <edge from="UNDERGO" to="TREATMENT">
    <attribute name="TEXT" value="1" />
  </edge>
  <edge from="UNDERWENT" to="BYPASS">
    <attribute name="TEXT" value="1" />
  </edge>
  <edge from="UNITED" to="STATES">
    <attribute name="TEXT" value="1" />
  </edge>
</graph>
