<graph>
  <node id="ACCESS">
    <attribute name="FREQUENCY" value="1" />
  </node>
  <node id="ACCOUNT">
    <attribute name="FREQUENCY" value="1" />
  </node>
  <node id="ADHERE">
    <attribute name="FREQUENCY" value="1" />
  </node>
  <node id="AFFECT">
    <attribute name="FREQUENCY" value="1" />
  </node>
  <node id="AGED">
    <attribute name="FREQUENCY" value="1" />
  </node>
  <node id="ANNALS">
    <attribute name="FREQUENCY" value="2" />
  </node>
  <node id="ARRAY">
    <attribute name="FREQUENCY" value="1" />
  </node>
  <node id="ASSESSED">
    <attribute name="FREQUENCY" value="1" />
  </node>
  <node id="ATTACK">
    <attribute name="FREQUENCY" value="9" />
  </node>
  <node id="AUTHOR">
    <attribute name="FREQUENCY" value="2" />
  </node>
  <node id="BASED">
    <attribute name="FREQUENCY" value="1" />
  </node>
  <node id="BIZ">
    <attribute name="FREQUENCY" value="4" />
  </node>
  <node id="BLOOD">
    <attribute name="FREQUENCY" value="4" />
  </node>
  <node id="CANCER">
    <attribute name="FREQUENCY" value="4" />
  </node>
  <node id="CARDIAC">
    <attribute name="FREQUENCY" value="1" />
  </node>
  <node id="CARE">
    <attribute name="FREQUENCY" value="4" />
  </node>
  <node id="CLASS">
    <attribute name="FREQUENCY" value="9" />
  </node>
  <node id="CLEAR">
    <attribute name="FREQUENCY" value="1" />
  </node>
  <node id="CLINICAL">
    <attribute name="FREQUENCY" value="1" />
  </node>
  <node id="CLUES">
    <attribute name="FREQUENCY" value="4" />
  </node>
  <node id="COMMENTS">
    <attribute name="FREQUENCY" value="2" />
  </node>
  <node id="COMPARED">
    <attribute name="FREQUENCY" value="2" />
  </node>
  <node id="CONCLUDED">
    <attribute name="FREQUENCY" value="1" />
  </node>
  <node id="CONNECTICUT">
    <attribute name="FREQUENCY" value="1" />
  </node>
  <node id="CONSIDERED">
    <attribute name="FREQUENCY" value="3" />
  </node>
  <node id="CONTROL">
    <attribute name="FREQUENCY" value="1" />
  </node>
  <node id="CURRENT">
    <attribute name="FREQUENCY" value="1" />
  </node>
  <node id="DEATH">
    <attribute name="FREQUENCY" value="1" />
  </node>
  <node id="DEPARTMENT">
    <attribute name="FREQUENCY" value="1" />
  </node>
  <node id="DEPRESSION">
    <attribute name="FREQUENCY" value="1" />
  </node>
  <node id="DIABETES">
    <attribute name="FREQUENCY" value="1" />
  </node>
  <node id="DIFFERENTIAL">
    <attribute name="FREQUENCY" value="1" />
  </node>
  <node id="DISEASE">
    <attribute name="FREQUENCY" value="1" />
  </node>
  <node id="DOCTORS">
    <attribute name="FREQUENCY" value="1" />
  </node>
  <node id="EDT">
    <attribute name="FREQUENCY" value="1" />
  </node>
  <node id="EDUCATED">
    <attribute name="FREQUENCY" value="2" />
  </node>
  <node id="EDUCATION">
    <attribute name="FREQUENCY" value="7" />
  </node>
  <node id="EMERGED">
    <attribute name="FREQUENCY" value="1" />
  </node>
  <node id="ENCOURAGE">
    <attribute name="FREQUENCY" value="1" />
  </node>
  <node id="ENTERTAIN">
    <attribute name="FREQUENCY" value="4" />
  </node>
  <node id="FACTORS">
    <attribute name="FREQUENCY" value="2" />
  </node>
  <node id="FARED">
    <attribute name="FREQUENCY" value="1" />
  </node>
  <node id="FUNCTION">
    <attribute name="FREQUENCY" value="1" />
  </node>
  <node id="GENE">
    <attribute name="FREQUENCY" value="4" />
  </node>
  <node id="GRADE">
    <attribute name="FREQUENCY" value="1" />
  </node>
  <node id="HAVEN">
    <attribute name="FREQUENCY" value="1" />
  </node>
  <node id="HEADLINES">
    <attribute name="FREQUENCY" value="1" />
  </node>
  <node id="HEALTH">
    <attribute name="FREQUENCY" value="8" />
  </node>
  <node id="HEART">
    <attribute name="FREQUENCY" value="9" />
  </node>
  <node id="HIGH">
    <attribute name="FREQUENCY" value="6" />
  </node>
  <node id="HIGHER">
    <attribute name="FREQUENCY" value="2" />
  </node>
  <node id="HOST">
    <attribute name="FREQUENCY" value="1" />
  </node>
  <node id="HTML">
    <attribute name="FREQUENCY" value="1" />
  </node>
  <node id="ICKOVICS">
    <attribute name="FREQUENCY" value="1" />
  </node>
  <node id="ILLNESS">
    <attribute name="FREQUENCY" value="1" />
  </node>
  <node id="IMPROVEMENT">
    <attribute name="FREQUENCY" value="1" />
  </node>
  <node id="INCLUDING">
    <attribute name="FREQUENCY" value="1" />
  </node>
  <node id="INFLUENCE">
    <attribute name="FREQUENCY" value="2" />
  </node>
  <node id="INFLUENCED">
    <attribute name="FREQUENCY" value="1" />
  </node>
  <node id="INFO">
    <attribute name="FREQUENCY" value="2" />
  </node>
  <node id="INTERNAL">
    <attribute name="FREQUENCY" value="3" />
  </node>
  <node id="ISSUE">
    <attribute name="FREQUENCY" value="1" />
  </node>
  <node id="JEANNETTE">
    <attribute name="FREQUENCY" value="1" />
  </node>
  <node id="JOB">
    <attribute name="FREQUENCY" value="3" />
  </node>
  <node id="KEEPING">
    <attribute name="FREQUENCY" value="1" />
  </node>
  <node id="LEAD">
    <attribute name="FREQUENCY" value="1" />
  </node>
  <node id="LESS-EDUCATED">
    <attribute name="FREQUENCY" value="1" />
  </node>
  <node id="LEVELS">
    <attribute name="FREQUENCY" value="2" />
  </node>
  <node id="LIMITED">
    <attribute name="FREQUENCY" value="1" />
  </node>
  <node id="LOWER">
    <attribute name="FREQUENCY" value="2" />
  </node>
  <node id="MANAGERIAL">
    <attribute name="FREQUENCY" value="2" />
  </node>
  <node id="MEDICINE">
    <attribute name="FREQUENCY" value="3" />
  </node>
  <node id="MEN">
    <attribute name="FREQUENCY" value="10" />
  </node>
  <node id="MIDDLE">
    <attribute name="FREQUENCY" value="2" />
  </node>
  <node id="NEWS">
    <attribute name="FREQUENCY" value="4" />
  </node>
  <node id="NOTED">
    <attribute name="FREQUENCY" value="1" />
  </node>
  <node id="OCCUPATION">
    <attribute name="FREQUENCY" value="1" />
  </node>
  <node id="OCTOBER">
    <attribute name="FREQUENCY" value="1" />
  </node>
  <node id="PAR">
    <attribute name="FREQUENCY" value="1" />
  </node>
  <node id="PART">
    <attribute name="FREQUENCY" value="1" />
  </node>
  <node id="PATIENTS">
    <attribute name="FREQUENCY" value="1" />
  </node>
  <node id="PEERS">
    <attribute name="FREQUENCY" value="1" />
  </node>
  <node id="PERSISTENT">
    <attribute name="FREQUENCY" value="1" />
  </node>
  <node id="PM">
    <attribute name="FREQUENCY" value="1" />
  </node>
  <node id="POLITIC">
    <attribute name="FREQUENCY" value="4" />
  </node>
  <node id="PREDICTOR">
    <attribute name="FREQUENCY" value="1" />
  </node>
  <node id="PRESSURE">
    <attribute name="FREQUENCY" value="4" />
  </node>
  <node id="PROFESSIONAL">
    <attribute name="FREQUENCY" value="2" />
  </node>
  <node id="PROTECTION">
    <attribute name="FREQUENCY" value="4" />
  </node>
  <node id="QUALITY">
    <attribute name="FREQUENCY" value="2" />
  </node>
  <node id="QUESTIONS">
    <attribute name="FREQUENCY" value="2" />
  </node>
  <node id="QUITTING">
    <attribute name="FREQUENCY" value="1" />
  </node>
  <node id="REASON">
    <attribute name="FREQUENCY" value="1" />
  </node>
  <node id="RECEIVED">
    <attribute name="FREQUENCY" value="1" />
  </node>
  <node id="RECOMMENDATIONS">
    <attribute name="FREQUENCY" value="1" />
  </node>
  <node id="RECOVER">
    <attribute name="FREQUENCY" value="1" />
  </node>
  <node id="RECOVERY">
    <attribute name="FREQUENCY" value="4" />
  </node>
  <node id="REPORT">
    <attribute name="FREQUENCY" value="2" />
  </node>
  <node id="RESEARCHERS">
    <attribute name="FREQUENCY" value="1" />
  </node>
  <node id="RESULTS">
    <attribute name="FREQUENCY" value="1" />
  </node>
  <node id="REUTERS">
    <attribute name="FREQUENCY" value="2" />
  </node>
  <node id="RISK">
    <attribute name="FREQUENCY" value="6" />
  </node>
  <node id="SCHOOL">
    <attribute name="FREQUENCY" value="4" />
  </node>
  <node id="SCOREBOARD">
    <attribute name="FREQUENCY" value="4" />
  </node>
  <node id="SIMILAR">
    <attribute name="FREQUENCY" value="1" />
  </node>
  <node id="SMOKING">
    <attribute name="FREQUENCY" value="4" />
  </node>
  <node id="SOCIAL">
    <attribute name="FREQUENCY" value="5" />
  </node>
  <node id="SOCIOECONOMIC">
    <attribute name="FREQUENCY" value="1" />
  </node>
  <node id="SOURCE">
    <attribute name="FREQUENCY" value="1" />
  </node>
  <node id="SPORT">
    <attribute name="FREQUENCY" value="4" />
  </node>
  <node id="STAY">
    <attribute name="FREQUENCY" value="1" />
  </node>
  <node id="STORIES">
    <attribute name="FREQUENCY" value="1" />
  </node>
  <node id="STORY">
    <attribute name="FREQUENCY" value="4" />
  </node>
  <node id="STRESS">
    <attribute name="FREQUENCY" value="1" />
  </node>
  <node id="STROKE">
    <attribute name="FREQUENCY" value="4" />
  </node>
  <node id="STRONGLY">
    <attribute name="FREQUENCY" value="1" />
  </node>
  <node id="STUDY">
    <attribute name="FREQUENCY" value="3" />
  </node>
  <node id="TAMKINS">
    <attribute name="FREQUENCY" value="1" />
  </node>
  <node id="TECH">
    <attribute name="FREQUENCY" value="4" />
  </node>
  <node id="TEND">
    <attribute name="FREQUENCY" value="1" />
  </node>
  <node id="TESTICULAR">
    <attribute name="FREQUENCY" value="4" />
  </node>
  <node id="TEXT">
    <attribute name="FREQUENCY" value="1" />
  </node>
  <node id="THERESA">
    <attribute name="FREQUENCY" value="1" />
  </node>
  <node id="TREATMENT">
    <attribute name="FREQUENCY" value="1" />
  </node>
  <node id="TRIAL">
    <attribute name="FREQUENCY" value="1" />
  </node>
  <node id="TRUE">
    <attribute name="FREQUENCY" value="1" />
  </node>
  <node id="TUMOR">
    <attribute name="FREQUENCY" value="4" />
  </node>
  <node id="UNIVERSITY">
    <attribute name="FREQUENCY" value="1" />
  </node>
  <node id="VARIETY">
    <attribute name="FREQUENCY" value="1" />
  </node>
  <node id="WEDNESDAY">
    <attribute name="FREQUENCY" value="1" />
  </node>
  <node id="WRITE">
    <attribute name="FREQUENCY" value="2" />
  </node>
  <node id="WROTE">
    <attribute name="FREQUENCY" value="1" />
  </node>
  <node id="YAHOO">
    <attribute name="FREQUENCY" value="4" />
  </node>
  <node id="YALE">
    <attribute name="FREQUENCY" value="1" />
  </node>
  <node id="YEAR">
    <attribute name="FREQUENCY" value="1" />
  </node>
  <node id="YORK">
    <attribute name="FREQUENCY" value="1" />
  </node>
  <edge from="ACCOUNT" to="HOST">
    <attribute name="TEXT" value="1" />
  </edge>
  <edge from="AFFECT" to="HEART">
    <attribute name="TEXT" value="1" />
  </edge>
  <edge from="ATTACK" to="COMPARED">
    <attribute name="TEXT" value="2" />
  </edge>
  <edge from="ATTACK" to="PATIENTS">
    <attribute name="TEXT" value="1" />
  </edge>
  <edge from="ATTACK" to="RECOVERY">
    <attribute name="TEXT" value="3" />
    <attribute name="KEYWORDS" value="1" />
  </edge>
  <edge from="ATTACK" to="RECOVERY">
    <attribute name="TEXT" value="3" />
    <attribute name="KEYWORDS" value="1" />
  </edge>
  <edge from="ATTACK" to="TREATMENT">
    <attribute name="TEXT" value="1" />
  </edge>
  <edge from="AUTHOR" to="CONCLUDED">
    <attribute name="TEXT" value="1" />
  </edge>
  <edge from="BLOOD" to="PRESSURE">
    <attribute name="TEXT" value="4" />
  </edge>
  <edge from="CANCER" to="RISK">
    <attribute name="TEXT" value="2" />
    <attribute name="LINKS" value="2" />
  </edge>
  <edge from="CANCER" to="RISK">
    <attribute name="TEXT" value="2" />
    <attribute name="LINKS" value="2" />
  </edge>
  <edge from="CARDIAC" to="FUNCTION">
    <attribute name="TEXT" value="1" />
  </edge>
  <edge from="CLASS" to="MEN">
    <attribute name="TEXT" value="3" />
  </edge>
  <edge from="CLINICAL" to="TRIAL">
    <attribute name="TEXT" value="1" />
  </edge>
  <edge from="CONSIDERED" to="HIGHER">
    <attribute name="TEXT" value="1" />
  </edge>
  <edge from="CONSIDERED" to="MIDDLE">
    <attribute name="TEXT" value="1" />
  </edge>
  <edge from="CURRENT" to="ISSUE">
    <attribute name="TEXT" value="1" />
  </edge>
  <edge from="DEPRESSION" to="HIGH">
    <attribute name="TEXT" value="1" />
  </edge>
  <edge from="DIFFERENTIAL" to="QUALITY">
    <attribute name="TEXT" value="1" />
  </edge>
  <edge from="EDUCATION" to="LEVELS">
    <attribute name="TEXT" value="1" />
  </edge>
  <edge from="EDUCATION" to="TEND">
    <attribute name="TEXT" value="1" />
  </edge>
  <edge from="GENE" to="CLUES">
    <attribute name="TEXT" value="4" />
    <attribute name="LINKS" value="4" />
  </edge>
  <edge from="GENE" to="CLUES">
    <attribute name="TEXT" value="4" />
    <attribute name="LINKS" value="4" />
  </edge>
  <edge from="GRADE" to="SCHOOL">
    <attribute name="TEXT" value="1" />
  </edge>
  <edge from="HAVEN" to="CONNECTICUT">
    <attribute name="TEXT" value="1" />
  </edge>
  <edge from="HEALTH" to="CARE">
    <attribute name="TEXT" value="2" />
  </edge>
  <edge from="HEALTH" to="FACTORS">
    <attribute name="TEXT" value="1" />
  </edge>
  <edge from="HEALTH" to="RECOMMENDATIONS">
    <attribute name="TEXT" value="1" />
  </edge>
  <edge from="HEALTH" to="STORIES">
    <attribute name="TEXT" value="1" />
  </edge>
  <edge from="HEART" to="ATTACK">
    <attribute name="TEXT" value="8" />
    <attribute name="KEYWORDS" value="1" />
  </edge>
  <edge from="HEART" to="ATTACK">
    <attribute name="TEXT" value="8" />
    <attribute name="KEYWORDS" value="1" />
  </edge>
  <edge from="HIGH" to="BLOOD">
    <attribute name="TEXT" value="3" />
  </edge>
  <edge from="HIGH" to="LEVELS">
    <attribute name="TEXT" value="1" />
  </edge>
  <edge from="HIGH" to="SCHOOL">
    <attribute name="TEXT" value="2" />
  </edge>
  <edge from="HIGHER" to="CLASS">
    <attribute name="TEXT" value="1" />
  </edge>
  <edge from="HIGHER" to="SOCIAL">
    <attribute name="TEXT" value="1" />
  </edge>
  <edge from="INCLUDING" to="STRESS">
    <attribute name="TEXT" value="1" />
  </edge>
  <edge from="INFLUENCE" to="HEART">
    <attribute name="TEXT" value="1" />
  </edge>
  <edge from="INFLUENCE" to="SOCIAL">
    <attribute name="TEXT" value="1" />
  </edge>
  <edge from="INTERNAL" to="MEDICINE">
    <attribute name="TEXT" value="3" />
  </edge>
  <edge from="JOB" to="FARED">
    <attribute name="TEXT" value="1" />
  </edge>
  <edge from="KEEPING" to="BLOOD">
    <attribute name="TEXT" value="1" />
  </edge>
  <edge from="LEAD" to="STUDY">
    <attribute name="TEXT" value="1" />
  </edge>
  <edge from="LESS-EDUCATED" to="PEERS">
    <attribute name="TEXT" value="1" />
  </edge>
  <edge from="LEVELS" to="JOB">
    <attribute name="TEXT" value="1" />
  </edge>
  <edge from="LOWER" to="CLASS">
    <attribute name="TEXT" value="1" />
  </edge>
  <edge from="LOWER" to="SOCIOECONOMIC">
    <attribute name="TEXT" value="1" />
  </edge>
  <edge from="MEDICINE" to="DEPARTMENT">
    <attribute name="TEXT" value="1" />
  </edge>
  <edge from="MEN" to="AGED">
    <attribute name="TEXT" value="1" />
  </edge>
  <edge from="MIDDLE" to="CLASS">
    <attribute name="TEXT" value="2" />
  </edge>
  <edge from="NOTED" to="LEAD">
    <attribute name="TEXT" value="1" />
  </edge>
  <edge from="PERSISTENT" to="PREDICTOR">
    <attribute name="TEXT" value="1" />
  </edge>
  <edge from="PM" to="EDT">
    <attribute name="TEXT" value="1" />
  </edge>
  <edge from="PRESSURE" to="SMOKING">
    <attribute name="TEXT" value="1" />
  </edge>
  <edge from="PROFESSIONAL" to="JOB">
    <attribute name="TEXT" value="1" />
  </edge>
  <edge from="QUITTING" to="SMOKING">
    <attribute name="TEXT" value="1" />
  </edge>
  <edge from="RECEIVED" to="SIMILAR">
    <attribute name="TEXT" value="1" />
  </edge>
  <edge from="RECOVERY" to="INCLUDING">
    <attribute name="TEXT" value="1" />
  </edge>
  <edge from="REUTERS" to="LIMITED">
    <attribute name="TEXT" value="1" />
  </edge>
  <edge from="RISK" to="FACTORS">
    <attribute name="TEXT" value="1" />
  </edge>
  <edge from="SCHOOL" to="EDUCATION">
    <attribute name="TEXT" value="2" />
  </edge>
  <edge from="SIMILAR" to="CARE">
    <attribute name="TEXT" value="1" />
  </edge>
  <edge from="SMOKING" to="HIGH">
    <attribute name="TEXT" value="1" />
  </edge>
  <edge from="SOCIAL" to="CLASS">
    <attribute name="TEXT" value="4" />
  </edge>
  <edge from="SOCIOECONOMIC" to="CLASS">
    <attribute name="TEXT" value="1" />
  </edge>
  <edge from="STORIES" to="SOCIAL">
    <attribute name="TEXT" value="1" />
  </edge>
  <edge from="STRESS" to="DEPRESSION">
    <attribute name="TEXT" value="1" />
  </edge>
  <edge from="STROKE" to="PROTECTION">
    <attribute name="TEXT" value="2" />
    <attribute name="LINKS" value="2" />
  </edge>
  <edge from="STROKE" to="PROTECTION">
    <attribute name="TEXT" value="2" />
    <attribute name="LINKS" value="2" />
  </edge>
  <edge from="STRONGLY" to="INFLUENCED">
    <attribute name="TEXT" value="1" />
  </edge>
  <edge from="STUDY" to="AUTHOR">
    <attribute name="TEXT" value="1" />
  </edge>
  <edge from="TESTICULAR" to="TUMOR">
    <attribute name="TEXT" value="4" />
    <attribute name="LINKS" value="4" />
  </edge>
  <edge from="TESTICULAR" to="TUMOR">
    <attribute name="TEXT" value="4" />
    <attribute name="LINKS" value="4" />
  </edge>
  <edge from="TEXT" to="HEADLINES">
    <attribute name="TEXT" value="1" />
  </edge>
  <edge from="THERESA" to="TAMKINS">
    <attribute name="TEXT" value="1" />
  </edge>
  <edge from="WEDNESDAY" to="OCTOBER">
    <attribute name="TEXT" value="1" />
  </edge>
  <edge from="YALE" to="UNIVERSITY">
    <attribute name="TEXT" value="1" />
  </edge>
</graph>
