<graph>
  <node id="ABILITY">
    <attribute name="FREQUENCY" value="1" />
  </node>
  <node id="ABLE">
    <attribute name="FREQUENCY" value="1" />
  </node>
  <node id="ABORTION">
    <attribute name="FREQUENCY" value="1" />
  </node>
  <node id="ACTIVITY">
    <attribute name="FREQUENCY" value="1" />
  </node>
  <node id="ADD">
    <attribute name="FREQUENCY" value="1" />
  </node>
  <node id="ADDITIONAL">
    <attribute name="FREQUENCY" value="1" />
  </node>
  <node id="ADDITIVE">
    <attribute name="FREQUENCY" value="1" />
  </node>
  <node id="ADJUNCT">
    <attribute name="FREQUENCY" value="1" />
  </node>
  <node id="AGO">
    <attribute name="FREQUENCY" value="1" />
  </node>
  <node id="AMNION">
    <attribute name="FREQUENCY" value="2" />
  </node>
  <node id="APPEARS">
    <attribute name="FREQUENCY" value="1" />
  </node>
  <node id="APPLICATIONS">
    <attribute name="FREQUENCY" value="2" />
  </node>
  <node id="ATTACK">
    <attribute name="FREQUENCY" value="2" />
  </node>
  <node id="AUTHOR">
    <attribute name="FREQUENCY" value="1" />
  </node>
  <node id="BABY">
    <attribute name="FREQUENCY" value="2" />
  </node>
  <node id="BASIC">
    <attribute name="FREQUENCY" value="1" />
  </node>
  <node id="BIOLOGY">
    <attribute name="FREQUENCY" value="2" />
  </node>
  <node id="BIZ">
    <attribute name="FREQUENCY" value="4" />
  </node>
  <node id="BLOOD">
    <attribute name="FREQUENCY" value="1" />
  </node>
  <node id="BODY">
    <attribute name="FREQUENCY" value="1" />
  </node>
  <node id="CALF">
    <attribute name="FREQUENCY" value="1" />
  </node>
  <node id="CALLED">
    <attribute name="FREQUENCY" value="3" />
  </node>
  <node id="CANCER">
    <attribute name="FREQUENCY" value="4" />
  </node>
  <node id="CELLS">
    <attribute name="FREQUENCY" value="6" />
  </node>
  <node id="CHILD">
    <attribute name="FREQUENCY" value="1" />
  </node>
  <node id="COLLEAGUES">
    <attribute name="FREQUENCY" value="1" />
  </node>
  <node id="COMBINATION">
    <attribute name="FREQUENCY" value="1" />
  </node>
  <node id="COMMENTS">
    <attribute name="FREQUENCY" value="2" />
  </node>
  <node id="COMPOUND">
    <attribute name="FREQUENCY" value="4" />
  </node>
  <node id="CONCENTRATION">
    <attribute name="FREQUENCY" value="1" />
  </node>
  <node id="COUNTER-REGULATE">
    <attribute name="FREQUENCY" value="1" />
  </node>
  <node id="COVERS">
    <attribute name="FREQUENCY" value="1" />
  </node>
  <node id="CULTURED">
    <attribute name="FREQUENCY" value="1" />
  </node>
  <node id="DEFEND">
    <attribute name="FREQUENCY" value="1" />
  </node>
  <node id="DEPRESSION">
    <attribute name="FREQUENCY" value="4" />
  </node>
  <node id="DISCOVERED">
    <attribute name="FREQUENCY" value="1" />
  </node>
  <node id="DOOR">
    <attribute name="FREQUENCY" value="1" />
  </node>
  <node id="EARLIER">
    <attribute name="FREQUENCY" value="1" />
  </node>
  <node id="EDT">
    <attribute name="FREQUENCY" value="1" />
  </node>
  <node id="ENTERTAIN">
    <attribute name="FREQUENCY" value="4" />
  </node>
  <node id="EXPLAINING">
    <attribute name="FREQUENCY" value="1" />
  </node>
  <node id="EXPLORATION">
    <attribute name="FREQUENCY" value="1" />
  </node>
  <node id="FACTORS">
    <attribute name="FREQUENCY" value="6" />
  </node>
  <node id="FETAL">
    <attribute name="FREQUENCY" value="5" />
  </node>
  <node id="FETCH-U-IN">
    <attribute name="FREQUENCY" value="1" />
  </node>
  <node id="FETUIN">
    <attribute name="FREQUENCY" value="5" />
  </node>
  <node id="FETUS">
    <attribute name="FREQUENCY" value="7" />
  </node>
  <node id="FIGHT">
    <attribute name="FREQUENCY" value="4" />
  </node>
  <node id="FINDINGS">
    <attribute name="FREQUENCY" value="2" />
  </node>
  <node id="FOREIGN">
    <attribute name="FREQUENCY" value="3" />
  </node>
  <node id="FUNCTION">
    <attribute name="FREQUENCY" value="2" />
  </node>
  <node id="GRAFT">
    <attribute name="FREQUENCY" value="1" />
  </node>
  <node id="GRANDCHILDREN">
    <attribute name="FREQUENCY" value="4" />
  </node>
  <node id="GROWING">
    <attribute name="FREQUENCY" value="1" />
  </node>
  <node id="GROWN">
    <attribute name="FREQUENCY" value="1" />
  </node>
  <node id="HEADLINES">
    <attribute name="FREQUENCY" value="1" />
  </node>
  <node id="HEALTH">
    <attribute name="FREQUENCY" value="4" />
  </node>
  <node id="HIDE">
    <attribute name="FREQUENCY" value="2" />
  </node>
  <node id="HIGH">
    <attribute name="FREQUENCY" value="3" />
  </node>
  <node id="HIKE">
    <attribute name="FREQUENCY" value="4" />
  </node>
  <node id="HOSPITAL">
    <attribute name="FREQUENCY" value="1" />
  </node>
  <node id="HTML">
    <attribute name="FREQUENCY" value="1" />
  </node>
  <node id="HUMAN">
    <attribute name="FREQUENCY" value="1" />
  </node>
  <node id="IDEALLY">
    <attribute name="FREQUENCY" value="1" />
  </node>
  <node id="IMMUNE">
    <attribute name="FREQUENCY" value="8" />
  </node>
  <node id="IMPORTANT">
    <attribute name="FREQUENCY" value="1" />
  </node>
  <node id="INEXPLICABLY">
    <attribute name="FREQUENCY" value="1" />
  </node>
  <node id="INFO">
    <attribute name="FREQUENCY" value="2" />
  </node>
  <node id="INHIBIT">
    <attribute name="FREQUENCY" value="4" />
  </node>
  <node id="INITIALLY">
    <attribute name="FREQUENCY" value="1" />
  </node>
  <node id="INSIDE">
    <attribute name="FREQUENCY" value="1" />
  </node>
  <node id="INSTITUTE">
    <attribute name="FREQUENCY" value="1" />
  </node>
  <node id="KEVIN">
    <attribute name="FREQUENCY" value="1" />
  </node>
  <node id="KEY">
    <attribute name="FREQUENCY" value="1" />
  </node>
  <node id="KIDNEY">
    <attribute name="FREQUENCY" value="1" />
  </node>
  <node id="LACK">
    <attribute name="FREQUENCY" value="1" />
  </node>
  <node id="LANCET">
    <attribute name="FREQUENCY" value="2" />
  </node>
  <node id="LETTER">
    <attribute name="FREQUENCY" value="1" />
  </node>
  <node id="LEVELS">
    <attribute name="FREQUENCY" value="2" />
  </node>
  <node id="LIMITED">
    <attribute name="FREQUENCY" value="1" />
  </node>
  <node id="LONG">
    <attribute name="FREQUENCY" value="2" />
  </node>
  <node id="LOST">
    <attribute name="FREQUENCY" value="1" />
  </node>
  <node id="MACROPHAGE">
    <attribute name="FREQUENCY" value="2" />
  </node>
  <node id="MANHASSET">
    <attribute name="FREQUENCY" value="1" />
  </node>
  <node id="MEDICAL">
    <attribute name="FREQUENCY" value="1" />
  </node>
  <node id="MELANOMA">
    <attribute name="FREQUENCY" value="4" />
  </node>
  <node id="MEMBRANE">
    <attribute name="FREQUENCY" value="1" />
  </node>
  <node id="MIMICKING">
    <attribute name="FREQUENCY" value="1" />
  </node>
  <node id="MISCARRIAGE">
    <attribute name="FREQUENCY" value="1" />
  </node>
  <node id="MOLECULES">
    <attribute name="FREQUENCY" value="1" />
  </node>
  <node id="MON">
    <attribute name="FREQUENCY" value="1" />
  </node>
  <node id="MOTHER">
    <attribute name="FREQUENCY" value="4" />
  </node>
  <node id="MYSTERY">
    <attribute name="FREQUENCY" value="1" />
  </node>
  <node id="NATURE">
    <attribute name="FREQUENCY" value="1" />
  </node>
  <node id="NECROSIS">
    <attribute name="FREQUENCY" value="1" />
  </node>
  <node id="NEUROSURGEON">
    <attribute name="FREQUENCY" value="1" />
  </node>
  <node id="NEWS">
    <attribute name="FREQUENCY" value="4" />
  </node>
  <node id="NORTH">
    <attribute name="FREQUENCY" value="1" />
  </node>
  <node id="OPEN">
    <attribute name="FREQUENCY" value="1" />
  </node>
  <node id="ORGAN">
    <attribute name="FREQUENCY" value="2" />
  </node>
  <node id="OUTSMARTED">
    <attribute name="FREQUENCY" value="1" />
  </node>
  <node id="PATHWAY">
    <attribute name="FREQUENCY" value="1" />
  </node>
  <node id="PATIENTS">
    <attribute name="FREQUENCY" value="1" />
  </node>
  <node id="PICOWER">
    <attribute name="FREQUENCY" value="1" />
  </node>
  <node id="PIVOTAL">
    <attribute name="FREQUENCY" value="1" />
  </node>
  <node id="PLACENTA">
    <attribute name="FREQUENCY" value="1" />
  </node>
  <node id="PLAY">
    <attribute name="FREQUENCY" value="1" />
  </node>
  <node id="PM">
    <attribute name="FREQUENCY" value="2" />
  </node>
  <node id="POISED">
    <attribute name="FREQUENCY" value="1" />
  </node>
  <node id="POLITIC">
    <attribute name="FREQUENCY" value="4" />
  </node>
  <node id="POLYAMINES">
    <attribute name="FREQUENCY" value="1" />
  </node>
  <node id="PREGNANCY">
    <attribute name="FREQUENCY" value="5" />
  </node>
  <node id="PREVENT">
    <attribute name="FREQUENCY" value="2" />
  </node>
  <node id="PROBLEMS">
    <attribute name="FREQUENCY" value="1" />
  </node>
  <node id="PROCESS">
    <attribute name="FREQUENCY" value="3" />
  </node>
  <node id="PRODUCE">
    <attribute name="FREQUENCY" value="1" />
  </node>
  <node id="PRODUCTION">
    <attribute name="FREQUENCY" value="3" />
  </node>
  <node id="PROFESSOR">
    <attribute name="FREQUENCY" value="1" />
  </node>
  <node id="PRONOUNCED">
    <attribute name="FREQUENCY" value="1" />
  </node>
  <node id="PROTECT">
    <attribute name="FREQUENCY" value="5" />
  </node>
  <node id="PUT">
    <attribute name="FREQUENCY" value="1" />
  </node>
  <node id="QUESTIONS">
    <attribute name="FREQUENCY" value="2" />
  </node>
  <node id="RAISE">
    <attribute name="FREQUENCY" value="4" />
  </node>
  <node id="REGULATE">
    <attribute name="FREQUENCY" value="1" />
  </node>
  <node id="REJECTED">
    <attribute name="FREQUENCY" value="1" />
  </node>
  <node id="REJECTING">
    <attribute name="FREQUENCY" value="1" />
  </node>
  <node id="REJECTION">
    <attribute name="FREQUENCY" value="1" />
  </node>
  <node id="REJECTS">
    <attribute name="FREQUENCY" value="2" />
  </node>
  <node id="RELATED">
    <attribute name="FREQUENCY" value="1" />
  </node>
  <node id="RESEARCH">
    <attribute name="FREQUENCY" value="2" />
  </node>
  <node id="RESEARCHERS">
    <attribute name="FREQUENCY" value="1" />
  </node>
  <node id="REUTERS">
    <attribute name="FREQUENCY" value="2" />
  </node>
  <node id="RISK">
    <attribute name="FREQUENCY" value="5" />
  </node>
  <node id="ROLE">
    <attribute name="FREQUENCY" value="1" />
  </node>
  <node id="SCAVENGER">
    <attribute name="FREQUENCY" value="1" />
  </node>
  <node id="SCOREBOARD">
    <attribute name="FREQUENCY" value="4" />
  </node>
  <node id="SEP">
    <attribute name="FREQUENCY" value="1" />
  </node>
  <node id="SEPTEMBER">
    <attribute name="FREQUENCY" value="1" />
  </node>
  <node id="SERUM">
    <attribute name="FREQUENCY" value="1" />
  </node>
  <node id="SHORE">
    <attribute name="FREQUENCY" value="1" />
  </node>
  <node id="SIDE">
    <attribute name="FREQUENCY" value="1" />
  </node>
  <node id="SOMEDAY">
    <attribute name="FREQUENCY" value="1" />
  </node>
  <node id="SORT">
    <attribute name="FREQUENCY" value="1" />
  </node>
  <node id="SOURCE">
    <attribute name="FREQUENCY" value="1" />
  </node>
  <node id="SPECULATE">
    <attribute name="FREQUENCY" value="1" />
  </node>
  <node id="SPERMINE">
    <attribute name="FREQUENCY" value="7" />
  </node>
  <node id="SPONTANEOUS">
    <attribute name="FREQUENCY" value="1" />
  </node>
  <node id="SPORT">
    <attribute name="FREQUENCY" value="4" />
  </node>
  <node id="STEP">
    <attribute name="FREQUENCY" value="1" />
  </node>
  <node id="STORIES">
    <attribute name="FREQUENCY" value="2" />
  </node>
  <node id="STORY">
    <attribute name="FREQUENCY" value="4" />
  </node>
  <node id="STUDY">
    <attribute name="FREQUENCY" value="2" />
  </node>
  <node id="SUGGESTS">
    <attribute name="FREQUENCY" value="1" />
  </node>
  <node id="SYSTEM">
    <attribute name="FREQUENCY" value="7" />
  </node>
  <node id="TAMKINS">
    <attribute name="FREQUENCY" value="1" />
  </node>
  <node id="TECH">
    <attribute name="FREQUENCY" value="4" />
  </node>
  <node id="TEXT">
    <attribute name="FREQUENCY" value="1" />
  </node>
  <node id="THERESA">
    <attribute name="FREQUENCY" value="1" />
  </node>
  <node id="THROUGHOUT">
    <attribute name="FREQUENCY" value="1" />
  </node>
  <node id="TISSUE">
    <attribute name="FREQUENCY" value="3" />
  </node>
  <node id="TNF">
    <attribute name="FREQUENCY" value="6" />
  </node>
  <node id="TRACED">
    <attribute name="FREQUENCY" value="1" />
  </node>
  <node id="TRACEY">
    <attribute name="FREQUENCY" value="6" />
  </node>
  <node id="TRANSPLANT">
    <attribute name="FREQUENCY" value="4" />
  </node>
  <node id="TREATMENT">
    <attribute name="FREQUENCY" value="2" />
  </node>
  <node id="TUESDAY">
    <attribute name="FREQUENCY" value="1" />
  </node>
  <node id="TUMOR">
    <attribute name="FREQUENCY" value="5" />
  </node>
  <node id="UNDERSTAND">
    <attribute name="FREQUENCY" value="1" />
  </node>
  <node id="UNIVERSITY">
    <attribute name="FREQUENCY" value="1" />
  </node>
  <node id="UNKNOWN">
    <attribute name="FREQUENCY" value="1" />
  </node>
  <node id="VITAMIN">
    <attribute name="FREQUENCY" value="4" />
  </node>
  <node id="WEAPONS">
    <attribute name="FREQUENCY" value="1" />
  </node>
  <node id="WOMAN">
    <attribute name="FREQUENCY" value="1" />
  </node>
  <node id="WOMEN">
    <attribute name="FREQUENCY" value="1" />
  </node>
  <node id="WRITE">
    <attribute name="FREQUENCY" value="2" />
  </node>
  <node id="WROTE">
    <attribute name="FREQUENCY" value="1" />
  </node>
  <node id="YAHOO">
    <attribute name="FREQUENCY" value="4" />
  </node>
  <node id="YEAR">
    <attribute name="FREQUENCY" value="1" />
  </node>
  <node id="YORK">
    <attribute name="FREQUENCY" value="2" />
  </node>
  <edge from="ADDITIONAL" to="EXPLORATION">
    <attribute name="TEXT" value="1" />
  </edge>
  <edge from="ADJUNCT" to="PROFESSOR">
    <attribute name="TEXT" value="1" />
  </edge>
  <edge from="AUTHOR" to="WROTE">
    <attribute name="TEXT" value="1" />
  </edge>
  <edge from="BASIC" to="RESEARCH">
    <attribute name="TEXT" value="1" />
  </edge>
  <edge from="CALF" to="SERUM">
    <attribute name="TEXT" value="1" />
  </edge>
  <edge from="CALLED" to="NATURE">
    <attribute name="TEXT" value="1" />
  </edge>
  <edge from="CALLED" to="SPERMINE">
    <attribute name="TEXT" value="2" />
  </edge>
  <edge from="CANCER" to="CELLS">
    <attribute name="TEXT" value="1" />
  </edge>
  <edge from="CELLS" to="THROUGHOUT">
    <attribute name="TEXT" value="1" />
  </edge>
  <edge from="COMPOUND" to="CALLED">
    <attribute name="TEXT" value="1" />
  </edge>
  <edge from="COUNTER-REGULATE" to="TNF">
    <attribute name="TEXT" value="1" />
  </edge>
  <edge from="CULTURED" to="HUMAN">
    <attribute name="TEXT" value="1" />
  </edge>
  <edge from="DEPRESSION" to="RISK">
    <attribute name="TEXT" value="2" />
    <attribute name="LINKS" value="2" />
  </edge>
  <edge from="DEPRESSION" to="RISK">
    <attribute name="TEXT" value="2" />
    <attribute name="LINKS" value="2" />
  </edge>
  <edge from="EARLIER" to="RELATED">
    <attribute name="TEXT" value="1" />
  </edge>
  <edge from="FACTORS" to="PROTECT">
    <attribute name="TEXT" value="18" />
    <attribute name="LINKS" value="9" />
    <attribute name="KEYWORDS" value="9" />
  </edge>
  <edge from="FACTORS" to="PROTECT">
    <attribute name="TEXT" value="18" />
    <attribute name="LINKS" value="9" />
    <attribute name="KEYWORDS" value="9" />
  </edge>
  <edge from="FACTORS" to="PROTECT">
    <attribute name="TEXT" value="18" />
    <attribute name="LINKS" value="9" />
    <attribute name="KEYWORDS" value="9" />
  </edge>
  <edge from="FETAL" to="BLOOD">
    <attribute name="TEXT" value="1" />
  </edge>
  <edge from="FETAL" to="CALF">
    <attribute name="TEXT" value="1" />
  </edge>
  <edge from="FETAL" to="SIDE">
    <attribute name="TEXT" value="1" />
  </edge>
  <edge from="FETAL" to="TISSUE">
    <attribute name="TEXT" value="1" />
  </edge>
  <edge from="FETUIN" to="LEVELS">
    <attribute name="TEXT" value="1" />
  </edge>
  <edge from="FIGHT" to="MELANOMA">
    <attribute name="TEXT" value="2" />
    <attribute name="LINKS" value="2" />
  </edge>
  <edge from="FIGHT" to="MELANOMA">
    <attribute name="TEXT" value="2" />
    <attribute name="LINKS" value="2" />
  </edge>
  <edge from="FOREIGN" to="TISSUE">
    <attribute name="TEXT" value="2" />
  </edge>
  <edge from="GRANDCHILDREN" to="HIKE">
    <attribute name="TEXT" value="4" />
    <attribute name="LINKS" value="4" />
  </edge>
  <edge from="GRANDCHILDREN" to="HIKE">
    <attribute name="TEXT" value="4" />
    <attribute name="LINKS" value="4" />
  </edge>
  <edge from="HEALTH" to="STORIES">
    <attribute name="TEXT" value="1" />
  </edge>
  <edge from="HIGH" to="CONCENTRATION">
    <attribute name="TEXT" value="1" />
  </edge>
  <edge from="HIGH" to="LEVELS">
    <attribute name="TEXT" value="1" />
  </edge>
  <edge from="HIKE" to="DEPRESSION">
    <attribute name="TEXT" value="4" />
    <attribute name="LINKS" value="4" />
  </edge>
  <edge from="HIKE" to="DEPRESSION">
    <attribute name="TEXT" value="4" />
    <attribute name="LINKS" value="4" />
  </edge>
  <edge from="HUMAN" to="CELLS">
    <attribute name="TEXT" value="1" />
  </edge>
  <edge from="IDEALLY" to="POISED">
    <attribute name="TEXT" value="1" />
  </edge>
  <edge from="IMMUNE" to="ATTACK">
    <attribute name="TEXT" value="1" />
  </edge>
  <edge from="IMMUNE" to="SYSTEM">
    <attribute name="TEXT" value="7" />
  </edge>
  <edge from="IMPORTANT" to="REGULATE">
    <attribute name="TEXT" value="1" />
  </edge>
  <edge from="INEXPLICABLY" to="LOST">
    <attribute name="TEXT" value="1" />
  </edge>
  <edge from="INHIBIT" to="TNF">
    <attribute name="TEXT" value="3" />
  </edge>
  <edge from="INITIALLY" to="STUDY">
    <attribute name="TEXT" value="1" />
  </edge>
  <edge from="INSIDE" to="CELLS">
    <attribute name="TEXT" value="1" />
  </edge>
  <edge from="KEY" to="ROLE">
    <attribute name="TEXT" value="1" />
  </edge>
  <edge from="LANCET" to="SPERMINE">
    <attribute name="TEXT" value="1" />
  </edge>
  <edge from="MEDICAL" to="RESEARCH">
    <attribute name="TEXT" value="1" />
  </edge>
  <edge from="MON" to="SEP">
    <attribute name="TEXT" value="1" />
  </edge>
  <edge from="MOTHER" to="IMMUNE">
    <attribute name="TEXT" value="1" />
  </edge>
  <edge from="NATURE" to="TRANSPLANT">
    <attribute name="TEXT" value="1" />
  </edge>
  <edge from="NECROSIS" to="FACTORS">
    <attribute name="TEXT" value="1" />
  </edge>
  <edge from="NORTH" to="SHORE">
    <attribute name="TEXT" value="1" />
  </edge>
  <edge from="OPEN" to="DOOR">
    <attribute name="TEXT" value="1" />
  </edge>
  <edge from="ORGAN" to="TRANSPLANT">
    <attribute name="TEXT" value="1" />
  </edge>
  <edge from="PICOWER" to="INSTITUTE">
    <attribute name="TEXT" value="1" />
  </edge>
  <edge from="PIVOTAL" to="WEAPONS">
    <attribute name="TEXT" value="1" />
  </edge>
  <edge from="PLAY" to="KEY">
    <attribute name="TEXT" value="1" />
  </edge>
  <edge from="PM" to="EDT">
    <attribute name="TEXT" value="1" />
  </edge>
  <edge from="PREGNANCY" to="FACTORS">
    <attribute name="TEXT" value="6" />
    <attribute name="LINKS" value="3" />
    <attribute name="KEYWORDS" value="3" />
  </edge>
  <edge from="PREGNANCY" to="FACTORS">
    <attribute name="TEXT" value="6" />
    <attribute name="LINKS" value="3" />
    <attribute name="KEYWORDS" value="3" />
  </edge>
  <edge from="PREGNANCY" to="FACTORS">
    <attribute name="TEXT" value="6" />
    <attribute name="LINKS" value="3" />
    <attribute name="KEYWORDS" value="3" />
  </edge>
  <edge from="PREVENT" to="TRANSPLANT">
    <attribute name="TEXT" value="1" />
  </edge>
  <edge from="PREVENT" to="WOMAN">
    <attribute name="TEXT" value="1" />
  </edge>
  <edge from="PRODUCE" to="FETUIN">
    <attribute name="TEXT" value="1" />
  </edge>
  <edge from="PRONOUNCED" to="FETCH-U-IN">
    <attribute name="TEXT" value="1" />
  </edge>
  <edge from="PROTECT" to="FETUS">
    <attribute name="TEXT" value="6" />
    <attribute name="LINKS" value="3" />
    <attribute name="KEYWORDS" value="3" />
  </edge>
  <edge from="PROTECT" to="FETUS">
    <attribute name="TEXT" value="6" />
    <attribute name="LINKS" value="3" />
    <attribute name="KEYWORDS" value="3" />
  </edge>
  <edge from="PROTECT" to="FETUS">
    <attribute name="TEXT" value="6" />
    <attribute name="LINKS" value="3" />
    <attribute name="KEYWORDS" value="3" />
  </edge>
  <edge from="RAISE" to="GRANDCHILDREN">
    <attribute name="TEXT" value="4" />
    <attribute name="LINKS" value="4" />
  </edge>
  <edge from="RAISE" to="GRANDCHILDREN">
    <attribute name="TEXT" value="4" />
    <attribute name="LINKS" value="4" />
  </edge>
  <edge from="REGULATE" to="STEP">
    <attribute name="TEXT" value="1" />
  </edge>
  <edge from="REJECTING" to="FETAL">
    <attribute name="TEXT" value="1" />
  </edge>
  <edge from="RELATED" to="STORIES">
    <attribute name="TEXT" value="1" />
  </edge>
  <edge from="REUTERS" to="LIMITED">
    <attribute name="TEXT" value="1" />
  </edge>
  <edge from="SCAVENGER" to="CELLS">
    <attribute name="TEXT" value="1" />
  </edge>
  <edge from="SHORE" to="UNIVERSITY">
    <attribute name="TEXT" value="1" />
  </edge>
  <edge from="SOMEDAY" to="UNDERSTAND">
    <attribute name="TEXT" value="1" />
  </edge>
  <edge from="SPERMINE" to="INEXPLICABLY">
    <attribute name="TEXT" value="1" />
  </edge>
  <edge from="SPONTANEOUS" to="ABORTION">
    <attribute name="TEXT" value="1" />
  </edge>
  <edge from="STORIES" to="FETAL">
    <attribute name="TEXT" value="1" />
  </edge>
  <edge from="STUDY" to="SUGGESTS">
    <attribute name="TEXT" value="1" />
  </edge>
  <edge from="SYSTEM" to="ACTIVITY">
    <attribute name="TEXT" value="1" />
  </edge>
  <edge from="SYSTEM" to="ATTACK">
    <attribute name="TEXT" value="1" />
  </edge>
  <edge from="SYSTEM" to="MOLECULES">
    <attribute name="TEXT" value="1" />
  </edge>
  <edge from="SYSTEM" to="SCAVENGER">
    <attribute name="TEXT" value="1" />
  </edge>
  <edge from="TEXT" to="HEADLINES">
    <attribute name="TEXT" value="1" />
  </edge>
  <edge from="THERESA" to="TAMKINS">
    <attribute name="TEXT" value="1" />
  </edge>
  <edge from="TNF" to="PRODUCTION">
    <attribute name="TEXT" value="2" />
  </edge>
  <edge from="TRACEY" to="NEUROSURGEON">
    <attribute name="TEXT" value="1" />
  </edge>
  <edge from="TRANSPLANT" to="BIOLOGY">
    <attribute name="TEXT" value="1" />
  </edge>
  <edge from="TRANSPLANT" to="REJECTION">
    <attribute name="TEXT" value="1" />
  </edge>
  <edge from="TUESDAY" to="SEPTEMBER">
    <attribute name="TEXT" value="1" />
  </edge>
  <edge from="TUMOR" to="NECROSIS">
    <attribute name="TEXT" value="1" />
  </edge>
  <edge from="UNIVERSITY" to="HOSPITAL">
    <attribute name="TEXT" value="1" />
  </edge>
  <edge from="WOMAN" to="IMMUNE">
    <attribute name="TEXT" value="1" />
  </edge>
  <edge from="YEAR" to="AGO">
    <attribute name="TEXT" value="1" />
  </edge>
</graph>
