<graph>
  <node id="ACCRUING">
    <attribute name="FREQUENCY" value="1" />
  </node>
  <node id="ACKNOWLEDGE">
    <attribute name="FREQUENCY" value="1" />
  </node>
  <node id="ACTIVITY">
    <attribute name="FREQUENCY" value="1" />
  </node>
  <node id="ADDITION">
    <attribute name="FREQUENCY" value="1" />
  </node>
  <node id="AGE">
    <attribute name="FREQUENCY" value="4" />
  </node>
  <node id="AGE-ASSOCIATED">
    <attribute name="FREQUENCY" value="1" />
  </node>
  <node id="AGE-RELATED">
    <attribute name="FREQUENCY" value="1" />
  </node>
  <node id="ALZHEIMER">
    <attribute name="FREQUENCY" value="1" />
  </node>
  <node id="ANIMALS">
    <attribute name="FREQUENCY" value="4" />
  </node>
  <node id="APPRECIATED">
    <attribute name="FREQUENCY" value="1" />
  </node>
  <node id="ARISE">
    <attribute name="FREQUENCY" value="1" />
  </node>
  <node id="ARTICLE">
    <attribute name="FREQUENCY" value="1" />
  </node>
  <node id="BEHAVIOR">
    <attribute name="FREQUENCY" value="1" />
  </node>
  <node id="BENEFIT">
    <attribute name="FREQUENCY" value="1" />
  </node>
  <node id="BIZ">
    <attribute name="FREQUENCY" value="4" />
  </node>
  <node id="BODY">
    <attribute name="FREQUENCY" value="2" />
  </node>
  <node id="BRAIN">
    <attribute name="FREQUENCY" value="4" />
  </node>
  <node id="BREAST">
    <attribute name="FREQUENCY" value="1" />
  </node>
  <node id="BROAD">
    <attribute name="FREQUENCY" value="1" />
  </node>
  <node id="CALORIC">
    <attribute name="FREQUENCY" value="11" />
  </node>
  <node id="CALORICALLY">
    <attribute name="FREQUENCY" value="1" />
  </node>
  <node id="CALORIE">
    <attribute name="FREQUENCY" value="1" />
  </node>
  <node id="CANCER">
    <attribute name="FREQUENCY" value="1" />
  </node>
  <node id="CANCER-PRONE">
    <attribute name="FREQUENCY" value="1" />
  </node>
  <node id="CANDIDATE">
    <attribute name="FREQUENCY" value="1" />
  </node>
  <node id="CAPACITIES">
    <attribute name="FREQUENCY" value="1" />
  </node>
  <node id="CAUSED">
    <attribute name="FREQUENCY" value="1" />
  </node>
  <node id="CELLS">
    <attribute name="FREQUENCY" value="8" />
  </node>
  <node id="CELLULAR">
    <attribute name="FREQUENCY" value="1" />
  </node>
  <node id="CENTER">
    <attribute name="FREQUENCY" value="1" />
  </node>
  <node id="CFS">
    <attribute name="FREQUENCY" value="4" />
  </node>
  <node id="CITING">
    <attribute name="FREQUENCY" value="3" />
  </node>
  <node id="CLINICAL">
    <attribute name="FREQUENCY" value="1" />
  </node>
  <node id="CO-AUTHOR">
    <attribute name="FREQUENCY" value="1" />
  </node>
  <node id="COGNITIVE">
    <attribute name="FREQUENCY" value="1" />
  </node>
  <node id="COMMENTS">
    <attribute name="FREQUENCY" value="2" />
  </node>
  <node id="CONDITIONS">
    <attribute name="FREQUENCY" value="1" />
  </node>
  <node id="CONTROLLED">
    <attribute name="FREQUENCY" value="1" />
  </node>
  <node id="DALLAS">
    <attribute name="FREQUENCY" value="1" />
  </node>
  <node id="DAMAGE">
    <attribute name="FREQUENCY" value="5" />
  </node>
  <node id="DATA">
    <attribute name="FREQUENCY" value="1" />
  </node>
  <node id="DEFICIT">
    <attribute name="FREQUENCY" value="1" />
  </node>
  <node id="DEGENERATIVE">
    <attribute name="FREQUENCY" value="1" />
  </node>
  <node id="DETERMINE">
    <attribute name="FREQUENCY" value="1" />
  </node>
  <node id="DEVELOPMENT">
    <attribute name="FREQUENCY" value="1" />
  </node>
  <node id="DIABETES">
    <attribute name="FREQUENCY" value="1" />
  </node>
  <node id="DIET">
    <attribute name="FREQUENCY" value="2" />
  </node>
  <node id="DIETARY">
    <attribute name="FREQUENCY" value="1" />
  </node>
  <node id="DIFFICULT">
    <attribute name="FREQUENCY" value="1" />
  </node>
  <node id="DISEASE">
    <attribute name="FREQUENCY" value="6" />
  </node>
  <node id="DNA">
    <attribute name="FREQUENCY" value="2" />
  </node>
  <node id="EARLY">
    <attribute name="FREQUENCY" value="4" />
  </node>
  <node id="EARLY-ONSET">
    <attribute name="FREQUENCY" value="1" />
  </node>
  <node id="EDT">
    <attribute name="FREQUENCY" value="1" />
  </node>
  <node id="EDUCATION">
    <attribute name="FREQUENCY" value="1" />
  </node>
  <node id="EFFECT">
    <attribute name="FREQUENCY" value="1" />
  </node>
  <node id="ENERGY">
    <attribute name="FREQUENCY" value="1" />
  </node>
  <node id="ENGLAND">
    <attribute name="FREQUENCY" value="2" />
  </node>
  <node id="ENTERTAIN">
    <attribute name="FREQUENCY" value="4" />
  </node>
  <node id="EVIDENCE">
    <attribute name="FREQUENCY" value="4" />
  </node>
  <node id="EXPAND">
    <attribute name="FREQUENCY" value="1" />
  </node>
  <node id="EXPERIMENTS">
    <attribute name="FREQUENCY" value="1" />
  </node>
  <node id="EXPLAINS">
    <attribute name="FREQUENCY" value="1" />
  </node>
  <node id="EXPRESSION">
    <attribute name="FREQUENCY" value="1" />
  </node>
  <node id="EXTEND">
    <attribute name="FREQUENCY" value="1" />
  </node>
  <node id="EXTENDED">
    <attribute name="FREQUENCY" value="1" />
  </node>
  <node id="EXTREMELY">
    <attribute name="FREQUENCY" value="2" />
  </node>
  <node id="FAILURE">
    <attribute name="FREQUENCY" value="1" />
  </node>
  <node id="FAMILIES">
    <attribute name="FREQUENCY" value="1" />
  </node>
  <node id="FAMILY">
    <attribute name="FREQUENCY" value="1" />
  </node>
  <node id="FAVOR">
    <attribute name="FREQUENCY" value="1" />
  </node>
  <node id="FEWER">
    <attribute name="FREQUENCY" value="1" />
  </node>
  <node id="FINDINGS">
    <attribute name="FREQUENCY" value="1" />
  </node>
  <node id="FOCUS">
    <attribute name="FREQUENCY" value="1" />
  </node>
  <node id="FRAILTY">
    <attribute name="FREQUENCY" value="1" />
  </node>
  <node id="FREE-RADICAL">
    <attribute name="FREQUENCY" value="1" />
  </node>
  <node id="FUNCTION">
    <attribute name="FREQUENCY" value="1" />
  </node>
  <node id="GENE">
    <attribute name="FREQUENCY" value="2" />
  </node>
  <node id="GENERATED">
    <attribute name="FREQUENCY" value="1" />
  </node>
  <node id="GERIATRIC">
    <attribute name="FREQUENCY" value="3" />
  </node>
  <node id="GROWING">
    <attribute name="FREQUENCY" value="1" />
  </node>
  <node id="HALTED">
    <attribute name="FREQUENCY" value="1" />
  </node>
  <node id="HEADLINES">
    <attribute name="FREQUENCY" value="1" />
  </node>
  <node id="HEALTH">
    <attribute name="FREQUENCY" value="4" />
  </node>
  <node id="HEALTHIER">
    <attribute name="FREQUENCY" value="2" />
  </node>
  <node id="HEART">
    <attribute name="FREQUENCY" value="4" />
  </node>
  <node id="HISTORY">
    <attribute name="FREQUENCY" value="1" />
  </node>
  <node id="HMO">
    <attribute name="FREQUENCY" value="4" />
  </node>
  <node id="HOSPITAL">
    <attribute name="FREQUENCY" value="1" />
  </node>
  <node id="HTML">
    <attribute name="FREQUENCY" value="1" />
  </node>
  <node id="HUMAN">
    <attribute name="FREQUENCY" value="2" />
  </node>
  <node id="HYPERTENSION">
    <attribute name="FREQUENCY" value="1" />
  </node>
  <node id="IMMUNE">
    <attribute name="FREQUENCY" value="1" />
  </node>
  <node id="IMPLICATE">
    <attribute name="FREQUENCY" value="1" />
  </node>
  <node id="IMPORTANT">
    <attribute name="FREQUENCY" value="1" />
  </node>
  <node id="INCREASE">
    <attribute name="FREQUENCY" value="1" />
  </node>
  <node id="INCREASED">
    <attribute name="FREQUENCY" value="1" />
  </node>
  <node id="INDIVIDUALS">
    <attribute name="FREQUENCY" value="1" />
  </node>
  <node id="INFLUENCE">
    <attribute name="FREQUENCY" value="1" />
  </node>
  <node id="INFO">
    <attribute name="FREQUENCY" value="2" />
  </node>
  <node id="INTAKE">
    <attribute name="FREQUENCY" value="6" />
  </node>
  <node id="INVOLVEMENT">
    <attribute name="FREQUENCY" value="1" />
  </node>
  <node id="ISSUE">
    <attribute name="FREQUENCY" value="1" />
  </node>
  <node id="JOURNAL">
    <attribute name="FREQUENCY" value="2" />
  </node>
  <node id="LABORATORY">
    <attribute name="FREQUENCY" value="2" />
  </node>
  <node id="LEAD">
    <attribute name="FREQUENCY" value="2" />
  </node>
  <node id="LEARN">
    <attribute name="FREQUENCY" value="2" />
  </node>
  <node id="LEVELS">
    <attribute name="FREQUENCY" value="1" />
  </node>
  <node id="LIFE">
    <attribute name="FREQUENCY" value="3" />
  </node>
  <node id="LIMIT">
    <attribute name="FREQUENCY" value="1" />
  </node>
  <node id="LIMITED">
    <attribute name="FREQUENCY" value="2" />
  </node>
  <node id="LINE">
    <attribute name="FREQUENCY" value="2" />
  </node>
  <node id="LIVE">
    <attribute name="FREQUENCY" value="1" />
  </node>
  <node id="LONG-TERM">
    <attribute name="FREQUENCY" value="1" />
  </node>
  <node id="LONGER">
    <attribute name="FREQUENCY" value="2" />
  </node>
  <node id="LONGER-LIVED">
    <attribute name="FREQUENCY" value="1" />
  </node>
  <node id="LONGEVITY">
    <attribute name="FREQUENCY" value="2" />
  </node>
  <node id="LOW">
    <attribute name="FREQUENCY" value="2" />
  </node>
  <node id="LUPUS">
    <attribute name="FREQUENCY" value="1" />
  </node>
  <node id="MADISON">
    <attribute name="FREQUENCY" value="1" />
  </node>
  <node id="MALNUTRITION">
    <attribute name="FREQUENCY" value="4" />
  </node>
  <node id="MEDICINE">
    <attribute name="FREQUENCY" value="3" />
  </node>
  <node id="METHODIST">
    <attribute name="FREQUENCY" value="1" />
  </node>
  <node id="MICE">
    <attribute name="FREQUENCY" value="2" />
  </node>
  <node id="MID-LIFE">
    <attribute name="FREQUENCY" value="1" />
  </node>
  <node id="MIDDLETON">
    <attribute name="FREQUENCY" value="1" />
  </node>
  <node id="MOLECULAR">
    <attribute name="FREQUENCY" value="1" />
  </node>
  <node id="MOTIVATED">
    <attribute name="FREQUENCY" value="1" />
  </node>
  <node id="MOTOR">
    <attribute name="FREQUENCY" value="1" />
  </node>
  <node id="MUSCLE">
    <attribute name="FREQUENCY" value="3" />
  </node>
  <node id="NEURONS">
    <attribute name="FREQUENCY" value="1" />
  </node>
  <node id="NEWER">
    <attribute name="FREQUENCY" value="1" />
  </node>
  <node id="NEWS">
    <attribute name="FREQUENCY" value="4" />
  </node>
  <node id="NORMAL">
    <attribute name="FREQUENCY" value="1" />
  </node>
  <node id="OBSERVED">
    <attribute name="FREQUENCY" value="1" />
  </node>
  <node id="OCCUR">
    <attribute name="FREQUENCY" value="1" />
  </node>
  <node id="OCTOBER">
    <attribute name="FREQUENCY" value="1" />
  </node>
  <node id="ONSET">
    <attribute name="FREQUENCY" value="1" />
  </node>
  <node id="ORGAN">
    <attribute name="FREQUENCY" value="1" />
  </node>
  <node id="OXIDATIVE">
    <attribute name="FREQUENCY" value="7" />
  </node>
  <node id="PARKINSON">
    <attribute name="FREQUENCY" value="1" />
  </node>
  <node id="PEOPLE">
    <attribute name="FREQUENCY" value="3" />
  </node>
  <node id="PERFORMANCE">
    <attribute name="FREQUENCY" value="4" />
  </node>
  <node id="PERIOD">
    <attribute name="FREQUENCY" value="1" />
  </node>
  <node id="PERSUADED">
    <attribute name="FREQUENCY" value="1" />
  </node>
  <node id="PM">
    <attribute name="FREQUENCY" value="1" />
  </node>
  <node id="POINT">
    <attribute name="FREQUENCY" value="1" />
  </node>
  <node id="POLITIC">
    <attribute name="FREQUENCY" value="4" />
  </node>
  <node id="POSSIBLY">
    <attribute name="FREQUENCY" value="1" />
  </node>
  <node id="POSTMITOTIC">
    <attribute name="FREQUENCY" value="1" />
  </node>
  <node id="POTENTIAL">
    <attribute name="FREQUENCY" value="1" />
  </node>
  <node id="PREVENT">
    <attribute name="FREQUENCY" value="4" />
  </node>
  <node id="PROBLEMS">
    <attribute name="FREQUENCY" value="1" />
  </node>
  <node id="PRODUCED">
    <attribute name="FREQUENCY" value="1" />
  </node>
  <node id="PROFESSOR">
    <attribute name="FREQUENCY" value="1" />
  </node>
  <node id="PROLONG">
    <attribute name="FREQUENCY" value="2" />
  </node>
  <node id="QUESTIONS">
    <attribute name="FREQUENCY" value="2" />
  </node>
  <node id="RADICAL">
    <attribute name="FREQUENCY" value="3" />
  </node>
  <node id="RAJINDAR">
    <attribute name="FREQUENCY" value="1" />
  </node>
  <node id="RAPIDLY">
    <attribute name="FREQUENCY" value="1" />
  </node>
  <node id="RATE">
    <attribute name="FREQUENCY" value="1" />
  </node>
  <node id="RATS">
    <attribute name="FREQUENCY" value="2" />
  </node>
  <node id="REDUCE">
    <attribute name="FREQUENCY" value="1" />
  </node>
  <node id="REDUCTION">
    <attribute name="FREQUENCY" value="1" />
  </node>
  <node id="REGION">
    <attribute name="FREQUENCY" value="1" />
  </node>
  <node id="RELATED">
    <attribute name="FREQUENCY" value="1" />
  </node>
  <node id="REPAIR">
    <attribute name="FREQUENCY" value="2" />
  </node>
  <node id="RESEARCH">
    <attribute name="FREQUENCY" value="1" />
  </node>
  <node id="RESEARCHERS">
    <attribute name="FREQUENCY" value="4" />
  </node>
  <node id="RESPONSE">
    <attribute name="FREQUENCY" value="1" />
  </node>
  <node id="RESTRICTED">
    <attribute name="FREQUENCY" value="2" />
  </node>
  <node id="RESTRICTIONS">
    <attribute name="FREQUENCY" value="7" />
  </node>
  <node id="RETARDED">
    <attribute name="FREQUENCY" value="1" />
  </node>
  <node id="REUTERS">
    <attribute name="FREQUENCY" value="2" />
  </node>
  <node id="REVIEW">
    <attribute name="FREQUENCY" value="1" />
  </node>
  <node id="RICHARD">
    <attribute name="FREQUENCY" value="1" />
  </node>
  <node id="RODENTS">
    <attribute name="FREQUENCY" value="1" />
  </node>
  <node id="SCIENTIFIC">
    <attribute name="FREQUENCY" value="1" />
  </node>
  <node id="SCOREBOARD">
    <attribute name="FREQUENCY" value="4" />
  </node>
  <node id="SCREEN">
    <attribute name="FREQUENCY" value="4" />
  </node>
  <node id="SEND">
    <attribute name="FREQUENCY" value="1" />
  </node>
  <node id="SEVERITY">
    <attribute name="FREQUENCY" value="1" />
  </node>
  <node id="SIGNAL">
    <attribute name="FREQUENCY" value="1" />
  </node>
  <node id="SKELETAL">
    <attribute name="FREQUENCY" value="2" />
  </node>
  <node id="SLOW">
    <attribute name="FREQUENCY" value="1" />
  </node>
  <node id="SOHAL">
    <attribute name="FREQUENCY" value="1" />
  </node>
  <node id="SOURCE">
    <attribute name="FREQUENCY" value="1" />
  </node>
  <node id="SOUTHERN">
    <attribute name="FREQUENCY" value="1" />
  </node>
  <node id="SPECTRUM">
    <attribute name="FREQUENCY" value="1" />
  </node>
  <node id="SPORT">
    <attribute name="FREQUENCY" value="4" />
  </node>
  <node id="START">
    <attribute name="FREQUENCY" value="1" />
  </node>
  <node id="STATES">
    <attribute name="FREQUENCY" value="1" />
  </node>
  <node id="STORIES">
    <attribute name="FREQUENCY" value="1" />
  </node>
  <node id="STORY">
    <attribute name="FREQUENCY" value="4" />
  </node>
  <node id="STRESS">
    <attribute name="FREQUENCY" value="4" />
  </node>
  <node id="STUBBORN">
    <attribute name="FREQUENCY" value="1" />
  </node>
  <node id="STUDIES">
    <attribute name="FREQUENCY" value="1" />
  </node>
  <node id="STUDY">
    <attribute name="FREQUENCY" value="1" />
  </node>
  <node id="SUBSTANCE">
    <attribute name="FREQUENCY" value="1" />
  </node>
  <node id="SUGGESTS">
    <attribute name="FREQUENCY" value="1" />
  </node>
  <node id="SUITABLE">
    <attribute name="FREQUENCY" value="1" />
  </node>
  <node id="SUSCEPTIBLE">
    <attribute name="FREQUENCY" value="1" />
  </node>
  <node id="SYSTEMIC">
    <attribute name="FREQUENCY" value="1" />
  </node>
  <node id="TARGET">
    <attribute name="FREQUENCY" value="1" />
  </node>
  <node id="TECH">
    <attribute name="FREQUENCY" value="4" />
  </node>
  <node id="TEXAS">
    <attribute name="FREQUENCY" value="1" />
  </node>
  <node id="TEXT">
    <attribute name="FREQUENCY" value="1" />
  </node>
  <node id="TISSUE">
    <attribute name="FREQUENCY" value="1" />
  </node>
  <node id="TRANSCRIBED">
    <attribute name="FREQUENCY" value="1" />
  </node>
  <node id="TYPE-II">
    <attribute name="FREQUENCY" value="1" />
  </node>
  <node id="UNIVERSITY">
    <attribute name="FREQUENCY" value="2" />
  </node>
  <node id="VARIES">
    <attribute name="FREQUENCY" value="4" />
  </node>
  <node id="VETERAN">
    <attribute name="FREQUENCY" value="1" />
  </node>
  <node id="WEDNESDAY">
    <attribute name="FREQUENCY" value="1" />
  </node>
  <node id="WEEK">
    <attribute name="FREQUENCY" value="1" />
  </node>
  <node id="WEINDRUCH">
    <attribute name="FREQUENCY" value="8" />
  </node>
  <node id="WIDELY">
    <attribute name="FREQUENCY" value="4" />
  </node>
  <node id="WISCONSIN">
    <attribute name="FREQUENCY" value="1" />
  </node>
  <node id="WRITE">
    <attribute name="FREQUENCY" value="2" />
  </node>
  <node id="YAHOO">
    <attribute name="FREQUENCY" value="4" />
  </node>
  <node id="YORK">
    <attribute name="FREQUENCY" value="1" />
  </node>
  <edge from="AGE" to="RELATED">
    <attribute name="TEXT" value="1" />
  </edge>
  <edge from="AGE-ASSOCIATED" to="DISEASE">
    <attribute name="TEXT" value="1" />
  </edge>
  <edge from="AGE-RELATED" to="DEFICIT">
    <attribute name="TEXT" value="1" />
  </edge>
  <edge from="ALZHEIMER" to="DISEASE">
    <attribute name="TEXT" value="1" />
  </edge>
  <edge from="ANIMALS" to="STUDIES">
    <attribute name="TEXT" value="1" />
  </edge>
  <edge from="BEHAVIOR" to="LEARN">
    <attribute name="TEXT" value="1" />
  </edge>
  <edge from="BRAIN" to="HEART">
    <attribute name="TEXT" value="1" />
  </edge>
  <edge from="BREAST" to="CANCER">
    <attribute name="TEXT" value="1" />
  </edge>
  <edge from="BROAD" to="SPECTRUM">
    <attribute name="TEXT" value="1" />
  </edge>
  <edge from="CALORIC" to="INTAKE">
    <attribute name="TEXT" value="4" />
    <attribute name="KEYWORDS" value="1" />
  </edge>
  <edge from="CALORIC" to="INTAKE">
    <attribute name="TEXT" value="4" />
    <attribute name="KEYWORDS" value="1" />
  </edge>
  <edge from="CALORIC" to="RESTRICTIONS">
    <attribute name="TEXT" value="6" />
  </edge>
  <edge from="CALORICALLY" to="RESTRICTED">
    <attribute name="TEXT" value="1" />
  </edge>
  <edge from="CALORIE" to="INTAKE">
    <attribute name="TEXT" value="1" />
  </edge>
  <edge from="CANCER-PRONE" to="FAMILIES">
    <attribute name="TEXT" value="1" />
  </edge>
  <edge from="CELLS" to="DETERMINE">
    <attribute name="TEXT" value="1" />
  </edge>
  <edge from="CELLS" to="SEND">
    <attribute name="TEXT" value="1" />
  </edge>
  <edge from="CELLULAR" to="EFFECT">
    <attribute name="TEXT" value="1" />
  </edge>
  <edge from="CFS" to="SCREEN">
    <attribute name="TEXT" value="8" />
    <attribute name="LINKS" value="8" />
  </edge>
  <edge from="CFS" to="SCREEN">
    <attribute name="TEXT" value="8" />
    <attribute name="LINKS" value="8" />
  </edge>
  <edge from="CITING" to="EXPERIMENTS">
    <attribute name="TEXT" value="1" />
  </edge>
  <edge from="CITING" to="STUDY">
    <attribute name="TEXT" value="1" />
  </edge>
  <edge from="CLINICAL" to="CENTER">
    <attribute name="TEXT" value="1" />
  </edge>
  <edge from="CONTROLLED" to="CALORICALLY">
    <attribute name="TEXT" value="1" />
  </edge>
  <edge from="DALLAS" to="TEXAS">
    <attribute name="TEXT" value="1" />
  </edge>
  <edge from="DAMAGE" to="ACCRUING">
    <attribute name="TEXT" value="1" />
  </edge>
  <edge from="DAMAGE" to="CAUSED">
    <attribute name="TEXT" value="1" />
  </edge>
  <edge from="DATA" to="IMPLICATE">
    <attribute name="TEXT" value="1" />
  </edge>
  <edge from="DEGENERATIVE" to="DISEASE">
    <attribute name="TEXT" value="1" />
  </edge>
  <edge from="DETERMINE" to="BROAD">
    <attribute name="TEXT" value="1" />
  </edge>
  <edge from="DIETARY" to="RESTRICTIONS">
    <attribute name="TEXT" value="1" />
  </edge>
  <edge from="DISEASE" to="ALZHEIMER">
    <attribute name="TEXT" value="1" />
  </edge>
  <edge from="DISEASE" to="HEART">
    <attribute name="TEXT" value="1" />
  </edge>
  <edge from="DISEASE" to="OCCUR">
    <attribute name="TEXT" value="1" />
  </edge>
  <edge from="DNA" to="REPAIR">
    <attribute name="TEXT" value="1" />
  </edge>
  <edge from="EARLY" to="CFS">
    <attribute name="TEXT" value="4" />
    <attribute name="LINKS" value="4" />
  </edge>
  <edge from="EARLY" to="CFS">
    <attribute name="TEXT" value="4" />
    <attribute name="LINKS" value="4" />
  </edge>
  <edge from="EARLY-ONSET" to="DEGENERATIVE">
    <attribute name="TEXT" value="1" />
  </edge>
  <edge from="ENGLAND" to="JOURNAL">
    <attribute name="TEXT" value="2" />
  </edge>
  <edge from="EVIDENCE" to="SUGGESTS">
    <attribute name="TEXT" value="1" />
  </edge>
  <edge from="EXPAND" to="BODY">
    <attribute name="TEXT" value="1" />
  </edge>
  <edge from="EXTEND" to="LONGEVITY">
    <attribute name="TEXT" value="1" />
  </edge>
  <edge from="EXTENDED" to="PERIOD">
    <attribute name="TEXT" value="1" />
  </edge>
  <edge from="EXTREMELY" to="IMPORTANT">
    <attribute name="TEXT" value="1" />
  </edge>
  <edge from="EXTREMELY" to="MOTIVATED">
    <attribute name="TEXT" value="1" />
  </edge>
  <edge from="FAMILY" to="HISTORY">
    <attribute name="TEXT" value="1" />
  </edge>
  <edge from="FAVOR" to="LIMIT">
    <attribute name="TEXT" value="1" />
  </edge>
  <edge from="FEWER" to="AGE-ASSOCIATED">
    <attribute name="TEXT" value="1" />
  </edge>
  <edge from="FREE-RADICAL" to="INVOLVEMENT">
    <attribute name="TEXT" value="1" />
  </edge>
  <edge from="GENE" to="EXPRESSION">
    <attribute name="TEXT" value="1" />
  </edge>
  <edge from="GERIATRIC" to="CONDITIONS">
    <attribute name="TEXT" value="1" />
  </edge>
  <edge from="GERIATRIC" to="PROBLEMS">
    <attribute name="TEXT" value="1" />
  </edge>
  <edge from="GERIATRIC" to="RESEARCH">
    <attribute name="TEXT" value="1" />
  </edge>
  <edge from="GROWING" to="BODY">
    <attribute name="TEXT" value="1" />
  </edge>
  <edge from="HEALTH" to="STORIES">
    <attribute name="TEXT" value="1" />
  </edge>
  <edge from="HEALTHIER" to="ANIMALS">
    <attribute name="TEXT" value="1" />
  </edge>
  <edge from="HEALTHIER" to="LIFE">
    <attribute name="TEXT" value="1" />
  </edge>
  <edge from="HEART" to="FAILURE">
    <attribute name="TEXT" value="1" />
  </edge>
  <edge from="HEART" to="MUSCLE">
    <attribute name="TEXT" value="1" />
  </edge>
  <edge from="HMO" to="PERFORMANCE">
    <attribute name="TEXT" value="2" />
    <attribute name="LINKS" value="2" />
  </edge>
  <edge from="HMO" to="PERFORMANCE">
    <attribute name="TEXT" value="2" />
    <attribute name="LINKS" value="2" />
  </edge>
  <edge from="HYPERTENSION" to="BREAST">
    <attribute name="TEXT" value="1" />
  </edge>
  <edge from="IMMUNE" to="RESPONSE">
    <attribute name="TEXT" value="1" />
  </edge>
  <edge from="IMPLICATE" to="OXIDATIVE">
    <attribute name="TEXT" value="1" />
  </edge>
  <edge from="IMPORTANT" to="POTENTIAL">
    <attribute name="TEXT" value="1" />
  </edge>
  <edge from="INCREASE" to="ORGAN">
    <attribute name="TEXT" value="1" />
  </edge>
  <edge from="INCREASED" to="LONGEVITY">
    <attribute name="TEXT" value="1" />
  </edge>
  <edge from="INTAKE" to="INFLUENCE">
    <attribute name="TEXT" value="1" />
  </edge>
  <edge from="LABORATORY" to="RATS">
    <attribute name="TEXT" value="2" />
  </edge>
  <edge from="LEAD" to="RESEARCHERS">
    <attribute name="TEXT" value="1" />
  </edge>
  <edge from="LEARN" to="IMMUNE">
    <attribute name="TEXT" value="1" />
  </edge>
  <edge from="LIMIT" to="CALORIE">
    <attribute name="TEXT" value="1" />
  </edge>
  <edge from="LIMITED" to="REPAIR">
    <attribute name="TEXT" value="1" />
  </edge>
  <edge from="LIVE" to="LONGER">
    <attribute name="TEXT" value="1" />
  </edge>
  <edge from="LONG-TERM" to="DIETARY">
    <attribute name="TEXT" value="1" />
  </edge>
  <edge from="LONGER" to="HEALTHIER">
    <attribute name="TEXT" value="1" />
  </edge>
  <edge from="LONGER-LIVED" to="HEALTHIER">
    <attribute name="TEXT" value="1" />
  </edge>
  <edge from="LOW" to="CALORIC">
    <attribute name="TEXT" value="1" />
    <attribute name="KEYWORDS" value="1" />
  </edge>
  <edge from="LOW" to="CALORIC">
    <attribute name="TEXT" value="1" />
    <attribute name="KEYWORDS" value="1" />
  </edge>
  <edge from="LUPUS" to="HYPERTENSION">
    <attribute name="TEXT" value="1" />
  </edge>
  <edge from="MEDICINE" to="LEAD">
    <attribute name="TEXT" value="1" />
  </edge>
  <edge from="METHODIST" to="UNIVERSITY">
    <attribute name="TEXT" value="1" />
  </edge>
  <edge from="MID-LIFE" to="PRODUCED">
    <attribute name="TEXT" value="1" />
  </edge>
  <edge from="MIDDLETON" to="VETERAN">
    <attribute name="TEXT" value="1" />
  </edge>
  <edge from="MOLECULAR" to="SUBSTANCE">
    <attribute name="TEXT" value="1" />
  </edge>
  <edge from="MOTOR" to="FUNCTION">
    <attribute name="TEXT" value="1" />
  </edge>
  <edge from="MUSCLE" to="CELLS">
    <attribute name="TEXT" value="1" />
  </edge>
  <edge from="MUSCLE" to="TISSUE">
    <attribute name="TEXT" value="1" />
  </edge>
  <edge from="NEWER" to="LINE">
    <attribute name="TEXT" value="1" />
  </edge>
  <edge from="NORMAL" to="ACTIVITY">
    <attribute name="TEXT" value="1" />
  </edge>
  <edge from="OXIDATIVE" to="DAMAGE">
    <attribute name="TEXT" value="3" />
  </edge>
  <edge from="OXIDATIVE" to="STRESS">
    <attribute name="TEXT" value="4" />
  </edge>
  <edge from="PARKINSON" to="DISEASE">
    <attribute name="TEXT" value="1" />
  </edge>
  <edge from="PERFORMANCE" to="VARIES">
    <attribute name="TEXT" value="2" />
    <attribute name="LINKS" value="2" />
  </edge>
  <edge from="PERFORMANCE" to="VARIES">
    <attribute name="TEXT" value="2" />
    <attribute name="LINKS" value="2" />
  </edge>
  <edge from="PM" to="EDT">
    <attribute name="TEXT" value="1" />
  </edge>
  <edge from="POSSIBLY" to="HUMAN">
    <attribute name="TEXT" value="1" />
  </edge>
  <edge from="POTENTIAL" to="TARGET">
    <attribute name="TEXT" value="1" />
  </edge>
  <edge from="PREVENT" to="MALNUTRITION">
    <attribute name="TEXT" value="4" />
    <attribute name="LINKS" value="4" />
  </edge>
  <edge from="PREVENT" to="MALNUTRITION">
    <attribute name="TEXT" value="4" />
    <attribute name="LINKS" value="4" />
  </edge>
  <edge from="PRODUCED" to="LONGER-LIVED">
    <attribute name="TEXT" value="1" />
  </edge>
  <edge from="PROLONG" to="LIFE">
    <attribute name="TEXT" value="1" />
    <attribute name="KEYWORDS" value="1" />
  </edge>
  <edge from="PROLONG" to="LIFE">
    <attribute name="TEXT" value="1" />
    <attribute name="KEYWORDS" value="1" />
  </edge>
  <edge from="RADICAL" to="INCREASE">
    <attribute name="TEXT" value="1" />
  </edge>
  <edge from="RAJINDAR" to="SOHAL">
    <attribute name="TEXT" value="1" />
  </edge>
  <edge from="RAPIDLY" to="EXPAND">
    <attribute name="TEXT" value="1" />
  </edge>
  <edge from="RATS" to="LIVE">
    <attribute name="TEXT" value="1" />
  </edge>
  <edge from="REPAIR" to="CAPACITIES">
    <attribute name="TEXT" value="1" />
  </edge>
  <edge from="RESEARCH" to="EDUCATION">
    <attribute name="TEXT" value="1" />
  </edge>
  <edge from="RESEARCHERS" to="POINT">
    <attribute name="TEXT" value="1" />
  </edge>
  <edge from="RESEARCHERS" to="STATES">
    <attribute name="TEXT" value="1" />
  </edge>
  <edge from="RESPONSE" to="GENE">
    <attribute name="TEXT" value="1" />
  </edge>
  <edge from="RESTRICTED" to="DIET">
    <attribute name="TEXT" value="1" />
  </edge>
  <edge from="RESTRICTIONS" to="RETARDED">
    <attribute name="TEXT" value="1" />
  </edge>
  <edge from="RESTRICTIONS" to="SLOW">
    <attribute name="TEXT" value="1" />
  </edge>
  <edge from="REUTERS" to="LIMITED">
    <attribute name="TEXT" value="1" />
  </edge>
  <edge from="REVIEW" to="ARTICLE">
    <attribute name="TEXT" value="1" />
  </edge>
  <edge from="RICHARD" to="WEINDRUCH">
    <attribute name="TEXT" value="1" />
  </edge>
  <edge from="SCIENTIFIC" to="EVIDENCE">
    <attribute name="TEXT" value="1" />
  </edge>
  <edge from="SCREEN" to="PREVENT">
    <attribute name="TEXT" value="8" />
    <attribute name="LINKS" value="8" />
  </edge>
  <edge from="SCREEN" to="PREVENT">
    <attribute name="TEXT" value="8" />
    <attribute name="LINKS" value="8" />
  </edge>
  <edge from="SEND" to="SIGNAL">
    <attribute name="TEXT" value="1" />
  </edge>
  <edge from="SKELETAL" to="MUSCLE">
    <attribute name="TEXT" value="2" />
  </edge>
  <edge from="SLOW" to="AGE-RELATED">
    <attribute name="TEXT" value="1" />
  </edge>
  <edge from="SOUTHERN" to="METHODIST">
    <attribute name="TEXT" value="1" />
  </edge>
  <edge from="START" to="RODENTS">
    <attribute name="TEXT" value="1" />
  </edge>
  <edge from="STORIES" to="DIET">
    <attribute name="TEXT" value="1" />
  </edge>
  <edge from="STUBBORN" to="GERIATRIC">
    <attribute name="TEXT" value="1" />
  </edge>
  <edge from="SUITABLE" to="CANDIDATE">
    <attribute name="TEXT" value="1" />
  </edge>
  <edge from="SYSTEMIC" to="LUPUS">
    <attribute name="TEXT" value="1" />
  </edge>
  <edge from="TEXT" to="HEADLINES">
    <attribute name="TEXT" value="1" />
  </edge>
  <edge from="TYPE-II" to="DIABETES">
    <attribute name="TEXT" value="1" />
  </edge>
  <edge from="VARIES" to="WIDELY">
    <attribute name="TEXT" value="2" />
    <attribute name="LINKS" value="2" />
  </edge>
  <edge from="VARIES" to="WIDELY">
    <attribute name="TEXT" value="2" />
    <attribute name="LINKS" value="2" />
  </edge>
  <edge from="VETERAN" to="HOSPITAL">
    <attribute name="TEXT" value="1" />
  </edge>
  <edge from="WEDNESDAY" to="OCTOBER">
    <attribute name="TEXT" value="1" />
  </edge>
  <edge from="WEEK" to="ISSUE">
    <attribute name="TEXT" value="1" />
  </edge>
  <edge from="WEINDRUCH" to="ACKNOWLEDGE">
    <attribute name="TEXT" value="1" />
  </edge>
  <edge from="WEINDRUCH" to="CITING">
    <attribute name="TEXT" value="1" />
  </edge>
  <edge from="WEINDRUCH" to="EVIDENCE">
    <attribute name="TEXT" value="1" />
  </edge>
  <edge from="WEINDRUCH" to="PROFESSOR">
    <attribute name="TEXT" value="1" />
  </edge>
</graph>
