<graph>
  <node id="ADDED">
    <attribute name="FREQUENCY" value="1" />
  </node>
  <node id="ADOLESCENTS">
    <attribute name="FREQUENCY" value="1" />
  </node>
  <node id="ADULTS">
    <attribute name="FREQUENCY" value="1" />
  </node>
  <node id="AFRICAN">
    <attribute name="FREQUENCY" value="1" />
  </node>
  <node id="AGE">
    <attribute name="FREQUENCY" value="1" />
  </node>
  <node id="AGRICULTURE">
    <attribute name="FREQUENCY" value="1" />
  </node>
  <node id="AIMED">
    <attribute name="FREQUENCY" value="1" />
  </node>
  <node id="ALLOWANCE">
    <attribute name="FREQUENCY" value="2" />
  </node>
  <node id="AMERICAN">
    <attribute name="FREQUENCY" value="10" />
  </node>
  <node id="AMOUNT">
    <attribute name="FREQUENCY" value="1" />
  </node>
  <node id="ASKED">
    <attribute name="FREQUENCY" value="1" />
  </node>
  <node id="ATE">
    <attribute name="FREQUENCY" value="1" />
  </node>
  <node id="AUTHOR">
    <attribute name="FREQUENCY" value="1" />
  </node>
  <node id="AVERAGE">
    <attribute name="FREQUENCY" value="1" />
  </node>
  <node id="BAD">
    <attribute name="FREQUENCY" value="1" />
  </node>
  <node id="BALANCED">
    <attribute name="FREQUENCY" value="1" />
  </node>
  <node id="BARRIERS">
    <attribute name="FREQUENCY" value="4" />
  </node>
  <node id="BASE">
    <attribute name="FREQUENCY" value="1" />
  </node>
  <node id="BIZ">
    <attribute name="FREQUENCY" value="4" />
  </node>
  <node id="BREAD">
    <attribute name="FREQUENCY" value="1" />
  </node>
  <node id="BROAD">
    <attribute name="FREQUENCY" value="1" />
  </node>
  <node id="CALL">
    <attribute name="FREQUENCY" value="1" />
  </node>
  <node id="CALORIE">
    <attribute name="FREQUENCY" value="2" />
  </node>
  <node id="CAMPAIGN">
    <attribute name="FREQUENCY" value="1" />
  </node>
  <node id="CEREAL">
    <attribute name="FREQUENCY" value="1" />
  </node>
  <node id="CHILD">
    <attribute name="FREQUENCY" value="2" />
  </node>
  <node id="CHILDHOOD">
    <attribute name="FREQUENCY" value="1" />
  </node>
  <node id="CHILDREN">
    <attribute name="FREQUENCY" value="13" />
  </node>
  <node id="COMMENTS">
    <attribute name="FREQUENCY" value="2" />
  </node>
  <node id="COMMON">
    <attribute name="FREQUENCY" value="1" />
  </node>
  <node id="COMPARE">
    <attribute name="FREQUENCY" value="1" />
  </node>
  <node id="CONSUME">
    <attribute name="FREQUENCY" value="1" />
  </node>
  <node id="CONSUMED">
    <attribute name="FREQUENCY" value="2" />
  </node>
  <node id="CONTINUE">
    <attribute name="FREQUENCY" value="1" />
  </node>
  <node id="CURRENT">
    <attribute name="FREQUENCY" value="1" />
  </node>
  <node id="DAILY">
    <attribute name="FREQUENCY" value="7" />
  </node>
  <node id="DAIRY">
    <attribute name="FREQUENCY" value="2" />
  </node>
  <node id="DAY">
    <attribute name="FREQUENCY" value="2" />
  </node>
  <node id="DEPARTMENT">
    <attribute name="FREQUENCY" value="1" />
  </node>
  <node id="DIET">
    <attribute name="FREQUENCY" value="10" />
  </node>
  <node id="DIETARY">
    <attribute name="FREQUENCY" value="6" />
  </node>
  <node id="DISCOVERED">
    <attribute name="FREQUENCY" value="1" />
  </node>
  <node id="DOCTORS">
    <attribute name="FREQUENCY" value="4" />
  </node>
  <node id="EATING">
    <attribute name="FREQUENCY" value="1" />
  </node>
  <node id="ECHOES">
    <attribute name="FREQUENCY" value="1" />
  </node>
  <node id="EDT">
    <attribute name="FREQUENCY" value="1" />
  </node>
  <node id="EFFECTIVE">
    <attribute name="FREQUENCY" value="1" />
  </node>
  <node id="END">
    <attribute name="FREQUENCY" value="1" />
  </node>
  <node id="ENERGY">
    <attribute name="FREQUENCY" value="1" />
  </node>
  <node id="ENTERTAIN">
    <attribute name="FREQUENCY" value="4" />
  </node>
  <node id="EXCEED">
    <attribute name="FREQUENCY" value="1" />
  </node>
  <node id="EXPERTS">
    <attribute name="FREQUENCY" value="1" />
  </node>
  <node id="FACED">
    <attribute name="FREQUENCY" value="1" />
  </node>
  <node id="FAILED">
    <attribute name="FREQUENCY" value="1" />
  </node>
  <node id="FAILS">
    <attribute name="FREQUENCY" value="3" />
  </node>
  <node id="FAMILIAR">
    <attribute name="FREQUENCY" value="1" />
  </node>
  <node id="FAMILIES">
    <attribute name="FREQUENCY" value="1" />
  </node>
  <node id="FAT">
    <attribute name="FREQUENCY" value="4" />
  </node>
  <node id="FEDERAL">
    <attribute name="FREQUENCY" value="1" />
  </node>
  <node id="FINDINGS">
    <attribute name="FREQUENCY" value="1" />
  </node>
  <node id="FOOD">
    <attribute name="FREQUENCY" value="1" />
  </node>
  <node id="FORM">
    <attribute name="FREQUENCY" value="1" />
  </node>
  <node id="FRUITS">
    <attribute name="FREQUENCY" value="2" />
  </node>
  <node id="FULL">
    <attribute name="FREQUENCY" value="1" />
  </node>
  <node id="GIRL">
    <attribute name="FREQUENCY" value="1" />
  </node>
  <node id="GOVERNMENT">
    <attribute name="FREQUENCY" value="2" />
  </node>
  <node id="GRAINS">
    <attribute name="FREQUENCY" value="2" />
  </node>
  <node id="GUIDELINES">
    <attribute name="FREQUENCY" value="1" />
  </node>
  <node id="HABITS">
    <attribute name="FREQUENCY" value="1" />
  </node>
  <node id="HEADLINES">
    <attribute name="FREQUENCY" value="1" />
  </node>
  <node id="HEALTH">
    <attribute name="FREQUENCY" value="5" />
  </node>
  <node id="HEALTHY">
    <attribute name="FREQUENCY" value="1" />
  </node>
  <node id="HIGH">
    <attribute name="FREQUENCY" value="1" />
  </node>
  <node id="HOUSEHOLDS">
    <attribute name="FREQUENCY" value="1" />
  </node>
  <node id="HTML">
    <attribute name="FREQUENCY" value="1" />
  </node>
  <node id="IMPACT">
    <attribute name="FREQUENCY" value="1" />
  </node>
  <node id="IMPROVE">
    <attribute name="FREQUENCY" value="1" />
  </node>
  <node id="INCARNATION">
    <attribute name="FREQUENCY" value="1" />
  </node>
  <node id="INFO">
    <attribute name="FREQUENCY" value="2" />
  </node>
  <node id="INTAKE">
    <attribute name="FREQUENCY" value="2" />
  </node>
  <node id="INVESTIGATORS">
    <attribute name="FREQUENCY" value="1" />
  </node>
  <node id="ISSUE">
    <attribute name="FREQUENCY" value="1" />
  </node>
  <node id="JOURNAL">
    <attribute name="FREQUENCY" value="1" />
  </node>
  <node id="LACK">
    <attribute name="FREQUENCY" value="4" />
  </node>
  <node id="LARGE">
    <attribute name="FREQUENCY" value="1" />
  </node>
  <node id="LEARNED">
    <attribute name="FREQUENCY" value="1" />
  </node>
  <node id="LIFETIME">
    <attribute name="FREQUENCY" value="1" />
  </node>
  <node id="LIMIT">
    <attribute name="FREQUENCY" value="1" />
  </node>
  <node id="LIMITED">
    <attribute name="FREQUENCY" value="1" />
  </node>
  <node id="LOW-INCOME">
    <attribute name="FREQUENCY" value="1" />
  </node>
  <node id="MAJORITY">
    <attribute name="FREQUENCY" value="1" />
  </node>
  <node id="MEASURED">
    <attribute name="FREQUENCY" value="1" />
  </node>
  <node id="MEAT">
    <attribute name="FREQUENCY" value="2" />
  </node>
  <node id="MEETING">
    <attribute name="FREQUENCY" value="3" />
  </node>
  <node id="MET">
    <attribute name="FREQUENCY" value="3" />
  </node>
  <node id="NARROW">
    <attribute name="FREQUENCY" value="1" />
  </node>
  <node id="NATIONWIDE">
    <attribute name="FREQUENCY" value="1" />
  </node>
  <node id="NEWS">
    <attribute name="FREQUENCY" value="4" />
  </node>
  <node id="NON-NATURALLY">
    <attribute name="FREQUENCY" value="1" />
  </node>
  <node id="NUTRITION-EDUCATION">
    <attribute name="FREQUENCY" value="1" />
  </node>
  <node id="NUTRITIONISTS">
    <attribute name="FREQUENCY" value="1" />
  </node>
  <node id="PARK">
    <attribute name="FREQUENCY" value="1" />
  </node>
  <node id="PASTA">
    <attribute name="FREQUENCY" value="1" />
  </node>
  <node id="PEDIATRICS">
    <attribute name="FREQUENCY" value="2" />
  </node>
  <node id="PENNSYLVANIA">
    <attribute name="FREQUENCY" value="5" />
  </node>
  <node id="PERCENT">
    <attribute name="FREQUENCY" value="1" />
  </node>
  <node id="PERIOD">
    <attribute name="FREQUENCY" value="1" />
  </node>
  <node id="PM">
    <attribute name="FREQUENCY" value="1" />
  </node>
  <node id="POLITIC">
    <attribute name="FREQUENCY" value="4" />
  </node>
  <node id="POLL">
    <attribute name="FREQUENCY" value="4" />
  </node>
  <node id="PRODUCTS">
    <attribute name="FREQUENCY" value="2" />
  </node>
  <node id="PUBLISHING">
    <attribute name="FREQUENCY" value="1" />
  </node>
  <node id="PYRAMID">
    <attribute name="FREQUENCY" value="2" />
  </node>
  <node id="PYRAMID-RECOMMENDED">
    <attribute name="FREQUENCY" value="1" />
  </node>
  <node id="QUANTITIES">
    <attribute name="FREQUENCY" value="1" />
  </node>
  <node id="QUESTIONNAIRES">
    <attribute name="FREQUENCY" value="1" />
  </node>
  <node id="QUESTIONS">
    <attribute name="FREQUENCY" value="2" />
  </node>
  <node id="RDA">
    <attribute name="FREQUENCY" value="5" />
  </node>
  <node id="RECOMMENDATIONS">
    <attribute name="FREQUENCY" value="2" />
  </node>
  <node id="RECOMMENDED">
    <attribute name="FREQUENCY" value="3" />
  </node>
  <node id="RECOUNTS">
    <attribute name="FREQUENCY" value="1" />
  </node>
  <node id="REGULARLY">
    <attribute name="FREQUENCY" value="1" />
  </node>
  <node id="RESEARCHERS">
    <attribute name="FREQUENCY" value="8" />
  </node>
  <node id="RESULTS">
    <attribute name="FREQUENCY" value="2" />
  </node>
  <node id="REUTERS">
    <attribute name="FREQUENCY" value="2" />
  </node>
  <node id="REVEAL">
    <attribute name="FREQUENCY" value="4" />
  </node>
  <node id="RISK">
    <attribute name="FREQUENCY" value="1" />
  </node>
  <node id="SCOREBOARD">
    <attribute name="FREQUENCY" value="4" />
  </node>
  <node id="SEPTEMBER">
    <attribute name="FREQUENCY" value="1" />
  </node>
  <node id="SERVINGS">
    <attribute name="FREQUENCY" value="4" />
  </node>
  <node id="SIXTEEN">
    <attribute name="FREQUENCY" value="1" />
  </node>
  <node id="SKILLS">
    <attribute name="FREQUENCY" value="4" />
  </node>
  <node id="SMALLER">
    <attribute name="FREQUENCY" value="1" />
  </node>
  <node id="SOCIETY">
    <attribute name="FREQUENCY" value="1" />
  </node>
  <node id="SOURCE">
    <attribute name="FREQUENCY" value="1" />
  </node>
  <node id="SOURCED">
    <attribute name="FREQUENCY" value="1" />
  </node>
  <node id="SPECTRUM">
    <attribute name="FREQUENCY" value="1" />
  </node>
  <node id="SPORT">
    <attribute name="FREQUENCY" value="4" />
  </node>
  <node id="STANDARD">
    <attribute name="FREQUENCY" value="5" />
  </node>
  <node id="STATES">
    <attribute name="FREQUENCY" value="1" />
  </node>
  <node id="STETHOSCOPE">
    <attribute name="FREQUENCY" value="4" />
  </node>
  <node id="STORIES">
    <attribute name="FREQUENCY" value="1" />
  </node>
  <node id="STORY">
    <attribute name="FREQUENCY" value="4" />
  </node>
  <node id="STUDY">
    <attribute name="FREQUENCY" value="1" />
  </node>
  <node id="SUFFICIENT">
    <attribute name="FREQUENCY" value="1" />
  </node>
  <node id="SUGAR">
    <attribute name="FREQUENCY" value="3" />
  </node>
  <node id="SUPPLY">
    <attribute name="FREQUENCY" value="1" />
  </node>
  <node id="SURVEY">
    <attribute name="FREQUENCY" value="1" />
  </node>
  <node id="SURVEYED">
    <attribute name="FREQUENCY" value="2" />
  </node>
  <node id="TAPER">
    <attribute name="FREQUENCY" value="1" />
  </node>
  <node id="TECH">
    <attribute name="FREQUENCY" value="4" />
  </node>
  <node id="TEXT">
    <attribute name="FREQUENCY" value="1" />
  </node>
  <node id="THREE-DAY">
    <attribute name="FREQUENCY" value="1" />
  </node>
  <node id="TWO-THIRDS">
    <attribute name="FREQUENCY" value="1" />
  </node>
  <node id="TYPICAL">
    <attribute name="FREQUENCY" value="1" />
  </node>
  <node id="UNHEALTHY">
    <attribute name="FREQUENCY" value="1" />
  </node>
  <node id="UNIVERSITY">
    <attribute name="FREQUENCY" value="2" />
  </node>
  <node id="URGES">
    <attribute name="FREQUENCY" value="1" />
  </node>
  <node id="USDA">
    <attribute name="FREQUENCY" value="3" />
  </node>
  <node id="VAST">
    <attribute name="FREQUENCY" value="1" />
  </node>
  <node id="VEGETABLES">
    <attribute name="FREQUENCY" value="2" />
  </node>
  <node id="WEDNESDAY">
    <attribute name="FREQUENCY" value="1" />
  </node>
  <node id="WRITE">
    <attribute name="FREQUENCY" value="2" />
  </node>
  <node id="YAHOO">
    <attribute name="FREQUENCY" value="4" />
  </node>
  <node id="YEAR">
    <attribute name="FREQUENCY" value="1" />
  </node>
  <node id="YORK">
    <attribute name="FREQUENCY" value="1" />
  </node>
  <node id="YOUTH">
    <attribute name="FREQUENCY" value="2" />
  </node>
  <edge from="ADOLESCENTS" to="GIRL">
    <attribute name="TEXT" value="1" />
  </edge>
  <edge from="ADULTS" to="HEALTH">
    <attribute name="TEXT" value="1" />
  </edge>
  <edge from="AFRICAN" to="AMERICAN">
    <attribute name="TEXT" value="1" />
  </edge>
  <edge from="AMERICAN" to="ADOLESCENTS">
    <attribute name="TEXT" value="1" />
  </edge>
  <edge from="AMERICAN" to="CHILD">
    <attribute name="TEXT" value="1" />
  </edge>
  <edge from="AMERICAN" to="CHILDREN">
    <attribute name="TEXT" value="2" />
    <attribute name="KEYWORDS" value="1" />
  </edge>
  <edge from="AMERICAN" to="CHILDREN">
    <attribute name="TEXT" value="2" />
    <attribute name="KEYWORDS" value="1" />
  </edge>
  <edge from="AMERICAN" to="SOCIETY">
    <attribute name="TEXT" value="1" />
  </edge>
  <edge from="AMERICAN" to="YOUTH">
    <attribute name="TEXT" value="2" />
  </edge>
  <edge from="AVERAGE" to="AMERICAN">
    <attribute name="TEXT" value="1" />
  </edge>
  <edge from="BAD" to="DIETARY">
    <attribute name="TEXT" value="1" />
  </edge>
  <edge from="BALANCED" to="DAILY">
    <attribute name="TEXT" value="1" />
  </edge>
  <edge from="BASE" to="ECHOES">
    <attribute name="TEXT" value="1" />
  </edge>
  <edge from="BREAD" to="CEREAL">
    <attribute name="TEXT" value="1" />
  </edge>
  <edge from="BROAD" to="BASE">
    <attribute name="TEXT" value="1" />
  </edge>
  <edge from="CALORIE" to="INTAKE">
    <attribute name="TEXT" value="1" />
  </edge>
  <edge from="CAMPAIGN" to="AIMED">
    <attribute name="TEXT" value="1" />
  </edge>
  <edge from="CHILD" to="CONSUME">
    <attribute name="TEXT" value="1" />
  </edge>
  <edge from="CHILDREN" to="DAILY">
    <attribute name="TEXT" value="1" />
  </edge>
  <edge from="CHILDREN" to="FAILS">
    <attribute name="TEXT" value="4" />
    <attribute name="KEYWORDS" value="2" />
  </edge>
  <edge from="CHILDREN" to="FAILS">
    <attribute name="TEXT" value="4" />
    <attribute name="KEYWORDS" value="2" />
  </edge>
  <edge from="CHILDREN" to="MET">
    <attribute name="TEXT" value="2" />
  </edge>
  <edge from="CHILDREN" to="SURVEYED">
    <attribute name="TEXT" value="2" />
  </edge>
  <edge from="COMMON" to="INCARNATION">
    <attribute name="TEXT" value="1" />
  </edge>
  <edge from="CONSUME" to="FULL">
    <attribute name="TEXT" value="1" />
  </edge>
  <edge from="CURRENT" to="ISSUE">
    <attribute name="TEXT" value="1" />
  </edge>
  <edge from="DAILY" to="ALLOWANCE">
    <attribute name="TEXT" value="1" />
  </edge>
  <edge from="DAILY" to="AMOUNT">
    <attribute name="TEXT" value="1" />
  </edge>
  <edge from="DAILY" to="CALORIE">
    <attribute name="TEXT" value="2" />
  </edge>
  <edge from="DAILY" to="DIET">
    <attribute name="TEXT" value="1" />
  </edge>
  <edge from="DAILY" to="ENERGY">
    <attribute name="TEXT" value="1" />
  </edge>
  <edge from="DAILY" to="SERVINGS">
    <attribute name="TEXT" value="1" />
  </edge>
  <edge from="DAIRY" to="PRODUCTS">
    <attribute name="TEXT" value="2" />
  </edge>
  <edge from="DAY" to="RESEARCHERS">
    <attribute name="TEXT" value="1" />
  </edge>
  <edge from="DIET" to="RESEARCHERS">
    <attribute name="TEXT" value="1" />
  </edge>
  <edge from="DIET" to="STANDARD">
    <attribute name="TEXT" value="2" />
    <attribute name="KEYWORDS" value="2" />
  </edge>
  <edge from="DIET" to="STANDARD">
    <attribute name="TEXT" value="2" />
    <attribute name="KEYWORDS" value="2" />
  </edge>
  <edge from="DIETARY" to="ALLOWANCE">
    <attribute name="TEXT" value="1" />
  </edge>
  <edge from="DIETARY" to="FAT">
    <attribute name="TEXT" value="1" />
  </edge>
  <edge from="DIETARY" to="GRAINS">
    <attribute name="TEXT" value="1" />
  </edge>
  <edge from="DIETARY" to="HABITS">
    <attribute name="TEXT" value="1" />
  </edge>
  <edge from="DIETARY" to="INTAKE">
    <attribute name="TEXT" value="1" />
  </edge>
  <edge from="DIETARY" to="STANDARD">
    <attribute name="TEXT" value="1" />
  </edge>
  <edge from="DOCTORS" to="LACK">
    <attribute name="TEXT" value="2" />
    <attribute name="LINKS" value="2" />
  </edge>
  <edge from="DOCTORS" to="LACK">
    <attribute name="TEXT" value="2" />
    <attribute name="LINKS" value="2" />
  </edge>
  <edge from="EFFECTIVE" to="NUTRITION-EDUCATION">
    <attribute name="TEXT" value="1" />
  </edge>
  <edge from="ENERGY" to="SUPPLY">
    <attribute name="TEXT" value="1" />
  </edge>
  <edge from="EXCEED" to="RECOMMENDED">
    <attribute name="TEXT" value="1" />
  </edge>
  <edge from="EXPERTS" to="NUTRITIONISTS">
    <attribute name="TEXT" value="1" />
  </edge>
  <edge from="FAILS" to="DIET">
    <attribute name="TEXT" value="2" />
    <attribute name="KEYWORDS" value="2" />
  </edge>
  <edge from="FAILS" to="DIET">
    <attribute name="TEXT" value="2" />
    <attribute name="KEYWORDS" value="2" />
  </edge>
  <edge from="FAMILIES" to="FACED">
    <attribute name="TEXT" value="1" />
  </edge>
  <edge from="FEDERAL" to="STANDARD">
    <attribute name="TEXT" value="1" />
  </edge>
  <edge from="FOOD" to="PYRAMID">
    <attribute name="TEXT" value="1" />
  </edge>
  <edge from="GOVERNMENT" to="RDA">
    <attribute name="TEXT" value="1" />
  </edge>
  <edge from="GRAINS" to="FRUITS">
    <attribute name="TEXT" value="1" />
  </edge>
  <edge from="GUIDELINES" to="URGES">
    <attribute name="TEXT" value="1" />
  </edge>
  <edge from="HABITS" to="LEARNED">
    <attribute name="TEXT" value="1" />
  </edge>
  <edge from="HEALTH" to="STORIES">
    <attribute name="TEXT" value="1" />
  </edge>
  <edge from="HEALTHY" to="BALANCED">
    <attribute name="TEXT" value="1" />
  </edge>
  <edge from="HIGH" to="RISK">
    <attribute name="TEXT" value="1" />
  </edge>
  <edge from="IMPACT" to="ADULTS">
    <attribute name="TEXT" value="1" />
  </edge>
  <edge from="JOURNAL" to="PEDIATRICS">
    <attribute name="TEXT" value="1" />
  </edge>
  <edge from="LACK" to="STETHOSCOPE">
    <attribute name="TEXT" value="2" />
    <attribute name="LINKS" value="2" />
  </edge>
  <edge from="LACK" to="STETHOSCOPE">
    <attribute name="TEXT" value="2" />
    <attribute name="LINKS" value="2" />
  </edge>
  <edge from="LARGE" to="DAILY">
    <attribute name="TEXT" value="1" />
  </edge>
  <edge from="LOW-INCOME" to="FAMILIES">
    <attribute name="TEXT" value="1" />
  </edge>
  <edge from="MEAT" to="SUFFICIENT">
    <attribute name="TEXT" value="1" />
  </edge>
  <edge from="MEETING" to="FEDERAL">
    <attribute name="TEXT" value="1" />
  </edge>
  <edge from="MEETING" to="GOVERNMENT">
    <attribute name="TEXT" value="1" />
  </edge>
  <edge from="MEETING" to="RDA">
    <attribute name="TEXT" value="1" />
  </edge>
  <edge from="NARROW" to="DAILY">
    <attribute name="TEXT" value="1" />
  </edge>
  <edge from="NON-NATURALLY" to="SOURCED">
    <attribute name="TEXT" value="1" />
  </edge>
  <edge from="NUTRITION-EDUCATION" to="CAMPAIGN">
    <attribute name="TEXT" value="1" />
  </edge>
  <edge from="PARK" to="PENNSYLVANIA">
    <attribute name="TEXT" value="1" />
  </edge>
  <edge from="PENNSYLVANIA" to="DISCOVERED">
    <attribute name="TEXT" value="1" />
  </edge>
  <edge from="PENNSYLVANIA" to="INVESTIGATORS">
    <attribute name="TEXT" value="1" />
  </edge>
  <edge from="PENNSYLVANIA" to="RESEARCHERS">
    <attribute name="TEXT" value="2" />
  </edge>
  <edge from="PENNSYLVANIA" to="STATES">
    <attribute name="TEXT" value="1" />
  </edge>
  <edge from="PERIOD" to="MEASURED">
    <attribute name="TEXT" value="1" />
  </edge>
  <edge from="PM" to="EDT">
    <attribute name="TEXT" value="1" />
  </edge>
  <edge from="POLL" to="REVEAL">
    <attribute name="TEXT" value="4" />
    <attribute name="LINKS" value="4" />
  </edge>
  <edge from="POLL" to="REVEAL">
    <attribute name="TEXT" value="4" />
    <attribute name="LINKS" value="4" />
  </edge>
  <edge from="PYRAMID" to="BROAD">
    <attribute name="TEXT" value="1" />
  </edge>
  <edge from="QUESTIONNAIRES" to="NATIONWIDE">
    <attribute name="TEXT" value="1" />
  </edge>
  <edge from="RDA" to="RESEARCHERS">
    <attribute name="TEXT" value="2" />
  </edge>
  <edge from="RDA" to="STANDARD">
    <attribute name="TEXT" value="1" />
  </edge>
  <edge from="RECOMMENDED" to="DIETARY">
    <attribute name="TEXT" value="1" />
  </edge>
  <edge from="RECOMMENDED" to="LIMIT">
    <attribute name="TEXT" value="1" />
  </edge>
  <edge from="REGULARLY" to="ATE">
    <attribute name="TEXT" value="1" />
  </edge>
  <edge from="REUTERS" to="LIMITED">
    <attribute name="TEXT" value="1" />
  </edge>
  <edge from="REVEAL" to="BARRIERS">
    <attribute name="TEXT" value="4" />
    <attribute name="LINKS" value="4" />
  </edge>
  <edge from="REVEAL" to="BARRIERS">
    <attribute name="TEXT" value="4" />
    <attribute name="LINKS" value="4" />
  </edge>
  <edge from="SIXTEEN" to="PERCENT">
    <attribute name="TEXT" value="1" />
  </edge>
  <edge from="SMALLER" to="RECOMMENDATIONS">
    <attribute name="TEXT" value="1" />
  </edge>
  <edge from="SOCIETY" to="FAILED">
    <attribute name="TEXT" value="1" />
  </edge>
  <edge from="STATES" to="UNIVERSITY">
    <attribute name="TEXT" value="1" />
  </edge>
  <edge from="STETHOSCOPE" to="SKILLS">
    <attribute name="TEXT" value="2" />
    <attribute name="LINKS" value="2" />
  </edge>
  <edge from="STETHOSCOPE" to="SKILLS">
    <attribute name="TEXT" value="2" />
    <attribute name="LINKS" value="2" />
  </edge>
  <edge from="STORIES" to="AMERICAN">
    <attribute name="TEXT" value="1" />
  </edge>
  <edge from="STUDY" to="AUTHOR">
    <attribute name="TEXT" value="1" />
  </edge>
  <edge from="SURVEY" to="RESULTS">
    <attribute name="TEXT" value="1" />
  </edge>
  <edge from="SURVEYED" to="CONSUMED">
    <attribute name="TEXT" value="2" />
  </edge>
  <edge from="TEXT" to="HEADLINES">
    <attribute name="TEXT" value="1" />
  </edge>
  <edge from="THREE-DAY" to="PERIOD">
    <attribute name="TEXT" value="1" />
  </edge>
  <edge from="TYPICAL" to="THREE-DAY">
    <attribute name="TEXT" value="1" />
  </edge>
  <edge from="UNHEALTHY" to="DIET">
    <attribute name="TEXT" value="1" />
  </edge>
  <edge from="UNIVERSITY" to="PARK">
    <attribute name="TEXT" value="1" />
  </edge>
  <edge from="USDA" to="CALL">
    <attribute name="TEXT" value="1" />
  </edge>
  <edge from="USDA" to="GUIDELINES">
    <attribute name="TEXT" value="1" />
  </edge>
  <edge from="VAST" to="MAJORITY">
    <attribute name="TEXT" value="1" />
  </edge>
  <edge from="WEDNESDAY" to="SEPTEMBER">
    <attribute name="TEXT" value="1" />
  </edge>
</graph>
