<graph>
  <node id="AGAINST">
    <attribute name="FREQUENCY" value="1" />
  </node>
  <node id="AMERICAN">
    <attribute name="FREQUENCY" value="1" />
  </node>
  <node id="AUTHOR">
    <attribute name="FREQUENCY" value="1" />
  </node>
  <node id="BALTIMORE">
    <attribute name="FREQUENCY" value="1" />
  </node>
  <node id="BIZ">
    <attribute name="FREQUENCY" value="4" />
  </node>
  <node id="BRAIN">
    <attribute name="FREQUENCY" value="1" />
  </node>
  <node id="BREAST">
    <attribute name="FREQUENCY" value="1" />
  </node>
  <node id="CANCER">
    <attribute name="FREQUENCY" value="15" />
  </node>
  <node id="CARCINOMAS">
    <attribute name="FREQUENCY" value="1" />
  </node>
  <node id="CARRIED">
    <attribute name="FREQUENCY" value="1" />
  </node>
  <node id="CASE">
    <attribute name="FREQUENCY" value="1" />
  </node>
  <node id="CELLS">
    <attribute name="FREQUENCY" value="1" />
  </node>
  <node id="CHROMOSOME">
    <attribute name="FREQUENCY" value="1" />
  </node>
  <node id="COLORECTAL">
    <attribute name="FREQUENCY" value="2" />
  </node>
  <node id="COMMENTS">
    <attribute name="FREQUENCY" value="2" />
  </node>
  <node id="CONTRACEPTIVES">
    <attribute name="FREQUENCY" value="1" />
  </node>
  <node id="COW">
    <attribute name="FREQUENCY" value="4" />
  </node>
  <node id="CURRENT">
    <attribute name="FREQUENCY" value="1" />
  </node>
  <node id="DAMAGED">
    <attribute name="FREQUENCY" value="1" />
  </node>
  <node id="DEATH">
    <attribute name="FREQUENCY" value="1" />
  </node>
  <node id="DELETED">
    <attribute name="FREQUENCY" value="1" />
  </node>
  <node id="DEVELOPMENT">
    <attribute name="FREQUENCY" value="1" />
  </node>
  <node id="DIABETES">
    <attribute name="FREQUENCY" value="5" />
  </node>
  <node id="DIAGNOSED">
    <attribute name="FREQUENCY" value="1" />
  </node>
  <node id="DISEASE">
    <attribute name="FREQUENCY" value="1" />
  </node>
  <node id="DISORDER">
    <attribute name="FREQUENCY" value="4" />
  </node>
  <node id="EARLIER">
    <attribute name="FREQUENCY" value="1" />
  </node>
  <node id="EDT">
    <attribute name="FREQUENCY" value="1" />
  </node>
  <node id="ENDOMETRIAL">
    <attribute name="FREQUENCY" value="11" />
  </node>
  <node id="ENDOMETRIUM">
    <attribute name="FREQUENCY" value="1" />
  </node>
  <node id="ENTERTAIN">
    <attribute name="FREQUENCY" value="4" />
  </node>
  <node id="ESTIMATES">
    <attribute name="FREQUENCY" value="1" />
  </node>
  <node id="ESTROGEN">
    <attribute name="FREQUENCY" value="1" />
  </node>
  <node id="EXAMINED">
    <attribute name="FREQUENCY" value="1" />
  </node>
  <node id="EXPOSURE">
    <attribute name="FREQUENCY" value="1" />
  </node>
  <node id="FACTORS">
    <attribute name="FREQUENCY" value="2" />
  </node>
  <node id="FATAL">
    <attribute name="FREQUENCY" value="4" />
  </node>
  <node id="FINDINGS">
    <attribute name="FREQUENCY" value="1" />
  </node>
  <node id="FREQUENT">
    <attribute name="FREQUENCY" value="1" />
  </node>
  <node id="FREQUENTLY">
    <attribute name="FREQUENCY" value="1" />
  </node>
  <node id="FUNCTION">
    <attribute name="FREQUENCY" value="1" />
  </node>
  <node id="GALLBLADDER">
    <attribute name="FREQUENCY" value="1" />
  </node>
  <node id="GASTRIC">
    <attribute name="FREQUENCY" value="2" />
  </node>
  <node id="GENE">
    <attribute name="FREQUENCY" value="10" />
  </node>
  <node id="GENETIC">
    <attribute name="FREQUENCY" value="3" />
  </node>
  <node id="GROWTH">
    <attribute name="FREQUENCY" value="1" />
  </node>
  <node id="HALF">
    <attribute name="FREQUENCY" value="1" />
  </node>
  <node id="HEADLINES">
    <attribute name="FREQUENCY" value="1" />
  </node>
  <node id="HEALTH">
    <attribute name="FREQUENCY" value="4" />
  </node>
  <node id="HOMOLOGUE">
    <attribute name="FREQUENCY" value="1" />
  </node>
  <node id="HTML">
    <attribute name="FREQUENCY" value="1" />
  </node>
  <node id="HUMAN">
    <attribute name="FREQUENCY" value="4" />
  </node>
  <node id="HYPERTENSION">
    <attribute name="FREQUENCY" value="1" />
  </node>
  <node id="IDENTIFIED">
    <attribute name="FREQUENCY" value="5" />
  </node>
  <node id="INFO">
    <attribute name="FREQUENCY" value="2" />
  </node>
  <node id="ISSUE">
    <attribute name="FREQUENCY" value="1" />
  </node>
  <node id="JAPAN">
    <attribute name="FREQUENCY" value="1" />
  </node>
  <node id="LEAD">
    <attribute name="FREQUENCY" value="1" />
  </node>
  <node id="LIMITED">
    <attribute name="FREQUENCY" value="1" />
  </node>
  <node id="LINE">
    <attribute name="FREQUENCY" value="1" />
  </node>
  <node id="LINKED">
    <attribute name="FREQUENCY" value="8" />
  </node>
  <node id="LOS">
    <attribute name="FREQUENCY" value="1" />
  </node>
  <node id="MAD">
    <attribute name="FREQUENCY" value="4" />
  </node>
  <node id="MAJOR">
    <attribute name="FREQUENCY" value="1" />
  </node>
  <node id="MARYLAND">
    <attribute name="FREQUENCY" value="1" />
  </node>
  <node id="MEDICINE">
    <attribute name="FREQUENCY" value="2" />
  </node>
  <node id="MON">
    <attribute name="FREQUENCY" value="1" />
  </node>
  <node id="MUTANT">
    <attribute name="FREQUENCY" value="4" />
  </node>
  <node id="MUTATED">
    <attribute name="FREQUENCY" value="2" />
  </node>
  <node id="MUTATION">
    <attribute name="FREQUENCY" value="4" />
  </node>
  <node id="NATURE">
    <attribute name="FREQUENCY" value="2" />
  </node>
  <node id="NEWS">
    <attribute name="FREQUENCY" value="4" />
  </node>
  <node id="OBESITY">
    <attribute name="FREQUENCY" value="1" />
  </node>
  <node id="ORAL">
    <attribute name="FREQUENCY" value="1" />
  </node>
  <node id="PANCREATIC">
    <attribute name="FREQUENCY" value="2" />
  </node>
  <node id="PHOSPHATASE">
    <attribute name="FREQUENCY" value="1" />
  </node>
  <node id="PM">
    <attribute name="FREQUENCY" value="2" />
  </node>
  <node id="POLITIC">
    <attribute name="FREQUENCY" value="4" />
  </node>
  <node id="PREGNANCY">
    <attribute name="FREQUENCY" value="5" />
  </node>
  <node id="PREVENT">
    <attribute name="FREQUENCY" value="1" />
  </node>
  <node id="PROSTATE">
    <attribute name="FREQUENCY" value="1" />
  </node>
  <node id="PROTECT">
    <attribute name="FREQUENCY" value="1" />
  </node>
  <node id="PTEN">
    <attribute name="FREQUENCY" value="6" />
  </node>
  <node id="QUESTIONS">
    <attribute name="FREQUENCY" value="2" />
  </node>
  <node id="RELATED">
    <attribute name="FREQUENCY" value="1" />
  </node>
  <node id="REPORT">
    <attribute name="FREQUENCY" value="1" />
  </node>
  <node id="REPORTED">
    <attribute name="FREQUENCY" value="1" />
  </node>
  <node id="RESEARCHERS">
    <attribute name="FREQUENCY" value="1" />
  </node>
  <node id="REUTERS">
    <attribute name="FREQUENCY" value="2" />
  </node>
  <node id="RISK">
    <attribute name="FREQUENCY" value="6" />
  </node>
  <node id="SCHOOL">
    <attribute name="FREQUENCY" value="2" />
  </node>
  <node id="SCOREBOARD">
    <attribute name="FREQUENCY" value="4" />
  </node>
  <node id="SEP">
    <attribute name="FREQUENCY" value="1" />
  </node>
  <node id="SEPTEMBER">
    <attribute name="FREQUENCY" value="1" />
  </node>
  <node id="SIXTH">
    <attribute name="FREQUENCY" value="1" />
  </node>
  <node id="SOCIETY">
    <attribute name="FREQUENCY" value="1" />
  </node>
  <node id="SOURCE">
    <attribute name="FREQUENCY" value="1" />
  </node>
  <node id="SPECIFIC">
    <attribute name="FREQUENCY" value="1" />
  </node>
  <node id="SPORADIC">
    <attribute name="FREQUENCY" value="1" />
  </node>
  <node id="SPORT">
    <attribute name="FREQUENCY" value="4" />
  </node>
  <node id="STEP">
    <attribute name="FREQUENCY" value="1" />
  </node>
  <node id="STORIES">
    <attribute name="FREQUENCY" value="2" />
  </node>
  <node id="STORY">
    <attribute name="FREQUENCY" value="4" />
  </node>
  <node id="STUDIED">
    <attribute name="FREQUENCY" value="1" />
  </node>
  <node id="STUDY">
    <attribute name="FREQUENCY" value="2" />
  </node>
  <node id="SUGGESTS">
    <attribute name="FREQUENCY" value="2" />
  </node>
  <node id="SUPPRESSOR">
    <attribute name="FREQUENCY" value="1" />
  </node>
  <node id="TECH">
    <attribute name="FREQUENCY" value="4" />
  </node>
  <node id="TENSIN">
    <attribute name="FREQUENCY" value="1" />
  </node>
  <node id="TESTED">
    <attribute name="FREQUENCY" value="1" />
  </node>
  <node id="TEXT">
    <attribute name="FREQUENCY" value="1" />
  </node>
  <node id="TOHOKU">
    <attribute name="FREQUENCY" value="1" />
  </node>
  <node id="TUESDAY">
    <attribute name="FREQUENCY" value="1" />
  </node>
  <node id="TUMOR">
    <attribute name="FREQUENCY" value="4" />
  </node>
  <node id="TYPE">
    <attribute name="FREQUENCY" value="1" />
  </node>
  <node id="UNCLEAR">
    <attribute name="FREQUENCY" value="1" />
  </node>
  <node id="UNCONTROLLABLE">
    <attribute name="FREQUENCY" value="1" />
  </node>
  <node id="UNIVERSITY">
    <attribute name="FREQUENCY" value="2" />
  </node>
  <node id="UTERINE">
    <attribute name="FREQUENCY" value="1" />
  </node>
  <node id="WOMEN">
    <attribute name="FREQUENCY" value="2" />
  </node>
  <node id="WRITE">
    <attribute name="FREQUENCY" value="2" />
  </node>
  <node id="WROTE">
    <attribute name="FREQUENCY" value="1" />
  </node>
  <node id="YAHOO">
    <attribute name="FREQUENCY" value="4" />
  </node>
  <node id="YEAR">
    <attribute name="FREQUENCY" value="1" />
  </node>
  <node id="YORK">
    <attribute name="FREQUENCY" value="1" />
  </node>
  <edge from="AGAINST" to="ENDOMETRIAL">
    <attribute name="TEXT" value="1" />
  </edge>
  <edge from="AMERICAN" to="CANCER">
    <attribute name="TEXT" value="1" />
  </edge>
  <edge from="AUTHOR" to="WROTE">
    <attribute name="TEXT" value="1" />
  </edge>
  <edge from="BRAIN" to="BREAST">
    <attribute name="TEXT" value="1" />
  </edge>
  <edge from="CANCER" to="DEATH">
    <attribute name="TEXT" value="1" />
  </edge>
  <edge from="CANCER" to="SOCIETY">
    <attribute name="TEXT" value="1" />
  </edge>
  <edge from="CARRIED" to="MUTATION">
    <attribute name="TEXT" value="1" />
  </edge>
  <edge from="COLORECTAL" to="TUMOR">
    <attribute name="TEXT" value="1" />
  </edge>
  <edge from="CURRENT" to="ISSUE">
    <attribute name="TEXT" value="1" />
  </edge>
  <edge from="DAMAGED" to="CELLS">
    <attribute name="TEXT" value="1" />
  </edge>
  <edge from="DIABETES" to="GALLBLADDER">
    <attribute name="TEXT" value="1" />
  </edge>
  <edge from="DIABETES" to="RISK">
    <attribute name="TEXT" value="4" />
    <attribute name="LINKS" value="4" />
  </edge>
  <edge from="DIABETES" to="RISK">
    <attribute name="TEXT" value="4" />
    <attribute name="LINKS" value="4" />
  </edge>
  <edge from="DISEASE" to="HYPERTENSION">
    <attribute name="TEXT" value="1" />
  </edge>
  <edge from="EARLIER" to="RELATED">
    <attribute name="TEXT" value="1" />
  </edge>
  <edge from="ENDOMETRIAL" to="CANCER">
    <attribute name="TEXT" value="7" />
    <attribute name="LINKS" value="1" />
    <attribute name="KEYWORDS" value="1" />
  </edge>
  <edge from="ENDOMETRIAL" to="CANCER">
    <attribute name="TEXT" value="7" />
    <attribute name="LINKS" value="1" />
    <attribute name="KEYWORDS" value="1" />
  </edge>
  <edge from="ENDOMETRIAL" to="CANCER">
    <attribute name="TEXT" value="7" />
    <attribute name="LINKS" value="1" />
    <attribute name="KEYWORDS" value="1" />
  </edge>
  <edge from="ENDOMETRIAL" to="CARCINOMAS">
    <attribute name="TEXT" value="1" />
  </edge>
  <edge from="ENDOMETRIAL" to="TUMOR">
    <attribute name="TEXT" value="1" />
  </edge>
  <edge from="ESTROGEN" to="EXPOSURE">
    <attribute name="TEXT" value="1" />
  </edge>
  <edge from="FATAL" to="HUMAN">
    <attribute name="TEXT" value="2" />
    <attribute name="LINKS" value="2" />
  </edge>
  <edge from="FATAL" to="HUMAN">
    <attribute name="TEXT" value="2" />
    <attribute name="LINKS" value="2" />
  </edge>
  <edge from="FINDINGS" to="SUGGESTS">
    <attribute name="TEXT" value="1" />
  </edge>
  <edge from="FREQUENT" to="MUTATION">
    <attribute name="TEXT" value="1" />
  </edge>
  <edge from="FREQUENTLY" to="MUTATED">
    <attribute name="TEXT" value="1" />
  </edge>
  <edge from="GALLBLADDER" to="DISEASE">
    <attribute name="TEXT" value="1" />
  </edge>
  <edge from="GASTRIC" to="CANCER">
    <attribute name="TEXT" value="1" />
  </edge>
  <edge from="GENE" to="LINKED">
    <attribute name="TEXT" value="2" />
    <attribute name="LINKS" value="1" />
    <attribute name="KEYWORDS" value="1" />
  </edge>
  <edge from="GENE" to="LINKED">
    <attribute name="TEXT" value="2" />
    <attribute name="LINKS" value="1" />
    <attribute name="KEYWORDS" value="1" />
  </edge>
  <edge from="GENE" to="LINKED">
    <attribute name="TEXT" value="2" />
    <attribute name="LINKS" value="1" />
    <attribute name="KEYWORDS" value="1" />
  </edge>
  <edge from="GENE" to="STUDIED">
    <attribute name="TEXT" value="1" />
  </edge>
  <edge from="GENETIC" to="MUTATION">
    <attribute name="TEXT" value="1" />
  </edge>
  <edge from="HEALTH" to="STORIES">
    <attribute name="TEXT" value="1" />
  </edge>
  <edge from="HOMOLOGUE" to="DELETED">
    <attribute name="TEXT" value="1" />
  </edge>
  <edge from="HUMAN" to="DISORDER">
    <attribute name="TEXT" value="2" />
    <attribute name="LINKS" value="2" />
  </edge>
  <edge from="HUMAN" to="DISORDER">
    <attribute name="TEXT" value="2" />
    <attribute name="LINKS" value="2" />
  </edge>
  <edge from="MAD" to="COW">
    <attribute name="TEXT" value="2" />
    <attribute name="LINKS" value="2" />
  </edge>
  <edge from="MAD" to="COW">
    <attribute name="TEXT" value="2" />
    <attribute name="LINKS" value="2" />
  </edge>
  <edge from="MAJOR" to="RISK">
    <attribute name="TEXT" value="1" />
  </edge>
  <edge from="MARYLAND" to="SCHOOL">
    <attribute name="TEXT" value="1" />
  </edge>
  <edge from="MON" to="SEP">
    <attribute name="TEXT" value="1" />
  </edge>
  <edge from="MUTANT" to="GENE">
    <attribute name="TEXT" value="2" />
    <attribute name="LINKS" value="1" />
    <attribute name="KEYWORDS" value="1" />
  </edge>
  <edge from="MUTANT" to="GENE">
    <attribute name="TEXT" value="2" />
    <attribute name="LINKS" value="1" />
    <attribute name="KEYWORDS" value="1" />
  </edge>
  <edge from="MUTANT" to="GENE">
    <attribute name="TEXT" value="2" />
    <attribute name="LINKS" value="1" />
    <attribute name="KEYWORDS" value="1" />
  </edge>
  <edge from="MUTATED" to="GENE">
    <attribute name="TEXT" value="1" />
  </edge>
  <edge from="NATURE" to="GENETIC">
    <attribute name="TEXT" value="2" />
  </edge>
  <edge from="ORAL" to="CONTRACEPTIVES">
    <attribute name="TEXT" value="1" />
  </edge>
  <edge from="PANCREATIC" to="TUMOR">
    <attribute name="TEXT" value="1" />
  </edge>
  <edge from="PM" to="EDT">
    <attribute name="TEXT" value="1" />
  </edge>
  <edge from="PREGNANCY" to="DIABETES">
    <attribute name="TEXT" value="2" />
    <attribute name="LINKS" value="2" />
  </edge>
  <edge from="PREGNANCY" to="DIABETES">
    <attribute name="TEXT" value="2" />
    <attribute name="LINKS" value="2" />
  </edge>
  <edge from="PROSTATE" to="CANCER">
    <attribute name="TEXT" value="1" />
  </edge>
  <edge from="PROTECT" to="AGAINST">
    <attribute name="TEXT" value="1" />
  </edge>
  <edge from="PTEN" to="GENE">
    <attribute name="TEXT" value="3" />
  </edge>
  <edge from="RELATED" to="STORIES">
    <attribute name="TEXT" value="1" />
  </edge>
  <edge from="REUTERS" to="LIMITED">
    <attribute name="TEXT" value="1" />
  </edge>
  <edge from="RISK" to="FACTORS">
    <attribute name="TEXT" value="2" />
  </edge>
  <edge from="RISK" to="IDENTIFIED">
    <attribute name="TEXT" value="4" />
    <attribute name="LINKS" value="4" />
  </edge>
  <edge from="RISK" to="IDENTIFIED">
    <attribute name="TEXT" value="4" />
    <attribute name="LINKS" value="4" />
  </edge>
  <edge from="SIXTH" to="LEAD">
    <attribute name="TEXT" value="1" />
  </edge>
  <edge from="SOCIETY" to="ESTIMATES">
    <attribute name="TEXT" value="1" />
  </edge>
  <edge from="SPECIFIC" to="GENETIC">
    <attribute name="TEXT" value="1" />
  </edge>
  <edge from="SPORADIC" to="CASE">
    <attribute name="TEXT" value="1" />
  </edge>
  <edge from="STORIES" to="PTEN">
    <attribute name="TEXT" value="1" />
  </edge>
  <edge from="STUDY" to="SUGGESTS">
    <attribute name="TEXT" value="1" />
  </edge>
  <edge from="SUPPRESSOR" to="GENE">
    <attribute name="TEXT" value="1" />
  </edge>
  <edge from="TENSIN" to="HOMOLOGUE">
    <attribute name="TEXT" value="1" />
  </edge>
  <edge from="TESTED" to="CARRIED">
    <attribute name="TEXT" value="1" />
  </edge>
  <edge from="TEXT" to="HEADLINES">
    <attribute name="TEXT" value="1" />
  </edge>
  <edge from="TOHOKU" to="UNIVERSITY">
    <attribute name="TEXT" value="1" />
  </edge>
  <edge from="TUESDAY" to="SEPTEMBER">
    <attribute name="TEXT" value="1" />
  </edge>
  <edge from="TUMOR" to="SUPPRESSOR">
    <attribute name="TEXT" value="1" />
  </edge>
  <edge from="UNCONTROLLABLE" to="GROWTH">
    <attribute name="TEXT" value="1" />
  </edge>
  <edge from="UNIVERSITY" to="SCHOOL">
    <attribute name="TEXT" value="1" />
  </edge>
  <edge from="UTERINE" to="LINE">
    <attribute name="TEXT" value="1" />
  </edge>
</graph>
