<graph>
  <node id="ACTIVITIES">
    <attribute name="FREQUENCY" value="1" />
  </node>
  <node id="ADD">
    <attribute name="FREQUENCY" value="1" />
  </node>
  <node id="ADDITION">
    <attribute name="FREQUENCY" value="1" />
  </node>
  <node id="ADMINISTERED">
    <attribute name="FREQUENCY" value="1" />
  </node>
  <node id="ADVANCED">
    <attribute name="FREQUENCY" value="1" />
  </node>
  <node id="AMOUNT">
    <attribute name="FREQUENCY" value="2" />
  </node>
  <node id="ANAPLASTIC">
    <attribute name="FREQUENCY" value="3" />
  </node>
  <node id="ANTI-CANCER">
    <attribute name="FREQUENCY" value="1" />
  </node>
  <node id="ASSOCIATE">
    <attribute name="FREQUENCY" value="1" />
  </node>
  <node id="ASTROCYTOMA">
    <attribute name="FREQUENCY" value="3" />
  </node>
  <node id="AUTHOR">
    <attribute name="FREQUENCY" value="1" />
  </node>
  <node id="AVERAGE">
    <attribute name="FREQUENCY" value="1" />
  </node>
  <node id="AWAKE">
    <attribute name="FREQUENCY" value="1" />
  </node>
  <node id="BAD">
    <attribute name="FREQUENCY" value="1" />
  </node>
  <node id="BALL">
    <attribute name="FREQUENCY" value="1" />
  </node>
  <node id="BEAM">
    <attribute name="FREQUENCY" value="1" />
  </node>
  <node id="BENEFIT">
    <attribute name="FREQUENCY" value="1" />
  </node>
  <node id="BENIGN">
    <attribute name="FREQUENCY" value="1" />
  </node>
  <node id="BIGGER">
    <attribute name="FREQUENCY" value="1" />
  </node>
  <node id="BIZ">
    <attribute name="FREQUENCY" value="4" />
  </node>
  <node id="BONE">
    <attribute name="FREQUENCY" value="4" />
  </node>
  <node id="BRAIN">
    <attribute name="FREQUENCY" value="11" />
  </node>
  <node id="CANCER">
    <attribute name="FREQUENCY" value="6" />
  </node>
  <node id="CARE">
    <attribute name="FREQUENCY" value="4" />
  </node>
  <node id="CAUSED">
    <attribute name="FREQUENCY" value="4" />
  </node>
  <node id="CHARACTERIZE">
    <attribute name="FREQUENCY" value="1" />
  </node>
  <node id="CHEMOTHERAPY">
    <attribute name="FREQUENCY" value="2" />
  </node>
  <node id="CLEAR">
    <attribute name="FREQUENCY" value="1" />
  </node>
  <node id="CLINICAL">
    <attribute name="FREQUENCY" value="1" />
  </node>
  <node id="COMMENTS">
    <attribute name="FREQUENCY" value="2" />
  </node>
  <node id="COMPARED">
    <attribute name="FREQUENCY" value="1" />
  </node>
  <node id="COMPUTER">
    <attribute name="FREQUENCY" value="1" />
  </node>
  <node id="CONTROL">
    <attribute name="FREQUENCY" value="1" />
  </node>
  <node id="DAY">
    <attribute name="FREQUENCY" value="1" />
  </node>
  <node id="DEADLY">
    <attribute name="FREQUENCY" value="1" />
  </node>
  <node id="DEMENTIA">
    <attribute name="FREQUENCY" value="4" />
  </node>
  <node id="DESTROY">
    <attribute name="FREQUENCY" value="1" />
  </node>
  <node id="DETAILED">
    <attribute name="FREQUENCY" value="1" />
  </node>
  <node id="DIAGNOSIS">
    <attribute name="FREQUENCY" value="1" />
  </node>
  <node id="DOSE">
    <attribute name="FREQUENCY" value="1" />
  </node>
  <node id="DOUBLE">
    <attribute name="FREQUENCY" value="1" />
  </node>
  <node id="DOUGLAS">
    <attribute name="FREQUENCY" value="1" />
  </node>
  <node id="DRUG">
    <attribute name="FREQUENCY" value="1" />
  </node>
  <node id="EDT">
    <attribute name="FREQUENCY" value="1" />
  </node>
  <node id="ENTERTAIN">
    <attribute name="FREQUENCY" value="4" />
  </node>
  <node id="EVIDENCE">
    <attribute name="FREQUENCY" value="4" />
  </node>
  <node id="EXPLAINS">
    <attribute name="FREQUENCY" value="1" />
  </node>
  <node id="EXTRA">
    <attribute name="FREQUENCY" value="1" />
  </node>
  <node id="FAILED">
    <attribute name="FREQUENCY" value="1" />
  </node>
  <node id="FOCUSED">
    <attribute name="FREQUENCY" value="3" />
  </node>
  <node id="GBM">
    <attribute name="FREQUENCY" value="2" />
  </node>
  <node id="GLIOBLASTOMA">
    <attribute name="FREQUENCY" value="3" />
  </node>
  <node id="GOLF">
    <attribute name="FREQUENCY" value="1" />
  </node>
  <node id="HALF">
    <attribute name="FREQUENCY" value="1" />
  </node>
  <node id="HEADLINES">
    <attribute name="FREQUENCY" value="1" />
  </node>
  <node id="HEALTH">
    <attribute name="FREQUENCY" value="4" />
  </node>
  <node id="HIGH-TECH">
    <attribute name="FREQUENCY" value="1" />
  </node>
  <node id="HISTORICALLY">
    <attribute name="FREQUENCY" value="1" />
  </node>
  <node id="HIT">
    <attribute name="FREQUENCY" value="1" />
  </node>
  <node id="HTML">
    <attribute name="FREQUENCY" value="1" />
  </node>
  <node id="HUGE">
    <attribute name="FREQUENCY" value="1" />
  </node>
  <node id="IDENTIFIED">
    <attribute name="FREQUENCY" value="1" />
  </node>
  <node id="IMAGE">
    <attribute name="FREQUENCY" value="1" />
  </node>
  <node id="IMPROVEMENT">
    <attribute name="FREQUENCY" value="1" />
  </node>
  <node id="INDIVIDUALS">
    <attribute name="FREQUENCY" value="1" />
  </node>
  <node id="INFECTION">
    <attribute name="FREQUENCY" value="4" />
  </node>
  <node id="INFO">
    <attribute name="FREQUENCY" value="2" />
  </node>
  <node id="INITIAL">
    <attribute name="FREQUENCY" value="2" />
  </node>
  <node id="INTENSE">
    <attribute name="FREQUENCY" value="1" />
  </node>
  <node id="INTRAVENOUSLY">
    <attribute name="FREQUENCY" value="1" />
  </node>
  <node id="INVADE">
    <attribute name="FREQUENCY" value="1" />
  </node>
  <node id="ISSUE">
    <attribute name="FREQUENCY" value="1" />
  </node>
  <node id="KONDZIOLKA">
    <attribute name="FREQUENCY" value="4" />
  </node>
  <node id="LEAD">
    <attribute name="FREQUENCY" value="1" />
  </node>
  <node id="LIFE">
    <attribute name="FREQUENCY" value="1" />
  </node>
  <node id="LIMITED">
    <attribute name="FREQUENCY" value="1" />
  </node>
  <node id="LIVE">
    <attribute name="FREQUENCY" value="2" />
  </node>
  <node id="LONGER">
    <attribute name="FREQUENCY" value="1" />
  </node>
  <node id="MAGNETIC">
    <attribute name="FREQUENCY" value="1" />
  </node>
  <node id="MALIGNANCIES">
    <attribute name="FREQUENCY" value="1" />
  </node>
  <node id="MALIGNANCY">
    <attribute name="FREQUENCY" value="1" />
  </node>
  <node id="MAXIMIZE">
    <attribute name="FREQUENCY" value="1" />
  </node>
  <node id="MEDIAN">
    <attribute name="FREQUENCY" value="1" />
  </node>
  <node id="METHOD">
    <attribute name="FREQUENCY" value="1" />
  </node>
  <node id="MILDLY">
    <attribute name="FREQUENCY" value="1" />
  </node>
  <node id="MONDAY">
    <attribute name="FREQUENCY" value="1" />
  </node>
  <node id="MONTH">
    <attribute name="FREQUENCY" value="2" />
  </node>
  <node id="MORNING">
    <attribute name="FREQUENCY" value="1" />
  </node>
  <node id="MRI">
    <attribute name="FREQUENCY" value="1" />
  </node>
  <node id="MULTIFORME">
    <attribute name="FREQUENCY" value="1" />
  </node>
  <node id="NEUROLOGICAL">
    <attribute name="FREQUENCY" value="1" />
  </node>
  <node id="NEUROSURGERY">
    <attribute name="FREQUENCY" value="2" />
  </node>
  <node id="NEWS">
    <attribute name="FREQUENCY" value="4" />
  </node>
  <node id="NORMAL">
    <attribute name="FREQUENCY" value="1" />
  </node>
  <node id="NOTES">
    <attribute name="FREQUENCY" value="1" />
  </node>
  <node id="OCTOBER">
    <attribute name="FREQUENCY" value="1" />
  </node>
  <node id="ONE-DAY">
    <attribute name="FREQUENCY" value="1" />
  </node>
  <node id="ONE-YEAR">
    <attribute name="FREQUENCY" value="1" />
  </node>
  <node id="PATIENTS">
    <attribute name="FREQUENCY" value="7" />
  </node>
  <node id="PENNSYLVANIA">
    <attribute name="FREQUENCY" value="1" />
  </node>
  <node id="PEOPLE">
    <attribute name="FREQUENCY" value="1" />
  </node>
  <node id="PERIODIC">
    <attribute name="FREQUENCY" value="1" />
  </node>
  <node id="PITTSBURGH">
    <attribute name="FREQUENCY" value="2" />
  </node>
  <node id="PM">
    <attribute name="FREQUENCY" value="1" />
  </node>
  <node id="POLITIC">
    <attribute name="FREQUENCY" value="4" />
  </node>
  <node id="PRACTICALLY">
    <attribute name="FREQUENCY" value="1" />
  </node>
  <node id="PROCEDURE">
    <attribute name="FREQUENCY" value="2" />
  </node>
  <node id="PROFESSOR">
    <attribute name="FREQUENCY" value="1" />
  </node>
  <node id="PROLONG">
    <attribute name="FREQUENCY" value="1" />
  </node>
  <node id="QUESTIONS">
    <attribute name="FREQUENCY" value="2" />
  </node>
  <node id="RADIATION">
    <attribute name="FREQUENCY" value="7" />
  </node>
  <node id="RADIOSURGERY">
    <attribute name="FREQUENCY" value="10" />
  </node>
  <node id="RANDOMIZED">
    <attribute name="FREQUENCY" value="1" />
  </node>
  <node id="RANGE">
    <attribute name="FREQUENCY" value="1" />
  </node>
  <node id="REPORT">
    <attribute name="FREQUENCY" value="2" />
  </node>
  <node id="RESEARCHERS">
    <attribute name="FREQUENCY" value="3" />
  </node>
  <node id="RESONANCE">
    <attribute name="FREQUENCY" value="1" />
  </node>
  <node id="RETURN">
    <attribute name="FREQUENCY" value="1" />
  </node>
  <node id="REUTERS">
    <attribute name="FREQUENCY" value="2" />
  </node>
  <node id="RISK">
    <attribute name="FREQUENCY" value="2" />
  </node>
  <node id="SCANS">
    <attribute name="FREQUENCY" value="3" />
  </node>
  <node id="SCOREBOARD">
    <attribute name="FREQUENCY" value="4" />
  </node>
  <node id="SEDATED">
    <attribute name="FREQUENCY" value="1" />
  </node>
  <node id="SEPTEMBER">
    <attribute name="FREQUENCY" value="1" />
  </node>
  <node id="SHORTER">
    <attribute name="FREQUENCY" value="4" />
  </node>
  <node id="SIMILAR">
    <attribute name="FREQUENCY" value="1" />
  </node>
  <node id="SIMPLER">
    <attribute name="FREQUENCY" value="4" />
  </node>
  <node id="SIZE">
    <attribute name="FREQUENCY" value="1" />
  </node>
  <node id="SMALLER">
    <attribute name="FREQUENCY" value="1" />
  </node>
  <node id="SOMETIMES">
    <attribute name="FREQUENCY" value="1" />
  </node>
  <node id="SOURCE">
    <attribute name="FREQUENCY" value="1" />
  </node>
  <node id="SPORT">
    <attribute name="FREQUENCY" value="4" />
  </node>
  <node id="STANDARD">
    <attribute name="FREQUENCY" value="2" />
  </node>
  <node id="STATES">
    <attribute name="FREQUENCY" value="1" />
  </node>
  <node id="STEP">
    <attribute name="FREQUENCY" value="1" />
  </node>
  <node id="STEREOTACTIC">
    <attribute name="FREQUENCY" value="3" />
  </node>
  <node id="STORIES">
    <attribute name="FREQUENCY" value="1" />
  </node>
  <node id="STORY">
    <attribute name="FREQUENCY" value="4" />
  </node>
  <node id="STUDIES">
    <attribute name="FREQUENCY" value="1" />
  </node>
  <node id="STUDY">
    <attribute name="FREQUENCY" value="3" />
  </node>
  <node id="SURGERY">
    <attribute name="FREQUENCY" value="2" />
  </node>
  <node id="SURVIVAL">
    <attribute name="FREQUENCY" value="5" />
  </node>
  <node id="SYSTEM">
    <attribute name="FREQUENCY" value="1" />
  </node>
  <node id="TARGETED">
    <attribute name="FREQUENCY" value="1" />
  </node>
  <node id="TECH">
    <attribute name="FREQUENCY" value="4" />
  </node>
  <node id="TEXT">
    <attribute name="FREQUENCY" value="1" />
  </node>
  <node id="THERAPY">
    <attribute name="FREQUENCY" value="1" />
  </node>
  <node id="TIGHTLY">
    <attribute name="FREQUENCY" value="1" />
  </node>
  <node id="TREAT">
    <attribute name="FREQUENCY" value="2" />
  </node>
  <node id="TREATED">
    <attribute name="FREQUENCY" value="3" />
  </node>
  <node id="TREATMENT">
    <attribute name="FREQUENCY" value="8" />
  </node>
  <node id="TRIAL">
    <attribute name="FREQUENCY" value="1" />
  </node>
  <node id="TUMOR">
    <attribute name="FREQUENCY" value="15" />
  </node>
  <node id="TYPE">
    <attribute name="FREQUENCY" value="1" />
  </node>
  <node id="UNDERWENT">
    <attribute name="FREQUENCY" value="1" />
  </node>
  <node id="UNIVERSITY">
    <attribute name="FREQUENCY" value="1" />
  </node>
  <node id="UPS">
    <attribute name="FREQUENCY" value="2" />
  </node>
  <node id="USUAL">
    <attribute name="FREQUENCY" value="2" />
  </node>
  <node id="WATCHED">
    <attribute name="FREQUENCY" value="1" />
  </node>
  <node id="WORSE">
    <attribute name="FREQUENCY" value="1" />
  </node>
  <node id="WORST">
    <attribute name="FREQUENCY" value="1" />
  </node>
  <node id="WRITE">
    <attribute name="FREQUENCY" value="2" />
  </node>
  <node id="YAHOO">
    <attribute name="FREQUENCY" value="4" />
  </node>
  <node id="YEAR">
    <attribute name="FREQUENCY" value="2" />
  </node>
  <node id="YORK">
    <attribute name="FREQUENCY" value="1" />
  </node>
  <edge from="ADMINISTERED" to="CHEMOTHERAPY">
    <attribute name="TEXT" value="1" />
  </edge>
  <edge from="ADVANCED" to="COMPUTER">
    <attribute name="TEXT" value="1" />
  </edge>
  <edge from="ANAPLASTIC" to="ASTROCYTOMA">
    <attribute name="TEXT" value="3" />
  </edge>
  <edge from="ANTI-CANCER" to="DRUG">
    <attribute name="TEXT" value="1" />
  </edge>
  <edge from="ASSOCIATE" to="PROFESSOR">
    <attribute name="TEXT" value="1" />
  </edge>
  <edge from="AVERAGE" to="SURVIVAL">
    <attribute name="TEXT" value="1" />
  </edge>
  <edge from="BENIGN" to="BRAIN">
    <attribute name="TEXT" value="1" />
  </edge>
  <edge from="BONE" to="CANCER">
    <attribute name="TEXT" value="2" />
    <attribute name="LINKS" value="2" />
  </edge>
  <edge from="BONE" to="CANCER">
    <attribute name="TEXT" value="2" />
    <attribute name="LINKS" value="2" />
  </edge>
  <edge from="BRAIN" to="CANCER">
    <attribute name="TEXT" value="1" />
  </edge>
  <edge from="BRAIN" to="SCANS">
    <attribute name="TEXT" value="1" />
  </edge>
  <edge from="BRAIN" to="TUMOR">
    <attribute name="TEXT" value="4" />
    <attribute name="KEYWORDS" value="1" />
  </edge>
  <edge from="BRAIN" to="TUMOR">
    <attribute name="TEXT" value="4" />
    <attribute name="KEYWORDS" value="1" />
  </edge>
  <edge from="CANCER" to="CARE">
    <attribute name="TEXT" value="2" />
    <attribute name="LINKS" value="2" />
  </edge>
  <edge from="CANCER" to="CARE">
    <attribute name="TEXT" value="2" />
    <attribute name="LINKS" value="2" />
  </edge>
  <edge from="CANCER" to="PATIENTS">
    <attribute name="TEXT" value="1" />
  </edge>
  <edge from="CAUSED" to="DEMENTIA">
    <attribute name="TEXT" value="2" />
    <attribute name="LINKS" value="2" />
  </edge>
  <edge from="CAUSED" to="DEMENTIA">
    <attribute name="TEXT" value="2" />
    <attribute name="LINKS" value="2" />
  </edge>
  <edge from="CLINICAL" to="TRIAL">
    <attribute name="TEXT" value="1" />
  </edge>
  <edge from="COMPUTER" to="SYSTEM">
    <attribute name="TEXT" value="1" />
  </edge>
  <edge from="DEADLY" to="CANCER">
    <attribute name="TEXT" value="1" />
  </edge>
  <edge from="DETAILED" to="BRAIN">
    <attribute name="TEXT" value="1" />
  </edge>
  <edge from="DOUGLAS" to="KONDZIOLKA">
    <attribute name="TEXT" value="1" />
  </edge>
  <edge from="EXTRA" to="YEAR">
    <attribute name="TEXT" value="1" />
  </edge>
  <edge from="FOCUSED" to="BEAM">
    <attribute name="TEXT" value="1" />
  </edge>
  <edge from="GLIOBLASTOMA" to="MULTIFORME">
    <attribute name="TEXT" value="1" />
  </edge>
  <edge from="GOLF" to="BALL">
    <attribute name="TEXT" value="1" />
  </edge>
  <edge from="HEALTH" to="STORIES">
    <attribute name="TEXT" value="1" />
  </edge>
  <edge from="HIGH-TECH" to="TREATMENT">
    <attribute name="TEXT" value="1" />
  </edge>
  <edge from="HUGE" to="TUMOR">
    <attribute name="TEXT" value="1" />
  </edge>
  <edge from="INFECTION" to="CAUSED">
    <attribute name="TEXT" value="2" />
    <attribute name="LINKS" value="2" />
  </edge>
  <edge from="INFECTION" to="CAUSED">
    <attribute name="TEXT" value="2" />
    <attribute name="LINKS" value="2" />
  </edge>
  <edge from="INITIAL" to="TREATMENT">
    <attribute name="TEXT" value="2" />
  </edge>
  <edge from="INTENSE" to="TIGHTLY">
    <attribute name="TEXT" value="1" />
  </edge>
  <edge from="INTRAVENOUSLY" to="ADMINISTERED">
    <attribute name="TEXT" value="1" />
  </edge>
  <edge from="KONDZIOLKA" to="LEAD">
    <attribute name="TEXT" value="1" />
  </edge>
  <edge from="LEAD" to="STUDY">
    <attribute name="TEXT" value="1" />
  </edge>
  <edge from="LIVE" to="LONGER">
    <attribute name="TEXT" value="1" />
  </edge>
  <edge from="MAGNETIC" to="RESONANCE">
    <attribute name="TEXT" value="1" />
  </edge>
  <edge from="MEDIAN" to="SURVIVAL">
    <attribute name="TEXT" value="1" />
  </edge>
  <edge from="MILDLY" to="SEDATED">
    <attribute name="TEXT" value="1" />
  </edge>
  <edge from="MONDAY" to="SEPTEMBER">
    <attribute name="TEXT" value="1" />
  </edge>
  <edge from="NEUROLOGICAL" to="SURGERY">
    <attribute name="TEXT" value="1" />
  </edge>
  <edge from="NORMAL" to="BRAIN">
    <attribute name="TEXT" value="1" />
  </edge>
  <edge from="OCTOBER" to="ISSUE">
    <attribute name="TEXT" value="1" />
  </edge>
  <edge from="ONE-DAY" to="PROCEDURE">
    <attribute name="TEXT" value="1" />
  </edge>
  <edge from="ONE-YEAR" to="RANGE">
    <attribute name="TEXT" value="1" />
  </edge>
  <edge from="PATIENTS" to="AWAKE">
    <attribute name="TEXT" value="1" />
  </edge>
  <edge from="PATIENTS" to="TREATED">
    <attribute name="TEXT" value="1" />
  </edge>
  <edge from="PENNSYLVANIA" to="CHARACTERIZE">
    <attribute name="TEXT" value="1" />
  </edge>
  <edge from="PERIODIC" to="SCANS">
    <attribute name="TEXT" value="1" />
  </edge>
  <edge from="PITTSBURGH" to="STUDY">
    <attribute name="TEXT" value="1" />
  </edge>
  <edge from="PM" to="EDT">
    <attribute name="TEXT" value="1" />
  </edge>
  <edge from="PRACTICALLY" to="DOUBLE">
    <attribute name="TEXT" value="1" />
  </edge>
  <edge from="RADIATION" to="METHOD">
    <attribute name="TEXT" value="1" />
  </edge>
  <edge from="RADIATION" to="THERAPY">
    <attribute name="TEXT" value="1" />
  </edge>
  <edge from="RADIOSURGERY" to="HIGH-TECH">
    <attribute name="TEXT" value="1" />
  </edge>
  <edge from="RADIOSURGERY" to="UPS">
    <attribute name="TEXT" value="1" />
    <attribute name="KEYWORDS" value="1" />
  </edge>
  <edge from="RADIOSURGERY" to="UPS">
    <attribute name="TEXT" value="1" />
    <attribute name="KEYWORDS" value="1" />
  </edge>
  <edge from="RANDOMIZED" to="CLINICAL">
    <attribute name="TEXT" value="1" />
  </edge>
  <edge from="RESEARCHERS" to="STATES">
    <attribute name="TEXT" value="1" />
  </edge>
  <edge from="RESONANCE" to="IMAGE">
    <attribute name="TEXT" value="1" />
  </edge>
  <edge from="REUTERS" to="LIMITED">
    <attribute name="TEXT" value="1" />
  </edge>
  <edge from="SHORTER" to="SIMPLER">
    <attribute name="TEXT" value="2" />
  </edge>
  <edge from="SIMILAR" to="BRAIN">
    <attribute name="TEXT" value="1" />
  </edge>
  <edge from="SIMPLER" to="BONE">
    <attribute name="TEXT" value="2" />
    <attribute name="LINKS" value="2" />
  </edge>
  <edge from="SIMPLER" to="BONE">
    <attribute name="TEXT" value="2" />
    <attribute name="LINKS" value="2" />
  </edge>
  <edge from="SOMETIMES" to="CHEMOTHERAPY">
    <attribute name="TEXT" value="1" />
  </edge>
  <edge from="STANDARD" to="RADIATION">
    <attribute name="TEXT" value="1" />
  </edge>
  <edge from="STANDARD" to="TREATMENT">
    <attribute name="TEXT" value="1" />
  </edge>
  <edge from="STEREOTACTIC" to="RADIOSURGERY">
    <attribute name="TEXT" value="3" />
  </edge>
  <edge from="STORIES" to="RADIOSURGERY">
    <attribute name="TEXT" value="1" />
  </edge>
  <edge from="STUDY" to="AUTHOR">
    <attribute name="TEXT" value="1" />
  </edge>
  <edge from="SURVIVAL" to="BENEFIT">
    <attribute name="TEXT" value="1" />
  </edge>
  <edge from="TEXT" to="HEADLINES">
    <attribute name="TEXT" value="1" />
  </edge>
  <edge from="TIGHTLY" to="FOCUSED">
    <attribute name="TEXT" value="1" />
  </edge>
  <edge from="TREAT" to="HUGE">
    <attribute name="TEXT" value="1" />
  </edge>
  <edge from="TREAT" to="SMALLER">
    <attribute name="TEXT" value="1" />
  </edge>
  <edge from="TREATMENT" to="MEDIAN">
    <attribute name="TEXT" value="1" />
  </edge>
  <edge from="TUMOR" to="INVADE">
    <attribute name="TEXT" value="1" />
  </edge>
  <edge from="TUMOR" to="SURVIVAL">
    <attribute name="TEXT" value="1" />
    <attribute name="KEYWORDS" value="1" />
  </edge>
  <edge from="TUMOR" to="SURVIVAL">
    <attribute name="TEXT" value="1" />
    <attribute name="KEYWORDS" value="1" />
  </edge>
  <edge from="TUMOR" to="TREATED">
    <attribute name="TEXT" value="1" />
  </edge>
  <edge from="UNDERWENT" to="INTRAVENOUSLY">
    <attribute name="TEXT" value="1" />
  </edge>
  <edge from="UPS" to="BRAIN">
    <attribute name="TEXT" value="1" />
    <attribute name="KEYWORDS" value="1" />
  </edge>
  <edge from="UPS" to="BRAIN">
    <attribute name="TEXT" value="1" />
    <attribute name="KEYWORDS" value="1" />
  </edge>
  <edge from="USUAL" to="ACTIVITIES">
    <attribute name="TEXT" value="1" />
  </edge>
  <edge from="USUAL" to="DOSE">
    <attribute name="TEXT" value="1" />
  </edge>
  <edge from="WORSE" to="TUMOR">
    <attribute name="TEXT" value="1" />
  </edge>
  <edge from="WORST" to="TYPE">
    <attribute name="TEXT" value="1" />
  </edge>
</graph>
