<graph>
  <node id="ACCOMPANYING">
    <attribute name="FREQUENCY" value="1" />
  </node>
  <node id="ACHES">
    <attribute name="FREQUENCY" value="1" />
  </node>
  <node id="ADULTS">
    <attribute name="FREQUENCY" value="1" />
  </node>
  <node id="AGAINST">
    <attribute name="FREQUENCY" value="3" />
  </node>
  <node id="AMANTADINE">
    <attribute name="FREQUENCY" value="3" />
  </node>
  <node id="APPEARS">
    <attribute name="FREQUENCY" value="1" />
  </node>
  <node id="APPLICATIONS">
    <attribute name="FREQUENCY" value="1" />
  </node>
  <node id="APPLIED">
    <attribute name="FREQUENCY" value="1" />
  </node>
  <node id="APPROVAL">
    <attribute name="FREQUENCY" value="1" />
  </node>
  <node id="ASKED">
    <attribute name="FREQUENCY" value="1" />
  </node>
  <node id="ASTHMA">
    <attribute name="FREQUENCY" value="1" />
  </node>
  <node id="AUTHOR">
    <attribute name="FREQUENCY" value="1" />
  </node>
  <node id="BABIES">
    <attribute name="FREQUENCY" value="4" />
  </node>
  <node id="BAYLOR">
    <attribute name="FREQUENCY" value="1" />
  </node>
  <node id="BEGAN">
    <attribute name="FREQUENCY" value="1" />
  </node>
  <node id="BIZ">
    <attribute name="FREQUENCY" value="4" />
  </node>
  <node id="BOUTS">
    <attribute name="FREQUENCY" value="1" />
  </node>
  <node id="BOYS">
    <attribute name="FREQUENCY" value="4" />
  </node>
  <node id="BROADEN">
    <attribute name="FREQUENCY" value="1" />
  </node>
  <node id="BRONCHITIS">
    <attribute name="FREQUENCY" value="1" />
  </node>
  <node id="CALLED">
    <attribute name="FREQUENCY" value="1" />
  </node>
  <node id="CANADA">
    <attribute name="FREQUENCY" value="1" />
  </node>
  <node id="CASE">
    <attribute name="FREQUENCY" value="2" />
  </node>
  <node id="CENTER">
    <attribute name="FREQUENCY" value="1" />
  </node>
  <node id="CHARLOTTESVILLE">
    <attribute name="FREQUENCY" value="2" />
  </node>
  <node id="CHRONIC">
    <attribute name="FREQUENCY" value="1" />
  </node>
  <node id="CIRCULATING">
    <attribute name="FREQUENCY" value="1" />
  </node>
  <node id="CLINICAL">
    <attribute name="FREQUENCY" value="1" />
  </node>
  <node id="COLLEGE">
    <attribute name="FREQUENCY" value="1" />
  </node>
  <node id="COMBAT">
    <attribute name="FREQUENCY" value="1" />
  </node>
  <node id="COMBINATION">
    <attribute name="FREQUENCY" value="1" />
  </node>
  <node id="COMMENTS">
    <attribute name="FREQUENCY" value="2" />
  </node>
  <node id="CONCLUDED">
    <attribute name="FREQUENCY" value="1" />
  </node>
  <node id="CONDUCTED">
    <attribute name="FREQUENCY" value="1" />
  </node>
  <node id="CONFIRMED">
    <attribute name="FREQUENCY" value="1" />
  </node>
  <node id="COUCH">
    <attribute name="FREQUENCY" value="2" />
  </node>
  <node id="COUGH">
    <attribute name="FREQUENCY" value="1" />
  </node>
  <node id="CUT">
    <attribute name="FREQUENCY" value="2" />
  </node>
  <node id="CYSTIC">
    <attribute name="FREQUENCY" value="1" />
  </node>
  <node id="DAY">
    <attribute name="FREQUENCY" value="6" />
  </node>
  <node id="DEATH">
    <attribute name="FREQUENCY" value="1" />
  </node>
  <node id="DOCTORS">
    <attribute name="FREQUENCY" value="1" />
  </node>
  <node id="DRUG">
    <attribute name="FREQUENCY" value="11" />
  </node>
  <node id="DRY">
    <attribute name="FREQUENCY" value="1" />
  </node>
  <node id="EARLY">
    <attribute name="FREQUENCY" value="2" />
  </node>
  <node id="EDITORIAL">
    <attribute name="FREQUENCY" value="1" />
  </node>
  <node id="EDT">
    <attribute name="FREQUENCY" value="1" />
  </node>
  <node id="EFFECTIVE">
    <attribute name="FREQUENCY" value="5" />
  </node>
  <node id="EMPHYSEMA">
    <attribute name="FREQUENCY" value="1" />
  </node>
  <node id="ENGLAND">
    <attribute name="FREQUENCY" value="2" />
  </node>
  <node id="ENTERTAIN">
    <attribute name="FREQUENCY" value="4" />
  </node>
  <node id="ENZYME">
    <attribute name="FREQUENCY" value="1" />
  </node>
  <node id="EXPECT">
    <attribute name="FREQUENCY" value="1" />
  </node>
  <node id="FDA">
    <attribute name="FREQUENCY" value="1" />
  </node>
  <node id="FEVER">
    <attribute name="FREQUENCY" value="1" />
  </node>
  <node id="FIBROSIS">
    <attribute name="FREQUENCY" value="1" />
  </node>
  <node id="FIGHT">
    <attribute name="FREQUENCY" value="1" />
  </node>
  <node id="FILE">
    <attribute name="FREQUENCY" value="1" />
  </node>
  <node id="FILL">
    <attribute name="FREQUENCY" value="1" />
  </node>
  <node id="FINDINGS">
    <attribute name="FREQUENCY" value="1" />
  </node>
  <node id="FLU">
    <attribute name="FREQUENCY" value="7" />
  </node>
  <node id="FLU-COMBATING">
    <attribute name="FREQUENCY" value="1" />
  </node>
  <node id="FREDERICK">
    <attribute name="FREQUENCY" value="1" />
  </node>
  <node id="FUNDED">
    <attribute name="FREQUENCY" value="1" />
  </node>
  <node id="GLAXO">
    <attribute name="FREQUENCY" value="2" />
  </node>
  <node id="HAYDEN">
    <attribute name="FREQUENCY" value="1" />
  </node>
  <node id="HEADLINES">
    <attribute name="FREQUENCY" value="1" />
  </node>
  <node id="HEALTH">
    <attribute name="FREQUENCY" value="4" />
  </node>
  <node id="HOURS">
    <attribute name="FREQUENCY" value="1" />
  </node>
  <node id="HOUSTON">
    <attribute name="FREQUENCY" value="1" />
  </node>
  <node id="HTML">
    <attribute name="FREQUENCY" value="1" />
  </node>
  <node id="ILLNESS">
    <attribute name="FREQUENCY" value="3" />
  </node>
  <node id="INEFFECTIVE">
    <attribute name="FREQUENCY" value="1" />
  </node>
  <node id="INFECTION">
    <attribute name="FREQUENCY" value="1" />
  </node>
  <node id="INFLUENZA">
    <attribute name="FREQUENCY" value="8" />
  </node>
  <node id="INFLUENZAVIRUS">
    <attribute name="FREQUENCY" value="1" />
  </node>
  <node id="INFO">
    <attribute name="FREQUENCY" value="2" />
  </node>
  <node id="INHALED">
    <attribute name="FREQUENCY" value="1" />
  </node>
  <node id="INHIBIT">
    <attribute name="FREQUENCY" value="1" />
  </node>
  <node id="INITIATED">
    <attribute name="FREQUENCY" value="1" />
  </node>
  <node id="IRRITATE">
    <attribute name="FREQUENCY" value="1" />
  </node>
  <node id="JONES">
    <attribute name="FREQUENCY" value="1" />
  </node>
  <node id="JOURNAL">
    <attribute name="FREQUENCY" value="2" />
  </node>
  <node id="LEAD">
    <attribute name="FREQUENCY" value="1" />
  </node>
  <node id="LENGTH">
    <attribute name="FREQUENCY" value="1" />
  </node>
  <node id="LIMITED">
    <attribute name="FREQUENCY" value="1" />
  </node>
  <node id="LUNG">
    <attribute name="FREQUENCY" value="1" />
  </node>
  <node id="MANUFACTURERS">
    <attribute name="FREQUENCY" value="1" />
  </node>
  <node id="MEDICINE">
    <attribute name="FREQUENCY" value="3" />
  </node>
  <node id="MEN">
    <attribute name="FREQUENCY" value="4" />
  </node>
  <node id="MILLION">
    <attribute name="FREQUENCY" value="1" />
  </node>
  <node id="MOUTH">
    <attribute name="FREQUENCY" value="3" />
  </node>
  <node id="MUSCLE">
    <attribute name="FREQUENCY" value="1" />
  </node>
  <node id="NASAL">
    <attribute name="FREQUENCY" value="1" />
  </node>
  <node id="NEURAMINIDASE">
    <attribute name="FREQUENCY" value="1" />
  </node>
  <node id="NEWS">
    <attribute name="FREQUENCY" value="4" />
  </node>
  <node id="NOSE">
    <attribute name="FREQUENCY" value="4" />
  </node>
  <node id="NOTED">
    <attribute name="FREQUENCY" value="1" />
  </node>
  <node id="OBESITY">
    <attribute name="FREQUENCY" value="4" />
  </node>
  <node id="OLDER">
    <attribute name="FREQUENCY" value="4" />
  </node>
  <node id="ONSET">
    <attribute name="FREQUENCY" value="1" />
  </node>
  <node id="PARENTS">
    <attribute name="FREQUENCY" value="4" />
  </node>
  <node id="PEOPLE">
    <attribute name="FREQUENCY" value="2" />
  </node>
  <node id="PLACEBO">
    <attribute name="FREQUENCY" value="2" />
  </node>
  <node id="PM">
    <attribute name="FREQUENCY" value="1" />
  </node>
  <node id="POLITIC">
    <attribute name="FREQUENCY" value="4" />
  </node>
  <node id="POSSIBLY">
    <attribute name="FREQUENCY" value="1" />
  </node>
  <node id="POWDER">
    <attribute name="FREQUENCY" value="2" />
  </node>
  <node id="PREDICT">
    <attribute name="FREQUENCY" value="4" />
  </node>
  <node id="PRODUCED">
    <attribute name="FREQUENCY" value="1" />
  </node>
  <node id="PROMPT">
    <attribute name="FREQUENCY" value="1" />
  </node>
  <node id="QUESTIONS">
    <attribute name="FREQUENCY" value="3" />
  </node>
  <node id="RAMONA">
    <attribute name="FREQUENCY" value="1" />
  </node>
  <node id="REDUCED">
    <attribute name="FREQUENCY" value="1" />
  </node>
  <node id="REMAIN">
    <attribute name="FREQUENCY" value="1" />
  </node>
  <node id="REPLICATE">
    <attribute name="FREQUENCY" value="1" />
  </node>
  <node id="REPORT">
    <attribute name="FREQUENCY" value="1" />
  </node>
  <node id="REUTERS">
    <attribute name="FREQUENCY" value="2" />
  </node>
  <node id="RIMANTADINE">
    <attribute name="FREQUENCY" value="3" />
  </node>
  <node id="ROBERT">
    <attribute name="FREQUENCY" value="1" />
  </node>
  <node id="ROCHESTER">
    <attribute name="FREQUENCY" value="1" />
  </node>
  <node id="RUNNY">
    <attribute name="FREQUENCY" value="1" />
  </node>
  <node id="SAFE">
    <attribute name="FREQUENCY" value="1" />
  </node>
  <node id="SCOREBOARD">
    <attribute name="FREQUENCY" value="4" />
  </node>
  <node id="SEPTEMBER">
    <attribute name="FREQUENCY" value="1" />
  </node>
  <node id="SEVERE">
    <attribute name="FREQUENCY" value="2" />
  </node>
  <node id="SHORTEN">
    <attribute name="FREQUENCY" value="1" />
  </node>
  <node id="SHORTENED">
    <attribute name="FREQUENCY" value="1" />
  </node>
  <node id="SICKNESS">
    <attribute name="FREQUENCY" value="1" />
  </node>
  <node id="SOURCE">
    <attribute name="FREQUENCY" value="1" />
  </node>
  <node id="SPOKESPERSON">
    <attribute name="FREQUENCY" value="1" />
  </node>
  <node id="SPORT">
    <attribute name="FREQUENCY" value="4" />
  </node>
  <node id="SPRAY">
    <attribute name="FREQUENCY" value="2" />
  </node>
  <node id="STORIES">
    <attribute name="FREQUENCY" value="1" />
  </node>
  <node id="STORY">
    <attribute name="FREQUENCY" value="4" />
  </node>
  <node id="STRAIN">
    <attribute name="FREQUENCY" value="1" />
  </node>
  <node id="STUDIES">
    <attribute name="FREQUENCY" value="1" />
  </node>
  <node id="STUDY">
    <attribute name="FREQUENCY" value="6" />
  </node>
  <node id="SUPERIOR">
    <attribute name="FREQUENCY" value="1" />
  </node>
  <node id="SYMPTOMS">
    <attribute name="FREQUENCY" value="5" />
  </node>
  <node id="TAMKINS">
    <attribute name="FREQUENCY" value="1" />
  </node>
  <node id="TECH">
    <attribute name="FREQUENCY" value="4" />
  </node>
  <node id="TEXT">
    <attribute name="FREQUENCY" value="1" />
  </node>
  <node id="THERAPY">
    <attribute name="FREQUENCY" value="1" />
  </node>
  <node id="THERESA">
    <attribute name="FREQUENCY" value="1" />
  </node>
  <node id="THOUGHT">
    <attribute name="FREQUENCY" value="1" />
  </node>
  <node id="TOPICALLY">
    <attribute name="FREQUENCY" value="1" />
  </node>
  <node id="TREAT">
    <attribute name="FREQUENCY" value="1" />
  </node>
  <node id="TREATED">
    <attribute name="FREQUENCY" value="2" />
  </node>
  <node id="TREATMENT">
    <attribute name="FREQUENCY" value="3" />
  </node>
  <node id="TYPE">
    <attribute name="FREQUENCY" value="3" />
  </node>
  <node id="UNCOMPLICATED">
    <attribute name="FREQUENCY" value="1" />
  </node>
  <node id="UNIVERSITY">
    <attribute name="FREQUENCY" value="1" />
  </node>
  <node id="UNLIKE">
    <attribute name="FREQUENCY" value="1" />
  </node>
  <node id="USEFULNESS">
    <attribute name="FREQUENCY" value="1" />
  </node>
  <node id="VACCINE">
    <attribute name="FREQUENCY" value="1" />
  </node>
  <node id="VIRGINIA">
    <attribute name="FREQUENCY" value="2" />
  </node>
  <node id="VIRUS">
    <attribute name="FREQUENCY" value="1" />
  </node>
  <node id="VISIT">
    <attribute name="FREQUENCY" value="1" />
  </node>
  <node id="WEDNESDAY">
    <attribute name="FREQUENCY" value="1" />
  </node>
  <node id="WEIGHT">
    <attribute name="FREQUENCY" value="4" />
  </node>
  <node id="WELLCOME">
    <attribute name="FREQUENCY" value="1" />
  </node>
  <node id="WHETHER">
    <attribute name="FREQUENCY" value="1" />
  </node>
  <node id="WINNIPEG">
    <attribute name="FREQUENCY" value="1" />
  </node>
  <node id="WOMEN">
    <attribute name="FREQUENCY" value="4" />
  </node>
  <node id="WRITE">
    <attribute name="FREQUENCY" value="2" />
  </node>
  <node id="WROTE">
    <attribute name="FREQUENCY" value="2" />
  </node>
  <node id="YAHOO">
    <attribute name="FREQUENCY" value="4" />
  </node>
  <node id="YEAR">
    <attribute name="FREQUENCY" value="3" />
  </node>
  <node id="YORK">
    <attribute name="FREQUENCY" value="2" />
  </node>
  <node id="YOUNG">
    <attribute name="FREQUENCY" value="4" />
  </node>
  <node id="ZANAMIVIR">
    <attribute name="FREQUENCY" value="6" />
  </node>
  <edge from="ACHES" to="COUGH">
    <attribute name="TEXT" value="1" />
  </edge>
  <edge from="AGAINST" to="INFLUENZA">
    <attribute name="TEXT" value="1" />
  </edge>
  <edge from="AGAINST" to="TYPE">
    <attribute name="TEXT" value="1" />
  </edge>
  <edge from="APPLIED" to="ZANAMIVIR">
    <attribute name="TEXT" value="1" />
  </edge>
  <edge from="ASTHMA" to="CHRONIC">
    <attribute name="TEXT" value="1" />
  </edge>
  <edge from="BAYLOR" to="COLLEGE">
    <attribute name="TEXT" value="1" />
  </edge>
  <edge from="BOYS" to="BABIES">
    <attribute name="TEXT" value="4" />
    <attribute name="LINKS" value="4" />
  </edge>
  <edge from="BOYS" to="BABIES">
    <attribute name="TEXT" value="4" />
    <attribute name="LINKS" value="4" />
  </edge>
  <edge from="BRONCHITIS" to="EMPHYSEMA">
    <attribute name="TEXT" value="1" />
  </edge>
  <edge from="CALLED" to="ZANAMIVIR">
    <attribute name="TEXT" value="1" />
  </edge>
  <edge from="CASE" to="ZANAMIVIR">
    <attribute name="TEXT" value="1" />
  </edge>
  <edge from="CHARLOTTESVILLE" to="VIRGINIA">
    <attribute name="TEXT" value="1" />
  </edge>
  <edge from="CHRONIC" to="BRONCHITIS">
    <attribute name="TEXT" value="1" />
  </edge>
  <edge from="CIRCULATING" to="NOTED">
    <attribute name="TEXT" value="1" />
  </edge>
  <edge from="CONFIRMED" to="INFLUENZA">
    <attribute name="TEXT" value="1" />
  </edge>
  <edge from="COUCH" to="WROTE">
    <attribute name="TEXT" value="1" />
  </edge>
  <edge from="CUT" to="ILLNESS">
    <attribute name="TEXT" value="2" />
    <attribute name="KEYWORDS" value="2" />
  </edge>
  <edge from="CUT" to="ILLNESS">
    <attribute name="TEXT" value="2" />
    <attribute name="KEYWORDS" value="2" />
  </edge>
  <edge from="CYSTIC" to="FIBROSIS">
    <attribute name="TEXT" value="1" />
  </edge>
  <edge from="DOCTORS" to="VISIT">
    <attribute name="TEXT" value="1" />
  </edge>
  <edge from="DRUG" to="APPEARS">
    <attribute name="TEXT" value="1" />
  </edge>
  <edge from="DRUG" to="CALLED">
    <attribute name="TEXT" value="1" />
  </edge>
  <edge from="DRUG" to="CUT">
    <attribute name="TEXT" value="2" />
    <attribute name="KEYWORDS" value="2" />
  </edge>
  <edge from="DRUG" to="CUT">
    <attribute name="TEXT" value="2" />
    <attribute name="KEYWORDS" value="2" />
  </edge>
  <edge from="DRUG" to="TREATMENT">
    <attribute name="TEXT" value="1" />
  </edge>
  <edge from="DRY" to="POWDER">
    <attribute name="TEXT" value="1" />
  </edge>
  <edge from="EARLY" to="TREATMENT">
    <attribute name="TEXT" value="1" />
  </edge>
  <edge from="EDITORIAL" to="ACCOMPANYING">
    <attribute name="TEXT" value="1" />
  </edge>
  <edge from="EFFECTIVE" to="AGAINST">
    <attribute name="TEXT" value="1" />
  </edge>
  <edge from="EFFECTIVE" to="THERAPY">
    <attribute name="TEXT" value="1" />
  </edge>
  <edge from="ENGLAND" to="JOURNAL">
    <attribute name="TEXT" value="2" />
  </edge>
  <edge from="FDA" to="APPROVAL">
    <attribute name="TEXT" value="1" />
  </edge>
  <edge from="FEVER" to="MUSCLE">
    <attribute name="TEXT" value="1" />
  </edge>
  <edge from="FIGHT" to="FLU">
    <attribute name="TEXT" value="1" />
  </edge>
  <edge from="FILL" to="CLINICAL">
    <attribute name="TEXT" value="1" />
  </edge>
  <edge from="FLU" to="DRUG">
    <attribute name="TEXT" value="2" />
    <attribute name="KEYWORDS" value="1" />
  </edge>
  <edge from="FLU" to="DRUG">
    <attribute name="TEXT" value="2" />
    <attribute name="KEYWORDS" value="1" />
  </edge>
  <edge from="FLU" to="STRAIN">
    <attribute name="TEXT" value="1" />
  </edge>
  <edge from="FLU" to="SYMPTOMS">
    <attribute name="TEXT" value="2" />
  </edge>
  <edge from="FLU" to="VACCINE">
    <attribute name="TEXT" value="1" />
  </edge>
  <edge from="FLU-COMBATING" to="DRUG">
    <attribute name="TEXT" value="1" />
  </edge>
  <edge from="FREDERICK" to="HAYDEN">
    <attribute name="TEXT" value="1" />
  </edge>
  <edge from="GLAXO" to="WELLCOME">
    <attribute name="TEXT" value="1" />
  </edge>
  <edge from="HEALTH" to="STORIES">
    <attribute name="TEXT" value="1" />
  </edge>
  <edge from="INEFFECTIVE" to="AGAINST">
    <attribute name="TEXT" value="1" />
  </edge>
  <edge from="INFLUENZA" to="FILL">
    <attribute name="TEXT" value="1" />
  </edge>
  <edge from="INFLUENZA" to="PROMPT">
    <attribute name="TEXT" value="1" />
  </edge>
  <edge from="INFLUENZA" to="TYPE">
    <attribute name="TEXT" value="1" />
  </edge>
  <edge from="INFLUENZA" to="VIRUS">
    <attribute name="TEXT" value="1" />
  </edge>
  <edge from="INFLUENZAVIRUS" to="INFECTION">
    <attribute name="TEXT" value="1" />
  </edge>
  <edge from="INHIBIT" to="NEURAMINIDASE">
    <attribute name="TEXT" value="1" />
  </edge>
  <edge from="INITIATED" to="EARLY">
    <attribute name="TEXT" value="1" />
  </edge>
  <edge from="JONES" to="SPOKESPERSON">
    <attribute name="TEXT" value="1" />
  </edge>
  <edge from="LEAD" to="STUDY">
    <attribute name="TEXT" value="1" />
  </edge>
  <edge from="MEN" to="YOUNG">
    <attribute name="TEXT" value="2" />
  </edge>
  <edge from="MILLION" to="DOCTORS">
    <attribute name="TEXT" value="1" />
  </edge>
  <edge from="MUSCLE" to="ACHES">
    <attribute name="TEXT" value="1" />
  </edge>
  <edge from="NASAL" to="SPRAY">
    <attribute name="TEXT" value="1" />
  </edge>
  <edge from="NOSE" to="SPRAY">
    <attribute name="TEXT" value="1" />
  </edge>
  <edge from="NOSE" to="ZANAMIVIR">
    <attribute name="TEXT" value="1" />
  </edge>
  <edge from="OLDER" to="MEN">
    <attribute name="TEXT" value="2" />
    <attribute name="LINKS" value="2" />
  </edge>
  <edge from="OLDER" to="MEN">
    <attribute name="TEXT" value="2" />
    <attribute name="LINKS" value="2" />
  </edge>
  <edge from="PARENTS" to="WEIGHT">
    <attribute name="TEXT" value="4" />
    <attribute name="LINKS" value="4" />
  </edge>
  <edge from="PARENTS" to="WEIGHT">
    <attribute name="TEXT" value="4" />
    <attribute name="LINKS" value="4" />
  </edge>
  <edge from="PLACEBO" to="NOSE">
    <attribute name="TEXT" value="1" />
  </edge>
  <edge from="PM" to="EDT">
    <attribute name="TEXT" value="1" />
  </edge>
  <edge from="PREDICT" to="OBESITY">
    <attribute name="TEXT" value="4" />
    <attribute name="LINKS" value="4" />
  </edge>
  <edge from="PREDICT" to="OBESITY">
    <attribute name="TEXT" value="4" />
    <attribute name="LINKS" value="4" />
  </edge>
  <edge from="RAMONA" to="JONES">
    <attribute name="TEXT" value="1" />
  </edge>
  <edge from="REDUCED" to="SICKNESS">
    <attribute name="TEXT" value="1" />
  </edge>
  <edge from="REUTERS" to="LIMITED">
    <attribute name="TEXT" value="1" />
  </edge>
  <edge from="ROBERT" to="COUCH">
    <attribute name="TEXT" value="1" />
  </edge>
  <edge from="RUNNY" to="NOSE">
    <attribute name="TEXT" value="1" />
  </edge>
  <edge from="SEVERE" to="SYMPTOMS">
    <attribute name="TEXT" value="2" />
  </edge>
  <edge from="SHORTEN" to="BOUTS">
    <attribute name="TEXT" value="1" />
  </edge>
  <edge from="STUDY" to="AUTHOR">
    <attribute name="TEXT" value="1" />
  </edge>
  <edge from="STUDY" to="PEOPLE">
    <attribute name="TEXT" value="1" />
  </edge>
  <edge from="TEXT" to="HEADLINES">
    <attribute name="TEXT" value="1" />
  </edge>
  <edge from="THERESA" to="TAMKINS">
    <attribute name="TEXT" value="1" />
  </edge>
  <edge from="TOPICALLY" to="APPLIED">
    <attribute name="TEXT" value="1" />
  </edge>
  <edge from="TREAT" to="INFLUENZA">
    <attribute name="TEXT" value="1" />
  </edge>
  <edge from="TREATMENT" to="SHORTENED">
    <attribute name="TEXT" value="1" />
  </edge>
  <edge from="TYPE" to="UNLIKE">
    <attribute name="TEXT" value="1" />
  </edge>
  <edge from="UNCOMPLICATED" to="INFLUENZAVIRUS">
    <attribute name="TEXT" value="1" />
  </edge>
  <edge from="WEDNESDAY" to="SEPTEMBER">
    <attribute name="TEXT" value="1" />
  </edge>
  <edge from="WEIGHT" to="PREDICT">
    <attribute name="TEXT" value="4" />
    <attribute name="LINKS" value="4" />
  </edge>
  <edge from="WEIGHT" to="PREDICT">
    <attribute name="TEXT" value="4" />
    <attribute name="LINKS" value="4" />
  </edge>
  <edge from="WINNIPEG" to="CANADA">
    <attribute name="TEXT" value="1" />
  </edge>
  <edge from="WROTE" to="LEAD">
    <attribute name="TEXT" value="1" />
  </edge>
  <edge from="YOUNG" to="WOMEN">
    <attribute name="TEXT" value="2" />
    <attribute name="LINKS" value="2" />
  </edge>
  <edge from="YOUNG" to="WOMEN">
    <attribute name="TEXT" value="2" />
    <attribute name="LINKS" value="2" />
  </edge>
  <edge from="ZANAMIVIR" to="INHIBIT">
    <attribute name="TEXT" value="1" />
  </edge>
  <edge from="ZANAMIVIR" to="REDUCED">
    <attribute name="TEXT" value="1" />
  </edge>
</graph>
