<graph>
  <node id="ACHIEVE">
    <attribute name="FREQUENCY" value="1" />
  </node>
  <node id="AGAINST">
    <attribute name="FREQUENCY" value="1" />
  </node>
  <node id="AIDS">
    <attribute name="FREQUENCY" value="2" />
  </node>
  <node id="AMOUNT">
    <attribute name="FREQUENCY" value="1" />
  </node>
  <node id="APPROACH">
    <attribute name="FREQUENCY" value="1" />
  </node>
  <node id="APPROVAL">
    <attribute name="FREQUENCY" value="4" />
  </node>
  <node id="AUTHOR">
    <attribute name="FREQUENCY" value="1" />
  </node>
  <node id="AVERAGE">
    <attribute name="FREQUENCY" value="1" />
  </node>
  <node id="AZT">
    <attribute name="FREQUENCY" value="6" />
  </node>
  <node id="AZT-LIKE">
    <attribute name="FREQUENCY" value="1" />
  </node>
  <node id="BAD">
    <attribute name="FREQUENCY" value="1" />
  </node>
  <node id="BARELY">
    <attribute name="FREQUENCY" value="1" />
  </node>
  <node id="BATTLE">
    <attribute name="FREQUENCY" value="1" />
  </node>
  <node id="BEGIN">
    <attribute name="FREQUENCY" value="1" />
  </node>
  <node id="BENEFIT">
    <attribute name="FREQUENCY" value="1" />
  </node>
  <node id="BIZ">
    <attribute name="FREQUENCY" value="4" />
  </node>
  <node id="BLOOD">
    <attribute name="FREQUENCY" value="3" />
  </node>
  <node id="BYPASS">
    <attribute name="FREQUENCY" value="4" />
  </node>
  <node id="CALLED">
    <attribute name="FREQUENCY" value="1" />
  </node>
  <node id="CD">
    <attribute name="FREQUENCY" value="5" />
  </node>
  <node id="CELLS">
    <attribute name="FREQUENCY" value="5" />
  </node>
  <node id="COCKTAIL">
    <attribute name="FREQUENCY" value="6" />
  </node>
  <node id="COMBINATION">
    <attribute name="FREQUENCY" value="5" />
  </node>
  <node id="COMMENTS">
    <attribute name="FREQUENCY" value="2" />
  </node>
  <node id="COMPARED">
    <attribute name="FREQUENCY" value="2" />
  </node>
  <node id="COPIES">
    <attribute name="FREQUENCY" value="2" />
  </node>
  <node id="COUNT">
    <attribute name="FREQUENCY" value="1" />
  </node>
  <node id="CURRENT">
    <attribute name="FREQUENCY" value="1" />
  </node>
  <node id="DEBATE">
    <attribute name="FREQUENCY" value="4" />
  </node>
  <node id="DEPUTY">
    <attribute name="FREQUENCY" value="1" />
  </node>
  <node id="DETECTABLE">
    <attribute name="FREQUENCY" value="1" />
  </node>
  <node id="DEVELOP">
    <attribute name="FREQUENCY" value="1" />
  </node>
  <node id="DIED">
    <attribute name="FREQUENCY" value="1" />
  </node>
  <node id="DROP">
    <attribute name="FREQUENCY" value="2" />
  </node>
  <node id="DROPPED">
    <attribute name="FREQUENCY" value="1" />
  </node>
  <node id="DRUG">
    <attribute name="FREQUENCY" value="10" />
  </node>
  <node id="DURATION">
    <attribute name="FREQUENCY" value="1" />
  </node>
  <node id="EARLIER">
    <attribute name="FREQUENCY" value="1" />
  </node>
  <node id="EDITOR">
    <attribute name="FREQUENCY" value="1" />
  </node>
  <node id="EDITORIAL">
    <attribute name="FREQUENCY" value="1" />
  </node>
  <node id="EDT">
    <attribute name="FREQUENCY" value="1" />
  </node>
  <node id="ENGLAND">
    <attribute name="FREQUENCY" value="2" />
  </node>
  <node id="ENTERTAIN">
    <attribute name="FREQUENCY" value="4" />
  </node>
  <node id="EVADE">
    <attribute name="FREQUENCY" value="1" />
  </node>
  <node id="EVENTUALLY">
    <attribute name="FREQUENCY" value="1" />
  </node>
  <node id="EXPERTS">
    <attribute name="FREQUENCY" value="5" />
  </node>
  <node id="FEARED">
    <attribute name="FREQUENCY" value="1" />
  </node>
  <node id="FEWER">
    <attribute name="FREQUENCY" value="1" />
  </node>
  <node id="FINDINGS">
    <attribute name="FREQUENCY" value="1" />
  </node>
  <node id="FULLY">
    <attribute name="FREQUENCY" value="1" />
  </node>
  <node id="GRAFT">
    <attribute name="FREQUENCY" value="4" />
  </node>
  <node id="GROUP">
    <attribute name="FREQUENCY" value="2" />
  </node>
  <node id="GULICK">
    <attribute name="FREQUENCY" value="1" />
  </node>
  <node id="HARM">
    <attribute name="FREQUENCY" value="1" />
  </node>
  <node id="HEADLINES">
    <attribute name="FREQUENCY" value="1" />
  </node>
  <node id="HEALTH">
    <attribute name="FREQUENCY" value="4" />
  </node>
  <node id="HEALTHY">
    <attribute name="FREQUENCY" value="1" />
  </node>
  <node id="HIV">
    <attribute name="FREQUENCY" value="8" />
  </node>
  <node id="HIV-FIGHTING">
    <attribute name="FREQUENCY" value="1" />
  </node>
  <node id="HIV-INFECTED">
    <attribute name="FREQUENCY" value="3" />
  </node>
  <node id="HTML">
    <attribute name="FREQUENCY" value="1" />
  </node>
  <node id="IMMUNE">
    <attribute name="FREQUENCY" value="3" />
  </node>
  <node id="INCLUDED">
    <attribute name="FREQUENCY" value="1" />
  </node>
  <node id="INDINAVIR">
    <attribute name="FREQUENCY" value="2" />
  </node>
  <node id="INDUCE">
    <attribute name="FREQUENCY" value="1" />
  </node>
  <node id="INFO">
    <attribute name="FREQUENCY" value="2" />
  </node>
  <node id="INHIBITOR">
    <attribute name="FREQUENCY" value="3" />
  </node>
  <node id="ISSUE">
    <attribute name="FREQUENCY" value="1" />
  </node>
  <node id="JOURNAL">
    <attribute name="FREQUENCY" value="3" />
  </node>
  <node id="KNOCK">
    <attribute name="FREQUENCY" value="1" />
  </node>
  <node id="LAMIVUDINE">
    <attribute name="FREQUENCY" value="3" />
  </node>
  <node id="LED">
    <attribute name="FREQUENCY" value="1" />
  </node>
  <node id="LEVELS">
    <attribute name="FREQUENCY" value="1" />
  </node>
  <node id="LIMITED">
    <attribute name="FREQUENCY" value="1" />
  </node>
  <node id="LONG-TERM">
    <attribute name="FREQUENCY" value="1" />
  </node>
  <node id="LOST">
    <attribute name="FREQUENCY" value="1" />
  </node>
  <node id="MAINTAINED">
    <attribute name="FREQUENCY" value="1" />
  </node>
  <node id="MATTER">
    <attribute name="FREQUENCY" value="1" />
  </node>
  <node id="MAXIMAL">
    <attribute name="FREQUENCY" value="1" />
  </node>
  <node id="MEDICATION">
    <attribute name="FREQUENCY" value="1" />
  </node>
  <node id="MEDICINE">
    <attribute name="FREQUENCY" value="3" />
  </node>
  <node id="MILLILITER">
    <attribute name="FREQUENCY" value="2" />
  </node>
  <node id="MONTH">
    <attribute name="FREQUENCY" value="4" />
  </node>
  <node id="NEWS">
    <attribute name="FREQUENCY" value="5" />
  </node>
  <node id="NONETHELESS">
    <attribute name="FREQUENCY" value="1" />
  </node>
  <node id="NOTED">
    <attribute name="FREQUENCY" value="1" />
  </node>
  <node id="OPEN">
    <attribute name="FREQUENCY" value="4" />
  </node>
  <node id="OPTIMISM">
    <attribute name="FREQUENCY" value="1" />
  </node>
  <node id="PAST">
    <attribute name="FREQUENCY" value="1" />
  </node>
  <node id="PATIENTS">
    <attribute name="FREQUENCY" value="8" />
  </node>
  <node id="PM">
    <attribute name="FREQUENCY" value="2" />
  </node>
  <node id="POLITIC">
    <attribute name="FREQUENCY" value="4" />
  </node>
  <node id="PRESCRIBE">
    <attribute name="FREQUENCY" value="1" />
  </node>
  <node id="PROGRESSED">
    <attribute name="FREQUENCY" value="1" />
  </node>
  <node id="PROMISE">
    <attribute name="FREQUENCY" value="1" />
  </node>
  <node id="PROTEASE">
    <attribute name="FREQUENCY" value="3" />
  </node>
  <node id="PROVIDE">
    <attribute name="FREQUENCY" value="1" />
  </node>
  <node id="QUESTIONS">
    <attribute name="FREQUENCY" value="2" />
  </node>
  <node id="RATIONALE">
    <attribute name="FREQUENCY" value="1" />
  </node>
  <node id="REACH">
    <attribute name="FREQUENCY" value="1" />
  </node>
  <node id="RECONSTITUTED">
    <attribute name="FREQUENCY" value="1" />
  </node>
  <node id="RECOVERED">
    <attribute name="FREQUENCY" value="1" />
  </node>
  <node id="REGIMEN">
    <attribute name="FREQUENCY" value="1" />
  </node>
  <node id="RELATED">
    <attribute name="FREQUENCY" value="2" />
  </node>
  <node id="REMAIN">
    <attribute name="FREQUENCY" value="1" />
  </node>
  <node id="REPORT">
    <attribute name="FREQUENCY" value="1" />
  </node>
  <node id="REPORTED">
    <attribute name="FREQUENCY" value="1" />
  </node>
  <node id="RESEARCHERS">
    <attribute name="FREQUENCY" value="1" />
  </node>
  <node id="RESISTANCE">
    <attribute name="FREQUENCY" value="2" />
  </node>
  <node id="REUTERS">
    <attribute name="FREQUENCY" value="2" />
  </node>
  <node id="ROBERT">
    <attribute name="FREQUENCY" value="1" />
  </node>
  <node id="ROY">
    <attribute name="FREQUENCY" value="1" />
  </node>
  <node id="SCHOOL">
    <attribute name="FREQUENCY" value="1" />
  </node>
  <node id="SCOREBOARD">
    <attribute name="FREQUENCY" value="4" />
  </node>
  <node id="SEP">
    <attribute name="FREQUENCY" value="1" />
  </node>
  <node id="SEPTEMBER">
    <attribute name="FREQUENCY" value="1" />
  </node>
  <node id="SOURCE">
    <attribute name="FREQUENCY" value="1" />
  </node>
  <node id="SPORT">
    <attribute name="FREQUENCY" value="4" />
  </node>
  <node id="START">
    <attribute name="FREQUENCY" value="1" />
  </node>
  <node id="STEINBROOK">
    <attribute name="FREQUENCY" value="2" />
  </node>
  <node id="STENTS">
    <attribute name="FREQUENCY" value="4" />
  </node>
  <node id="STOP">
    <attribute name="FREQUENCY" value="1" />
  </node>
  <node id="STORIES">
    <attribute name="FREQUENCY" value="2" />
  </node>
  <node id="STORY">
    <attribute name="FREQUENCY" value="4" />
  </node>
  <node id="STUDIES">
    <attribute name="FREQUENCY" value="1" />
  </node>
  <node id="STUDY">
    <attribute name="FREQUENCY" value="4" />
  </node>
  <node id="SUBSTANTIAL">
    <attribute name="FREQUENCY" value="1" />
  </node>
  <node id="SUPPRESSES">
    <attribute name="FREQUENCY" value="4" />
  </node>
  <node id="SUPPRESSION">
    <attribute name="FREQUENCY" value="1" />
  </node>
  <node id="SYSTEM">
    <attribute name="FREQUENCY" value="2" />
  </node>
  <node id="TAKING">
    <attribute name="FREQUENCY" value="7" />
  </node>
  <node id="TC">
    <attribute name="FREQUENCY" value="2" />
  </node>
  <node id="TECH">
    <attribute name="FREQUENCY" value="4" />
  </node>
  <node id="TEXT">
    <attribute name="FREQUENCY" value="1" />
  </node>
  <node id="THALIDOMIDE">
    <attribute name="FREQUENCY" value="4" />
  </node>
  <node id="THERAPY">
    <attribute name="FREQUENCY" value="1" />
  </node>
  <node id="THREE-DRUG">
    <attribute name="FREQUENCY" value="1" />
  </node>
  <node id="THURSDAY">
    <attribute name="FREQUENCY" value="1" />
  </node>
  <node id="TOXICITY">
    <attribute name="FREQUENCY" value="1" />
  </node>
  <node id="TRIPLE-DRUG">
    <attribute name="FREQUENCY" value="2" />
  </node>
  <node id="UNIVERSITY">
    <attribute name="FREQUENCY" value="1" />
  </node>
  <node id="UNKNOWN">
    <attribute name="FREQUENCY" value="1" />
  </node>
  <node id="VIRUS">
    <attribute name="FREQUENCY" value="3" />
  </node>
  <node id="WAYS">
    <attribute name="FREQUENCY" value="1" />
  </node>
  <node id="WHETHER">
    <attribute name="FREQUENCY" value="1" />
  </node>
  <node id="WORK">
    <attribute name="FREQUENCY" value="1" />
  </node>
  <node id="WRITE">
    <attribute name="FREQUENCY" value="2" />
  </node>
  <node id="WROTE">
    <attribute name="FREQUENCY" value="2" />
  </node>
  <node id="YAHOO">
    <attribute name="FREQUENCY" value="4" />
  </node>
  <node id="YEAR">
    <attribute name="FREQUENCY" value="4" />
  </node>
  <node id="YORK">
    <attribute name="FREQUENCY" value="3" />
  </node>
  <edge from="ACHIEVE" to="MAXIMAL">
    <attribute name="TEXT" value="1" />
  </edge>
  <edge from="AGAINST" to="AIDS">
    <attribute name="TEXT" value="1" />
  </edge>
  <edge from="AUTHOR" to="WROTE">
    <attribute name="TEXT" value="1" />
  </edge>
  <edge from="AVERAGE" to="CD">
    <attribute name="TEXT" value="1" />
  </edge>
  <edge from="AZT" to="LAMIVUDINE">
    <attribute name="TEXT" value="1" />
  </edge>
  <edge from="AZT-LIKE" to="DRUG">
    <attribute name="TEXT" value="1" />
  </edge>
  <edge from="BAD" to="NEWS">
    <attribute name="TEXT" value="1" />
  </edge>
  <edge from="BARELY" to="DETECTABLE">
    <attribute name="TEXT" value="1" />
  </edge>
  <edge from="BATTLE" to="AGAINST">
    <attribute name="TEXT" value="1" />
  </edge>
  <edge from="BEGIN" to="COMBINATION">
    <attribute name="TEXT" value="1" />
  </edge>
  <edge from="BLOOD" to="COMPARED">
    <attribute name="TEXT" value="1" />
  </edge>
  <edge from="BYPASS" to="GRAFT">
    <attribute name="TEXT" value="4" />
    <attribute name="LINKS" value="4" />
  </edge>
  <edge from="BYPASS" to="GRAFT">
    <attribute name="TEXT" value="4" />
    <attribute name="LINKS" value="4" />
  </edge>
  <edge from="COCKTAIL" to="SUPPRESSES">
    <attribute name="TEXT" value="2" />
    <attribute name="LINKS" value="1" />
    <attribute name="KEYWORDS" value="1" />
  </edge>
  <edge from="COCKTAIL" to="SUPPRESSES">
    <attribute name="TEXT" value="2" />
    <attribute name="LINKS" value="1" />
    <attribute name="KEYWORDS" value="1" />
  </edge>
  <edge from="COCKTAIL" to="SUPPRESSES">
    <attribute name="TEXT" value="2" />
    <attribute name="LINKS" value="1" />
    <attribute name="KEYWORDS" value="1" />
  </edge>
  <edge from="COMBINATION" to="GROUP">
    <attribute name="TEXT" value="1" />
  </edge>
  <edge from="COMBINATION" to="PROGRESSED">
    <attribute name="TEXT" value="1" />
  </edge>
  <edge from="COMBINATION" to="THERAPY">
    <attribute name="TEXT" value="1" />
  </edge>
  <edge from="CURRENT" to="ISSUE">
    <attribute name="TEXT" value="1" />
  </edge>
  <edge from="DEBATE" to="THALIDOMIDE">
    <attribute name="TEXT" value="2" />
    <attribute name="LINKS" value="2" />
  </edge>
  <edge from="DEBATE" to="THALIDOMIDE">
    <attribute name="TEXT" value="2" />
    <attribute name="LINKS" value="2" />
  </edge>
  <edge from="DEPUTY" to="EDITOR">
    <attribute name="TEXT" value="1" />
  </edge>
  <edge from="DETECTABLE" to="LEVELS">
    <attribute name="TEXT" value="1" />
  </edge>
  <edge from="DEVELOP" to="RESISTANCE">
    <attribute name="TEXT" value="1" />
  </edge>
  <edge from="DRUG" to="CALLED">
    <attribute name="TEXT" value="1" />
  </edge>
  <edge from="DRUG" to="COCKTAIL">
    <attribute name="TEXT" value="2" />
    <attribute name="LINKS" value="1" />
    <attribute name="KEYWORDS" value="1" />
  </edge>
  <edge from="DRUG" to="COCKTAIL">
    <attribute name="TEXT" value="2" />
    <attribute name="LINKS" value="1" />
    <attribute name="KEYWORDS" value="1" />
  </edge>
  <edge from="DRUG" to="COCKTAIL">
    <attribute name="TEXT" value="2" />
    <attribute name="LINKS" value="1" />
    <attribute name="KEYWORDS" value="1" />
  </edge>
  <edge from="DRUG" to="RESISTANCE">
    <attribute name="TEXT" value="1" />
  </edge>
  <edge from="EARLIER" to="RELATED">
    <attribute name="TEXT" value="1" />
  </edge>
  <edge from="ENGLAND" to="JOURNAL">
    <attribute name="TEXT" value="2" />
  </edge>
  <edge from="EVENTUALLY" to="STOP">
    <attribute name="TEXT" value="1" />
  </edge>
  <edge from="EXPERTS" to="DEBATE">
    <attribute name="TEXT" value="2" />
    <attribute name="LINKS" value="2" />
  </edge>
  <edge from="EXPERTS" to="DEBATE">
    <attribute name="TEXT" value="2" />
    <attribute name="LINKS" value="2" />
  </edge>
  <edge from="FEWER" to="CD">
    <attribute name="TEXT" value="1" />
  </edge>
  <edge from="FULLY" to="RECONSTITUTED">
    <attribute name="TEXT" value="1" />
  </edge>
  <edge from="GRAFT" to="OPEN">
    <attribute name="TEXT" value="4" />
    <attribute name="LINKS" value="4" />
  </edge>
  <edge from="GRAFT" to="OPEN">
    <attribute name="TEXT" value="4" />
    <attribute name="LINKS" value="4" />
  </edge>
  <edge from="HARM" to="RELATED">
    <attribute name="TEXT" value="1" />
  </edge>
  <edge from="HEALTH" to="STORIES">
    <attribute name="TEXT" value="1" />
  </edge>
  <edge from="HEALTHY" to="IMMUNE">
    <attribute name="TEXT" value="1" />
  </edge>
  <edge from="HIV" to="DROPPED">
    <attribute name="TEXT" value="1" />
  </edge>
  <edge from="HIV" to="SUPPRESSION">
    <attribute name="TEXT" value="1" />
  </edge>
  <edge from="HIV-FIGHTING" to="DRUG">
    <attribute name="TEXT" value="1" />
  </edge>
  <edge from="HIV-INFECTED" to="PATIENTS">
    <attribute name="TEXT" value="3" />
  </edge>
  <edge from="IMMUNE" to="CELLS">
    <attribute name="TEXT" value="1" />
  </edge>
  <edge from="IMMUNE" to="SYSTEM">
    <attribute name="TEXT" value="2" />
  </edge>
  <edge from="INDINAVIR" to="GROUP">
    <attribute name="TEXT" value="1" />
  </edge>
  <edge from="INDUCE" to="DRUG">
    <attribute name="TEXT" value="1" />
  </edge>
  <edge from="LONG-TERM" to="TOXICITY">
    <attribute name="TEXT" value="1" />
  </edge>
  <edge from="LOST" to="CD">
    <attribute name="TEXT" value="1" />
  </edge>
  <edge from="MAXIMAL" to="HIV">
    <attribute name="TEXT" value="1" />
  </edge>
  <edge from="MONTH" to="STUDY">
    <attribute name="TEXT" value="1" />
  </edge>
  <edge from="NOTED" to="STEINBROOK">
    <attribute name="TEXT" value="1" />
  </edge>
  <edge from="PATIENTS" to="NOTED">
    <attribute name="TEXT" value="1" />
  </edge>
  <edge from="PATIENTS" to="RECOVERED">
    <attribute name="TEXT" value="1" />
  </edge>
  <edge from="PATIENTS" to="TAKING">
    <attribute name="TEXT" value="3" />
  </edge>
  <edge from="PM" to="EDT">
    <attribute name="TEXT" value="1" />
  </edge>
  <edge from="PRESCRIBE" to="DRUG">
    <attribute name="TEXT" value="1" />
  </edge>
  <edge from="PROTEASE" to="INHIBITOR">
    <attribute name="TEXT" value="3" />
  </edge>
  <edge from="PROVIDE" to="RATIONALE">
    <attribute name="TEXT" value="1" />
  </edge>
  <edge from="RELATED" to="STORIES">
    <attribute name="TEXT" value="1" />
  </edge>
  <edge from="RESEARCHERS" to="LED">
    <attribute name="TEXT" value="1" />
  </edge>
  <edge from="REUTERS" to="LIMITED">
    <attribute name="TEXT" value="1" />
  </edge>
  <edge from="ROBERT" to="STEINBROOK">
    <attribute name="TEXT" value="1" />
  </edge>
  <edge from="ROY" to="GULICK">
    <attribute name="TEXT" value="1" />
  </edge>
  <edge from="STEINBROOK" to="DEPUTY">
    <attribute name="TEXT" value="1" />
  </edge>
  <edge from="STOP" to="WORK">
    <attribute name="TEXT" value="1" />
  </edge>
  <edge from="STORIES" to="HIV">
    <attribute name="TEXT" value="1" />
  </edge>
  <edge from="STUDIES" to="PROVIDE">
    <attribute name="TEXT" value="1" />
  </edge>
  <edge from="STUDY" to="COMPARED">
    <attribute name="TEXT" value="1" />
  </edge>
  <edge from="STUDY" to="INCLUDED">
    <attribute name="TEXT" value="1" />
  </edge>
  <edge from="SUBSTANTIAL" to="DROP">
    <attribute name="TEXT" value="1" />
  </edge>
  <edge from="SUPPRESSES" to="HIV">
    <attribute name="TEXT" value="2" />
    <attribute name="LINKS" value="1" />
    <attribute name="KEYWORDS" value="1" />
  </edge>
  <edge from="SUPPRESSES" to="HIV">
    <attribute name="TEXT" value="2" />
    <attribute name="LINKS" value="1" />
    <attribute name="KEYWORDS" value="1" />
  </edge>
  <edge from="SUPPRESSES" to="HIV">
    <attribute name="TEXT" value="2" />
    <attribute name="LINKS" value="1" />
    <attribute name="KEYWORDS" value="1" />
  </edge>
  <edge from="TAKING" to="AZT">
    <attribute name="TEXT" value="3" />
  </edge>
  <edge from="TAKING" to="COMBINATION">
    <attribute name="TEXT" value="1" />
  </edge>
  <edge from="TEXT" to="HEADLINES">
    <attribute name="TEXT" value="1" />
  </edge>
  <edge from="THALIDOMIDE" to="APPROVAL">
    <attribute name="TEXT" value="2" />
    <attribute name="LINKS" value="2" />
  </edge>
  <edge from="THALIDOMIDE" to="APPROVAL">
    <attribute name="TEXT" value="2" />
    <attribute name="LINKS" value="2" />
  </edge>
  <edge from="THREE-DRUG" to="COMBINATION">
    <attribute name="TEXT" value="1" />
  </edge>
  <edge from="THURSDAY" to="SEPTEMBER">
    <attribute name="TEXT" value="1" />
  </edge>
  <edge from="TRIPLE-DRUG" to="COMBINATION">
    <attribute name="TEXT" value="2" />
  </edge>
  <edge from="UNIVERSITY" to="SCHOOL">
    <attribute name="TEXT" value="1" />
  </edge>
  <edge from="YORK" to="UNIVERSITY">
    <attribute name="TEXT" value="1" />
  </edge>
</graph>
