<graph>
  <node id="ABILITY">
    <attribute name="FREQUENCY" value="1" />
  </node>
  <node id="ACCESS">
    <attribute name="FREQUENCY" value="2" />
  </node>
  <node id="ADHERED">
    <attribute name="FREQUENCY" value="1" />
  </node>
  <node id="ADMIT">
    <attribute name="FREQUENCY" value="1" />
  </node>
  <node id="ADULTS">
    <attribute name="FREQUENCY" value="1" />
  </node>
  <node id="AGAINST">
    <attribute name="FREQUENCY" value="2" />
  </node>
  <node id="AGE">
    <attribute name="FREQUENCY" value="3" />
  </node>
  <node id="ALTER">
    <attribute name="FREQUENCY" value="2" />
  </node>
  <node id="ANSWER">
    <attribute name="FREQUENCY" value="1" />
  </node>
  <node id="ANTI-DRUG">
    <attribute name="FREQUENCY" value="1" />
  </node>
  <node id="APPEARS">
    <attribute name="FREQUENCY" value="1" />
  </node>
  <node id="AREA">
    <attribute name="FREQUENCY" value="1" />
  </node>
  <node id="ASKED">
    <attribute name="FREQUENCY" value="1" />
  </node>
  <node id="AVERAGE">
    <attribute name="FREQUENCY" value="1" />
  </node>
  <node id="BABIES">
    <attribute name="FREQUENCY" value="4" />
  </node>
  <node id="BEGINNING">
    <attribute name="FREQUENCY" value="1" />
  </node>
  <node id="BEHAVIOR">
    <attribute name="FREQUENCY" value="3" />
  </node>
  <node id="BIZ">
    <attribute name="FREQUENCY" value="4" />
  </node>
  <node id="BOSTON">
    <attribute name="FREQUENCY" value="1" />
  </node>
  <node id="BUY">
    <attribute name="FREQUENCY" value="2" />
  </node>
  <node id="CALLED">
    <attribute name="FREQUENCY" value="1" />
  </node>
  <node id="CENTER">
    <attribute name="FREQUENCY" value="1" />
  </node>
  <node id="CHILDREN">
    <attribute name="FREQUENCY" value="1" />
  </node>
  <node id="CIGARETTE">
    <attribute name="FREQUENCY" value="5" />
  </node>
  <node id="COLICKY">
    <attribute name="FREQUENCY" value="4" />
  </node>
  <node id="COMMENTS">
    <attribute name="FREQUENCY" value="2" />
  </node>
  <node id="COMMUNITIES">
    <attribute name="FREQUENCY" value="5" />
  </node>
  <node id="COMMUNITY">
    <attribute name="FREQUENCY" value="3" />
  </node>
  <node id="COMPLIANCE">
    <attribute name="FREQUENCY" value="3" />
  </node>
  <node id="CONCLUDE">
    <attribute name="FREQUENCY" value="2" />
  </node>
  <node id="CONDITIONS">
    <attribute name="FREQUENCY" value="1" />
  </node>
  <node id="CONDUCTED">
    <attribute name="FREQUENCY" value="2" />
  </node>
  <node id="CONFIRMED">
    <attribute name="FREQUENCY" value="1" />
  </node>
  <node id="CONTINUE">
    <attribute name="FREQUENCY" value="1" />
  </node>
  <node id="CONTINUED">
    <attribute name="FREQUENCY" value="1" />
  </node>
  <node id="CONTRACEPTION">
    <attribute name="FREQUENCY" value="4" />
  </node>
  <node id="CONTRAST">
    <attribute name="FREQUENCY" value="1" />
  </node>
  <node id="CURB">
    <attribute name="FREQUENCY" value="5" />
  </node>
  <node id="CURRENT">
    <attribute name="FREQUENCY" value="1" />
  </node>
  <node id="CUSTOMERS">
    <attribute name="FREQUENCY" value="1" />
  </node>
  <node id="DECLINE">
    <attribute name="FREQUENCY" value="1" />
  </node>
  <node id="DECOY">
    <attribute name="FREQUENCY" value="1" />
  </node>
  <node id="DECREASE">
    <attribute name="FREQUENCY" value="2" />
  </node>
  <node id="DEMONSTRATE">
    <attribute name="FREQUENCY" value="1" />
  </node>
  <node id="DETAILED">
    <attribute name="FREQUENCY" value="1" />
  </node>
  <node id="DEVIOUS">
    <attribute name="FREQUENCY" value="1" />
  </node>
  <node id="DRAMATICALLY">
    <attribute name="FREQUENCY" value="1" />
  </node>
  <node id="EARLIER">
    <attribute name="FREQUENCY" value="1" />
  </node>
  <node id="EASILY">
    <attribute name="FREQUENCY" value="1" />
  </node>
  <node id="EDT">
    <attribute name="FREQUENCY" value="1" />
  </node>
  <node id="EDUCATION">
    <attribute name="FREQUENCY" value="4" />
  </node>
  <node id="EFFECT">
    <attribute name="FREQUENCY" value="1" />
  </node>
  <node id="EMERGENCY">
    <attribute name="FREQUENCY" value="4" />
  </node>
  <node id="END">
    <attribute name="FREQUENCY" value="1" />
  </node>
  <node id="ENFORCED">
    <attribute name="FREQUENCY" value="2" />
  </node>
  <node id="ENFORCEMENT">
    <attribute name="FREQUENCY" value="4" />
  </node>
  <node id="ENGLAND">
    <attribute name="FREQUENCY" value="2" />
  </node>
  <node id="ENHANCEMENTS">
    <attribute name="FREQUENCY" value="1" />
  </node>
  <node id="ENTERTAIN">
    <attribute name="FREQUENCY" value="4" />
  </node>
  <node id="ESSENTIAL">
    <attribute name="FREQUENCY" value="1" />
  </node>
  <node id="EXPECTED">
    <attribute name="FREQUENCY" value="1" />
  </node>
  <node id="FACT">
    <attribute name="FREQUENCY" value="1" />
  </node>
  <node id="FAMILIES">
    <attribute name="FREQUENCY" value="4" />
  </node>
  <node id="FEBRUARY">
    <attribute name="FREQUENCY" value="1" />
  </node>
  <node id="FEDERAL">
    <attribute name="FREQUENCY" value="3" />
  </node>
  <node id="FIGHT">
    <attribute name="FREQUENCY" value="1" />
  </node>
  <node id="FINALLY">
    <attribute name="FREQUENCY" value="1" />
  </node>
  <node id="FINE">
    <attribute name="FREQUENCY" value="1" />
  </node>
  <node id="FOCUSED">
    <attribute name="FREQUENCY" value="1" />
  </node>
  <node id="FULL">
    <attribute name="FREQUENCY" value="1" />
  </node>
  <node id="FUND">
    <attribute name="FREQUENCY" value="2" />
  </node>
  <node id="GENERAL">
    <attribute name="FREQUENCY" value="1" />
  </node>
  <node id="GOOD">
    <attribute name="FREQUENCY" value="1" />
  </node>
  <node id="GOVERNMENT">
    <attribute name="FREQUENCY" value="3" />
  </node>
  <node id="HABITS">
    <attribute name="FREQUENCY" value="1" />
  </node>
  <node id="HARVARD">
    <attribute name="FREQUENCY" value="4" />
  </node>
  <node id="HEADLINES">
    <attribute name="FREQUENCY" value="1" />
  </node>
  <node id="HEALTH">
    <attribute name="FREQUENCY" value="4" />
  </node>
  <node id="HIGH">
    <attribute name="FREQUENCY" value="2" />
  </node>
  <node id="HIGH-ENFORCEMENT">
    <attribute name="FREQUENCY" value="1" />
  </node>
  <node id="HIGHLY">
    <attribute name="FREQUENCY" value="1" />
  </node>
  <node id="HTML">
    <attribute name="FREQUENCY" value="1" />
  </node>
  <node id="ILLEGAL">
    <attribute name="FREQUENCY" value="1" />
  </node>
  <node id="IN-STORE">
    <attribute name="FREQUENCY" value="1" />
  </node>
  <node id="INFO">
    <attribute name="FREQUENCY" value="2" />
  </node>
  <node id="INITIATIVE">
    <attribute name="FREQUENCY" value="1" />
  </node>
  <node id="INVESTIGATORS">
    <attribute name="FREQUENCY" value="1" />
  </node>
  <node id="ISSUE">
    <attribute name="FREQUENCY" value="1" />
  </node>
  <node id="JOURNAL">
    <attribute name="FREQUENCY" value="2" />
  </node>
  <node id="LAW">
    <attribute name="FREQUENCY" value="11" />
  </node>
  <node id="LAX">
    <attribute name="FREQUENCY" value="1" />
  </node>
  <node id="LEGAL">
    <attribute name="FREQUENCY" value="1" />
  </node>
  <node id="LEVIED">
    <attribute name="FREQUENCY" value="1" />
  </node>
  <node id="LIMIT">
    <attribute name="FREQUENCY" value="1" />
  </node>
  <node id="LIMITED">
    <attribute name="FREQUENCY" value="1" />
  </node>
  <node id="MANDATE">
    <attribute name="FREQUENCY" value="1" />
  </node>
  <node id="MARGINALLY">
    <attribute name="FREQUENCY" value="1" />
  </node>
  <node id="MASSACHUSETTS">
    <attribute name="FREQUENCY" value="1" />
  </node>
  <node id="MEDICAL">
    <attribute name="FREQUENCY" value="1" />
  </node>
  <node id="MEDICINE">
    <attribute name="FREQUENCY" value="2" />
  </node>
  <node id="MEETING">
    <attribute name="FREQUENCY" value="1" />
  </node>
  <node id="MERCHANT">
    <attribute name="FREQUENCY" value="2" />
  </node>
  <node id="MINIMAL">
    <attribute name="FREQUENCY" value="1" />
  </node>
  <node id="MINOR">
    <attribute name="FREQUENCY" value="5" />
  </node>
  <node id="NEEDED">
    <attribute name="FREQUENCY" value="4" />
  </node>
  <node id="NEWS">
    <attribute name="FREQUENCY" value="5" />
  </node>
  <node id="NO-SALE">
    <attribute name="FREQUENCY" value="4" />
  </node>
  <node id="OCT">
    <attribute name="FREQUENCY" value="1" />
  </node>
  <node id="OCTOBER">
    <attribute name="FREQUENCY" value="1" />
  </node>
  <node id="PASS">
    <attribute name="FREQUENCY" value="1" />
  </node>
  <node id="PEOPLE">
    <attribute name="FREQUENCY" value="3" />
  </node>
  <node id="PERIOD">
    <attribute name="FREQUENCY" value="1" />
  </node>
  <node id="PLACE">
    <attribute name="FREQUENCY" value="2" />
  </node>
  <node id="PM">
    <attribute name="FREQUENCY" value="2" />
  </node>
  <node id="POINT">
    <attribute name="FREQUENCY" value="1" />
  </node>
  <node id="POLICE">
    <attribute name="FREQUENCY" value="1" />
  </node>
  <node id="POLICY">
    <attribute name="FREQUENCY" value="1" />
  </node>
  <node id="POLITIC">
    <attribute name="FREQUENCY" value="4" />
  </node>
  <node id="PRODUCTS">
    <attribute name="FREQUENCY" value="2" />
  </node>
  <node id="PROHIBIT">
    <attribute name="FREQUENCY" value="1" />
  </node>
  <node id="QUESTIONS">
    <attribute name="FREQUENCY" value="3" />
  </node>
  <node id="REAL">
    <attribute name="FREQUENCY" value="1" />
  </node>
  <node id="REAL-LIFE">
    <attribute name="FREQUENCY" value="1" />
  </node>
  <node id="RECEIVE">
    <attribute name="FREQUENCY" value="2" />
  </node>
  <node id="REDUCE">
    <attribute name="FREQUENCY" value="1" />
  </node>
  <node id="REDUCTION">
    <attribute name="FREQUENCY" value="2" />
  </node>
  <node id="REFUSED">
    <attribute name="FREQUENCY" value="1" />
  </node>
  <node id="REGULARLY">
    <attribute name="FREQUENCY" value="1" />
  </node>
  <node id="REGULATORY">
    <attribute name="FREQUENCY" value="1" />
  </node>
  <node id="RELATED">
    <attribute name="FREQUENCY" value="1" />
  </node>
  <node id="REMAIN">
    <attribute name="FREQUENCY" value="1" />
  </node>
  <node id="REPORT">
    <attribute name="FREQUENCY" value="1" />
  </node>
  <node id="REPORTED">
    <attribute name="FREQUENCY" value="1" />
  </node>
  <node id="RESEARCH">
    <attribute name="FREQUENCY" value="2" />
  </node>
  <node id="RESEARCHERS">
    <attribute name="FREQUENCY" value="4" />
  </node>
  <node id="RESTRICT">
    <attribute name="FREQUENCY" value="1" />
  </node>
  <node id="REUTERS">
    <attribute name="FREQUENCY" value="2" />
  </node>
  <node id="REVEALED">
    <attribute name="FREQUENCY" value="2" />
  </node>
  <node id="ROSE">
    <attribute name="FREQUENCY" value="1" />
  </node>
  <node id="SALES">
    <attribute name="FREQUENCY" value="3" />
  </node>
  <node id="SCHOOL">
    <attribute name="FREQUENCY" value="3" />
  </node>
  <node id="SCOREBOARD">
    <attribute name="FREQUENCY" value="4" />
  </node>
  <node id="SELF-REPORTED">
    <attribute name="FREQUENCY" value="1" />
  </node>
  <node id="SELL">
    <attribute name="FREQUENCY" value="3" />
  </node>
  <node id="SIMPLY">
    <attribute name="FREQUENCY" value="1" />
  </node>
  <node id="SMOKERS">
    <attribute name="FREQUENCY" value="1" />
  </node>
  <node id="SMOKING">
    <attribute name="FREQUENCY" value="11" />
  </node>
  <node id="SOLD">
    <attribute name="FREQUENCY" value="1" />
  </node>
  <node id="SOURCE">
    <attribute name="FREQUENCY" value="1" />
  </node>
  <node id="SPORT">
    <attribute name="FREQUENCY" value="4" />
  </node>
  <node id="SPREAD">
    <attribute name="FREQUENCY" value="1" />
  </node>
  <node id="SPURRED">
    <attribute name="FREQUENCY" value="1" />
  </node>
  <node id="STATES">
    <attribute name="FREQUENCY" value="2" />
  </node>
  <node id="STEADY">
    <attribute name="FREQUENCY" value="1" />
  </node>
  <node id="STEP">
    <attribute name="FREQUENCY" value="1" />
  </node>
  <node id="STEPPED-UP">
    <attribute name="FREQUENCY" value="1" />
  </node>
  <node id="STIPULATE">
    <attribute name="FREQUENCY" value="1" />
  </node>
  <node id="STORE">
    <attribute name="FREQUENCY" value="1" />
  </node>
  <node id="STORIES">
    <attribute name="FREQUENCY" value="2" />
  </node>
  <node id="STORY">
    <attribute name="FREQUENCY" value="4" />
  </node>
  <node id="STRICT">
    <attribute name="FREQUENCY" value="1" />
  </node>
  <node id="STRICTLY">
    <attribute name="FREQUENCY" value="1" />
  </node>
  <node id="STUDENTS">
    <attribute name="FREQUENCY" value="5" />
  </node>
  <node id="STUDY">
    <attribute name="FREQUENCY" value="7" />
  </node>
  <node id="SUPPLY">
    <attribute name="FREQUENCY" value="1" />
  </node>
  <node id="SURGEON">
    <attribute name="FREQUENCY" value="1" />
  </node>
  <node id="SURVEY">
    <attribute name="FREQUENCY" value="1" />
  </node>
  <node id="SURVIVE">
    <attribute name="FREQUENCY" value="4" />
  </node>
  <node id="TEAM">
    <attribute name="FREQUENCY" value="2" />
  </node>
  <node id="TECH">
    <attribute name="FREQUENCY" value="4" />
  </node>
  <node id="TEEN">
    <attribute name="FREQUENCY" value="10" />
  </node>
  <node id="TEST">
    <attribute name="FREQUENCY" value="2" />
  </node>
  <node id="TEXT">
    <attribute name="FREQUENCY" value="1" />
  </node>
  <node id="THOUGHT">
    <attribute name="FREQUENCY" value="1" />
  </node>
  <node id="THURSDAY">
    <attribute name="FREQUENCY" value="1" />
  </node>
  <node id="TOBACCO">
    <attribute name="FREQUENCY" value="12" />
  </node>
  <node id="TOBACCO-SALES">
    <attribute name="FREQUENCY" value="1" />
  </node>
  <node id="TOTAL">
    <attribute name="FREQUENCY" value="1" />
  </node>
  <node id="TOWN">
    <attribute name="FREQUENCY" value="3" />
  </node>
  <node id="TREATMENT">
    <attribute name="FREQUENCY" value="1" />
  </node>
  <node id="TWO-YEAR">
    <attribute name="FREQUENCY" value="2" />
  </node>
  <node id="VENDORS">
    <attribute name="FREQUENCY" value="4" />
  </node>
  <node id="WILLINGLY">
    <attribute name="FREQUENCY" value="1" />
  </node>
  <node id="WRITE">
    <attribute name="FREQUENCY" value="2" />
  </node>
  <node id="YAHOO">
    <attribute name="FREQUENCY" value="4" />
  </node>
  <node id="YEAR">
    <attribute name="FREQUENCY" value="2" />
  </node>
  <node id="YEAR-OLD">
    <attribute name="FREQUENCY" value="1" />
  </node>
  <node id="YORK">
    <attribute name="FREQUENCY" value="1" />
  </node>
  <node id="YOUNG">
    <attribute name="FREQUENCY" value="3" />
  </node>
  <edge from="AGAINST" to="MERCHANT">
    <attribute name="TEXT" value="1" />
  </edge>
  <edge from="AGAINST" to="SMOKING">
    <attribute name="TEXT" value="1" />
  </edge>
  <edge from="ANTI-DRUG" to="FUND">
    <attribute name="TEXT" value="1" />
  </edge>
  <edge from="AREA" to="REGULARLY">
    <attribute name="TEXT" value="1" />
  </edge>
  <edge from="BUY" to="CIGARETTE">
    <attribute name="TEXT" value="1" />
  </edge>
  <edge from="BUY" to="TOBACCO">
    <attribute name="TEXT" value="1" />
  </edge>
  <edge from="CIGARETTE" to="SALES">
    <attribute name="TEXT" value="1" />
  </edge>
  <edge from="COLICKY" to="BABIES">
    <attribute name="TEXT" value="2" />
    <attribute name="LINKS" value="2" />
  </edge>
  <edge from="COLICKY" to="BABIES">
    <attribute name="TEXT" value="2" />
    <attribute name="LINKS" value="2" />
  </edge>
  <edge from="COMMUNITY" to="SELL">
    <attribute name="TEXT" value="1" />
  </edge>
  <edge from="CONDUCTED" to="DETAILED">
    <attribute name="TEXT" value="1" />
  </edge>
  <edge from="CURB" to="TEEN">
    <attribute name="TEXT" value="3" />
    <attribute name="LINKS" value="1" />
    <attribute name="KEYWORDS" value="1" />
  </edge>
  <edge from="CURB" to="TEEN">
    <attribute name="TEXT" value="3" />
    <attribute name="LINKS" value="1" />
    <attribute name="KEYWORDS" value="1" />
  </edge>
  <edge from="CURB" to="TEEN">
    <attribute name="TEXT" value="3" />
    <attribute name="LINKS" value="1" />
    <attribute name="KEYWORDS" value="1" />
  </edge>
  <edge from="CURRENT" to="ISSUE">
    <attribute name="TEXT" value="1" />
  </edge>
  <edge from="CUSTOMERS" to="REVEALED">
    <attribute name="TEXT" value="1" />
  </edge>
  <edge from="DECREASE" to="TEEN">
    <attribute name="TEXT" value="1" />
  </edge>
  <edge from="DECREASE" to="YOUNG">
    <attribute name="TEXT" value="1" />
  </edge>
  <edge from="DEMONSTRATE" to="REDUCTION">
    <attribute name="TEXT" value="1" />
  </edge>
  <edge from="DETAILED" to="SURVEY">
    <attribute name="TEXT" value="1" />
  </edge>
  <edge from="DRAMATICALLY" to="STEP">
    <attribute name="TEXT" value="1" />
  </edge>
  <edge from="EARLIER" to="RELATED">
    <attribute name="TEXT" value="1" />
  </edge>
  <edge from="EDUCATION" to="NEEDED">
    <attribute name="TEXT" value="2" />
    <attribute name="LINKS" value="2" />
  </edge>
  <edge from="EDUCATION" to="NEEDED">
    <attribute name="TEXT" value="2" />
    <attribute name="LINKS" value="2" />
  </edge>
  <edge from="EMERGENCY" to="CONTRACEPTION">
    <attribute name="TEXT" value="2" />
    <attribute name="LINKS" value="2" />
  </edge>
  <edge from="EMERGENCY" to="CONTRACEPTION">
    <attribute name="TEXT" value="2" />
    <attribute name="LINKS" value="2" />
  </edge>
  <edge from="ENFORCED" to="COMMUNITIES">
    <attribute name="TEXT" value="1" />
  </edge>
  <edge from="ENFORCED" to="LAW">
    <attribute name="TEXT" value="1" />
  </edge>
  <edge from="ENGLAND" to="JOURNAL">
    <attribute name="TEXT" value="2" />
  </edge>
  <edge from="FACT" to="SELF-REPORTED">
    <attribute name="TEXT" value="1" />
  </edge>
  <edge from="FEDERAL" to="ANTI-DRUG">
    <attribute name="TEXT" value="1" />
  </edge>
  <edge from="FEDERAL" to="GOVERNMENT">
    <attribute name="TEXT" value="2" />
  </edge>
  <edge from="FIGHT" to="AGAINST">
    <attribute name="TEXT" value="1" />
  </edge>
  <edge from="FINE" to="LEVIED">
    <attribute name="TEXT" value="1" />
  </edge>
  <edge from="GENERAL" to="REPORT">
    <attribute name="TEXT" value="1" />
  </edge>
  <edge from="GOOD" to="NEWS">
    <attribute name="TEXT" value="1" />
  </edge>
  <edge from="GOVERNMENT" to="CONTINUE">
    <attribute name="TEXT" value="1" />
  </edge>
  <edge from="GOVERNMENT" to="INITIATIVE">
    <attribute name="TEXT" value="1" />
  </edge>
  <edge from="GOVERNMENT" to="LAW">
    <attribute name="TEXT" value="1" />
  </edge>
  <edge from="HARVARD" to="MEDICAL">
    <attribute name="TEXT" value="1" />
  </edge>
  <edge from="HARVARD" to="RESEARCHERS">
    <attribute name="TEXT" value="1" />
  </edge>
  <edge from="HARVARD" to="TEAM">
    <attribute name="TEXT" value="2" />
  </edge>
  <edge from="HEALTH" to="STORIES">
    <attribute name="TEXT" value="1" />
  </edge>
  <edge from="HIGH" to="SCHOOL">
    <attribute name="TEXT" value="2" />
  </edge>
  <edge from="HIGHLY" to="ENFORCED">
    <attribute name="TEXT" value="1" />
  </edge>
  <edge from="ILLEGAL" to="CIGARETTE">
    <attribute name="TEXT" value="1" />
  </edge>
  <edge from="IN-STORE" to="TEST">
    <attribute name="TEXT" value="1" />
  </edge>
  <edge from="LAW" to="PROHIBIT">
    <attribute name="TEXT" value="1" />
  </edge>
  <edge from="LEGAL" to="SALES">
    <attribute name="TEXT" value="1" />
  </edge>
  <edge from="LEVIED" to="AGAINST">
    <attribute name="TEXT" value="1" />
  </edge>
  <edge from="LIMIT" to="STUDENTS">
    <attribute name="TEXT" value="1" />
  </edge>
  <edge from="MASSACHUSETTS" to="COMMUNITIES">
    <attribute name="TEXT" value="1" />
  </edge>
  <edge from="MEDICAL" to="SCHOOL">
    <attribute name="TEXT" value="1" />
  </edge>
  <edge from="MERCHANT" to="COMPLIANCE">
    <attribute name="TEXT" value="1" />
  </edge>
  <edge from="MINIMAL" to="ENHANCEMENTS">
    <attribute name="TEXT" value="1" />
  </edge>
  <edge from="MINOR" to="YOUNG">
    <attribute name="TEXT" value="1" />
  </edge>
  <edge from="NO-SALE" to="LAW">
    <attribute name="TEXT" value="6" />
    <attribute name="LINKS" value="3" />
    <attribute name="KEYWORDS" value="3" />
  </edge>
  <edge from="NO-SALE" to="LAW">
    <attribute name="TEXT" value="6" />
    <attribute name="LINKS" value="3" />
    <attribute name="KEYWORDS" value="3" />
  </edge>
  <edge from="NO-SALE" to="LAW">
    <attribute name="TEXT" value="6" />
    <attribute name="LINKS" value="3" />
    <attribute name="KEYWORDS" value="3" />
  </edge>
  <edge from="PEOPLE" to="ACCESS">
    <attribute name="TEXT" value="1" />
  </edge>
  <edge from="PLACE" to="RESTRICT">
    <attribute name="TEXT" value="1" />
  </edge>
  <edge from="PM" to="EDT">
    <attribute name="TEXT" value="1" />
  </edge>
  <edge from="POLICE" to="CURB">
    <attribute name="TEXT" value="1" />
  </edge>
  <edge from="POLICY" to="CONCLUDE">
    <attribute name="TEXT" value="1" />
  </edge>
  <edge from="RECEIVE" to="FEDERAL">
    <attribute name="TEXT" value="1" />
  </edge>
  <edge from="REGULARLY" to="REFUSED">
    <attribute name="TEXT" value="1" />
  </edge>
  <edge from="REGULATORY" to="ENFORCEMENT">
    <attribute name="TEXT" value="1" />
  </edge>
  <edge from="RELATED" to="STORIES">
    <attribute name="TEXT" value="1" />
  </edge>
  <edge from="REMAIN" to="STEADY">
    <attribute name="TEXT" value="1" />
  </edge>
  <edge from="REPORT" to="CONFIRMED">
    <attribute name="TEXT" value="1" />
  </edge>
  <edge from="RESEARCHERS" to="ADMIT">
    <attribute name="TEXT" value="1" />
  </edge>
  <edge from="RESEARCHERS" to="CONCLUDE">
    <attribute name="TEXT" value="1" />
  </edge>
  <edge from="RESEARCHERS" to="FOCUSED">
    <attribute name="TEXT" value="1" />
  </edge>
  <edge from="RESEARCHERS" to="POINT">
    <attribute name="TEXT" value="1" />
  </edge>
  <edge from="REUTERS" to="LIMITED">
    <attribute name="TEXT" value="1" />
  </edge>
  <edge from="SCHOOL" to="BOSTON">
    <attribute name="TEXT" value="1" />
  </edge>
  <edge from="SCHOOL" to="STUDENTS">
    <attribute name="TEXT" value="2" />
  </edge>
  <edge from="SELF-REPORTED" to="TEEN">
    <attribute name="TEXT" value="1" />
  </edge>
  <edge from="SELL" to="CIGARETTE">
    <attribute name="TEXT" value="1" />
  </edge>
  <edge from="SELL" to="TOBACCO">
    <attribute name="TEXT" value="2" />
  </edge>
  <edge from="SMOKING" to="BEHAVIOR">
    <attribute name="TEXT" value="3" />
  </edge>
  <edge from="SMOKING" to="RESEARCHERS">
    <attribute name="TEXT" value="1" />
  </edge>
  <edge from="SOLD" to="CIGARETTE">
    <attribute name="TEXT" value="1" />
  </edge>
  <edge from="STATES" to="MEETING">
    <attribute name="TEXT" value="1" />
  </edge>
  <edge from="STATES" to="RECEIVE">
    <attribute name="TEXT" value="1" />
  </edge>
  <edge from="STEPPED-UP" to="POLICE">
    <attribute name="TEXT" value="1" />
  </edge>
  <edge from="STORIES" to="TOBACCO">
    <attribute name="TEXT" value="1" />
  </edge>
  <edge from="STRICT" to="ENFORCEMENT">
    <attribute name="TEXT" value="1" />
  </edge>
  <edge from="STRICTLY" to="ENFORCED">
    <attribute name="TEXT" value="1" />
  </edge>
  <edge from="STUDENTS" to="ACCESS">
    <attribute name="TEXT" value="1" />
  </edge>
  <edge from="STUDENTS" to="SPREAD">
    <attribute name="TEXT" value="1" />
  </edge>
  <edge from="STUDY" to="APPEARS">
    <attribute name="TEXT" value="1" />
  </edge>
  <edge from="STUDY" to="IN-STORE">
    <attribute name="TEXT" value="1" />
  </edge>
  <edge from="STUDY" to="STUDENTS">
    <attribute name="TEXT" value="1" />
  </edge>
  <edge from="STUDY" to="TEST">
    <attribute name="TEXT" value="1" />
  </edge>
  <edge from="SURGEON" to="GENERAL">
    <attribute name="TEXT" value="1" />
  </edge>
  <edge from="SURVIVE" to="COLICKY">
    <attribute name="TEXT" value="2" />
    <attribute name="LINKS" value="2" />
  </edge>
  <edge from="SURVIVE" to="COLICKY">
    <attribute name="TEXT" value="2" />
    <attribute name="LINKS" value="2" />
  </edge>
  <edge from="TEAM" to="QUESTIONS">
    <attribute name="TEXT" value="1" />
  </edge>
  <edge from="TEEN" to="CIGARETTE">
    <attribute name="TEXT" value="1" />
  </edge>
  <edge from="TEEN" to="SMOKING">
    <attribute name="TEXT" value="6" />
    <attribute name="LINKS" value="1" />
    <attribute name="KEYWORDS" value="1" />
  </edge>
  <edge from="TEEN" to="SMOKING">
    <attribute name="TEXT" value="6" />
    <attribute name="LINKS" value="1" />
    <attribute name="KEYWORDS" value="1" />
  </edge>
  <edge from="TEEN" to="SMOKING">
    <attribute name="TEXT" value="6" />
    <attribute name="LINKS" value="1" />
    <attribute name="KEYWORDS" value="1" />
  </edge>
  <edge from="TEEN" to="TOBACCO">
    <attribute name="TEXT" value="1" />
  </edge>
  <edge from="TEST" to="CONDUCTED">
    <attribute name="TEXT" value="1" />
  </edge>
  <edge from="TEST" to="REVEALED">
    <attribute name="TEXT" value="1" />
  </edge>
  <edge from="TEXT" to="HEADLINES">
    <attribute name="TEXT" value="1" />
  </edge>
  <edge from="THURSDAY" to="OCTOBER">
    <attribute name="TEXT" value="1" />
  </edge>
  <edge from="TOBACCO" to="EASILY">
    <attribute name="TEXT" value="1" />
  </edge>
  <edge from="TOBACCO" to="PRODUCTS">
    <attribute name="TEXT" value="2" />
  </edge>
  <edge from="TOBACCO" to="RESEARCH">
    <attribute name="TEXT" value="1" />
  </edge>
  <edge from="TOBACCO-SALES" to="LAW">
    <attribute name="TEXT" value="1" />
  </edge>
  <edge from="TOTAL" to="COMPLIANCE">
    <attribute name="TEXT" value="1" />
  </edge>
  <edge from="TOWN" to="SOLD">
    <attribute name="TEXT" value="1" />
  </edge>
  <edge from="TREATMENT" to="CENTER">
    <attribute name="TEXT" value="1" />
  </edge>
  <edge from="TWO-YEAR" to="PERIOD">
    <attribute name="TEXT" value="1" />
  </edge>
  <edge from="TWO-YEAR" to="STUDY">
    <attribute name="TEXT" value="1" />
  </edge>
  <edge from="VENDORS" to="ADHERED">
    <attribute name="TEXT" value="1" />
  </edge>
  <edge from="VENDORS" to="COMPLIANCE">
    <attribute name="TEXT" value="1" />
  </edge>
  <edge from="WILLINGLY" to="SELL">
    <attribute name="TEXT" value="1" />
  </edge>
  <edge from="YOUNG" to="PEOPLE">
    <attribute name="TEXT" value="3" />
  </edge>
</graph>
