<graph>
  <node id="ABDOMEN">
    <attribute name="FREQUENCY" value="1" />
  </node>
  <node id="ABDOMINAL">
    <attribute name="FREQUENCY" value="2" />
  </node>
  <node id="ACCUMULATIONS">
    <attribute name="FREQUENCY" value="1" />
  </node>
  <node id="ACID">
    <attribute name="FREQUENCY" value="2" />
  </node>
  <node id="ACTIVITY">
    <attribute name="FREQUENCY" value="1" />
  </node>
  <node id="AFFECT">
    <attribute name="FREQUENCY" value="1" />
  </node>
  <node id="AFFECTED">
    <attribute name="FREQUENCY" value="3" />
  </node>
  <node id="AGAINST">
    <attribute name="FREQUENCY" value="1" />
  </node>
  <node id="ALTER">
    <attribute name="FREQUENCY" value="1" />
  </node>
  <node id="AMINO">
    <attribute name="FREQUENCY" value="2" />
  </node>
  <node id="AMYLOIDOSIS">
    <attribute name="FREQUENCY" value="2" />
  </node>
  <node id="ANTI-INFLAMMATORY">
    <attribute name="FREQUENCY" value="1" />
  </node>
  <node id="APPARENTLY">
    <attribute name="FREQUENCY" value="1" />
  </node>
  <node id="ARAB">
    <attribute name="FREQUENCY" value="1" />
  </node>
  <node id="AREA">
    <attribute name="FREQUENCY" value="3" />
  </node>
  <node id="ARMENIAN">
    <attribute name="FREQUENCY" value="1" />
  </node>
  <node id="ASTHMA">
    <attribute name="FREQUENCY" value="2" />
  </node>
  <node id="ATTACK">
    <attribute name="FREQUENCY" value="2" />
  </node>
  <node id="AUGUST">
    <attribute name="FREQUENCY" value="1" />
  </node>
  <node id="AUTHOR">
    <attribute name="FREQUENCY" value="1" />
  </node>
  <node id="BASIN">
    <attribute name="FREQUENCY" value="1" />
  </node>
  <node id="BEER">
    <attribute name="FREQUENCY" value="4" />
  </node>
  <node id="BELIEVES">
    <attribute name="FREQUENCY" value="1" />
  </node>
  <node id="BENEFIT">
    <attribute name="FREQUENCY" value="4" />
  </node>
  <node id="BIOCHEMICAL">
    <attribute name="FREQUENCY" value="1" />
  </node>
  <node id="BIOLOGICAL">
    <attribute name="FREQUENCY" value="1" />
  </node>
  <node id="BIZ">
    <attribute name="FREQUENCY" value="4" />
  </node>
  <node id="BLOOD">
    <attribute name="FREQUENCY" value="1" />
  </node>
  <node id="CALL">
    <attribute name="FREQUENCY" value="1" />
  </node>
  <node id="CALLED">
    <attribute name="FREQUENCY" value="2" />
  </node>
  <node id="CARRIER">
    <attribute name="FREQUENCY" value="1" />
  </node>
  <node id="CARRY">
    <attribute name="FREQUENCY" value="1" />
  </node>
  <node id="CAUSING">
    <attribute name="FREQUENCY" value="1" />
  </node>
  <node id="CAVITY">
    <attribute name="FREQUENCY" value="1" />
  </node>
  <node id="CELLS">
    <attribute name="FREQUENCY" value="5" />
  </node>
  <node id="CHARACTERIZED">
    <attribute name="FREQUENCY" value="2" />
  </node>
  <node id="CODE">
    <attribute name="FREQUENCY" value="1" />
  </node>
  <node id="COLCHICINE">
    <attribute name="FREQUENCY" value="2" />
  </node>
  <node id="COMMENTS">
    <attribute name="FREQUENCY" value="2" />
  </node>
  <node id="COMMON">
    <attribute name="FREQUENCY" value="3" />
  </node>
  <node id="COMPANIES">
    <attribute name="FREQUENCY" value="1" />
  </node>
  <node id="COMPARED">
    <attribute name="FREQUENCY" value="1" />
  </node>
  <node id="CONDITIONS">
    <attribute name="FREQUENCY" value="2" />
  </node>
  <node id="CONFIRMATION">
    <attribute name="FREQUENCY" value="2" />
  </node>
  <node id="CONSIDERED">
    <attribute name="FREQUENCY" value="1" />
  </node>
  <node id="CONSORTIUM">
    <attribute name="FREQUENCY" value="1" />
  </node>
  <node id="CONTINUED">
    <attribute name="FREQUENCY" value="1" />
  </node>
  <node id="CONTROL">
    <attribute name="FREQUENCY" value="2" />
  </node>
  <node id="CRITICAL">
    <attribute name="FREQUENCY" value="1" />
  </node>
  <node id="DAMAGE">
    <attribute name="FREQUENCY" value="1" />
  </node>
  <node id="DANIEL">
    <attribute name="FREQUENCY" value="1" />
  </node>
  <node id="DEAL">
    <attribute name="FREQUENCY" value="1" />
  </node>
  <node id="DEFECTS">
    <attribute name="FREQUENCY" value="2" />
  </node>
  <node id="DEMONSTRATION">
    <attribute name="FREQUENCY" value="1" />
  </node>
  <node id="DENGUE">
    <attribute name="FREQUENCY" value="4" />
  </node>
  <node id="DETECT">
    <attribute name="FREQUENCY" value="1" />
  </node>
  <node id="DETECTED">
    <attribute name="FREQUENCY" value="1" />
  </node>
  <node id="DEVELOP">
    <attribute name="FREQUENCY" value="5" />
  </node>
  <node id="DIAGNOSIS">
    <attribute name="FREQUENCY" value="1" />
  </node>
  <node id="DIAGNOSTIC">
    <attribute name="FREQUENCY" value="2" />
  </node>
  <node id="DISCOVERED">
    <attribute name="FREQUENCY" value="1" />
  </node>
  <node id="DISCOVERY">
    <attribute name="FREQUENCY" value="2" />
  </node>
  <node id="DISEASE">
    <attribute name="FREQUENCY" value="2" />
  </node>
  <node id="DNA">
    <attribute name="FREQUENCY" value="1" />
  </node>
  <node id="DRUG">
    <attribute name="FREQUENCY" value="1" />
  </node>
  <node id="EARLY">
    <attribute name="FREQUENCY" value="2" />
  </node>
  <node id="EDT">
    <attribute name="FREQUENCY" value="1" />
  </node>
  <node id="EFFECTIVE">
    <attribute name="FREQUENCY" value="1" />
  </node>
  <node id="EFFICIENCY">
    <attribute name="FREQUENCY" value="1" />
  </node>
  <node id="ENORMOUS">
    <attribute name="FREQUENCY" value="1" />
  </node>
  <node id="ENTERTAIN">
    <attribute name="FREQUENCY" value="4" />
  </node>
  <node id="ETHNIC">
    <attribute name="FREQUENCY" value="1" />
  </node>
  <node id="EVENTUALLY">
    <attribute name="FREQUENCY" value="1" />
  </node>
  <node id="EXCESSIVE">
    <attribute name="FREQUENCY" value="1" />
  </node>
  <node id="EXCITING">
    <attribute name="FREQUENCY" value="1" />
  </node>
  <node id="EXPECT">
    <attribute name="FREQUENCY" value="1" />
  </node>
  <node id="EXPERIMENTATION">
    <attribute name="FREQUENCY" value="1" />
  </node>
  <node id="EXPLAINED">
    <attribute name="FREQUENCY" value="1" />
  </node>
  <node id="EXPRESSED">
    <attribute name="FREQUENCY" value="1" />
  </node>
  <node id="FACTORS">
    <attribute name="FREQUENCY" value="3" />
  </node>
  <node id="FAMILIAL">
    <attribute name="FREQUENCY" value="1" />
  </node>
  <node id="FEVER">
    <attribute name="FREQUENCY" value="9" />
  </node>
  <node id="FMF">
    <attribute name="FREQUENCY" value="16" />
  </node>
  <node id="FRANCE">
    <attribute name="FREQUENCY" value="1" />
  </node>
  <node id="FRENCH">
    <attribute name="FREQUENCY" value="2" />
  </node>
  <node id="FUNCTION">
    <attribute name="FREQUENCY" value="1" />
  </node>
  <node id="GENE">
    <attribute name="FREQUENCY" value="15" />
  </node>
  <node id="GENERAL">
    <attribute name="FREQUENCY" value="1" />
  </node>
  <node id="GENETIC">
    <attribute name="FREQUENCY" value="3" />
  </node>
  <node id="GENETICIST">
    <attribute name="FREQUENCY" value="1" />
  </node>
  <node id="GRANULOCYTE">
    <attribute name="FREQUENCY" value="4" />
  </node>
  <node id="GROUP">
    <attribute name="FREQUENCY" value="2" />
  </node>
  <node id="HEADLINES">
    <attribute name="FREQUENCY" value="1" />
  </node>
  <node id="HEALTH">
    <attribute name="FREQUENCY" value="5" />
  </node>
  <node id="HEART">
    <attribute name="FREQUENCY" value="4" />
  </node>
  <node id="HTML">
    <attribute name="FREQUENCY" value="1" />
  </node>
  <node id="HYPOTHESIZED">
    <attribute name="FREQUENCY" value="1" />
  </node>
  <node id="IDENTIFICATION">
    <attribute name="FREQUENCY" value="1" />
  </node>
  <node id="IMPLICATIONS">
    <attribute name="FREQUENCY" value="1" />
  </node>
  <node id="IMPORTANT">
    <attribute name="FREQUENCY" value="2" />
  </node>
  <node id="INCLUDING">
    <attribute name="FREQUENCY" value="1" />
  </node>
  <node id="INDIVIDUALS">
    <attribute name="FREQUENCY" value="2" />
  </node>
  <node id="INFLAMMATION">
    <attribute name="FREQUENCY" value="5" />
  </node>
  <node id="INFLAMMATORY">
    <attribute name="FREQUENCY" value="2" />
  </node>
  <node id="INFO">
    <attribute name="FREQUENCY" value="2" />
  </node>
  <node id="INSIGHTS">
    <attribute name="FREQUENCY" value="1" />
  </node>
  <node id="INSTITUTE">
    <attribute name="FREQUENCY" value="1" />
  </node>
  <node id="INTEREST">
    <attribute name="FREQUENCY" value="2" />
  </node>
  <node id="INTERNATIONAL">
    <attribute name="FREQUENCY" value="1" />
  </node>
  <node id="INTERVENTION">
    <attribute name="FREQUENCY" value="2" />
  </node>
  <node id="INVOLVED">
    <attribute name="FREQUENCY" value="3" />
  </node>
  <node id="JEWISH">
    <attribute name="FREQUENCY" value="1" />
  </node>
  <node id="JOINT">
    <attribute name="FREQUENCY" value="2" />
  </node>
  <node id="JOURNAL">
    <attribute name="FREQUENCY" value="1" />
  </node>
  <node id="KASTNER">
    <attribute name="FREQUENCY" value="6" />
  </node>
  <node id="KEY">
    <attribute name="FREQUENCY" value="1" />
  </node>
  <node id="KIDNEY">
    <attribute name="FREQUENCY" value="1" />
  </node>
  <node id="LAB">
    <attribute name="FREQUENCY" value="2" />
  </node>
  <node id="LATIN">
    <attribute name="FREQUENCY" value="1" />
  </node>
  <node id="LIMITED">
    <attribute name="FREQUENCY" value="1" />
  </node>
  <node id="LINE">
    <attribute name="FREQUENCY" value="1" />
  </node>
  <node id="LIVE">
    <attribute name="FREQUENCY" value="1" />
  </node>
  <node id="LOWER">
    <attribute name="FREQUENCY" value="1" />
  </node>
  <node id="LUNG">
    <attribute name="FREQUENCY" value="1" />
  </node>
  <node id="MAKING">
    <attribute name="FREQUENCY" value="1" />
  </node>
  <node id="MANIPULATION">
    <attribute name="FREQUENCY" value="1" />
  </node>
  <node id="MARE">
    <attribute name="FREQUENCY" value="1" />
  </node>
  <node id="MARENOSTRIN">
    <attribute name="FREQUENCY" value="2" />
  </node>
  <node id="MEDICAL">
    <attribute name="FREQUENCY" value="1" />
  </node>
  <node id="MEDITERRANEAN">
    <attribute name="FREQUENCY" value="4" />
  </node>
  <node id="MEMBRANE">
    <attribute name="FREQUENCY" value="1" />
  </node>
  <node id="MISSENSE">
    <attribute name="FREQUENCY" value="2" />
  </node>
  <node id="MUTATION">
    <attribute name="FREQUENCY" value="6" />
  </node>
  <node id="NAMED">
    <attribute name="FREQUENCY" value="1" />
  </node>
  <node id="NATIONAL">
    <attribute name="FREQUENCY" value="1" />
  </node>
  <node id="NATURE">
    <attribute name="FREQUENCY" value="2" />
  </node>
  <node id="NEWLY">
    <attribute name="FREQUENCY" value="1" />
  </node>
  <node id="NEWS">
    <attribute name="FREQUENCY" value="4" />
  </node>
  <node id="NICE">
    <attribute name="FREQUENCY" value="1" />
  </node>
  <node id="NIH">
    <attribute name="FREQUENCY" value="4" />
  </node>
  <node id="NOSTRUM">
    <attribute name="FREQUENCY" value="1" />
  </node>
  <node id="NUCLEAR">
    <attribute name="FREQUENCY" value="2" />
  </node>
  <node id="OCCUR">
    <attribute name="FREQUENCY" value="1" />
  </node>
  <node id="OFFER">
    <attribute name="FREQUENCY" value="5" />
  </node>
  <node id="OPEN">
    <attribute name="FREQUENCY" value="1" />
  </node>
  <node id="ORGAN">
    <attribute name="FREQUENCY" value="1" />
  </node>
  <node id="PAIN">
    <attribute name="FREQUENCY" value="1" />
  </node>
  <node id="PAPER">
    <attribute name="FREQUENCY" value="3" />
  </node>
  <node id="PART">
    <attribute name="FREQUENCY" value="1" />
  </node>
  <node id="PATIENTS">
    <attribute name="FREQUENCY" value="3" />
  </node>
  <node id="PHARMACEUTICAL">
    <attribute name="FREQUENCY" value="1" />
  </node>
  <node id="PHARMACOLOGIC">
    <attribute name="FREQUENCY" value="1" />
  </node>
  <node id="PHYSICIANS">
    <attribute name="FREQUENCY" value="1" />
  </node>
  <node id="PLEURAL">
    <attribute name="FREQUENCY" value="1" />
  </node>
  <node id="PM">
    <attribute name="FREQUENCY" value="1" />
  </node>
  <node id="POINT">
    <attribute name="FREQUENCY" value="3" />
  </node>
  <node id="POLITIC">
    <attribute name="FREQUENCY" value="4" />
  </node>
  <node id="POPULATION">
    <attribute name="FREQUENCY" value="2" />
  </node>
  <node id="POSSIBILITIES">
    <attribute name="FREQUENCY" value="1" />
  </node>
  <node id="POTENTIAL">
    <attribute name="FREQUENCY" value="1" />
  </node>
  <node id="PREFERENTIALLY">
    <attribute name="FREQUENCY" value="1" />
  </node>
  <node id="PREVALENCE">
    <attribute name="FREQUENCY" value="1" />
  </node>
  <node id="PREVENT">
    <attribute name="FREQUENCY" value="3" />
  </node>
  <node id="PROPERLY">
    <attribute name="FREQUENCY" value="1" />
  </node>
  <node id="PROTECTIVE">
    <attribute name="FREQUENCY" value="1" />
  </node>
  <node id="PROTEIN">
    <attribute name="FREQUENCY" value="8" />
  </node>
  <node id="PUBLIC">
    <attribute name="FREQUENCY" value="1" />
  </node>
  <node id="PUSH">
    <attribute name="FREQUENCY" value="1" />
  </node>
  <node id="PYRIN">
    <attribute name="FREQUENCY" value="3" />
  </node>
  <node id="QUESTIONS">
    <attribute name="FREQUENCY" value="2" />
  </node>
  <node id="QUINN">
    <attribute name="FREQUENCY" value="4" />
  </node>
  <node id="RAMIFICATIONS">
    <attribute name="FREQUENCY" value="1" />
  </node>
  <node id="RECURRENT">
    <attribute name="FREQUENCY" value="1" />
  </node>
  <node id="REFERENCE">
    <attribute name="FREQUENCY" value="1" />
  </node>
  <node id="REGULATE">
    <attribute name="FREQUENCY" value="3" />
  </node>
  <node id="REGULATORY">
    <attribute name="FREQUENCY" value="2" />
  </node>
  <node id="REPORT">
    <attribute name="FREQUENCY" value="1" />
  </node>
  <node id="REPORTED">
    <attribute name="FREQUENCY" value="1" />
  </node>
  <node id="REQUIRE">
    <attribute name="FREQUENCY" value="1" />
  </node>
  <node id="RESEARCH">
    <attribute name="FREQUENCY" value="1" />
  </node>
  <node id="RESEARCHERS">
    <attribute name="FREQUENCY" value="1" />
  </node>
  <node id="RESPONSE">
    <attribute name="FREQUENCY" value="2" />
  </node>
  <node id="RESPONSIBLE">
    <attribute name="FREQUENCY" value="1" />
  </node>
  <node id="RESULTS">
    <attribute name="FREQUENCY" value="2" />
  </node>
  <node id="REUTERS">
    <attribute name="FREQUENCY" value="2" />
  </node>
  <node id="RISK">
    <attribute name="FREQUENCY" value="1" />
  </node>
  <node id="SCIENTISTS">
    <attribute name="FREQUENCY" value="1" />
  </node>
  <node id="SCOREBOARD">
    <attribute name="FREQUENCY" value="4" />
  </node>
  <node id="SEA">
    <attribute name="FREQUENCY" value="2" />
  </node>
  <node id="SENIOR">
    <attribute name="FREQUENCY" value="1" />
  </node>
  <node id="SEPHARDIC">
    <attribute name="FREQUENCY" value="1" />
  </node>
  <node id="SIDENOTE">
    <attribute name="FREQUENCY" value="1" />
  </node>
  <node id="SINGLE-COPY">
    <attribute name="FREQUENCY" value="1" />
  </node>
  <node id="SMALL">
    <attribute name="FREQUENCY" value="2" />
  </node>
  <node id="SOURCE">
    <attribute name="FREQUENCY" value="1" />
  </node>
  <node id="SPACE">
    <attribute name="FREQUENCY" value="1" />
  </node>
  <node id="SPORT">
    <attribute name="FREQUENCY" value="4" />
  </node>
  <node id="STABILITY">
    <attribute name="FREQUENCY" value="1" />
  </node>
  <node id="STORIES">
    <attribute name="FREQUENCY" value="1" />
  </node>
  <node id="STORY">
    <attribute name="FREQUENCY" value="4" />
  </node>
  <node id="STRIKE">
    <attribute name="FREQUENCY" value="4" />
  </node>
  <node id="STUDIES">
    <attribute name="FREQUENCY" value="1" />
  </node>
  <node id="STUDY">
    <attribute name="FREQUENCY" value="1" />
  </node>
  <node id="SUBSTITUTED">
    <attribute name="FREQUENCY" value="1" />
  </node>
  <node id="SUBTYPE">
    <attribute name="FREQUENCY" value="1" />
  </node>
  <node id="SUMMING">
    <attribute name="FREQUENCY" value="1" />
  </node>
  <node id="TARGET">
    <attribute name="FREQUENCY" value="1" />
  </node>
  <node id="TECH">
    <attribute name="FREQUENCY" value="4" />
  </node>
  <node id="TERMS">
    <attribute name="FREQUENCY" value="4" />
  </node>
  <node id="TEST">
    <attribute name="FREQUENCY" value="1" />
  </node>
  <node id="TEXT">
    <attribute name="FREQUENCY" value="1" />
  </node>
  <node id="THERAPEUTIC">
    <attribute name="FREQUENCY" value="2" />
  </node>
  <node id="THERAPIES">
    <attribute name="FREQUENCY" value="1" />
  </node>
  <node id="THERAPY">
    <attribute name="FREQUENCY" value="1" />
  </node>
  <node id="THURSDAY">
    <attribute name="FREQUENCY" value="1" />
  </node>
  <node id="TREATMENT">
    <attribute name="FREQUENCY" value="2" />
  </node>
  <node id="TURKISH">
    <attribute name="FREQUENCY" value="1" />
  </node>
  <node id="TURNED">
    <attribute name="FREQUENCY" value="1" />
  </node>
  <node id="UNDERSTAND">
    <attribute name="FREQUENCY" value="1" />
  </node>
  <node id="UNIQUE">
    <attribute name="FREQUENCY" value="1" />
  </node>
  <node id="VIEW">
    <attribute name="FREQUENCY" value="1" />
  </node>
  <node id="VISTA">
    <attribute name="FREQUENCY" value="1" />
  </node>
  <node id="WHITE">
    <attribute name="FREQUENCY" value="1" />
  </node>
  <node id="WINE">
    <attribute name="FREQUENCY" value="4" />
  </node>
  <node id="WORK">
    <attribute name="FREQUENCY" value="1" />
  </node>
  <node id="WRITE">
    <attribute name="FREQUENCY" value="2" />
  </node>
  <node id="YAHOO">
    <attribute name="FREQUENCY" value="4" />
  </node>
  <node id="YORK">
    <attribute name="FREQUENCY" value="1" />
  </node>
  <edge from="ABDOMINAL" to="CAVITY">
    <attribute name="TEXT" value="1" />
  </edge>
  <edge from="ABDOMINAL" to="PAIN">
    <attribute name="TEXT" value="1" />
  </edge>
  <edge from="ACCUMULATIONS" to="EVENTUALLY">
    <attribute name="TEXT" value="1" />
  </edge>
  <edge from="AFFECTED" to="PATIENTS">
    <attribute name="TEXT" value="1" />
  </edge>
  <edge from="AGAINST" to="DEVELOP">
    <attribute name="TEXT" value="1" />
  </edge>
  <edge from="AMINO" to="ACID">
    <attribute name="TEXT" value="2" />
  </edge>
  <edge from="AMYLOIDOSIS" to="CONDITIONS">
    <attribute name="TEXT" value="1" />
  </edge>
  <edge from="ANTI-INFLAMMATORY" to="THERAPY">
    <attribute name="TEXT" value="1" />
  </edge>
  <edge from="APPARENTLY" to="PROTEIN">
    <attribute name="TEXT" value="1" />
  </edge>
  <edge from="ARMENIAN" to="TURKISH">
    <attribute name="TEXT" value="1" />
  </edge>
  <edge from="ASTHMA" to="COMPARED">
    <attribute name="TEXT" value="1" />
  </edge>
  <edge from="BEER" to="OFFER">
    <attribute name="TEXT" value="4" />
    <attribute name="LINKS" value="4" />
  </edge>
  <edge from="BEER" to="OFFER">
    <attribute name="TEXT" value="4" />
    <attribute name="LINKS" value="4" />
  </edge>
  <edge from="BIOCHEMICAL" to="DEFECTS">
    <attribute name="TEXT" value="1" />
  </edge>
  <edge from="BIOLOGICAL" to="CONFIRMATION">
    <attribute name="TEXT" value="1" />
  </edge>
  <edge from="BLOOD" to="CELLS">
    <attribute name="TEXT" value="1" />
  </edge>
  <edge from="CALLED" to="COLCHICINE">
    <attribute name="TEXT" value="1" />
  </edge>
  <edge from="CAUSING" to="FMF">
    <attribute name="TEXT" value="1" />
  </edge>
  <edge from="CAVITY" to="JOINT">
    <attribute name="TEXT" value="1" />
  </edge>
  <edge from="CELLS" to="PAPER">
    <attribute name="TEXT" value="1" />
  </edge>
  <edge from="COMMON" to="MUTATION">
    <attribute name="TEXT" value="1" />
  </edge>
  <edge from="CONTINUED" to="KASTNER">
    <attribute name="TEXT" value="1" />
  </edge>
  <edge from="CONTROL" to="INFLAMMATION">
    <attribute name="TEXT" value="1" />
  </edge>
  <edge from="DANIEL" to="KASTNER">
    <attribute name="TEXT" value="1" />
  </edge>
  <edge from="DEFECTS" to="CAUSING">
    <attribute name="TEXT" value="1" />
  </edge>
  <edge from="DENGUE" to="FEVER">
    <attribute name="TEXT" value="2" />
    <attribute name="LINKS" value="2" />
  </edge>
  <edge from="DENGUE" to="FEVER">
    <attribute name="TEXT" value="2" />
    <attribute name="LINKS" value="2" />
  </edge>
  <edge from="DETECTED" to="DRUG">
    <attribute name="TEXT" value="1" />
  </edge>
  <edge from="DEVELOP" to="ASTHMA">
    <attribute name="TEXT" value="2" />
  </edge>
  <edge from="DEVELOP" to="FMF">
    <attribute name="TEXT" value="1" />
  </edge>
  <edge from="DEVELOP" to="THERAPIES">
    <attribute name="TEXT" value="1" />
  </edge>
  <edge from="DISCOVERED" to="GENE">
    <attribute name="TEXT" value="1" />
  </edge>
  <edge from="DRUG" to="CALLED">
    <attribute name="TEXT" value="1" />
  </edge>
  <edge from="EARLY" to="DIAGNOSIS">
    <attribute name="TEXT" value="1" />
  </edge>
  <edge from="EARLY" to="INTERVENTION">
    <attribute name="TEXT" value="1" />
  </edge>
  <edge from="EFFECTIVE" to="TREATMENT">
    <attribute name="TEXT" value="1" />
  </edge>
  <edge from="ENORMOUS" to="PUSH">
    <attribute name="TEXT" value="1" />
  </edge>
  <edge from="ETHNIC" to="GROUP">
    <attribute name="TEXT" value="1" />
  </edge>
  <edge from="EVENTUALLY" to="DAMAGE">
    <attribute name="TEXT" value="1" />
  </edge>
  <edge from="EXCESSIVE" to="INFLAMMATION">
    <attribute name="TEXT" value="1" />
  </edge>
  <edge from="EXPLAINED" to="KASTNER">
    <attribute name="TEXT" value="1" />
  </edge>
  <edge from="EXPRESSED" to="PREFERENTIALLY">
    <attribute name="TEXT" value="1" />
  </edge>
  <edge from="FACTORS" to="CONTROL">
    <attribute name="TEXT" value="1" />
  </edge>
  <edge from="FAMILIAL" to="MEDITERRANEAN">
    <attribute name="TEXT" value="1" />
  </edge>
  <edge from="FEVER" to="GENE">
    <attribute name="TEXT" value="1" />
    <attribute name="KEYWORDS" value="1" />
  </edge>
  <edge from="FEVER" to="GENE">
    <attribute name="TEXT" value="1" />
    <attribute name="KEYWORDS" value="1" />
  </edge>
  <edge from="FEVER" to="JOINT">
    <attribute name="TEXT" value="1" />
  </edge>
  <edge from="FEVER" to="STRIKE">
    <attribute name="TEXT" value="4" />
    <attribute name="LINKS" value="4" />
  </edge>
  <edge from="FEVER" to="STRIKE">
    <attribute name="TEXT" value="4" />
    <attribute name="LINKS" value="4" />
  </edge>
  <edge from="FMF" to="ATTACK">
    <attribute name="TEXT" value="2" />
  </edge>
  <edge from="FMF" to="GENE">
    <attribute name="TEXT" value="3" />
  </edge>
  <edge from="FRENCH" to="CALL">
    <attribute name="TEXT" value="1" />
  </edge>
  <edge from="GENE" to="CODE">
    <attribute name="TEXT" value="1" />
  </edge>
  <edge from="GENE" to="REPORTED">
    <attribute name="TEXT" value="1" />
  </edge>
  <edge from="GENERAL" to="POPULATION">
    <attribute name="TEXT" value="1" />
  </edge>
  <edge from="GROUP" to="AFFECTED">
    <attribute name="TEXT" value="1" />
  </edge>
  <edge from="HEALTH" to="STORIES">
    <attribute name="TEXT" value="1" />
  </edge>
  <edge from="HEART" to="BENEFIT">
    <attribute name="TEXT" value="4" />
    <attribute name="LINKS" value="4" />
  </edge>
  <edge from="HEART" to="BENEFIT">
    <attribute name="TEXT" value="4" />
    <attribute name="LINKS" value="4" />
  </edge>
  <edge from="IMPORTANT" to="INSIGHTS">
    <attribute name="TEXT" value="1" />
  </edge>
  <edge from="INCLUDING" to="LAB">
    <attribute name="TEXT" value="1" />
  </edge>
  <edge from="INDIVIDUALS" to="CARRY">
    <attribute name="TEXT" value="1" />
  </edge>
  <edge from="INFLAMMATORY" to="RESPONSE">
    <attribute name="TEXT" value="2" />
  </edge>
  <edge from="INTEREST" to="SIDENOTE">
    <attribute name="TEXT" value="1" />
  </edge>
  <edge from="INTERNATIONAL" to="CONSORTIUM">
    <attribute name="TEXT" value="1" />
  </edge>
  <edge from="INTERVENTION" to="IMPORTANT">
    <attribute name="TEXT" value="1" />
  </edge>
  <edge from="JEWISH" to="INDIVIDUALS">
    <attribute name="TEXT" value="1" />
  </edge>
  <edge from="JOURNAL" to="CELLS">
    <attribute name="TEXT" value="1" />
  </edge>
  <edge from="KASTNER" to="BELIEVES">
    <attribute name="TEXT" value="1" />
  </edge>
  <edge from="KASTNER" to="GENETICIST">
    <attribute name="TEXT" value="1" />
  </edge>
  <edge from="KEY" to="RESULTS">
    <attribute name="TEXT" value="1" />
  </edge>
  <edge from="LOWER" to="RISK">
    <attribute name="TEXT" value="1" />
  </edge>
  <edge from="MAKING" to="EARLY">
    <attribute name="TEXT" value="1" />
  </edge>
  <edge from="MARE" to="NOSTRUM">
    <attribute name="TEXT" value="1" />
  </edge>
  <edge from="MEDICAL" to="IMPLICATIONS">
    <attribute name="TEXT" value="1" />
  </edge>
  <edge from="MEDITERRANEAN" to="FEVER">
    <attribute name="TEXT" value="2" />
    <attribute name="KEYWORDS" value="1" />
  </edge>
  <edge from="MEDITERRANEAN" to="FEVER">
    <attribute name="TEXT" value="2" />
    <attribute name="KEYWORDS" value="1" />
  </edge>
  <edge from="MEMBRANE" to="LINE">
    <attribute name="TEXT" value="1" />
  </edge>
  <edge from="MISSENSE" to="MUTATION">
    <attribute name="TEXT" value="1" />
  </edge>
  <edge from="MUTATION" to="OCCUR">
    <attribute name="TEXT" value="1" />
  </edge>
  <edge from="NAMED" to="PYRIN">
    <attribute name="TEXT" value="1" />
  </edge>
  <edge from="NATIONAL" to="INSTITUTE">
    <attribute name="TEXT" value="1" />
  </edge>
  <edge from="NATURE" to="GENETIC">
    <attribute name="TEXT" value="2" />
  </edge>
  <edge from="NEWLY" to="DISCOVERED">
    <attribute name="TEXT" value="1" />
  </edge>
  <edge from="NICE" to="BIOLOGICAL">
    <attribute name="TEXT" value="1" />
  </edge>
  <edge from="NIH" to="LAB">
    <attribute name="TEXT" value="1" />
  </edge>
  <edge from="NUCLEAR" to="FACTORS">
    <attribute name="TEXT" value="2" />
  </edge>
  <edge from="OFFER" to="IMPORTANT">
    <attribute name="TEXT" value="1" />
  </edge>
  <edge from="PATIENTS" to="DNA">
    <attribute name="TEXT" value="1" />
  </edge>
  <edge from="PHARMACEUTICAL" to="COMPANIES">
    <attribute name="TEXT" value="1" />
  </edge>
  <edge from="PHARMACOLOGIC" to="MANIPULATION">
    <attribute name="TEXT" value="1" />
  </edge>
  <edge from="PLEURAL" to="SPACE">
    <attribute name="TEXT" value="1" />
  </edge>
  <edge from="PM" to="EDT">
    <attribute name="TEXT" value="1" />
  </edge>
  <edge from="PREVALENCE" to="SCIENTISTS">
    <attribute name="TEXT" value="1" />
  </edge>
  <edge from="PREVENT" to="AMYLOIDOSIS">
    <attribute name="TEXT" value="2" />
  </edge>
  <edge from="PROPERLY" to="REGULATE">
    <attribute name="TEXT" value="1" />
  </edge>
  <edge from="PROTECTIVE" to="AGAINST">
    <attribute name="TEXT" value="1" />
  </edge>
  <edge from="PROTEIN" to="ACCUMULATIONS">
    <attribute name="TEXT" value="1" />
  </edge>
  <edge from="PROTEIN" to="MARENOSTRIN">
    <attribute name="TEXT" value="1" />
  </edge>
  <edge from="PYRIN" to="PREVENT">
    <attribute name="TEXT" value="1" />
  </edge>
  <edge from="RECURRENT" to="FEVER">
    <attribute name="TEXT" value="1" />
  </edge>
  <edge from="REGULATE" to="INFLAMMATION">
    <attribute name="TEXT" value="1" />
  </edge>
  <edge from="REGULATORY" to="FACTORS">
    <attribute name="TEXT" value="1" />
  </edge>
  <edge from="REGULATORY" to="PROTEIN">
    <attribute name="TEXT" value="1" />
  </edge>
  <edge from="RESEARCHERS" to="INCLUDING">
    <attribute name="TEXT" value="1" />
  </edge>
  <edge from="REUTERS" to="LIMITED">
    <attribute name="TEXT" value="1" />
  </edge>
  <edge from="SEA" to="BASIN">
    <attribute name="TEXT" value="1" />
  </edge>
  <edge from="SENIOR" to="AUTHOR">
    <attribute name="TEXT" value="1" />
  </edge>
  <edge from="SEPHARDIC" to="JEWISH">
    <attribute name="TEXT" value="1" />
  </edge>
  <edge from="SINGLE-COPY" to="CARRIER">
    <attribute name="TEXT" value="1" />
  </edge>
  <edge from="SMALL" to="PART">
    <attribute name="TEXT" value="1" />
  </edge>
  <edge from="STORIES" to="FEVER">
    <attribute name="TEXT" value="1" />
  </edge>
  <edge from="SUBTYPE" to="CALLED">
    <attribute name="TEXT" value="1" />
  </edge>
  <edge from="TEST" to="PATIENTS">
    <attribute name="TEXT" value="1" />
  </edge>
  <edge from="TEXT" to="HEADLINES">
    <attribute name="TEXT" value="1" />
  </edge>
  <edge from="THERAPEUTIC" to="POINT">
    <attribute name="TEXT" value="1" />
  </edge>
  <edge from="THERAPEUTIC" to="POSSIBILITIES">
    <attribute name="TEXT" value="1" />
  </edge>
  <edge from="THERAPY" to="CONTINUED">
    <attribute name="TEXT" value="1" />
  </edge>
  <edge from="THURSDAY" to="AUGUST">
    <attribute name="TEXT" value="1" />
  </edge>
  <edge from="TURKISH" to="ARAB">
    <attribute name="TEXT" value="1" />
  </edge>
  <edge from="VIEW" to="COLCHICINE">
    <attribute name="TEXT" value="1" />
  </edge>
  <edge from="WHITE" to="BLOOD">
    <attribute name="TEXT" value="1" />
  </edge>
</graph>
