<graph>
  <node id="ADMINISTRATION">
    <attribute name="FREQUENCY" value="1" />
  </node>
  <node id="AGAINST">
    <attribute name="FREQUENCY" value="1" />
  </node>
  <node id="AGE">
    <attribute name="FREQUENCY" value="1" />
  </node>
  <node id="AGED">
    <attribute name="FREQUENCY" value="1" />
  </node>
  <node id="AIR">
    <attribute name="FREQUENCY" value="4" />
  </node>
  <node id="AMERICAN">
    <attribute name="FREQUENCY" value="2" />
  </node>
  <node id="ANTIBODY">
    <attribute name="FREQUENCY" value="1" />
  </node>
  <node id="ARTHRITIS">
    <attribute name="FREQUENCY" value="3" />
  </node>
  <node id="ASSOCIATION">
    <attribute name="FREQUENCY" value="2" />
  </node>
  <node id="ATLANTA">
    <attribute name="FREQUENCY" value="1" />
  </node>
  <node id="AUGUST">
    <attribute name="FREQUENCY" value="1" />
  </node>
  <node id="AUTHOR">
    <attribute name="FREQUENCY" value="1" />
  </node>
  <node id="BAG">
    <attribute name="FREQUENCY" value="4" />
  </node>
  <node id="BIZ">
    <attribute name="FREQUENCY" value="4" />
  </node>
  <node id="CALIFORNIA">
    <attribute name="FREQUENCY" value="1" />
  </node>
  <node id="CARPAL">
    <attribute name="FREQUENCY" value="1" />
  </node>
  <node id="CAUSAL">
    <attribute name="FREQUENCY" value="1" />
  </node>
  <node id="CENTER">
    <attribute name="FREQUENCY" value="3" />
  </node>
  <node id="CHILDBEARING">
    <attribute name="FREQUENCY" value="1" />
  </node>
  <node id="CHRONIC">
    <attribute name="FREQUENCY" value="1" />
  </node>
  <node id="COLLEAGUES">
    <attribute name="FREQUENCY" value="1" />
  </node>
  <node id="COMMENTS">
    <attribute name="FREQUENCY" value="3" />
  </node>
  <node id="COMPARED">
    <attribute name="FREQUENCY" value="1" />
  </node>
  <node id="CONCERNS">
    <attribute name="FREQUENCY" value="1" />
  </node>
  <node id="CONDITIONS">
    <attribute name="FREQUENCY" value="1" />
  </node>
  <node id="CONFIRM">
    <attribute name="FREQUENCY" value="1" />
  </node>
  <node id="CONGENITAL">
    <attribute name="FREQUENCY" value="2" />
  </node>
  <node id="CONTINUED">
    <attribute name="FREQUENCY" value="1" />
  </node>
  <node id="CONTRARY">
    <attribute name="FREQUENCY" value="1" />
  </node>
  <node id="CONTROL">
    <attribute name="FREQUENCY" value="1" />
  </node>
  <node id="DEBATED">
    <attribute name="FREQUENCY" value="4" />
  </node>
  <node id="DETERMINED">
    <attribute name="FREQUENCY" value="1" />
  </node>
  <node id="DIET">
    <attribute name="FREQUENCY" value="4" />
  </node>
  <node id="DIFFERING">
    <attribute name="FREQUENCY" value="1" />
  </node>
  <node id="DISABILITY">
    <attribute name="FREQUENCY" value="1" />
  </node>
  <node id="DISEASE">
    <attribute name="FREQUENCY" value="2" />
  </node>
  <node id="EDITORIAL">
    <attribute name="FREQUENCY" value="1" />
  </node>
  <node id="EDT">
    <attribute name="FREQUENCY" value="1" />
  </node>
  <node id="EFFECTIVE">
    <attribute name="FREQUENCY" value="1" />
  </node>
  <node id="END">
    <attribute name="FREQUENCY" value="1" />
  </node>
  <node id="ENTERTAIN">
    <attribute name="FREQUENCY" value="4" />
  </node>
  <node id="FAILED">
    <attribute name="FREQUENCY" value="1" />
  </node>
  <node id="FEAR">
    <attribute name="FREQUENCY" value="1" />
  </node>
  <node id="FINDINGS">
    <attribute name="FREQUENCY" value="2" />
  </node>
  <node id="GEORGIA">
    <attribute name="FREQUENCY" value="1" />
  </node>
  <node id="GROUP">
    <attribute name="FREQUENCY" value="1" />
  </node>
  <node id="HEADLINES">
    <attribute name="FREQUENCY" value="1" />
  </node>
  <node id="HEALTH">
    <attribute name="FREQUENCY" value="6" />
  </node>
  <node id="HIGH-CARBOHYDRATE">
    <attribute name="FREQUENCY" value="4" />
  </node>
  <node id="HTML">
    <attribute name="FREQUENCY" value="1" />
  </node>
  <node id="IMPACT">
    <attribute name="FREQUENCY" value="1" />
  </node>
  <node id="IMPORTANT">
    <attribute name="FREQUENCY" value="1" />
  </node>
  <node id="INCLUDING">
    <attribute name="FREQUENCY" value="2" />
  </node>
  <node id="INCREASE">
    <attribute name="FREQUENCY" value="1" />
  </node>
  <node id="INDIVIDUALS">
    <attribute name="FREQUENCY" value="1" />
  </node>
  <node id="INFO">
    <attribute name="FREQUENCY" value="2" />
  </node>
  <node id="INJURIES">
    <attribute name="FREQUENCY" value="4" />
  </node>
  <node id="INSTITUTE">
    <attribute name="FREQUENCY" value="1" />
  </node>
  <node id="INVESTIGATORS">
    <attribute name="FREQUENCY" value="1" />
  </node>
  <node id="ISRAEL">
    <attribute name="FREQUENCY" value="2" />
  </node>
  <node id="ISRAELI">
    <attribute name="FREQUENCY" value="1" />
  </node>
  <node id="JAMA">
    <attribute name="FREQUENCY" value="3" />
  </node>
  <node id="JERUSALEM">
    <attribute name="FREQUENCY" value="1" />
  </node>
  <node id="JOIN">
    <attribute name="FREQUENCY" value="1" />
  </node>
  <node id="JOINT">
    <attribute name="FREQUENCY" value="3" />
  </node>
  <node id="JOURNAL">
    <attribute name="FREQUENCY" value="2" />
  </node>
  <node id="KAISER">
    <attribute name="FREQUENCY" value="1" />
  </node>
  <node id="LIMITED">
    <attribute name="FREQUENCY" value="1" />
  </node>
  <node id="LITERATURE">
    <attribute name="FREQUENCY" value="1" />
  </node>
  <node id="LOW-FAT">
    <attribute name="FREQUENCY" value="4" />
  </node>
  <node id="LOWER">
    <attribute name="FREQUENCY" value="1" />
  </node>
  <node id="MAJOR">
    <attribute name="FREQUENCY" value="1" />
  </node>
  <node id="MEANS">
    <attribute name="FREQUENCY" value="1" />
  </node>
  <node id="MEDICAL">
    <attribute name="FREQUENCY" value="3" />
  </node>
  <node id="MEDICINE">
    <attribute name="FREQUENCY" value="1" />
  </node>
  <node id="MINISTRY">
    <attribute name="FREQUENCY" value="1" />
  </node>
  <node id="NEUROLOGIC">
    <attribute name="FREQUENCY" value="2" />
  </node>
  <node id="NEW-ONSET">
    <attribute name="FREQUENCY" value="1" />
  </node>
  <node id="NEWS">
    <attribute name="FREQUENCY" value="4" />
  </node>
  <node id="NORTHERN">
    <attribute name="FREQUENCY" value="1" />
  </node>
  <node id="NOTES">
    <attribute name="FREQUENCY" value="1" />
  </node>
  <node id="OAKLAND">
    <attribute name="FREQUENCY" value="1" />
  </node>
  <node id="PAPER">
    <attribute name="FREQUENCY" value="1" />
  </node>
  <node id="PARTICIPANTS">
    <attribute name="FREQUENCY" value="1" />
  </node>
  <node id="PAUL">
    <attribute name="FREQUENCY" value="1" />
  </node>
  <node id="PERMANENT">
    <attribute name="FREQUENCY" value="1" />
  </node>
  <node id="PERMANENTE">
    <attribute name="FREQUENCY" value="1" />
  </node>
  <node id="PERSISTENT">
    <attribute name="FREQUENCY" value="1" />
  </node>
  <node id="PM">
    <attribute name="FREQUENCY" value="1" />
  </node>
  <node id="POLITIC">
    <attribute name="FREQUENCY" value="4" />
  </node>
  <node id="PREVALENCE">
    <attribute name="FREQUENCY" value="2" />
  </node>
  <node id="PREVENT">
    <attribute name="FREQUENCY" value="1" />
  </node>
  <node id="PREVENTION">
    <attribute name="FREQUENCY" value="1" />
  </node>
  <node id="PROGRAM">
    <attribute name="FREQUENCY" value="1" />
  </node>
  <node id="PROMOTE">
    <attribute name="FREQUENCY" value="1" />
  </node>
  <node id="PUBLIC">
    <attribute name="FREQUENCY" value="1" />
  </node>
  <node id="PUBLISHED">
    <attribute name="FREQUENCY" value="1" />
  </node>
  <node id="PUT">
    <attribute name="FREQUENCY" value="1" />
  </node>
  <node id="QUESTIONS">
    <attribute name="FREQUENCY" value="2" />
  </node>
  <node id="RA">
    <attribute name="FREQUENCY" value="1" />
  </node>
  <node id="RAISED">
    <attribute name="FREQUENCY" value="1" />
  </node>
  <node id="RECEIVED">
    <attribute name="FREQUENCY" value="1" />
  </node>
  <node id="RECORD">
    <attribute name="FREQUENCY" value="2" />
  </node>
  <node id="REDUCE">
    <attribute name="FREQUENCY" value="1" />
  </node>
  <node id="RELATIONSHIP">
    <attribute name="FREQUENCY" value="2" />
  </node>
  <node id="REPORT">
    <attribute name="FREQUENCY" value="1" />
  </node>
  <node id="REPORTED">
    <attribute name="FREQUENCY" value="4" />
  </node>
  <node id="RESEARCHERS">
    <attribute name="FREQUENCY" value="2" />
  </node>
  <node id="REUTERS">
    <attribute name="FREQUENCY" value="2" />
  </node>
  <node id="REVIEWED">
    <attribute name="FREQUENCY" value="1" />
  </node>
  <node id="RISK">
    <attribute name="FREQUENCY" value="2" />
  </node>
  <node id="ROLE">
    <attribute name="FREQUENCY" value="1" />
  </node>
  <node id="RUBELLA">
    <attribute name="FREQUENCY" value="13" />
  </node>
  <node id="RUBELLA-SUSCEPTIBLE">
    <attribute name="FREQUENCY" value="1" />
  </node>
  <node id="SAFE">
    <attribute name="FREQUENCY" value="1" />
  </node>
  <node id="SCIENTIFIC">
    <attribute name="FREQUENCY" value="1" />
  </node>
  <node id="SCOREBOARD">
    <attribute name="FREQUENCY" value="4" />
  </node>
  <node id="SERONEGATIVE">
    <attribute name="FREQUENCY" value="2" />
  </node>
  <node id="SEROPOSITIVE">
    <attribute name="FREQUENCY" value="2" />
  </node>
  <node id="SEROTESTED">
    <attribute name="FREQUENCY" value="1" />
  </node>
  <node id="SLATER">
    <attribute name="FREQUENCY" value="1" />
  </node>
  <node id="SOCIETAL">
    <attribute name="FREQUENCY" value="1" />
  </node>
  <node id="SOURCE">
    <attribute name="FREQUENCY" value="1" />
  </node>
  <node id="SPORT">
    <attribute name="FREQUENCY" value="4" />
  </node>
  <node id="STATISTICALLY">
    <attribute name="FREQUENCY" value="1" />
  </node>
  <node id="STORIES">
    <attribute name="FREQUENCY" value="1" />
  </node>
  <node id="STORY">
    <attribute name="FREQUENCY" value="4" />
  </node>
  <node id="STUDIES">
    <attribute name="FREQUENCY" value="2" />
  </node>
  <node id="STUDY">
    <attribute name="FREQUENCY" value="4" />
  </node>
  <node id="SUGGESTED">
    <attribute name="FREQUENCY" value="1" />
  </node>
  <node id="SUPPORT">
    <attribute name="FREQUENCY" value="1" />
  </node>
  <node id="SYMPTOMS">
    <attribute name="FREQUENCY" value="1" />
  </node>
  <node id="SYNDROME">
    <attribute name="FREQUENCY" value="3" />
  </node>
  <node id="TECH">
    <attribute name="FREQUENCY" value="4" />
  </node>
  <node id="TEST">
    <attribute name="FREQUENCY" value="1" />
  </node>
  <node id="TEXT">
    <attribute name="FREQUENCY" value="1" />
  </node>
  <node id="TUNNEL">
    <attribute name="FREQUENCY" value="1" />
  </node>
  <node id="UNVACCINATED">
    <attribute name="FREQUENCY" value="2" />
  </node>
  <node id="VACCINATED">
    <attribute name="FREQUENCY" value="1" />
  </node>
  <node id="VACCINATION">
    <attribute name="FREQUENCY" value="7" />
  </node>
  <node id="VACCINE">
    <attribute name="FREQUENCY" value="3" />
  </node>
  <node id="WEDNESDAY">
    <attribute name="FREQUENCY" value="2" />
  </node>
  <node id="WELL-DESIGNED">
    <attribute name="FREQUENCY" value="1" />
  </node>
  <node id="WELL-EXECUTED">
    <attribute name="FREQUENCY" value="1" />
  </node>
  <node id="WOMAN">
    <attribute name="FREQUENCY" value="1" />
  </node>
  <node id="WOMEN">
    <attribute name="FREQUENCY" value="10" />
  </node>
  <node id="WORK">
    <attribute name="FREQUENCY" value="1" />
  </node>
  <node id="WRITE">
    <attribute name="FREQUENCY" value="2" />
  </node>
  <node id="YAHOO">
    <attribute name="FREQUENCY" value="4" />
  </node>
  <node id="YEAR">
    <attribute name="FREQUENCY" value="3" />
  </node>
  <node id="YORK">
    <attribute name="FREQUENCY" value="1" />
  </node>
  <edge from="AGAINST" to="RUBELLA">
    <attribute name="TEXT" value="1" />
  </edge>
  <edge from="AIR" to="BAG">
    <attribute name="TEXT" value="2" />
    <attribute name="LINKS" value="2" />
  </edge>
  <edge from="AIR" to="BAG">
    <attribute name="TEXT" value="2" />
    <attribute name="LINKS" value="2" />
  </edge>
  <edge from="AMERICAN" to="MEDICAL">
    <attribute name="TEXT" value="2" />
  </edge>
  <edge from="ANTIBODY" to="TEST">
    <attribute name="TEXT" value="1" />
  </edge>
  <edge from="ATLANTA" to="GEORGIA">
    <attribute name="TEXT" value="1" />
  </edge>
  <edge from="AUTHOR" to="NOTES">
    <attribute name="TEXT" value="1" />
  </edge>
  <edge from="BAG" to="INJURIES">
    <attribute name="TEXT" value="2" />
    <attribute name="LINKS" value="2" />
  </edge>
  <edge from="BAG" to="INJURIES">
    <attribute name="TEXT" value="2" />
    <attribute name="LINKS" value="2" />
  </edge>
  <edge from="CALIFORNIA" to="KAISER">
    <attribute name="TEXT" value="1" />
  </edge>
  <edge from="CARPAL" to="TUNNEL">
    <attribute name="TEXT" value="1" />
  </edge>
  <edge from="CAUSAL" to="RELATIONSHIP">
    <attribute name="TEXT" value="1" />
  </edge>
  <edge from="CENTER" to="INCLUDING">
    <attribute name="TEXT" value="1" />
  </edge>
  <edge from="CHILDBEARING" to="AGE">
    <attribute name="TEXT" value="1" />
  </edge>
  <edge from="CHRONIC" to="ARTHRITIS">
    <attribute name="TEXT" value="1" />
  </edge>
  <edge from="CONGENITAL" to="RUBELLA">
    <attribute name="TEXT" value="2" />
  </edge>
  <edge from="CONTINUED" to="VACCINATION">
    <attribute name="TEXT" value="1" />
  </edge>
  <edge from="DIET" to="DEBATED">
    <attribute name="TEXT" value="2" />
    <attribute name="LINKS" value="2" />
  </edge>
  <edge from="DIET" to="DEBATED">
    <attribute name="TEXT" value="2" />
    <attribute name="LINKS" value="2" />
  </edge>
  <edge from="DISEASE" to="CONTROL">
    <attribute name="TEXT" value="1" />
  </edge>
  <edge from="EFFECTIVE" to="MEANS">
    <attribute name="TEXT" value="1" />
  </edge>
  <edge from="FINDINGS" to="SUPPORT">
    <attribute name="TEXT" value="1" />
  </edge>
  <edge from="HEALTH" to="PROGRAM">
    <attribute name="TEXT" value="1" />
  </edge>
  <edge from="HEALTH" to="STORIES">
    <attribute name="TEXT" value="1" />
  </edge>
  <edge from="HIGH-CARBOHYDRATE" to="DIET">
    <attribute name="TEXT" value="2" />
    <attribute name="LINKS" value="2" />
  </edge>
  <edge from="HIGH-CARBOHYDRATE" to="DIET">
    <attribute name="TEXT" value="2" />
    <attribute name="LINKS" value="2" />
  </edge>
  <edge from="IMPORTANT" to="ROLE">
    <attribute name="TEXT" value="1" />
  </edge>
  <edge from="INCREASE" to="WOMAN">
    <attribute name="TEXT" value="1" />
  </edge>
  <edge from="INJURIES" to="REPORTED">
    <attribute name="TEXT" value="2" />
    <attribute name="LINKS" value="2" />
  </edge>
  <edge from="INJURIES" to="REPORTED">
    <attribute name="TEXT" value="2" />
    <attribute name="LINKS" value="2" />
  </edge>
  <edge from="INVESTIGATORS" to="WORK">
    <attribute name="TEXT" value="1" />
  </edge>
  <edge from="ISRAEL" to="MINISTRY">
    <attribute name="TEXT" value="1" />
  </edge>
  <edge from="ISRAELI" to="RUBELLA">
    <attribute name="TEXT" value="1" />
  </edge>
  <edge from="JAMA" to="PAPER">
    <attribute name="TEXT" value="1" />
  </edge>
  <edge from="JOINT" to="DISABILITY">
    <attribute name="TEXT" value="1" />
  </edge>
  <edge from="JOINT" to="DISEASE">
    <attribute name="TEXT" value="1" />
  </edge>
  <edge from="KAISER" to="PERMANENTE">
    <attribute name="TEXT" value="1" />
  </edge>
  <edge from="LITERATURE" to="SUGGESTED">
    <attribute name="TEXT" value="1" />
  </edge>
  <edge from="LOW-FAT" to="HIGH-CARBOHYDRATE">
    <attribute name="TEXT" value="2" />
  </edge>
  <edge from="MAJOR" to="PERMANENT">
    <attribute name="TEXT" value="1" />
  </edge>
  <edge from="MEDICAL" to="ASSOCIATION">
    <attribute name="TEXT" value="2" />
  </edge>
  <edge from="MEDICAL" to="RECORD">
    <attribute name="TEXT" value="1" />
  </edge>
  <edge from="MEDICINE" to="DETERMINED">
    <attribute name="TEXT" value="1" />
  </edge>
  <edge from="NEUROLOGIC" to="CONDITIONS">
    <attribute name="TEXT" value="1" />
  </edge>
  <edge from="NEUROLOGIC" to="SYMPTOMS">
    <attribute name="TEXT" value="1" />
  </edge>
  <edge from="NEW-ONSET" to="JOINT">
    <attribute name="TEXT" value="1" />
  </edge>
  <edge from="NORTHERN" to="CALIFORNIA">
    <attribute name="TEXT" value="1" />
  </edge>
  <edge from="PAPER" to="JOIN">
    <attribute name="TEXT" value="1" />
  </edge>
  <edge from="PERMANENT" to="JOINT">
    <attribute name="TEXT" value="1" />
  </edge>
  <edge from="PERMANENTE" to="VACCINE">
    <attribute name="TEXT" value="1" />
  </edge>
  <edge from="PERSISTENT" to="JOINT">
    <attribute name="TEXT" value="1" />
  </edge>
  <edge from="PM" to="EDT">
    <attribute name="TEXT" value="1" />
  </edge>
  <edge from="PROGRAM" to="PROMOTE">
    <attribute name="TEXT" value="1" />
  </edge>
  <edge from="PROMOTE" to="RUBELLA">
    <attribute name="TEXT" value="1" />
  </edge>
  <edge from="PUBLIC" to="HEALTH">
    <attribute name="TEXT" value="1" />
  </edge>
  <edge from="PUBLISHED" to="WEDNESDAY">
    <attribute name="TEXT" value="1" />
  </edge>
  <edge from="REPORT" to="VACCINATION">
    <attribute name="TEXT" value="1" />
  </edge>
  <edge from="RESEARCHERS" to="REVIEWED">
    <attribute name="TEXT" value="1" />
  </edge>
  <edge from="REUTERS" to="LIMITED">
    <attribute name="TEXT" value="1" />
  </edge>
  <edge from="RUBELLA" to="STUDY">
    <attribute name="TEXT" value="1" />
  </edge>
  <edge from="RUBELLA" to="SYNDROME">
    <attribute name="TEXT" value="2" />
  </edge>
  <edge from="RUBELLA" to="VACCINATION">
    <attribute name="TEXT" value="4" />
    <attribute name="KEYWORDS" value="1" />
  </edge>
  <edge from="RUBELLA" to="VACCINATION">
    <attribute name="TEXT" value="4" />
    <attribute name="KEYWORDS" value="1" />
  </edge>
  <edge from="RUBELLA" to="VACCINE">
    <attribute name="TEXT" value="2" />
  </edge>
  <edge from="RUBELLA-SUSCEPTIBLE" to="WOMEN">
    <attribute name="TEXT" value="1" />
  </edge>
  <edge from="SCIENTIFIC" to="LITERATURE">
    <attribute name="TEXT" value="1" />
  </edge>
  <edge from="SERONEGATIVE" to="WOMEN">
    <attribute name="TEXT" value="1" />
  </edge>
  <edge from="SEROPOSITIVE" to="UNVACCINATED">
    <attribute name="TEXT" value="1" />
  </edge>
  <edge from="SOCIETAL" to="IMPACT">
    <attribute name="TEXT" value="1" />
  </edge>
  <edge from="STORIES" to="RUBELLA">
    <attribute name="TEXT" value="1" />
  </edge>
  <edge from="STUDY" to="CENTER">
    <attribute name="TEXT" value="1" />
  </edge>
  <edge from="STUDY" to="COMMENTS">
    <attribute name="TEXT" value="1" />
  </edge>
  <edge from="TEXT" to="HEADLINES">
    <attribute name="TEXT" value="1" />
  </edge>
  <edge from="TUNNEL" to="SYNDROME">
    <attribute name="TEXT" value="1" />
  </edge>
  <edge from="UNVACCINATED" to="WOMEN">
    <attribute name="TEXT" value="2" />
  </edge>
  <edge from="VACCINATED" to="WOMEN">
    <attribute name="TEXT" value="1" />
  </edge>
  <edge from="VACCINATION" to="AGAINST">
    <attribute name="TEXT" value="1" />
  </edge>
  <edge from="VACCINATION" to="INCLUDING">
    <attribute name="TEXT" value="1" />
  </edge>
  <edge from="VACCINE" to="STUDY">
    <attribute name="TEXT" value="1" />
  </edge>
  <edge from="WEDNESDAY" to="AUGUST">
    <attribute name="TEXT" value="1" />
  </edge>
  <edge from="WELL-EXECUTED" to="STUDIES">
    <attribute name="TEXT" value="1" />
  </edge>
  <edge from="WOMAN" to="RISK">
    <attribute name="TEXT" value="1" />
  </edge>
  <edge from="WOMEN" to="AGED">
    <attribute name="TEXT" value="1" />
  </edge>
</graph>
