<graph>
  <node id="ABILITY">
    <attribute name="FREQUENCY" value="1" />
  </node>
  <node id="ACCEPTED">
    <attribute name="FREQUENCY" value="1" />
  </node>
  <node id="ADDRESSED">
    <attribute name="FREQUENCY" value="1" />
  </node>
  <node id="ADMINISTRATION">
    <attribute name="FREQUENCY" value="1" />
  </node>
  <node id="ADVISED">
    <attribute name="FREQUENCY" value="2" />
  </node>
  <node id="ADVISORS">
    <attribute name="FREQUENCY" value="1" />
  </node>
  <node id="ADVISORY">
    <attribute name="FREQUENCY" value="1" />
  </node>
  <node id="AFFAIRS">
    <attribute name="FREQUENCY" value="1" />
  </node>
  <node id="AGE">
    <attribute name="FREQUENCY" value="1" />
  </node>
  <node id="AGENCY">
    <attribute name="FREQUENCY" value="4" />
  </node>
  <node id="AGGREGATE">
    <attribute name="FREQUENCY" value="1" />
  </node>
  <node id="AIDS">
    <attribute name="FREQUENCY" value="3" />
  </node>
  <node id="AMERICA">
    <attribute name="FREQUENCY" value="1" />
  </node>
  <node id="ANTICIPATE">
    <attribute name="FREQUENCY" value="1" />
  </node>
  <node id="APPLY">
    <attribute name="FREQUENCY" value="1" />
  </node>
  <node id="APPROACH">
    <attribute name="FREQUENCY" value="1" />
  </node>
  <node id="APPROVAL">
    <attribute name="FREQUENCY" value="2" />
  </node>
  <node id="ASSUME">
    <attribute name="FREQUENCY" value="1" />
  </node>
  <node id="AUTOMATICALLY">
    <attribute name="FREQUENCY" value="1" />
  </node>
  <node id="BIZ">
    <attribute name="FREQUENCY" value="4" />
  </node>
  <node id="BRAIN">
    <attribute name="FREQUENCY" value="4" />
  </node>
  <node id="CELLS">
    <attribute name="FREQUENCY" value="4" />
  </node>
  <node id="CHILD-BEARING">
    <attribute name="FREQUENCY" value="1" />
  </node>
  <node id="CLINICAL">
    <attribute name="FREQUENCY" value="4" />
  </node>
  <node id="COMMENTS">
    <attribute name="FREQUENCY" value="2" />
  </node>
  <node id="COMMISSIONER">
    <attribute name="FREQUENCY" value="1" />
  </node>
  <node id="COMPANIES">
    <attribute name="FREQUENCY" value="3" />
  </node>
  <node id="COMPLIANCE">
    <attribute name="FREQUENCY" value="1" />
  </node>
  <node id="CONCERNS">
    <attribute name="FREQUENCY" value="2" />
  </node>
  <node id="CONDUCTED">
    <attribute name="FREQUENCY" value="1" />
  </node>
  <node id="CONSENT">
    <attribute name="FREQUENCY" value="1" />
  </node>
  <node id="CONTINUE">
    <attribute name="FREQUENCY" value="1" />
  </node>
  <node id="CONTRACEPTIVES">
    <attribute name="FREQUENCY" value="1" />
  </node>
  <node id="CONTRACT">
    <attribute name="FREQUENCY" value="4" />
  </node>
  <node id="COUNCIL">
    <attribute name="FREQUENCY" value="1" />
  </node>
  <node id="DATA">
    <attribute name="FREQUENCY" value="1" />
  </node>
  <node id="DAY">
    <attribute name="FREQUENCY" value="1" />
  </node>
  <node id="DECADES">
    <attribute name="FREQUENCY" value="1" />
  </node>
  <node id="DELAY">
    <attribute name="FREQUENCY" value="1" />
  </node>
  <node id="DEPUTY">
    <attribute name="FREQUENCY" value="2" />
  </node>
  <node id="DESIGN">
    <attribute name="FREQUENCY" value="1" />
  </node>
  <node id="DESIGNED">
    <attribute name="FREQUENCY" value="1" />
  </node>
  <node id="DEVELOPMENT">
    <attribute name="FREQUENCY" value="1" />
  </node>
  <node id="DISAGREE">
    <attribute name="FREQUENCY" value="1" />
  </node>
  <node id="DISEASE">
    <attribute name="FREQUENCY" value="2" />
  </node>
  <node id="DRAW">
    <attribute name="FREQUENCY" value="1" />
  </node>
  <node id="DRUG">
    <attribute name="FREQUENCY" value="7" />
  </node>
  <node id="EDT">
    <attribute name="FREQUENCY" value="1" />
  </node>
  <node id="ENCOURAGE">
    <attribute name="FREQUENCY" value="1" />
  </node>
  <node id="ENROLL">
    <attribute name="FREQUENCY" value="1" />
  </node>
  <node id="ENTER">
    <attribute name="FREQUENCY" value="1" />
  </node>
  <node id="ENTERTAIN">
    <attribute name="FREQUENCY" value="4" />
  </node>
  <node id="EXCLUDE">
    <attribute name="FREQUENCY" value="3" />
  </node>
  <node id="EXCLUDED">
    <attribute name="FREQUENCY" value="2" />
  </node>
  <node id="EXPAND">
    <attribute name="FREQUENCY" value="1" />
  </node>
  <node id="EXPECT">
    <attribute name="FREQUENCY" value="1" />
  </node>
  <node id="FDA">
    <attribute name="FREQUENCY" value="10" />
  </node>
  <node id="FEDERAL">
    <attribute name="FREQUENCY" value="1" />
  </node>
  <node id="FIGHT">
    <attribute name="FREQUENCY" value="1" />
  </node>
  <node id="FINAL">
    <attribute name="FREQUENCY" value="1" />
  </node>
  <node id="FIRM">
    <attribute name="FREQUENCY" value="2" />
  </node>
  <node id="FOOD">
    <attribute name="FREQUENCY" value="1" />
  </node>
  <node id="FORCE">
    <attribute name="FREQUENCY" value="1" />
  </node>
  <node id="FULLY">
    <attribute name="FREQUENCY" value="1" />
  </node>
  <node id="GENDER-SPECIFIC">
    <attribute name="FREQUENCY" value="1" />
  </node>
  <node id="GENE">
    <attribute name="FREQUENCY" value="4" />
  </node>
  <node id="GENERALLY">
    <attribute name="FREQUENCY" value="1" />
  </node>
  <node id="GUIDELINES">
    <attribute name="FREQUENCY" value="2" />
  </node>
  <node id="HEADLINES">
    <attribute name="FREQUENCY" value="1" />
  </node>
  <node id="HEALTH">
    <attribute name="FREQUENCY" value="4" />
  </node>
  <node id="HEART">
    <attribute name="FREQUENCY" value="4" />
  </node>
  <node id="HESITANT">
    <attribute name="FREQUENCY" value="1" />
  </node>
  <node id="HISTORICALLY">
    <attribute name="FREQUENCY" value="1" />
  </node>
  <node id="HIV">
    <attribute name="FREQUENCY" value="2" />
  </node>
  <node id="HOLD">
    <attribute name="FREQUENCY" value="1" />
  </node>
  <node id="HOUSE">
    <attribute name="FREQUENCY" value="1" />
  </node>
  <node id="HTML">
    <attribute name="FREQUENCY" value="1" />
  </node>
  <node id="IMPROPERLY">
    <attribute name="FREQUENCY" value="1" />
  </node>
  <node id="IMPROPRIETIES">
    <attribute name="FREQUENCY" value="1" />
  </node>
  <node id="INCLUDED">
    <attribute name="FREQUENCY" value="2" />
  </node>
  <node id="INCLUDING">
    <attribute name="FREQUENCY" value="1" />
  </node>
  <node id="INCLUSION">
    <attribute name="FREQUENCY" value="1" />
  </node>
  <node id="INDUSTRY">
    <attribute name="FREQUENCY" value="2" />
  </node>
  <node id="INFO">
    <attribute name="FREQUENCY" value="2" />
  </node>
  <node id="INFORMED">
    <attribute name="FREQUENCY" value="1" />
  </node>
  <node id="ISSUED">
    <attribute name="FREQUENCY" value="2" />
  </node>
  <node id="JOHN">
    <attribute name="FREQUENCY" value="1" />
  </node>
  <node id="KATHLEEN">
    <attribute name="FREQUENCY" value="1" />
  </node>
  <node id="LESIONS">
    <attribute name="FREQUENCY" value="4" />
  </node>
  <node id="LIABILITY">
    <attribute name="FREQUENCY" value="1" />
  </node>
  <node id="LIFE-THREATENING">
    <attribute name="FREQUENCY" value="1" />
  </node>
  <node id="LIMITED">
    <attribute name="FREQUENCY" value="1" />
  </node>
  <node id="LINE">
    <attribute name="FREQUENCY" value="1" />
  </node>
  <node id="LONG">
    <attribute name="FREQUENCY" value="1" />
  </node>
  <node id="MAJOR">
    <attribute name="FREQUENCY" value="1" />
  </node>
  <node id="MANDATE">
    <attribute name="FREQUENCY" value="1" />
  </node>
  <node id="MANUFACTURERS">
    <attribute name="FREQUENCY" value="1" />
  </node>
  <node id="MARY">
    <attribute name="FREQUENCY" value="2" />
  </node>
  <node id="MEN-ONLY">
    <attribute name="FREQUENCY" value="1" />
  </node>
  <node id="MONDAY">
    <attribute name="FREQUENCY" value="1" />
  </node>
  <node id="NATIONAL">
    <attribute name="FREQUENCY" value="1" />
  </node>
  <node id="NEWS">
    <attribute name="FREQUENCY" value="4" />
  </node>
  <node id="PARTICIPATION">
    <attribute name="FREQUENCY" value="1" />
  </node>
  <node id="PARTLY">
    <attribute name="FREQUENCY" value="1" />
  </node>
  <node id="PATERNALISTIC">
    <attribute name="FREQUENCY" value="1" />
  </node>
  <node id="PENDERGAST">
    <attribute name="FREQUENCY" value="4" />
  </node>
  <node id="PHARMACEUTICAL">
    <attribute name="FREQUENCY" value="1" />
  </node>
  <node id="PM">
    <attribute name="FREQUENCY" value="1" />
  </node>
  <node id="POLITIC">
    <attribute name="FREQUENCY" value="4" />
  </node>
  <node id="POWER">
    <attribute name="FREQUENCY" value="1" />
  </node>
  <node id="PREGNANCY">
    <attribute name="FREQUENCY" value="1" />
  </node>
  <node id="PREGNANT">
    <attribute name="FREQUENCY" value="1" />
  </node>
  <node id="PRESIDENT">
    <attribute name="FREQUENCY" value="1" />
  </node>
  <node id="PRESIDENTIAL">
    <attribute name="FREQUENCY" value="1" />
  </node>
  <node id="PRIMARILY">
    <attribute name="FREQUENCY" value="1" />
  </node>
  <node id="PROCEEDINGS">
    <attribute name="FREQUENCY" value="1" />
  </node>
  <node id="PROPOSAL">
    <attribute name="FREQUENCY" value="5" />
  </node>
  <node id="PROPOSED">
    <attribute name="FREQUENCY" value="1" />
  </node>
  <node id="PROPOSES">
    <attribute name="FREQUENCY" value="1" />
  </node>
  <node id="PROTOCOL">
    <attribute name="FREQUENCY" value="1" />
  </node>
  <node id="PUBLISHED">
    <attribute name="FREQUENCY" value="1" />
  </node>
  <node id="PUT">
    <attribute name="FREQUENCY" value="1" />
  </node>
  <node id="QUARTER">
    <attribute name="FREQUENCY" value="1" />
  </node>
  <node id="QUESTIONS">
    <attribute name="FREQUENCY" value="2" />
  </node>
  <node id="QUOTA">
    <attribute name="FREQUENCY" value="1" />
  </node>
  <node id="RECOMMENDATIONS">
    <attribute name="FREQUENCY" value="2" />
  </node>
  <node id="RECRUITMENT">
    <attribute name="FREQUENCY" value="1" />
  </node>
  <node id="REGISTER">
    <attribute name="FREQUENCY" value="1" />
  </node>
  <node id="REGULATORY">
    <attribute name="FREQUENCY" value="1" />
  </node>
  <node id="RESEARCH">
    <attribute name="FREQUENCY" value="1" />
  </node>
  <node id="RESIST">
    <attribute name="FREQUENCY" value="1" />
  </node>
  <node id="RESPONSE">
    <attribute name="FREQUENCY" value="1" />
  </node>
  <node id="REUTERS">
    <attribute name="FREQUENCY" value="2" />
  </node>
  <node id="RULES">
    <attribute name="FREQUENCY" value="1" />
  </node>
  <node id="SANDS">
    <attribute name="FREQUENCY" value="1" />
  </node>
  <node id="SATISFYING">
    <attribute name="FREQUENCY" value="1" />
  </node>
  <node id="SCIENCE">
    <attribute name="FREQUENCY" value="1" />
  </node>
  <node id="SCOREBOARD">
    <attribute name="FREQUENCY" value="4" />
  </node>
  <node id="SEPTEMBER">
    <attribute name="FREQUENCY" value="3" />
  </node>
  <node id="SETTING">
    <attribute name="FREQUENCY" value="1" />
  </node>
  <node id="SIEGFRIED">
    <attribute name="FREQUENCY" value="1" />
  </node>
  <node id="SLUGGISH">
    <attribute name="FREQUENCY" value="1" />
  </node>
  <node id="SOUGHT">
    <attribute name="FREQUENCY" value="1" />
  </node>
  <node id="SPIESSBACH">
    <attribute name="FREQUENCY" value="1" />
  </node>
  <node id="SPORT">
    <attribute name="FREQUENCY" value="4" />
  </node>
  <node id="STORIES">
    <attribute name="FREQUENCY" value="1" />
  </node>
  <node id="STORY">
    <attribute name="FREQUENCY" value="4" />
  </node>
  <node id="STUDIES">
    <attribute name="FREQUENCY" value="1" />
  </node>
  <node id="STUDY">
    <attribute name="FREQUENCY" value="1" />
  </node>
  <node id="SUFFICIENT">
    <attribute name="FREQUENCY" value="1" />
  </node>
  <node id="SURGERY">
    <attribute name="FREQUENCY" value="4" />
  </node>
  <node id="SYSTEMATICALLY">
    <attribute name="FREQUENCY" value="1" />
  </node>
  <node id="TASK">
    <attribute name="FREQUENCY" value="1" />
  </node>
  <node id="TECH">
    <attribute name="FREQUENCY" value="4" />
  </node>
  <node id="TEST">
    <attribute name="FREQUENCY" value="2" />
  </node>
  <node id="TEXT">
    <attribute name="FREQUENCY" value="1" />
  </node>
  <node id="THERAPY">
    <attribute name="FREQUENCY" value="4" />
  </node>
  <node id="TREAT">
    <attribute name="FREQUENCY" value="1" />
  </node>
  <node id="TRIAL">
    <attribute name="FREQUENCY" value="18" />
  </node>
  <node id="VESSEL">
    <attribute name="FREQUENCY" value="4" />
  </node>
  <node id="VICE">
    <attribute name="FREQUENCY" value="1" />
  </node>
  <node id="VOLUNTARY">
    <attribute name="FREQUENCY" value="1" />
  </node>
  <node id="WOMEN">
    <attribute name="FREQUENCY" value="15" />
  </node>
  <node id="WOMEN-ONLY">
    <attribute name="FREQUENCY" value="1" />
  </node>
  <node id="WORRIES">
    <attribute name="FREQUENCY" value="1" />
  </node>
  <node id="WRITE">
    <attribute name="FREQUENCY" value="2" />
  </node>
  <node id="WRITTEN">
    <attribute name="FREQUENCY" value="1" />
  </node>
  <node id="YAHOO">
    <attribute name="FREQUENCY" value="4" />
  </node>
  <node id="YORK">
    <attribute name="FREQUENCY" value="1" />
  </node>
  <edge from="ADVISORY" to="COUNCIL">
    <attribute name="TEXT" value="1" />
  </edge>
  <edge from="AGGREGATE" to="DATA">
    <attribute name="TEXT" value="1" />
  </edge>
  <edge from="AIDS" to="DRUG">
    <attribute name="TEXT" value="1" />
  </edge>
  <edge from="AMERICA" to="DISAGREE">
    <attribute name="TEXT" value="1" />
  </edge>
  <edge from="BRAIN" to="VESSEL">
    <attribute name="TEXT" value="2" />
    <attribute name="LINKS" value="2" />
  </edge>
  <edge from="BRAIN" to="VESSEL">
    <attribute name="TEXT" value="2" />
    <attribute name="LINKS" value="2" />
  </edge>
  <edge from="CHILD-BEARING" to="AGE">
    <attribute name="TEXT" value="1" />
  </edge>
  <edge from="CLINICAL" to="TRIAL">
    <attribute name="TEXT" value="6" />
    <attribute name="KEYWORDS" value="2" />
  </edge>
  <edge from="CLINICAL" to="TRIAL">
    <attribute name="TEXT" value="6" />
    <attribute name="KEYWORDS" value="2" />
  </edge>
  <edge from="COMMISSIONER" to="MARY">
    <attribute name="TEXT" value="1" />
  </edge>
  <edge from="COMPANIES" to="GENERALLY">
    <attribute name="TEXT" value="1" />
  </edge>
  <edge from="CONTRACT" to="HEART">
    <attribute name="TEXT" value="4" />
    <attribute name="LINKS" value="4" />
  </edge>
  <edge from="CONTRACT" to="HEART">
    <attribute name="TEXT" value="4" />
    <attribute name="LINKS" value="4" />
  </edge>
  <edge from="DELAY" to="TRIAL">
    <attribute name="TEXT" value="1" />
  </edge>
  <edge from="DEPUTY" to="COMMISSIONER">
    <attribute name="TEXT" value="1" />
  </edge>
  <edge from="DEPUTY" to="VICE">
    <attribute name="TEXT" value="1" />
  </edge>
  <edge from="DRAW" to="LINE">
    <attribute name="TEXT" value="1" />
  </edge>
  <edge from="DRUG" to="ADMINISTRATION">
    <attribute name="TEXT" value="1" />
  </edge>
  <edge from="DRUG" to="DEVELOPMENT">
    <attribute name="TEXT" value="1" />
  </edge>
  <edge from="DRUG" to="INDUSTRY">
    <attribute name="TEXT" value="1" />
  </edge>
  <edge from="DRUG" to="TRIAL">
    <attribute name="TEXT" value="1" />
  </edge>
  <edge from="ENROLL" to="WOMEN">
    <attribute name="TEXT" value="1" />
  </edge>
  <edge from="ENTER" to="TRIAL">
    <attribute name="TEXT" value="1" />
  </edge>
  <edge from="EXCLUDE" to="WOMEN">
    <attribute name="TEXT" value="2" />
  </edge>
  <edge from="EXPECT" to="FIRM">
    <attribute name="TEXT" value="1" />
  </edge>
  <edge from="FDA" to="ANTICIPATE">
    <attribute name="TEXT" value="1" />
  </edge>
  <edge from="FDA" to="DEPUTY">
    <attribute name="TEXT" value="1" />
  </edge>
  <edge from="FDA" to="ISSUED">
    <attribute name="TEXT" value="1" />
  </edge>
  <edge from="FDA" to="PUBLISHED">
    <attribute name="TEXT" value="1" />
  </edge>
  <edge from="FEDERAL" to="REGISTER">
    <attribute name="TEXT" value="1" />
  </edge>
  <edge from="FINAL" to="PROPOSAL">
    <attribute name="TEXT" value="1" />
  </edge>
  <edge from="GENDER-SPECIFIC" to="DISEASE">
    <attribute name="TEXT" value="1" />
  </edge>
  <edge from="GENE" to="THERAPY">
    <attribute name="TEXT" value="2" />
    <attribute name="LINKS" value="2" />
  </edge>
  <edge from="GENE" to="THERAPY">
    <attribute name="TEXT" value="2" />
    <attribute name="LINKS" value="2" />
  </edge>
  <edge from="GUIDELINES" to="ENCOURAGE">
    <attribute name="TEXT" value="1" />
  </edge>
  <edge from="HEALTH" to="STORIES">
    <attribute name="TEXT" value="1" />
  </edge>
  <edge from="HEART" to="CELLS">
    <attribute name="TEXT" value="2" />
    <attribute name="LINKS" value="2" />
  </edge>
  <edge from="HEART" to="CELLS">
    <attribute name="TEXT" value="2" />
    <attribute name="LINKS" value="2" />
  </edge>
  <edge from="HISTORICALLY" to="WOMEN">
    <attribute name="TEXT" value="1" />
  </edge>
  <edge from="HIV" to="AIDS">
    <attribute name="TEXT" value="1" />
  </edge>
  <edge from="IMPROPERLY" to="EXCLUDE">
    <attribute name="TEXT" value="1" />
  </edge>
  <edge from="INCLUDING" to="WOMEN">
    <attribute name="TEXT" value="1" />
  </edge>
  <edge from="INFORMED" to="CONSENT">
    <attribute name="TEXT" value="1" />
  </edge>
  <edge from="ISSUED" to="GUIDELINES">
    <attribute name="TEXT" value="1" />
  </edge>
  <edge from="KATHLEEN" to="SPIESSBACH">
    <attribute name="TEXT" value="1" />
  </edge>
  <edge from="LIABILITY" to="CONCERNS">
    <attribute name="TEXT" value="1" />
  </edge>
  <edge from="LIFE-THREATENING" to="DISEASE">
    <attribute name="TEXT" value="1" />
  </edge>
  <edge from="MAJOR" to="HOUSE">
    <attribute name="TEXT" value="1" />
  </edge>
  <edge from="MARY" to="PENDERGAST">
    <attribute name="TEXT" value="1" />
  </edge>
  <edge from="MEN-ONLY" to="TRIAL">
    <attribute name="TEXT" value="1" />
  </edge>
  <edge from="MONDAY" to="SEPTEMBER">
    <attribute name="TEXT" value="1" />
  </edge>
  <edge from="NATIONAL" to="TASK">
    <attribute name="TEXT" value="1" />
  </edge>
  <edge from="PATERNALISTIC" to="APPROACH">
    <attribute name="TEXT" value="1" />
  </edge>
  <edge from="PHARMACEUTICAL" to="RESEARCH">
    <attribute name="TEXT" value="1" />
  </edge>
  <edge from="PM" to="EDT">
    <attribute name="TEXT" value="1" />
  </edge>
  <edge from="PREGNANCY" to="TEST">
    <attribute name="TEXT" value="1" />
  </edge>
  <edge from="PRESIDENTIAL" to="ADVISORY">
    <attribute name="TEXT" value="1" />
  </edge>
  <edge from="PROPOSED" to="RULES">
    <attribute name="TEXT" value="1" />
  </edge>
  <edge from="PROTOCOL" to="PROPOSES">
    <attribute name="TEXT" value="1" />
  </edge>
  <edge from="PUT" to="TRIAL">
    <attribute name="TEXT" value="1" />
  </edge>
  <edge from="RECRUITMENT" to="QUOTA">
    <attribute name="TEXT" value="1" />
  </edge>
  <edge from="REGULATORY" to="AFFAIRS">
    <attribute name="TEXT" value="1" />
  </edge>
  <edge from="REUTERS" to="LIMITED">
    <attribute name="TEXT" value="1" />
  </edge>
  <edge from="SETTING" to="RECRUITMENT">
    <attribute name="TEXT" value="1" />
  </edge>
  <edge from="SIEGFRIED" to="DEPUTY">
    <attribute name="TEXT" value="1" />
  </edge>
  <edge from="STORIES" to="WOMEN">
    <attribute name="TEXT" value="1" />
  </edge>
  <edge from="SYSTEMATICALLY" to="EXCLUDE">
    <attribute name="TEXT" value="1" />
  </edge>
  <edge from="TASK" to="FORCE">
    <attribute name="TEXT" value="1" />
  </edge>
  <edge from="TEST" to="DRUG">
    <attribute name="TEXT" value="1" />
  </edge>
  <edge from="TEXT" to="HEADLINES">
    <attribute name="TEXT" value="1" />
  </edge>
  <edge from="THERAPY" to="CONTRACT">
    <attribute name="TEXT" value="4" />
    <attribute name="LINKS" value="4" />
  </edge>
  <edge from="THERAPY" to="CONTRACT">
    <attribute name="TEXT" value="4" />
    <attribute name="LINKS" value="4" />
  </edge>
  <edge from="TRIAL" to="CONTINUE">
    <attribute name="TEXT" value="1" />
  </edge>
  <edge from="TRIAL" to="DESIGN">
    <attribute name="TEXT" value="1" />
  </edge>
  <edge from="TRIAL" to="DESIGNED">
    <attribute name="TEXT" value="1" />
  </edge>
  <edge from="TRIAL" to="FIRM">
    <attribute name="TEXT" value="1" />
  </edge>
  <edge from="TRIAL" to="PROTOCOL">
    <attribute name="TEXT" value="1" />
  </edge>
  <edge from="VESSEL" to="LESIONS">
    <attribute name="TEXT" value="2" />
    <attribute name="LINKS" value="2" />
  </edge>
  <edge from="VESSEL" to="LESIONS">
    <attribute name="TEXT" value="2" />
    <attribute name="LINKS" value="2" />
  </edge>
  <edge from="VICE" to="PRESIDENT">
    <attribute name="TEXT" value="1" />
  </edge>
  <edge from="VOLUNTARY" to="COMPLIANCE">
    <attribute name="TEXT" value="1" />
  </edge>
  <edge from="WOMEN" to="INCLUDED">
    <attribute name="TEXT" value="1" />
    <attribute name="KEYWORDS" value="1" />
  </edge>
  <edge from="WOMEN" to="INCLUDED">
    <attribute name="TEXT" value="1" />
    <attribute name="KEYWORDS" value="1" />
  </edge>
  <edge from="WOMEN-ONLY" to="TRIAL">
    <attribute name="TEXT" value="1" />
  </edge>
</graph>
