<graph>
  <node id="ACUTE">
    <attribute name="FREQUENCY" value="1" />
  </node>
  <node id="AGENT">
    <attribute name="FREQUENCY" value="1" />
  </node>
  <node id="AMERICAN">
    <attribute name="FREQUENCY" value="1" />
  </node>
  <node id="ASSESS">
    <attribute name="FREQUENCY" value="1" />
  </node>
  <node id="AUTHOR">
    <attribute name="FREQUENCY" value="1" />
  </node>
  <node id="BASED">
    <attribute name="FREQUENCY" value="1" />
  </node>
  <node id="BEGINNING">
    <attribute name="FREQUENCY" value="1" />
  </node>
  <node id="BIZ">
    <attribute name="FREQUENCY" value="4" />
  </node>
  <node id="BLACK">
    <attribute name="FREQUENCY" value="4" />
  </node>
  <node id="BP">
    <attribute name="FREQUENCY" value="4" />
  </node>
  <node id="BREATH">
    <attribute name="FREQUENCY" value="1" />
  </node>
  <node id="CALLED">
    <attribute name="FREQUENCY" value="1" />
  </node>
  <node id="CARRIED">
    <attribute name="FREQUENCY" value="1" />
  </node>
  <node id="CHAIR">
    <attribute name="FREQUENCY" value="1" />
  </node>
  <node id="CHEMICAL">
    <attribute name="FREQUENCY" value="1" />
  </node>
  <node id="CHRONIC">
    <attribute name="FREQUENCY" value="4" />
  </node>
  <node id="COLLEGE">
    <attribute name="FREQUENCY" value="1" />
  </node>
  <node id="COMMENTED">
    <attribute name="FREQUENCY" value="1" />
  </node>
  <node id="COMMENTS">
    <attribute name="FREQUENCY" value="2" />
  </node>
  <node id="COMPARED">
    <attribute name="FREQUENCY" value="2" />
  </node>
  <node id="CONRAIL">
    <attribute name="FREQUENCY" value="1" />
  </node>
  <node id="DAY">
    <attribute name="FREQUENCY" value="1" />
  </node>
  <node id="DELIVER">
    <attribute name="FREQUENCY" value="2" />
  </node>
  <node id="DELIVERY">
    <attribute name="FREQUENCY" value="2" />
  </node>
  <node id="DEPARTMENT">
    <attribute name="FREQUENCY" value="1" />
  </node>
  <node id="DIFFERENCE">
    <attribute name="FREQUENCY" value="1" />
  </node>
  <node id="DIFFERENTLY">
    <attribute name="FREQUENCY" value="1" />
  </node>
  <node id="DIRECTLY">
    <attribute name="FREQUENCY" value="1" />
  </node>
  <node id="DIRECTOR">
    <attribute name="FREQUENCY" value="1" />
  </node>
  <node id="DISTANCE">
    <attribute name="FREQUENCY" value="1" />
  </node>
  <node id="DIZZINESS">
    <attribute name="FREQUENCY" value="2" />
  </node>
  <node id="DRIVER">
    <attribute name="FREQUENCY" value="10" />
  </node>
  <node id="EARLIER">
    <attribute name="FREQUENCY" value="1" />
  </node>
  <node id="EDT">
    <attribute name="FREQUENCY" value="1" />
  </node>
  <node id="EFFECT">
    <attribute name="FREQUENCY" value="5" />
  </node>
  <node id="EMOTION">
    <attribute name="FREQUENCY" value="1" />
  </node>
  <node id="END">
    <attribute name="FREQUENCY" value="3" />
  </node>
  <node id="ENTERTAIN">
    <attribute name="FREQUENCY" value="4" />
  </node>
  <node id="ENVIRONMENTAL">
    <attribute name="FREQUENCY" value="1" />
  </node>
  <node id="ESTIMATION">
    <attribute name="FREQUENCY" value="1" />
  </node>
  <node id="ETHER">
    <attribute name="FREQUENCY" value="1" />
  </node>
  <node id="EXHAUST">
    <attribute name="FREQUENCY" value="1" />
  </node>
  <node id="EXPOSED">
    <attribute name="FREQUENCY" value="1" />
  </node>
  <node id="EXPOSURE">
    <attribute name="FREQUENCY" value="7" />
  </node>
  <node id="FATIGUE">
    <attribute name="FREQUENCY" value="4" />
  </node>
  <node id="FINLAND">
    <attribute name="FREQUENCY" value="1" />
  </node>
  <node id="FLAWS">
    <attribute name="FREQUENCY" value="1" />
  </node>
  <node id="FUMES">
    <attribute name="FREQUENCY" value="2" />
  </node>
  <node id="GAS">
    <attribute name="FREQUENCY" value="1" />
  </node>
  <node id="GAS-HAULING">
    <attribute name="FREQUENCY" value="4" />
  </node>
  <node id="GAS-TANKER">
    <attribute name="FREQUENCY" value="1" />
  </node>
  <node id="GASOLINE">
    <attribute name="FREQUENCY" value="9" />
  </node>
  <node id="GASOLINE-HAULERS">
    <attribute name="FREQUENCY" value="3" />
  </node>
  <node id="GREATER">
    <attribute name="FREQUENCY" value="2" />
  </node>
  <node id="GROUP">
    <attribute name="FREQUENCY" value="1" />
  </node>
  <node id="HAKKOLA">
    <attribute name="FREQUENCY" value="1" />
  </node>
  <node id="HARTENBAUM">
    <attribute name="FREQUENCY" value="5" />
  </node>
  <node id="HAUL">
    <attribute name="FREQUENCY" value="2" />
  </node>
  <node id="HAZARDOUS">
    <attribute name="FREQUENCY" value="1" />
  </node>
  <node id="HEADACHES">
    <attribute name="FREQUENCY" value="2" />
  </node>
  <node id="HEADLINES">
    <attribute name="FREQUENCY" value="1" />
  </node>
  <node id="HEALTH">
    <attribute name="FREQUENCY" value="5" />
  </node>
  <node id="HELSINKI">
    <attribute name="FREQUENCY" value="1" />
  </node>
  <node id="HIGHER">
    <attribute name="FREQUENCY" value="1" />
  </node>
  <node id="HIKE">
    <attribute name="FREQUENCY" value="4" />
  </node>
  <node id="HOSTILITY">
    <attribute name="FREQUENCY" value="1" />
  </node>
  <node id="HOURS">
    <attribute name="FREQUENCY" value="1" />
  </node>
  <node id="HTML">
    <attribute name="FREQUENCY" value="1" />
  </node>
  <node id="IMPACT">
    <attribute name="FREQUENCY" value="1" />
  </node>
  <node id="INCLUDED">
    <attribute name="FREQUENCY" value="1" />
  </node>
  <node id="INFECTION">
    <attribute name="FREQUENCY" value="4" />
  </node>
  <node id="INFO">
    <attribute name="FREQUENCY" value="2" />
  </node>
  <node id="INNOCUOUS">
    <attribute name="FREQUENCY" value="1" />
  </node>
  <node id="INTERVIEWED">
    <attribute name="FREQUENCY" value="1" />
  </node>
  <node id="IRRITATION">
    <attribute name="FREQUENCY" value="1" />
  </node>
  <node id="JOURNAL">
    <attribute name="FREQUENCY" value="1" />
  </node>
  <node id="KIDNEY">
    <attribute name="FREQUENCY" value="4" />
  </node>
  <node id="LEAD">
    <attribute name="FREQUENCY" value="1" />
  </node>
  <node id="LIMITED">
    <attribute name="FREQUENCY" value="1" />
  </node>
  <node id="LINKED">
    <attribute name="FREQUENCY" value="1" />
  </node>
  <node id="LOAD">
    <attribute name="FREQUENCY" value="2" />
  </node>
  <node id="LONG">
    <attribute name="FREQUENCY" value="1" />
  </node>
  <node id="LONGER">
    <attribute name="FREQUENCY" value="1" />
  </node>
  <node id="MALE">
    <attribute name="FREQUENCY" value="2" />
  </node>
  <node id="MATERIAL">
    <attribute name="FREQUENCY" value="1" />
  </node>
  <node id="MEASURE">
    <attribute name="FREQUENCY" value="1" />
  </node>
  <node id="MEASURED">
    <attribute name="FREQUENCY" value="1" />
  </node>
  <node id="MEDICAL">
    <attribute name="FREQUENCY" value="1" />
  </node>
  <node id="MEDICINE">
    <attribute name="FREQUENCY" value="3" />
  </node>
  <node id="MEN">
    <attribute name="FREQUENCY" value="2" />
  </node>
  <node id="METHYL-TERT-BUTYL">
    <attribute name="FREQUENCY" value="1" />
  </node>
  <node id="MILK">
    <attribute name="FREQUENCY" value="4" />
  </node>
  <node id="MILK-HAULERS">
    <attribute name="FREQUENCY" value="1" />
  </node>
  <node id="MON">
    <attribute name="FREQUENCY" value="1" />
  </node>
  <node id="MOOD">
    <attribute name="FREQUENCY" value="2" />
  </node>
  <node id="NATALIE">
    <attribute name="FREQUENCY" value="1" />
  </node>
  <node id="NAUSEA">
    <attribute name="FREQUENCY" value="2" />
  </node>
  <node id="NEUROTOXIC">
    <attribute name="FREQUENCY" value="1" />
  </node>
  <node id="NEUROTOXICITY">
    <attribute name="FREQUENCY" value="2" />
  </node>
  <node id="NEWS">
    <attribute name="FREQUENCY" value="4" />
  </node>
  <node id="NOTED">
    <attribute name="FREQUENCY" value="1" />
  </node>
  <node id="OCCUPATIONAL">
    <attribute name="FREQUENCY" value="3" />
  </node>
  <node id="OFF-LOADING">
    <attribute name="FREQUENCY" value="1" />
  </node>
  <node id="ON-LOADING">
    <attribute name="FREQUENCY" value="1" />
  </node>
  <node id="OPPOSED">
    <attribute name="FREQUENCY" value="1" />
  </node>
  <node id="PHILADELPHIA">
    <attribute name="FREQUENCY" value="1" />
  </node>
  <node id="PM">
    <attribute name="FREQUENCY" value="2" />
  </node>
  <node id="POLITIC">
    <attribute name="FREQUENCY" value="4" />
  </node>
  <node id="POMS">
    <attribute name="FREQUENCY" value="1" />
  </node>
  <node id="PROBLEMS">
    <attribute name="FREQUENCY" value="1" />
  </node>
  <node id="PROFILE">
    <attribute name="FREQUENCY" value="1" />
  </node>
  <node id="PROVE">
    <attribute name="FREQUENCY" value="1" />
  </node>
  <node id="PUBLIC">
    <attribute name="FREQUENCY" value="1" />
  </node>
  <node id="QUESTIONNAIRES">
    <attribute name="FREQUENCY" value="1" />
  </node>
  <node id="QUESTIONS">
    <attribute name="FREQUENCY" value="2" />
  </node>
  <node id="REASON">
    <attribute name="FREQUENCY" value="1" />
  </node>
  <node id="RELATED">
    <attribute name="FREQUENCY" value="1" />
  </node>
  <node id="REMEMBER">
    <attribute name="FREQUENCY" value="1" />
  </node>
  <node id="REPORT">
    <attribute name="FREQUENCY" value="6" />
  </node>
  <node id="REPORTED">
    <attribute name="FREQUENCY" value="5" />
  </node>
  <node id="RESEARCHERS">
    <attribute name="FREQUENCY" value="1" />
  </node>
  <node id="REUTERS">
    <attribute name="FREQUENCY" value="2" />
  </node>
  <node id="RISK">
    <attribute name="FREQUENCY" value="4" />
  </node>
  <node id="SALIVA">
    <attribute name="FREQUENCY" value="1" />
  </node>
  <node id="SCORE">
    <attribute name="FREQUENCY" value="2" />
  </node>
  <node id="SCOREBOARD">
    <attribute name="FREQUENCY" value="4" />
  </node>
  <node id="SECTION">
    <attribute name="FREQUENCY" value="1" />
  </node>
  <node id="SEP">
    <attribute name="FREQUENCY" value="1" />
  </node>
  <node id="SEPTEMBER">
    <attribute name="FREQUENCY" value="1" />
  </node>
  <node id="SERVICE">
    <attribute name="FREQUENCY" value="1" />
  </node>
  <node id="SHORTER">
    <attribute name="FREQUENCY" value="1" />
  </node>
  <node id="SHORTNESS">
    <attribute name="FREQUENCY" value="1" />
  </node>
  <node id="SLIGHTLY">
    <attribute name="FREQUENCY" value="1" />
  </node>
  <node id="SOURCE">
    <attribute name="FREQUENCY" value="1" />
  </node>
  <node id="SPEAK">
    <attribute name="FREQUENCY" value="1" />
  </node>
  <node id="SPORT">
    <attribute name="FREQUENCY" value="4" />
  </node>
  <node id="STAND">
    <attribute name="FREQUENCY" value="1" />
  </node>
  <node id="START">
    <attribute name="FREQUENCY" value="1" />
  </node>
  <node id="STATES">
    <attribute name="FREQUENCY" value="1" />
  </node>
  <node id="STATION">
    <attribute name="FREQUENCY" value="1" />
  </node>
  <node id="STATISTICAL">
    <attribute name="FREQUENCY" value="1" />
  </node>
  <node id="STORIES">
    <attribute name="FREQUENCY" value="2" />
  </node>
  <node id="STORY">
    <attribute name="FREQUENCY" value="4" />
  </node>
  <node id="STRESS">
    <attribute name="FREQUENCY" value="1" />
  </node>
  <node id="STROKE">
    <attribute name="FREQUENCY" value="4" />
  </node>
  <node id="STUDY">
    <attribute name="FREQUENCY" value="3" />
  </node>
  <node id="SURPRISINGLY">
    <attribute name="FREQUENCY" value="1" />
  </node>
  <node id="SYMPTOMS">
    <attribute name="FREQUENCY" value="7" />
  </node>
  <node id="TAMKINS">
    <attribute name="FREQUENCY" value="1" />
  </node>
  <node id="TANKER">
    <attribute name="FREQUENCY" value="5" />
  </node>
  <node id="TECH">
    <attribute name="FREQUENCY" value="4" />
  </node>
  <node id="TEST">
    <attribute name="FREQUENCY" value="4" />
  </node>
  <node id="TESTED">
    <attribute name="FREQUENCY" value="1" />
  </node>
  <node id="TEXT">
    <attribute name="FREQUENCY" value="1" />
  </node>
  <node id="THERESA">
    <attribute name="FREQUENCY" value="1" />
  </node>
  <node id="TIMES">
    <attribute name="FREQUENCY" value="1" />
  </node>
  <node id="TRANSPORTATION">
    <attribute name="FREQUENCY" value="1" />
  </node>
  <node id="TRAVELED">
    <attribute name="FREQUENCY" value="1" />
  </node>
  <node id="TRUCKERS">
    <attribute name="FREQUENCY" value="6" />
  </node>
  <node id="TRUCKS">
    <attribute name="FREQUENCY" value="2" />
  </node>
  <node id="TUESDAY">
    <attribute name="FREQUENCY" value="1" />
  </node>
  <node id="TUNNEL">
    <attribute name="FREQUENCY" value="1" />
  </node>
  <node id="TYPICAL">
    <attribute name="FREQUENCY" value="1" />
  </node>
  <node id="UNABLE">
    <attribute name="FREQUENCY" value="1" />
  </node>
  <node id="UNIVERSITY">
    <attribute name="FREQUENCY" value="1" />
  </node>
  <node id="WEEK">
    <attribute name="FREQUENCY" value="4" />
  </node>
  <node id="WORK">
    <attribute name="FREQUENCY" value="5" />
  </node>
  <node id="WRITE">
    <attribute name="FREQUENCY" value="2" />
  </node>
  <node id="YAHOO">
    <attribute name="FREQUENCY" value="4" />
  </node>
  <node id="YORK">
    <attribute name="FREQUENCY" value="1" />
  </node>
  <edge from="ACUTE" to="SYMPTOMS">
    <attribute name="TEXT" value="1" />
  </edge>
  <edge from="AMERICAN" to="COLLEGE">
    <attribute name="TEXT" value="1" />
  </edge>
  <edge from="CALLED" to="PROFILE">
    <attribute name="TEXT" value="1" />
  </edge>
  <edge from="CHRONIC" to="INFECTION">
    <attribute name="TEXT" value="4" />
    <attribute name="LINKS" value="4" />
  </edge>
  <edge from="CHRONIC" to="INFECTION">
    <attribute name="TEXT" value="4" />
    <attribute name="LINKS" value="4" />
  </edge>
  <edge from="DELIVER" to="MILK">
    <attribute name="TEXT" value="1" />
  </edge>
  <edge from="DELIVERY" to="DRIVER">
    <attribute name="TEXT" value="2" />
  </edge>
  <edge from="DIRECTLY" to="MEASURE">
    <attribute name="TEXT" value="1" />
  </edge>
  <edge from="DRIVER" to="HARTENBAUM">
    <attribute name="TEXT" value="1" />
  </edge>
  <edge from="DRIVER" to="REPORTED">
    <attribute name="TEXT" value="1" />
  </edge>
  <edge from="DRIVER" to="STAND">
    <attribute name="TEXT" value="1" />
  </edge>
  <edge from="EARLIER" to="RELATED">
    <attribute name="TEXT" value="1" />
  </edge>
  <edge from="EFFECT" to="NOTED">
    <attribute name="TEXT" value="1" />
  </edge>
  <edge from="ENVIRONMENTAL" to="MEDICINE">
    <attribute name="TEXT" value="1" />
  </edge>
  <edge from="GAS" to="EXHAUST">
    <attribute name="TEXT" value="1" />
  </edge>
  <edge from="GAS-HAULING" to="TRUCKERS">
    <attribute name="TEXT" value="2" />
    <attribute name="LINKS" value="1" />
    <attribute name="KEYWORDS" value="1" />
  </edge>
  <edge from="GAS-HAULING" to="TRUCKERS">
    <attribute name="TEXT" value="2" />
    <attribute name="LINKS" value="1" />
    <attribute name="KEYWORDS" value="1" />
  </edge>
  <edge from="GAS-HAULING" to="TRUCKERS">
    <attribute name="TEXT" value="2" />
    <attribute name="LINKS" value="1" />
    <attribute name="KEYWORDS" value="1" />
  </edge>
  <edge from="GAS-TANKER" to="DRIVER">
    <attribute name="TEXT" value="1" />
  </edge>
  <edge from="GASOLINE" to="EXPOSURE">
    <attribute name="TEXT" value="1" />
  </edge>
  <edge from="GASOLINE" to="FUMES">
    <attribute name="TEXT" value="1" />
  </edge>
  <edge from="GASOLINE" to="REPORT">
    <attribute name="TEXT" value="1" />
  </edge>
  <edge from="GASOLINE" to="TRUCKERS">
    <attribute name="TEXT" value="1" />
  </edge>
  <edge from="GASOLINE-HAULERS" to="REPORTED">
    <attribute name="TEXT" value="1" />
  </edge>
  <edge from="GREATER" to="FATIGUE">
    <attribute name="TEXT" value="1" />
  </edge>
  <edge from="GREATER" to="STRESS">
    <attribute name="TEXT" value="1" />
  </edge>
  <edge from="HARTENBAUM" to="COMMENTED">
    <attribute name="TEXT" value="1" />
  </edge>
  <edge from="HAUL" to="GASOLINE">
    <attribute name="TEXT" value="1" />
  </edge>
  <edge from="HAUL" to="HAZARDOUS">
    <attribute name="TEXT" value="1" />
  </edge>
  <edge from="HAZARDOUS" to="MATERIAL">
    <attribute name="TEXT" value="1" />
  </edge>
  <edge from="HEADACHES" to="DIZZINESS">
    <attribute name="TEXT" value="1" />
  </edge>
  <edge from="HEALTH" to="STORIES">
    <attribute name="TEXT" value="1" />
  </edge>
  <edge from="HIKE" to="STROKE">
    <attribute name="TEXT" value="2" />
    <attribute name="LINKS" value="2" />
  </edge>
  <edge from="HIKE" to="STROKE">
    <attribute name="TEXT" value="2" />
    <attribute name="LINKS" value="2" />
  </edge>
  <edge from="HOSTILITY" to="TEST">
    <attribute name="TEXT" value="1" />
  </edge>
  <edge from="INFECTION" to="HIKE">
    <attribute name="TEXT" value="4" />
    <attribute name="LINKS" value="4" />
  </edge>
  <edge from="INFECTION" to="HIKE">
    <attribute name="TEXT" value="4" />
    <attribute name="LINKS" value="4" />
  </edge>
  <edge from="JOURNAL" to="OCCUPATIONAL">
    <attribute name="TEXT" value="1" />
  </edge>
  <edge from="LEAD" to="AUTHOR">
    <attribute name="TEXT" value="1" />
  </edge>
  <edge from="LONGER" to="EXPOSURE">
    <attribute name="TEXT" value="1" />
  </edge>
  <edge from="MALE" to="MILK">
    <attribute name="TEXT" value="1" />
  </edge>
  <edge from="MALE" to="TANKER">
    <attribute name="TEXT" value="1" />
  </edge>
  <edge from="MEASURE" to="EXPOSURE">
    <attribute name="TEXT" value="1" />
  </edge>
  <edge from="MEDICAL" to="DIRECTOR">
    <attribute name="TEXT" value="1" />
  </edge>
  <edge from="MEN" to="REPORTED">
    <attribute name="TEXT" value="1" />
  </edge>
  <edge from="METHYL-TERT-BUTYL" to="ETHER">
    <attribute name="TEXT" value="1" />
  </edge>
  <edge from="MILK" to="DELIVERY">
    <attribute name="TEXT" value="2" />
  </edge>
  <edge from="MILK" to="HARTENBAUM">
    <attribute name="TEXT" value="1" />
  </edge>
  <edge from="MON" to="SEP">
    <attribute name="TEXT" value="1" />
  </edge>
  <edge from="MOOD" to="STATES">
    <attribute name="TEXT" value="1" />
  </edge>
  <edge from="NATALIE" to="HARTENBAUM">
    <attribute name="TEXT" value="1" />
  </edge>
  <edge from="NEUROTOXIC" to="AGENT">
    <attribute name="TEXT" value="1" />
  </edge>
  <edge from="NEUROTOXICITY" to="TEST">
    <attribute name="TEXT" value="2" />
  </edge>
  <edge from="OCCUPATIONAL" to="MEDICINE">
    <attribute name="TEXT" value="2" />
  </edge>
  <edge from="PM" to="EDT">
    <attribute name="TEXT" value="1" />
  </edge>
  <edge from="PUBLIC" to="HEALTH">
    <attribute name="TEXT" value="1" />
  </edge>
  <edge from="RELATED" to="STORIES">
    <attribute name="TEXT" value="1" />
  </edge>
  <edge from="REPORT" to="SYMPTOMS">
    <attribute name="TEXT" value="3" />
    <attribute name="LINKS" value="1" />
    <attribute name="KEYWORDS" value="1" />
  </edge>
  <edge from="REPORT" to="SYMPTOMS">
    <attribute name="TEXT" value="3" />
    <attribute name="LINKS" value="1" />
    <attribute name="KEYWORDS" value="1" />
  </edge>
  <edge from="REPORT" to="SYMPTOMS">
    <attribute name="TEXT" value="3" />
    <attribute name="LINKS" value="1" />
    <attribute name="KEYWORDS" value="1" />
  </edge>
  <edge from="REPORTED" to="IRRITATION">
    <attribute name="TEXT" value="1" />
  </edge>
  <edge from="REPORTED" to="LEAD">
    <attribute name="TEXT" value="1" />
  </edge>
  <edge from="REPORTED" to="NAUSEA">
    <attribute name="TEXT" value="1" />
  </edge>
  <edge from="REPORTED" to="SLIGHTLY">
    <attribute name="TEXT" value="1" />
  </edge>
  <edge from="REUTERS" to="LIMITED">
    <attribute name="TEXT" value="1" />
  </edge>
  <edge from="SALIVA" to="PROBLEMS">
    <attribute name="TEXT" value="1" />
  </edge>
  <edge from="SCORE" to="HIGHER">
    <attribute name="TEXT" value="1" />
  </edge>
  <edge from="SERVICE" to="STATION">
    <attribute name="TEXT" value="1" />
  </edge>
  <edge from="SHORTER" to="GASOLINE">
    <attribute name="TEXT" value="1" />
  </edge>
  <edge from="STATISTICAL" to="DIFFERENCE">
    <attribute name="TEXT" value="1" />
  </edge>
  <edge from="STORIES" to="TANKER">
    <attribute name="TEXT" value="1" />
  </edge>
  <edge from="STROKE" to="RISK">
    <attribute name="TEXT" value="2" />
    <attribute name="LINKS" value="2" />
  </edge>
  <edge from="STROKE" to="RISK">
    <attribute name="TEXT" value="2" />
    <attribute name="LINKS" value="2" />
  </edge>
  <edge from="STUDY" to="INCLUDED">
    <attribute name="TEXT" value="1" />
  </edge>
  <edge from="TANKER" to="DRIVER">
    <attribute name="TEXT" value="4" />
  </edge>
  <edge from="TEXT" to="HEADLINES">
    <attribute name="TEXT" value="1" />
  </edge>
  <edge from="THERESA" to="TAMKINS">
    <attribute name="TEXT" value="1" />
  </edge>
  <edge from="TRANSPORTATION" to="SECTION">
    <attribute name="TEXT" value="1" />
  </edge>
  <edge from="TRUCKERS" to="EXPOSURE">
    <attribute name="TEXT" value="1" />
  </edge>
  <edge from="TRUCKERS" to="REPORT">
    <attribute name="TEXT" value="2" />
    <attribute name="LINKS" value="1" />
    <attribute name="KEYWORDS" value="1" />
  </edge>
  <edge from="TRUCKERS" to="REPORT">
    <attribute name="TEXT" value="2" />
    <attribute name="LINKS" value="1" />
    <attribute name="KEYWORDS" value="1" />
  </edge>
  <edge from="TRUCKERS" to="REPORT">
    <attribute name="TEXT" value="2" />
    <attribute name="LINKS" value="1" />
    <attribute name="KEYWORDS" value="1" />
  </edge>
  <edge from="TRUCKS" to="DRIVER">
    <attribute name="TEXT" value="1" />
  </edge>
  <edge from="TRUCKS" to="OFF-LOADING">
    <attribute name="TEXT" value="1" />
  </edge>
  <edge from="TUESDAY" to="SEPTEMBER">
    <attribute name="TEXT" value="1" />
  </edge>
  <edge from="TYPICAL" to="GAS-TANKER">
    <attribute name="TEXT" value="1" />
  </edge>
  <edge from="WEEK" to="COMPARED">
    <attribute name="TEXT" value="1" />
  </edge>
  <edge from="WORK" to="DAY">
    <attribute name="TEXT" value="1" />
  </edge>
  <edge from="WORK" to="WEEK">
    <attribute name="TEXT" value="4" />
  </edge>
</graph>
