<graph>
  <node id="ABNORMAL">
    <attribute name="FREQUENCY" value="1" />
  </node>
  <node id="ABSTAINED">
    <attribute name="FREQUENCY" value="1" />
  </node>
  <node id="ABSTENTION">
    <attribute name="FREQUENCY" value="1" />
  </node>
  <node id="ACADEMIC">
    <attribute name="FREQUENCY" value="1" />
  </node>
  <node id="ACTIVITY">
    <attribute name="FREQUENCY" value="1" />
  </node>
  <node id="ADMIT">
    <attribute name="FREQUENCY" value="1" />
  </node>
  <node id="ADVISABLE">
    <attribute name="FREQUENCY" value="1" />
  </node>
  <node id="AGE">
    <attribute name="FREQUENCY" value="1" />
  </node>
  <node id="ANNUAL">
    <attribute name="FREQUENCY" value="1" />
  </node>
  <node id="BIZ">
    <attribute name="FREQUENCY" value="4" />
  </node>
  <node id="CASE">
    <attribute name="FREQUENCY" value="1" />
  </node>
  <node id="CAUTION">
    <attribute name="FREQUENCY" value="1" />
  </node>
  <node id="CERVICAL">
    <attribute name="FREQUENCY" value="1" />
  </node>
  <node id="CHICAGO">
    <attribute name="FREQUENCY" value="1" />
  </node>
  <node id="COLLEAGUES">
    <attribute name="FREQUENCY" value="1" />
  </node>
  <node id="COLLEGE">
    <attribute name="FREQUENCY" value="1" />
  </node>
  <node id="COMMENTS">
    <attribute name="FREQUENCY" value="2" />
  </node>
  <node id="COMPARISON">
    <attribute name="FREQUENCY" value="1" />
  </node>
  <node id="COMPLICATIONS">
    <attribute name="FREQUENCY" value="1" />
  </node>
  <node id="CONCLUDE">
    <attribute name="FREQUENCY" value="1" />
  </node>
  <node id="CONDUCTED">
    <attribute name="FREQUENCY" value="1" />
  </node>
  <node id="CONSIDER">
    <attribute name="FREQUENCY" value="1" />
  </node>
  <node id="CONSIDERED">
    <attribute name="FREQUENCY" value="1" />
  </node>
  <node id="CONTROL">
    <attribute name="FREQUENCY" value="3" />
  </node>
  <node id="CRUCIAL">
    <attribute name="FREQUENCY" value="4" />
  </node>
  <node id="CUT">
    <attribute name="FREQUENCY" value="4" />
  </node>
  <node id="DAY">
    <attribute name="FREQUENCY" value="2" />
  </node>
  <node id="DEATH">
    <attribute name="FREQUENCY" value="4" />
  </node>
  <node id="DELIVERED">
    <attribute name="FREQUENCY" value="2" />
  </node>
  <node id="DELIVERY">
    <attribute name="FREQUENCY" value="1" />
  </node>
  <node id="DETERMINED">
    <attribute name="FREQUENCY" value="1" />
  </node>
  <node id="DIRECT">
    <attribute name="FREQUENCY" value="1" />
  </node>
  <node id="DISCLOSED">
    <attribute name="FREQUENCY" value="1" />
  </node>
  <node id="DOCTORS">
    <attribute name="FREQUENCY" value="1" />
  </node>
  <node id="EARLIER">
    <attribute name="FREQUENCY" value="1" />
  </node>
  <node id="EARLY">
    <attribute name="FREQUENCY" value="6" />
  </node>
  <node id="EDT">
    <attribute name="FREQUENCY" value="1" />
  </node>
  <node id="ENGAGE">
    <attribute name="FREQUENCY" value="1" />
  </node>
  <node id="ENGAGED">
    <attribute name="FREQUENCY" value="2" />
  </node>
  <node id="ENTERTAIN">
    <attribute name="FREQUENCY" value="4" />
  </node>
  <node id="ETHNICITY">
    <attribute name="FREQUENCY" value="1" />
  </node>
  <node id="EXPECTANT">
    <attribute name="FREQUENCY" value="1" />
  </node>
  <node id="FEELINGS">
    <attribute name="FREQUENCY" value="1" />
  </node>
  <node id="FINDINGS">
    <attribute name="FREQUENCY" value="1" />
  </node>
  <node id="FREQUENCY">
    <attribute name="FREQUENCY" value="1" />
  </node>
  <node id="FRIDAY">
    <attribute name="FREQUENCY" value="1" />
  </node>
  <node id="FRIENDS">
    <attribute name="FREQUENCY" value="4" />
  </node>
  <node id="FULL-TERM">
    <attribute name="FREQUENCY" value="1" />
  </node>
  <node id="GROUP">
    <attribute name="FREQUENCY" value="4" />
  </node>
  <node id="GUILT">
    <attribute name="FREQUENCY" value="1" />
  </node>
  <node id="HEADLINES">
    <attribute name="FREQUENCY" value="1" />
  </node>
  <node id="HEALTH">
    <attribute name="FREQUENCY" value="4" />
  </node>
  <node id="HEIGHTENED">
    <attribute name="FREQUENCY" value="1" />
  </node>
  <node id="HELD">
    <attribute name="FREQUENCY" value="1" />
  </node>
  <node id="HIGH">
    <attribute name="FREQUENCY" value="1" />
  </node>
  <node id="HOURS">
    <attribute name="FREQUENCY" value="2" />
  </node>
  <node id="HTML">
    <attribute name="FREQUENCY" value="1" />
  </node>
  <node id="ILLINOIS">
    <attribute name="FREQUENCY" value="1" />
  </node>
  <node id="INCIDENCE">
    <attribute name="FREQUENCY" value="1" />
  </node>
  <node id="INFO">
    <attribute name="FREQUENCY" value="2" />
  </node>
  <node id="INTERCOURSE">
    <attribute name="FREQUENCY" value="8" />
  </node>
  <node id="INTERVIEW">
    <attribute name="FREQUENCY" value="4" />
  </node>
  <node id="INTERVIEWED">
    <attribute name="FREQUENCY" value="2" />
  </node>
  <node id="KIND">
    <attribute name="FREQUENCY" value="1" />
  </node>
  <node id="LABOR">
    <attribute name="FREQUENCY" value="10" />
  </node>
  <node id="LATE-STAGE">
    <attribute name="FREQUENCY" value="1" />
  </node>
  <node id="LEAD">
    <attribute name="FREQUENCY" value="1" />
  </node>
  <node id="LIMITED">
    <attribute name="FREQUENCY" value="1" />
  </node>
  <node id="LINKED">
    <attribute name="FREQUENCY" value="2" />
  </node>
  <node id="MATCHED">
    <attribute name="FREQUENCY" value="1" />
  </node>
  <node id="MEDICINE">
    <attribute name="FREQUENCY" value="1" />
  </node>
  <node id="MEETING">
    <attribute name="FREQUENCY" value="1" />
  </node>
  <node id="MID-">
    <attribute name="FREQUENCY" value="1" />
  </node>
  <node id="MOTHER">
    <attribute name="FREQUENCY" value="1" />
  </node>
  <node id="NEWS">
    <attribute name="FREQUENCY" value="4" />
  </node>
  <node id="OBSTETRICAL">
    <attribute name="FREQUENCY" value="1" />
  </node>
  <node id="ONSET">
    <attribute name="FREQUENCY" value="5" />
  </node>
  <node id="PEDIATRICS">
    <attribute name="FREQUENCY" value="2" />
  </node>
  <node id="PERCENT">
    <attribute name="FREQUENCY" value="1" />
  </node>
  <node id="PLACENTAL">
    <attribute name="FREQUENCY" value="1" />
  </node>
  <node id="PM">
    <attribute name="FREQUENCY" value="1" />
  </node>
  <node id="POLITIC">
    <attribute name="FREQUENCY" value="4" />
  </node>
  <node id="POSITION">
    <attribute name="FREQUENCY" value="1" />
  </node>
  <node id="PRECEDING">
    <attribute name="FREQUENCY" value="1" />
  </node>
  <node id="PREGNANCY">
    <attribute name="FREQUENCY" value="10" />
  </node>
  <node id="PREGNANT">
    <attribute name="FREQUENCY" value="2" />
  </node>
  <node id="PREMATURE">
    <attribute name="FREQUENCY" value="1" />
  </node>
  <node id="PRESENTED">
    <attribute name="FREQUENCY" value="1" />
  </node>
  <node id="PRETERM">
    <attribute name="FREQUENCY" value="2" />
  </node>
  <node id="PRIOR">
    <attribute name="FREQUENCY" value="3" />
  </node>
  <node id="PROFESSOR">
    <attribute name="FREQUENCY" value="1" />
  </node>
  <node id="QUESTIONED">
    <attribute name="FREQUENCY" value="1" />
  </node>
  <node id="QUESTIONS">
    <attribute name="FREQUENCY" value="2" />
  </node>
  <node id="RAJU">
    <attribute name="FREQUENCY" value="4" />
  </node>
  <node id="RATE">
    <attribute name="FREQUENCY" value="1" />
  </node>
  <node id="RELATIVE">
    <attribute name="FREQUENCY" value="1" />
  </node>
  <node id="RESEARCHERS">
    <attribute name="FREQUENCY" value="3" />
  </node>
  <node id="RESULTS">
    <attribute name="FREQUENCY" value="1" />
  </node>
  <node id="REUTERS">
    <attribute name="FREQUENCY" value="2" />
  </node>
  <node id="RISK">
    <attribute name="FREQUENCY" value="5" />
  </node>
  <node id="SAFE">
    <attribute name="FREQUENCY" value="1" />
  </node>
  <node id="SCOREBOARD">
    <attribute name="FREQUENCY" value="4" />
  </node>
  <node id="SEES">
    <attribute name="FREQUENCY" value="1" />
  </node>
  <node id="SELF-RELIANCE">
    <attribute name="FREQUENCY" value="4" />
  </node>
  <node id="SENSITIVITY">
    <attribute name="FREQUENCY" value="1" />
  </node>
  <node id="SEPTEMBER">
    <attribute name="FREQUENCY" value="1" />
  </node>
  <node id="SEX">
    <attribute name="FREQUENCY" value="6" />
  </node>
  <node id="SEXUAL">
    <attribute name="FREQUENCY" value="8" />
  </node>
  <node id="SITUATION">
    <attribute name="FREQUENCY" value="1" />
  </node>
  <node id="SOCIETIES">
    <attribute name="FREQUENCY" value="1" />
  </node>
  <node id="SPORT">
    <attribute name="FREQUENCY" value="4" />
  </node>
  <node id="STORIES">
    <attribute name="FREQUENCY" value="1" />
  </node>
  <node id="STORY">
    <attribute name="FREQUENCY" value="4" />
  </node>
  <node id="STUDY">
    <attribute name="FREQUENCY" value="3" />
  </node>
  <node id="TALK">
    <attribute name="FREQUENCY" value="1" />
  </node>
  <node id="TECH">
    <attribute name="FREQUENCY" value="4" />
  </node>
  <node id="TEXT">
    <attribute name="FREQUENCY" value="1" />
  </node>
  <node id="TONSE">
    <attribute name="FREQUENCY" value="1" />
  </node>
  <node id="UNIVERSITY">
    <attribute name="FREQUENCY" value="1" />
  </node>
  <node id="UTERINE">
    <attribute name="FREQUENCY" value="1" />
  </node>
  <node id="WASHINGTON">
    <attribute name="FREQUENCY" value="1" />
  </node>
  <node id="WEEK">
    <attribute name="FREQUENCY" value="8" />
  </node>
  <node id="WEIGHT">
    <attribute name="FREQUENCY" value="4" />
  </node>
  <node id="WHETHER">
    <attribute name="FREQUENCY" value="1" />
  </node>
  <node id="WOMEN">
    <attribute name="FREQUENCY" value="10" />
  </node>
  <node id="WRITE">
    <attribute name="FREQUENCY" value="2" />
  </node>
  <node id="YAHOO">
    <attribute name="FREQUENCY" value="4" />
  </node>
  <node id="YEAR">
    <attribute name="FREQUENCY" value="1" />
  </node>
  <node id="YORK">
    <attribute name="FREQUENCY" value="1" />
  </node>
  <edge from="ABNORMAL" to="PLACENTAL">
    <attribute name="TEXT" value="1" />
  </edge>
  <edge from="ABSTENTION" to="RATE">
    <attribute name="TEXT" value="1" />
  </edge>
  <edge from="ACADEMIC" to="SOCIETIES">
    <attribute name="TEXT" value="1" />
  </edge>
  <edge from="AGE" to="ETHNICITY">
    <attribute name="TEXT" value="1" />
  </edge>
  <edge from="ANNUAL" to="MEETING">
    <attribute name="TEXT" value="1" />
  </edge>
  <edge from="CHICAGO" to="COLLEGE">
    <attribute name="TEXT" value="1" />
  </edge>
  <edge from="COLLEAGUES" to="INTERVIEWED">
    <attribute name="TEXT" value="1" />
  </edge>
  <edge from="CONSIDER" to="SEXUAL">
    <attribute name="TEXT" value="1" />
  </edge>
  <edge from="CONTROL" to="GROUP">
    <attribute name="TEXT" value="2" />
  </edge>
  <edge from="CUT" to="DEATH">
    <attribute name="TEXT" value="2" />
    <attribute name="LINKS" value="2" />
  </edge>
  <edge from="CUT" to="DEATH">
    <attribute name="TEXT" value="2" />
    <attribute name="LINKS" value="2" />
  </edge>
  <edge from="DAY" to="PRIOR">
    <attribute name="TEXT" value="1" />
  </edge>
  <edge from="DEATH" to="RISK">
    <attribute name="TEXT" value="2" />
    <attribute name="LINKS" value="2" />
  </edge>
  <edge from="DEATH" to="RISK">
    <attribute name="TEXT" value="2" />
    <attribute name="LINKS" value="2" />
  </edge>
  <edge from="DELIVERED" to="EARLY">
    <attribute name="TEXT" value="1" />
  </edge>
  <edge from="DISCLOSED" to="INCIDENCE">
    <attribute name="TEXT" value="1" />
  </edge>
  <edge from="EARLY" to="PREGNANCY">
    <attribute name="TEXT" value="2" />
    <attribute name="LINKS" value="2" />
  </edge>
  <edge from="EARLY" to="PREGNANCY">
    <attribute name="TEXT" value="2" />
    <attribute name="LINKS" value="2" />
  </edge>
  <edge from="EXPECTANT" to="MOTHER">
    <attribute name="TEXT" value="1" />
  </edge>
  <edge from="FRIDAY" to="SEPTEMBER">
    <attribute name="TEXT" value="1" />
  </edge>
  <edge from="FRIENDS" to="SELF-RELIANCE">
    <attribute name="TEXT" value="2" />
  </edge>
  <edge from="HEALTH" to="STORIES">
    <attribute name="TEXT" value="1" />
  </edge>
  <edge from="HEIGHTENED" to="CERVICAL">
    <attribute name="TEXT" value="1" />
  </edge>
  <edge from="HOURS" to="PRIOR">
    <attribute name="TEXT" value="1" />
  </edge>
  <edge from="LABOR" to="EARLY">
    <attribute name="TEXT" value="1" />
  </edge>
  <edge from="LABOR" to="ONSET">
    <attribute name="TEXT" value="3" />
    <attribute name="KEYWORDS" value="1" />
  </edge>
  <edge from="LABOR" to="ONSET">
    <attribute name="TEXT" value="3" />
    <attribute name="KEYWORDS" value="1" />
  </edge>
  <edge from="LABOR" to="RESEARCHERS">
    <attribute name="TEXT" value="1" />
  </edge>
  <edge from="LATE-STAGE" to="PREGNANCY">
    <attribute name="TEXT" value="1" />
  </edge>
  <edge from="OBSTETRICAL" to="COMPLICATIONS">
    <attribute name="TEXT" value="1" />
  </edge>
  <edge from="PEDIATRICS" to="ACADEMIC">
    <attribute name="TEXT" value="1" />
  </edge>
  <edge from="PLACENTAL" to="POSITION">
    <attribute name="TEXT" value="1" />
  </edge>
  <edge from="PM" to="EDT">
    <attribute name="TEXT" value="1" />
  </edge>
  <edge from="PREGNANCY" to="WEIGHT">
    <attribute name="TEXT" value="2" />
    <attribute name="LINKS" value="2" />
  </edge>
  <edge from="PREGNANCY" to="WEIGHT">
    <attribute name="TEXT" value="2" />
    <attribute name="LINKS" value="2" />
  </edge>
  <edge from="PREGNANT" to="WOMEN">
    <attribute name="TEXT" value="2" />
  </edge>
  <edge from="PREMATURE" to="LABOR">
    <attribute name="TEXT" value="1" />
  </edge>
  <edge from="PRETERM" to="LABOR">
    <attribute name="TEXT" value="2" />
  </edge>
  <edge from="RAJU" to="CONCLUDE">
    <attribute name="TEXT" value="1" />
  </edge>
  <edge from="RAJU" to="PROFESSOR">
    <attribute name="TEXT" value="1" />
  </edge>
  <edge from="RELATIVE" to="RISK">
    <attribute name="TEXT" value="1" />
  </edge>
  <edge from="REUTERS" to="LIMITED">
    <attribute name="TEXT" value="1" />
  </edge>
  <edge from="SELF-RELIANCE" to="CUT">
    <attribute name="TEXT" value="2" />
    <attribute name="LINKS" value="2" />
  </edge>
  <edge from="SELF-RELIANCE" to="CUT">
    <attribute name="TEXT" value="2" />
    <attribute name="LINKS" value="2" />
  </edge>
  <edge from="SEXUAL" to="ACTIVITY">
    <attribute name="TEXT" value="1" />
  </edge>
  <edge from="SEXUAL" to="INTERCOURSE">
    <attribute name="TEXT" value="7" />
  </edge>
  <edge from="SOCIETIES" to="HELD">
    <attribute name="TEXT" value="1" />
  </edge>
  <edge from="STORIES" to="SEX">
    <attribute name="TEXT" value="1" />
  </edge>
  <edge from="STUDY" to="FINDINGS">
    <attribute name="TEXT" value="1" />
  </edge>
  <edge from="TEXT" to="HEADLINES">
    <attribute name="TEXT" value="1" />
  </edge>
  <edge from="TONSE" to="RAJU">
    <attribute name="TEXT" value="1" />
  </edge>
  <edge from="UTERINE" to="SENSITIVITY">
    <attribute name="TEXT" value="1" />
  </edge>
  <edge from="WEEK" to="PRECEDING">
    <attribute name="TEXT" value="1" />
  </edge>
  <edge from="WEEK" to="PRIOR">
    <attribute name="TEXT" value="1" />
  </edge>
  <edge from="WHETHER" to="SEXUAL">
    <attribute name="TEXT" value="1" />
  </edge>
  <edge from="WOMEN" to="MATCHED">
    <attribute name="TEXT" value="1" />
  </edge>
</graph>
