<graph>
  <node id="ACCOUNT">
    <attribute name="FREQUENCY" value="1" />
  </node>
  <node id="ADD">
    <attribute name="FREQUENCY" value="1" />
  </node>
  <node id="ADOLESCENCE">
    <attribute name="FREQUENCY" value="2" />
  </node>
  <node id="ADOLESCENTS">
    <attribute name="FREQUENCY" value="1" />
  </node>
  <node id="ADULTHOOD">
    <attribute name="FREQUENCY" value="1" />
  </node>
  <node id="ADULTS">
    <attribute name="FREQUENCY" value="8" />
  </node>
  <node id="AGAINST">
    <attribute name="FREQUENCY" value="1" />
  </node>
  <node id="AGE">
    <attribute name="FREQUENCY" value="4" />
  </node>
  <node id="APPEARS">
    <attribute name="FREQUENCY" value="1" />
  </node>
  <node id="ASSISTANT">
    <attribute name="FREQUENCY" value="1" />
  </node>
  <node id="AVOID">
    <attribute name="FREQUENCY" value="1" />
  </node>
  <node id="BABIES">
    <attribute name="FREQUENCY" value="4" />
  </node>
  <node id="BASED">
    <attribute name="FREQUENCY" value="1" />
  </node>
  <node id="BASICALLY">
    <attribute name="FREQUENCY" value="1" />
  </node>
  <node id="BENEFIT">
    <attribute name="FREQUENCY" value="1" />
  </node>
  <node id="BIRTH">
    <attribute name="FREQUENCY" value="1" />
  </node>
  <node id="BIZ">
    <attribute name="FREQUENCY" value="4" />
  </node>
  <node id="BMI">
    <attribute name="FREQUENCY" value="4" />
  </node>
  <node id="BODY-MASS">
    <attribute name="FREQUENCY" value="1" />
  </node>
  <node id="BOYS">
    <attribute name="FREQUENCY" value="4" />
  </node>
  <node id="CALCULATE">
    <attribute name="FREQUENCY" value="1" />
  </node>
  <node id="CAUTION">
    <attribute name="FREQUENCY" value="1" />
  </node>
  <node id="CENTER">
    <attribute name="FREQUENCY" value="1" />
  </node>
  <node id="CHANCE">
    <attribute name="FREQUENCY" value="3" />
  </node>
  <node id="CHILD">
    <attribute name="FREQUENCY" value="3" />
  </node>
  <node id="CHILDREN">
    <attribute name="FREQUENCY" value="5" />
  </node>
  <node id="CINCINNATI">
    <attribute name="FREQUENCY" value="1" />
  </node>
  <node id="COMMENTS">
    <attribute name="FREQUENCY" value="2" />
  </node>
  <node id="CONTRIBUTE">
    <attribute name="FREQUENCY" value="1" />
  </node>
  <node id="DEFINED">
    <attribute name="FREQUENCY" value="2" />
  </node>
  <node id="DERIVED">
    <attribute name="FREQUENCY" value="1" />
  </node>
  <node id="DESERVE">
    <attribute name="FREQUENCY" value="1" />
  </node>
  <node id="DETERMINE">
    <attribute name="FREQUENCY" value="1" />
  </node>
  <node id="DOUBLE">
    <attribute name="FREQUENCY" value="1" />
  </node>
  <node id="EDT">
    <attribute name="FREQUENCY" value="1" />
  </node>
  <node id="EFFECT">
    <attribute name="FREQUENCY" value="1" />
  </node>
  <node id="EFFORT">
    <attribute name="FREQUENCY" value="2" />
  </node>
  <node id="ENGLAND">
    <attribute name="FREQUENCY" value="2" />
  </node>
  <node id="ENTERTAIN">
    <attribute name="FREQUENCY" value="4" />
  </node>
  <node id="ENVIRONMENTAL">
    <attribute name="FREQUENCY" value="1" />
  </node>
  <node id="EXPLAINS">
    <attribute name="FREQUENCY" value="1" />
  </node>
  <node id="FACTORS">
    <attribute name="FREQUENCY" value="1" />
  </node>
  <node id="FATHER">
    <attribute name="FREQUENCY" value="1" />
  </node>
  <node id="FINDINGS">
    <attribute name="FREQUENCY" value="2" />
  </node>
  <node id="FLIP">
    <attribute name="FREQUENCY" value="1" />
  </node>
  <node id="FOURFOLD">
    <attribute name="FREQUENCY" value="1" />
  </node>
  <node id="HEADLINES">
    <attribute name="FREQUENCY" value="1" />
  </node>
  <node id="HEALTH">
    <attribute name="FREQUENCY" value="5" />
  </node>
  <node id="HEIGHT">
    <attribute name="FREQUENCY" value="1" />
  </node>
  <node id="HOSPITAL">
    <attribute name="FREQUENCY" value="1" />
  </node>
  <node id="HTML">
    <attribute name="FREQUENCY" value="1" />
  </node>
  <node id="IMPLICATIONS">
    <attribute name="FREQUENCY" value="1" />
  </node>
  <node id="INCREASE">
    <attribute name="FREQUENCY" value="2" />
  </node>
  <node id="INFLUENCED">
    <attribute name="FREQUENCY" value="1" />
  </node>
  <node id="INFO">
    <attribute name="FREQUENCY" value="2" />
  </node>
  <node id="INFORMATION">
    <attribute name="FREQUENCY" value="1" />
  </node>
  <node id="INTERVENTION">
    <attribute name="FREQUENCY" value="1" />
  </node>
  <node id="INVOLVED">
    <attribute name="FREQUENCY" value="1" />
  </node>
  <node id="JOURNAL">
    <attribute name="FREQUENCY" value="2" />
  </node>
  <node id="KEY">
    <attribute name="FREQUENCY" value="1" />
  </node>
  <node id="LABEL">
    <attribute name="FREQUENCY" value="1" />
  </node>
  <node id="LANG">
    <attribute name="FREQUENCY" value="1" />
  </node>
  <node id="LARGE">
    <attribute name="FREQUENCY" value="1" />
  </node>
  <node id="LEAD">
    <attribute name="FREQUENCY" value="1" />
  </node>
  <node id="LESLIE">
    <attribute name="FREQUENCY" value="1" />
  </node>
  <node id="LIMITED">
    <attribute name="FREQUENCY" value="1" />
  </node>
  <node id="LONG-TERM">
    <attribute name="FREQUENCY" value="1" />
  </node>
  <node id="MAINTENANCE">
    <attribute name="FREQUENCY" value="1" />
  </node>
  <node id="MEASUREMENTS">
    <attribute name="FREQUENCY" value="2" />
  </node>
  <node id="MEDICAL">
    <attribute name="FREQUENCY" value="3" />
  </node>
  <node id="MEDICINE">
    <attribute name="FREQUENCY" value="2" />
  </node>
  <node id="MEMBERS">
    <attribute name="FREQUENCY" value="1" />
  </node>
  <node id="MEN">
    <attribute name="FREQUENCY" value="5" />
  </node>
  <node id="MOTHER">
    <attribute name="FREQUENCY" value="1" />
  </node>
  <node id="NEWS">
    <attribute name="FREQUENCY" value="4" />
  </node>
  <node id="NORMAL">
    <attribute name="FREQUENCY" value="1" />
  </node>
  <node id="NOTES">
    <attribute name="FREQUENCY" value="2" />
  </node>
  <node id="OBESE">
    <attribute name="FREQUENCY" value="13" />
  </node>
  <node id="OBESITY">
    <attribute name="FREQUENCY" value="18" />
  </node>
  <node id="OHIO">
    <attribute name="FREQUENCY" value="1" />
  </node>
  <node id="OLDER">
    <attribute name="FREQUENCY" value="4" />
  </node>
  <node id="ONE-">
    <attribute name="FREQUENCY" value="1" />
  </node>
  <node id="ONWARD">
    <attribute name="FREQUENCY" value="1" />
  </node>
  <node id="ORGANIZATION">
    <attribute name="FREQUENCY" value="1" />
  </node>
  <node id="OUTCOME">
    <attribute name="FREQUENCY" value="1" />
  </node>
  <node id="OVERWEIGHT">
    <attribute name="FREQUENCY" value="8" />
  </node>
  <node id="PARENTAL">
    <attribute name="FREQUENCY" value="2" />
  </node>
  <node id="PARENTS">
    <attribute name="FREQUENCY" value="18" />
  </node>
  <node id="PEDIATRICS">
    <attribute name="FREQUENCY" value="1" />
  </node>
  <node id="PERCENTILE">
    <attribute name="FREQUENCY" value="1" />
  </node>
  <node id="PHYSICIANS">
    <attribute name="FREQUENCY" value="1" />
  </node>
  <node id="PICTURE">
    <attribute name="FREQUENCY" value="1" />
  </node>
  <node id="PM">
    <attribute name="FREQUENCY" value="1" />
  </node>
  <node id="POLITIC">
    <attribute name="FREQUENCY" value="4" />
  </node>
  <node id="POWERFUL">
    <attribute name="FREQUENCY" value="1" />
  </node>
  <node id="PREDICT">
    <attribute name="FREQUENCY" value="7" />
  </node>
  <node id="PREDICTION">
    <attribute name="FREQUENCY" value="2" />
  </node>
  <node id="PREVENT">
    <attribute name="FREQUENCY" value="1" />
  </node>
  <node id="PREVENTION">
    <attribute name="FREQUENCY" value="1" />
  </node>
  <node id="PROFESSOR">
    <attribute name="FREQUENCY" value="1" />
  </node>
  <node id="QUESTIONS">
    <attribute name="FREQUENCY" value="2" />
  </node>
  <node id="REACH">
    <attribute name="FREQUENCY" value="1" />
  </node>
  <node id="RECORD">
    <attribute name="FREQUENCY" value="2" />
  </node>
  <node id="REFLECTED">
    <attribute name="FREQUENCY" value="1" />
  </node>
  <node id="REMAIN">
    <attribute name="FREQUENCY" value="1" />
  </node>
  <node id="REPORT">
    <attribute name="FREQUENCY" value="2" />
  </node>
  <node id="RESEARCHERS">
    <attribute name="FREQUENCY" value="3" />
  </node>
  <node id="REUTERS">
    <attribute name="FREQUENCY" value="2" />
  </node>
  <node id="RISK">
    <attribute name="FREQUENCY" value="7" />
  </node>
  <node id="ROBERT">
    <attribute name="FREQUENCY" value="1" />
  </node>
  <node id="SCOREBOARD">
    <attribute name="FREQUENCY" value="4" />
  </node>
  <node id="SEATTLE">
    <attribute name="FREQUENCY" value="1" />
  </node>
  <node id="SENSE">
    <attribute name="FREQUENCY" value="1" />
  </node>
  <node id="SEPTEMBER">
    <attribute name="FREQUENCY" value="1" />
  </node>
  <node id="SEX">
    <attribute name="FREQUENCY" value="1" />
  </node>
  <node id="SOURCE">
    <attribute name="FREQUENCY" value="1" />
  </node>
  <node id="SPORT">
    <attribute name="FREQUENCY" value="4" />
  </node>
  <node id="STATES">
    <attribute name="FREQUENCY" value="1" />
  </node>
  <node id="STATISTICAL">
    <attribute name="FREQUENCY" value="1" />
  </node>
  <node id="STORIES">
    <attribute name="FREQUENCY" value="1" />
  </node>
  <node id="STORY">
    <attribute name="FREQUENCY" value="4" />
  </node>
  <node id="STRONGLY">
    <attribute name="FREQUENCY" value="1" />
  </node>
  <node id="STUDY">
    <attribute name="FREQUENCY" value="4" />
  </node>
  <node id="SUBJECT">
    <attribute name="FREQUENCY" value="1" />
  </node>
  <node id="SUBSTANTIAL">
    <attribute name="FREQUENCY" value="1" />
  </node>
  <node id="SUSCEPTIBLE">
    <attribute name="FREQUENCY" value="1" />
  </node>
  <node id="TARGET">
    <attribute name="FREQUENCY" value="1" />
  </node>
  <node id="TECH">
    <attribute name="FREQUENCY" value="4" />
  </node>
  <node id="TEXT">
    <attribute name="FREQUENCY" value="1" />
  </node>
  <node id="TH">
    <attribute name="FREQUENCY" value="1" />
  </node>
  <node id="THURSDAY">
    <attribute name="FREQUENCY" value="1" />
  </node>
  <node id="TODDLERS">
    <attribute name="FREQUENCY" value="5" />
  </node>
  <node id="TREAT">
    <attribute name="FREQUENCY" value="1" />
  </node>
  <node id="TURN">
    <attribute name="FREQUENCY" value="1" />
  </node>
  <node id="TWO-YEAR-OLD">
    <attribute name="FREQUENCY" value="1" />
  </node>
  <node id="UNCLEAR">
    <attribute name="FREQUENCY" value="1" />
  </node>
  <node id="WASHINGTON">
    <attribute name="FREQUENCY" value="1" />
  </node>
  <node id="WEEK">
    <attribute name="FREQUENCY" value="1" />
  </node>
  <node id="WEIGHT">
    <attribute name="FREQUENCY" value="10" />
  </node>
  <node id="WHETHER">
    <attribute name="FREQUENCY" value="1" />
  </node>
  <node id="WHITAKER">
    <attribute name="FREQUENCY" value="5" />
  </node>
  <node id="WOMEN">
    <attribute name="FREQUENCY" value="5" />
  </node>
  <node id="WRITE">
    <attribute name="FREQUENCY" value="2" />
  </node>
  <node id="YAHOO">
    <attribute name="FREQUENCY" value="4" />
  </node>
  <node id="YEAR">
    <attribute name="FREQUENCY" value="2" />
  </node>
  <node id="YEAR-OLD">
    <attribute name="FREQUENCY" value="1" />
  </node>
  <node id="YORK">
    <attribute name="FREQUENCY" value="1" />
  </node>
  <node id="YOUNG">
    <attribute name="FREQUENCY" value="6" />
  </node>
  <node id="YOUNGSTERS">
    <attribute name="FREQUENCY" value="1" />
  </node>
  <edge from="ADULTS" to="AGE">
    <attribute name="TEXT" value="1" />
  </edge>
  <edge from="ADULTS" to="OBESITY">
    <attribute name="TEXT" value="3" />
  </edge>
  <edge from="AGAINST" to="INTERVENTION">
    <attribute name="TEXT" value="1" />
  </edge>
  <edge from="ASSISTANT" to="PROFESSOR">
    <attribute name="TEXT" value="1" />
  </edge>
  <edge from="AVOID" to="LABEL">
    <attribute name="TEXT" value="1" />
  </edge>
  <edge from="BIRTH" to="ONWARD">
    <attribute name="TEXT" value="1" />
  </edge>
  <edge from="BOYS" to="BABIES">
    <attribute name="TEXT" value="4" />
    <attribute name="LINKS" value="4" />
  </edge>
  <edge from="BOYS" to="BABIES">
    <attribute name="TEXT" value="4" />
    <attribute name="LINKS" value="4" />
  </edge>
  <edge from="CALCULATE" to="BODY-MASS">
    <attribute name="TEXT" value="1" />
  </edge>
  <edge from="CAUTION" to="AGAINST">
    <attribute name="TEXT" value="1" />
  </edge>
  <edge from="CHILD" to="REACH">
    <attribute name="TEXT" value="1" />
  </edge>
  <edge from="CHILD" to="RISK">
    <attribute name="TEXT" value="1" />
  </edge>
  <edge from="CHILDREN" to="HOSPITAL">
    <attribute name="TEXT" value="1" />
  </edge>
  <edge from="CINCINNATI" to="OHIO">
    <attribute name="TEXT" value="1" />
  </edge>
  <edge from="DEFINED" to="OBESITY">
    <attribute name="TEXT" value="1" />
  </edge>
  <edge from="DESERVE" to="STUDY">
    <attribute name="TEXT" value="1" />
  </edge>
  <edge from="ENGLAND" to="JOURNAL">
    <attribute name="TEXT" value="2" />
  </edge>
  <edge from="ENVIRONMENTAL" to="FACTORS">
    <attribute name="TEXT" value="1" />
  </edge>
  <edge from="FOURFOLD" to="INCREASE">
    <attribute name="TEXT" value="1" />
  </edge>
  <edge from="HEALTH" to="MAINTENANCE">
    <attribute name="TEXT" value="1" />
  </edge>
  <edge from="HEALTH" to="STORIES">
    <attribute name="TEXT" value="1" />
  </edge>
  <edge from="HOSPITAL" to="MEDICAL">
    <attribute name="TEXT" value="1" />
  </edge>
  <edge from="KEY" to="ENVIRONMENTAL">
    <attribute name="TEXT" value="1" />
  </edge>
  <edge from="LARGE" to="HEALTH">
    <attribute name="TEXT" value="1" />
  </edge>
  <edge from="LEAD" to="REPORT">
    <attribute name="TEXT" value="1" />
  </edge>
  <edge from="LESLIE" to="LANG">
    <attribute name="TEXT" value="1" />
  </edge>
  <edge from="LONG-TERM" to="MEMBERS">
    <attribute name="TEXT" value="1" />
  </edge>
  <edge from="MAINTENANCE" to="ORGANIZATION">
    <attribute name="TEXT" value="1" />
  </edge>
  <edge from="MEDICAL" to="CENTER">
    <attribute name="TEXT" value="1" />
  </edge>
  <edge from="MEDICAL" to="RECORD">
    <attribute name="TEXT" value="2" />
  </edge>
  <edge from="MEN" to="YOUNG">
    <attribute name="TEXT" value="2" />
  </edge>
  <edge from="NORMAL" to="WEIGHT">
    <attribute name="TEXT" value="1" />
  </edge>
  <edge from="NOTES" to="WHITAKER">
    <attribute name="TEXT" value="1" />
  </edge>
  <edge from="OBESE" to="ADULTS">
    <attribute name="TEXT" value="4" />
  </edge>
  <edge from="OBESE" to="PARENTS">
    <attribute name="TEXT" value="7" />
  </edge>
  <edge from="OBESITY" to="PICTURE">
    <attribute name="TEXT" value="1" />
  </edge>
  <edge from="OBESITY" to="PREVENTION">
    <attribute name="TEXT" value="1" />
  </edge>
  <edge from="OBESITY" to="REMAIN">
    <attribute name="TEXT" value="1" />
  </edge>
  <edge from="OLDER" to="MEN">
    <attribute name="TEXT" value="2" />
    <attribute name="LINKS" value="2" />
  </edge>
  <edge from="OLDER" to="MEN">
    <attribute name="TEXT" value="2" />
    <attribute name="LINKS" value="2" />
  </edge>
  <edge from="ORGANIZATION" to="BASED">
    <attribute name="TEXT" value="1" />
  </edge>
  <edge from="OVERWEIGHT" to="ADOLESCENTS">
    <attribute name="TEXT" value="1" />
  </edge>
  <edge from="OVERWEIGHT" to="CHILDREN">
    <attribute name="TEXT" value="1" />
  </edge>
  <edge from="OVERWEIGHT" to="TODDLERS">
    <attribute name="TEXT" value="1" />
  </edge>
  <edge from="PARENTAL" to="OBESITY">
    <attribute name="TEXT" value="2" />
  </edge>
  <edge from="PARENTS" to="APPEARS">
    <attribute name="TEXT" value="1" />
  </edge>
  <edge from="PARENTS" to="MEDICAL">
    <attribute name="TEXT" value="1" />
  </edge>
  <edge from="PARENTS" to="OVERWEIGHT">
    <attribute name="TEXT" value="1" />
  </edge>
  <edge from="PARENTS" to="WEIGHT">
    <attribute name="TEXT" value="12" />
    <attribute name="LINKS" value="6" />
    <attribute name="KEYWORDS" value="3" />
  </edge>
  <edge from="PARENTS" to="WEIGHT">
    <attribute name="TEXT" value="12" />
    <attribute name="LINKS" value="6" />
    <attribute name="KEYWORDS" value="3" />
  </edge>
  <edge from="PARENTS" to="WEIGHT">
    <attribute name="TEXT" value="12" />
    <attribute name="LINKS" value="6" />
    <attribute name="KEYWORDS" value="3" />
  </edge>
  <edge from="PICTURE" to="FLIP">
    <attribute name="TEXT" value="1" />
  </edge>
  <edge from="PM" to="EDT">
    <attribute name="TEXT" value="1" />
  </edge>
  <edge from="POWERFUL" to="EFFECT">
    <attribute name="TEXT" value="1" />
  </edge>
  <edge from="PREDICT" to="OBESITY">
    <attribute name="TEXT" value="9" />
    <attribute name="LINKS" value="6" />
    <attribute name="KEYWORDS" value="3" />
  </edge>
  <edge from="PREDICT" to="OBESITY">
    <attribute name="TEXT" value="9" />
    <attribute name="LINKS" value="6" />
    <attribute name="KEYWORDS" value="3" />
  </edge>
  <edge from="PREDICT" to="OBESITY">
    <attribute name="TEXT" value="9" />
    <attribute name="LINKS" value="6" />
    <attribute name="KEYWORDS" value="3" />
  </edge>
  <edge from="PREVENT" to="OBESITY">
    <attribute name="TEXT" value="1" />
  </edge>
  <edge from="PREVENTION" to="EFFORT">
    <attribute name="TEXT" value="1" />
  </edge>
  <edge from="REACH" to="ADOLESCENCE">
    <attribute name="TEXT" value="1" />
  </edge>
  <edge from="REMAIN" to="UNCLEAR">
    <attribute name="TEXT" value="1" />
  </edge>
  <edge from="RESEARCHERS" to="DEFINED">
    <attribute name="TEXT" value="1" />
  </edge>
  <edge from="REUTERS" to="LIMITED">
    <attribute name="TEXT" value="1" />
  </edge>
  <edge from="RISK" to="PREDICTION">
    <attribute name="TEXT" value="1" />
  </edge>
  <edge from="SEATTLE" to="WASHINGTON">
    <attribute name="TEXT" value="1" />
  </edge>
  <edge from="STATISTICAL" to="SENSE">
    <attribute name="TEXT" value="1" />
  </edge>
  <edge from="STORIES" to="PREDICT">
    <attribute name="TEXT" value="1" />
  </edge>
  <edge from="STRONGLY" to="INFLUENCED">
    <attribute name="TEXT" value="1" />
  </edge>
  <edge from="STUDY" to="FINDINGS">
    <attribute name="TEXT" value="1" />
  </edge>
  <edge from="STUDY" to="INVOLVED">
    <attribute name="TEXT" value="1" />
  </edge>
  <edge from="STUDY" to="SUBJECT">
    <attribute name="TEXT" value="1" />
  </edge>
  <edge from="SUBSTANTIAL" to="INCREASE">
    <attribute name="TEXT" value="1" />
  </edge>
  <edge from="TARGET" to="OBESITY">
    <attribute name="TEXT" value="1" />
  </edge>
  <edge from="TEXT" to="HEADLINES">
    <attribute name="TEXT" value="1" />
  </edge>
  <edge from="TH" to="PERCENTILE">
    <attribute name="TEXT" value="1" />
  </edge>
  <edge from="THURSDAY" to="SEPTEMBER">
    <attribute name="TEXT" value="1" />
  </edge>
  <edge from="TREAT" to="OVERWEIGHT">
    <attribute name="TEXT" value="1" />
  </edge>
  <edge from="WEIGHT" to="MEASUREMENTS">
    <attribute name="TEXT" value="1" />
  </edge>
  <edge from="WEIGHT" to="PREDICT">
    <attribute name="TEXT" value="9" />
    <attribute name="LINKS" value="6" />
    <attribute name="KEYWORDS" value="3" />
  </edge>
  <edge from="WEIGHT" to="PREDICT">
    <attribute name="TEXT" value="9" />
    <attribute name="LINKS" value="6" />
    <attribute name="KEYWORDS" value="3" />
  </edge>
  <edge from="WEIGHT" to="PREDICT">
    <attribute name="TEXT" value="9" />
    <attribute name="LINKS" value="6" />
    <attribute name="KEYWORDS" value="3" />
  </edge>
  <edge from="WHETHER" to="OBESE">
    <attribute name="TEXT" value="1" />
  </edge>
  <edge from="WHITAKER" to="ASSISTANT">
    <attribute name="TEXT" value="1" />
  </edge>
  <edge from="WHITAKER" to="EXPLAINS">
    <attribute name="TEXT" value="1" />
  </edge>
  <edge from="YOUNG" to="ADULTHOOD">
    <attribute name="TEXT" value="1" />
  </edge>
  <edge from="YOUNG" to="ADULTS">
    <attribute name="TEXT" value="1" />
  </edge>
  <edge from="YOUNG" to="WOMEN">
    <attribute name="TEXT" value="2" />
    <attribute name="LINKS" value="2" />
  </edge>
  <edge from="YOUNG" to="WOMEN">
    <attribute name="TEXT" value="2" />
    <attribute name="LINKS" value="2" />
  </edge>
</graph>
