<graph>
  <node id="ABNORMAL">
    <attribute name="FREQUENCY" value="1" />
  </node>
  <node id="ACHILLE">
    <attribute name="FREQUENCY" value="1" />
  </node>
  <node id="ACT">
    <attribute name="FREQUENCY" value="1" />
  </node>
  <node id="ADENOMATOUS">
    <attribute name="FREQUENCY" value="2" />
  </node>
  <node id="AFFORD">
    <attribute name="FREQUENCY" value="1" />
  </node>
  <node id="ALTER">
    <attribute name="FREQUENCY" value="1" />
  </node>
  <node id="ANCESTORS">
    <attribute name="FREQUENCY" value="1" />
  </node>
  <node id="APC">
    <attribute name="FREQUENCY" value="6" />
  </node>
  <node id="APPEARS">
    <attribute name="FREQUENCY" value="1" />
  </node>
  <node id="ARTERIAL">
    <attribute name="FREQUENCY" value="4" />
  </node>
  <node id="ASHKENAZI">
    <attribute name="FREQUENCY" value="8" />
  </node>
  <node id="ASHKENAZIM">
    <attribute name="FREQUENCY" value="1" />
  </node>
  <node id="ASSOCIATE">
    <attribute name="FREQUENCY" value="1" />
  </node>
  <node id="AUGUST">
    <attribute name="FREQUENCY" value="1" />
  </node>
  <node id="AUTHOR">
    <attribute name="FREQUENCY" value="1" />
  </node>
  <node id="BACKGROUND">
    <attribute name="FREQUENCY" value="1" />
  </node>
  <node id="BALTIMORE">
    <attribute name="FREQUENCY" value="1" />
  </node>
  <node id="BERT">
    <attribute name="FREQUENCY" value="1" />
  </node>
  <node id="BIZ">
    <attribute name="FREQUENCY" value="4" />
  </node>
  <node id="CALLED">
    <attribute name="FREQUENCY" value="2" />
  </node>
  <node id="CANCER">
    <attribute name="FREQUENCY" value="14" />
  </node>
  <node id="CANCER-ASSOCIATED">
    <attribute name="FREQUENCY" value="1" />
  </node>
  <node id="CARRIED">
    <attribute name="FREQUENCY" value="2" />
  </node>
  <node id="CARRY">
    <attribute name="FREQUENCY" value="3" />
  </node>
  <node id="CASE">
    <attribute name="FREQUENCY" value="1" />
  </node>
  <node id="CATEGORY">
    <attribute name="FREQUENCY" value="1" />
  </node>
  <node id="CAUSED">
    <attribute name="FREQUENCY" value="1" />
  </node>
  <node id="CELLS">
    <attribute name="FREQUENCY" value="2" />
  </node>
  <node id="CENTER">
    <attribute name="FREQUENCY" value="5" />
  </node>
  <node id="CENTRAL">
    <attribute name="FREQUENCY" value="1" />
  </node>
  <node id="CHANCE">
    <attribute name="FREQUENCY" value="1" />
  </node>
  <node id="CHANGE">
    <attribute name="FREQUENCY" value="1" />
  </node>
  <node id="CO-AUTHOR">
    <attribute name="FREQUENCY" value="1" />
  </node>
  <node id="COLI">
    <attribute name="FREQUENCY" value="1" />
  </node>
  <node id="COLLABORATIVE">
    <attribute name="FREQUENCY" value="1" />
  </node>
  <node id="COLON">
    <attribute name="FREQUENCY" value="4" />
  </node>
  <node id="COLORECTAL">
    <attribute name="FREQUENCY" value="7" />
  </node>
  <node id="COMMENTS">
    <attribute name="FREQUENCY" value="2" />
  </node>
  <node id="COMMON">
    <attribute name="FREQUENCY" value="2" />
  </node>
  <node id="COMPARED">
    <attribute name="FREQUENCY" value="1" />
  </node>
  <node id="CONSTANTLY">
    <attribute name="FREQUENCY" value="1" />
  </node>
  <node id="COST">
    <attribute name="FREQUENCY" value="1" />
  </node>
  <node id="CREATE">
    <attribute name="FREQUENCY" value="2" />
  </node>
  <node id="DAY">
    <attribute name="FREQUENCY" value="1" />
  </node>
  <node id="DEVELOP">
    <attribute name="FREQUENCY" value="1" />
  </node>
  <node id="DIAGNOSED">
    <attribute name="FREQUENCY" value="1" />
  </node>
  <node id="DIFFICULT">
    <attribute name="FREQUENCY" value="1" />
  </node>
  <node id="DIRECT">
    <attribute name="FREQUENCY" value="1" />
  </node>
  <node id="DIRECTLY">
    <attribute name="FREQUENCY" value="1" />
  </node>
  <node id="DISCOVERED">
    <attribute name="FREQUENCY" value="1" />
  </node>
  <node id="DISCOVERY">
    <attribute name="FREQUENCY" value="1" />
  </node>
  <node id="DISEASE">
    <attribute name="FREQUENCY" value="7" />
  </node>
  <node id="DISORDER">
    <attribute name="FREQUENCY" value="1" />
  </node>
  <node id="DIVIDE">
    <attribute name="FREQUENCY" value="1" />
  </node>
  <node id="DIVISION">
    <attribute name="FREQUENCY" value="1" />
  </node>
  <node id="DNA">
    <attribute name="FREQUENCY" value="1" />
  </node>
  <node id="DOUBLE">
    <attribute name="FREQUENCY" value="1" />
  </node>
  <node id="EASTERN">
    <attribute name="FREQUENCY" value="1" />
  </node>
  <node id="EDT">
    <attribute name="FREQUENCY" value="1" />
  </node>
  <node id="EFFORT">
    <attribute name="FREQUENCY" value="1" />
  </node>
  <node id="ENTERTAIN">
    <attribute name="FREQUENCY" value="4" />
  </node>
  <node id="ESTIMATED">
    <attribute name="FREQUENCY" value="1" />
  </node>
  <node id="ETHNIC">
    <attribute name="FREQUENCY" value="2" />
  </node>
  <node id="EUROPE">
    <attribute name="FREQUENCY" value="1" />
  </node>
  <node id="EXCLUSIVELY">
    <attribute name="FREQUENCY" value="1" />
  </node>
  <node id="EXPECT">
    <attribute name="FREQUENCY" value="1" />
  </node>
  <node id="EXPLAINS">
    <attribute name="FREQUENCY" value="1" />
  </node>
  <node id="FACTORS">
    <attribute name="FREQUENCY" value="1" />
  </node>
  <node id="FAMILIAL">
    <attribute name="FREQUENCY" value="1" />
  </node>
  <node id="FAMILIES">
    <attribute name="FREQUENCY" value="1" />
  </node>
  <node id="FAMILY">
    <attribute name="FREQUENCY" value="2" />
  </node>
  <node id="FAP">
    <attribute name="FREQUENCY" value="1" />
  </node>
  <node id="FIT">
    <attribute name="FREQUENCY" value="1" />
  </node>
  <node id="FOUNDATION">
    <attribute name="FREQUENCY" value="1" />
  </node>
  <node id="FUNCTION">
    <attribute name="FREQUENCY" value="2" />
  </node>
  <node id="GENE">
    <attribute name="FREQUENCY" value="9" />
  </node>
  <node id="GENERAL">
    <attribute name="FREQUENCY" value="2" />
  </node>
  <node id="GENETIC">
    <attribute name="FREQUENCY" value="7" />
  </node>
  <node id="GENETICALLY">
    <attribute name="FREQUENCY" value="1" />
  </node>
  <node id="GROUP">
    <attribute name="FREQUENCY" value="1" />
  </node>
  <node id="GROWING">
    <attribute name="FREQUENCY" value="1" />
  </node>
  <node id="HARMLESS">
    <attribute name="FREQUENCY" value="1" />
  </node>
  <node id="HEADLINES">
    <attribute name="FREQUENCY" value="1" />
  </node>
  <node id="HEALTH">
    <attribute name="FREQUENCY" value="4" />
  </node>
  <node id="HEELS">
    <attribute name="FREQUENCY" value="1" />
  </node>
  <node id="HEREDITARY">
    <attribute name="FREQUENCY" value="2" />
  </node>
  <node id="HISTORY">
    <attribute name="FREQUENCY" value="2" />
  </node>
  <node id="HOPE">
    <attribute name="FREQUENCY" value="4" />
  </node>
  <node id="HOPKINS">
    <attribute name="FREQUENCY" value="4" />
  </node>
  <node id="HTML">
    <attribute name="FREQUENCY" value="1" />
  </node>
  <node id="IMMEDIATELY">
    <attribute name="FREQUENCY" value="1" />
  </node>
  <node id="INCIDENCE">
    <attribute name="FREQUENCY" value="1" />
  </node>
  <node id="INCLUDING">
    <attribute name="FREQUENCY" value="1" />
  </node>
  <node id="INCREASE">
    <attribute name="FREQUENCY" value="3" />
  </node>
  <node id="INCREASED">
    <attribute name="FREQUENCY" value="2" />
  </node>
  <node id="INDIRECTLY">
    <attribute name="FREQUENCY" value="1" />
  </node>
  <node id="INFO">
    <attribute name="FREQUENCY" value="2" />
  </node>
  <node id="INSTITUTION">
    <attribute name="FREQUENCY" value="1" />
  </node>
  <node id="INSURANCE">
    <attribute name="FREQUENCY" value="1" />
  </node>
  <node id="INTERVENTION">
    <attribute name="FREQUENCY" value="1" />
  </node>
  <node id="INVESTIGATORS">
    <attribute name="FREQUENCY" value="1" />
  </node>
  <node id="JEWISH">
    <attribute name="FREQUENCY" value="1" />
  </node>
  <node id="JEWS">
    <attribute name="FREQUENCY" value="6" />
  </node>
  <node id="JOHN">
    <attribute name="FREQUENCY" value="4" />
  </node>
  <node id="JOURNAL">
    <attribute name="FREQUENCY" value="1" />
  </node>
  <node id="KENNETH">
    <attribute name="FREQUENCY" value="1" />
  </node>
  <node id="KINZLER">
    <attribute name="FREQUENCY" value="4" />
  </node>
  <node id="KNOWLEDGE">
    <attribute name="FREQUENCY" value="1" />
  </node>
  <node id="LERNER">
    <attribute name="FREQUENCY" value="1" />
  </node>
  <node id="LICENSE">
    <attribute name="FREQUENCY" value="1" />
  </node>
  <node id="LIFETIME">
    <attribute name="FREQUENCY" value="2" />
  </node>
  <node id="LIMITED">
    <attribute name="FREQUENCY" value="1" />
  </node>
  <node id="LINE">
    <attribute name="FREQUENCY" value="1" />
  </node>
  <node id="LINKED">
    <attribute name="FREQUENCY" value="1" />
  </node>
  <node id="LOS">
    <attribute name="FREQUENCY" value="4" />
  </node>
  <node id="LOWER">
    <attribute name="FREQUENCY" value="1" />
  </node>
  <node id="MALE">
    <attribute name="FREQUENCY" value="4" />
  </node>
  <node id="MAN">
    <attribute name="FREQUENCY" value="1" />
  </node>
  <node id="MARYLAND">
    <attribute name="FREQUENCY" value="1" />
  </node>
  <node id="MEDICAL">
    <attribute name="FREQUENCY" value="1" />
  </node>
  <node id="MEMORIAL">
    <attribute name="FREQUENCY" value="1" />
  </node>
  <node id="MIXTURE">
    <attribute name="FREQUENCY" value="1" />
  </node>
  <node id="MONDAY">
    <attribute name="FREQUENCY" value="1" />
  </node>
  <node id="MUTATED">
    <attribute name="FREQUENCY" value="1" />
  </node>
  <node id="MUTATION">
    <attribute name="FREQUENCY" value="14" />
  </node>
  <node id="NATURE">
    <attribute name="FREQUENCY" value="2" />
  </node>
  <node id="NEWLY">
    <attribute name="FREQUENCY" value="1" />
  </node>
  <node id="NEWS">
    <attribute name="FREQUENCY" value="4" />
  </node>
  <node id="NORMAL">
    <attribute name="FREQUENCY" value="1" />
  </node>
  <node id="OCCUR">
    <attribute name="FREQUENCY" value="1" />
  </node>
  <node id="OFFER">
    <attribute name="FREQUENCY" value="1" />
  </node>
  <node id="ONCOLOGY">
    <attribute name="FREQUENCY" value="3" />
  </node>
  <node id="OPPORTUNITY">
    <attribute name="FREQUENCY" value="1" />
  </node>
  <node id="PATENT">
    <attribute name="FREQUENCY" value="1" />
  </node>
  <node id="PATIENTS">
    <attribute name="FREQUENCY" value="3" />
  </node>
  <node id="PEOPLE">
    <attribute name="FREQUENCY" value="1" />
  </node>
  <node id="PLACE">
    <attribute name="FREQUENCY" value="1" />
  </node>
  <node id="PLANS">
    <attribute name="FREQUENCY" value="2" />
  </node>
  <node id="PM">
    <attribute name="FREQUENCY" value="1" />
  </node>
  <node id="POLITIC">
    <attribute name="FREQUENCY" value="4" />
  </node>
  <node id="POLYPOSIS">
    <attribute name="FREQUENCY" value="2" />
  </node>
  <node id="POPULATION">
    <attribute name="FREQUENCY" value="4" />
  </node>
  <node id="PRE-MUTATION">
    <attribute name="FREQUENCY" value="1" />
  </node>
  <node id="PREVENT">
    <attribute name="FREQUENCY" value="1" />
  </node>
  <node id="PROFESSOR">
    <attribute name="FREQUENCY" value="1" />
  </node>
  <node id="PROFITS">
    <attribute name="FREQUENCY" value="1" />
  </node>
  <node id="PRONE">
    <attribute name="FREQUENCY" value="1" />
  </node>
  <node id="PROTEIN">
    <attribute name="FREQUENCY" value="2" />
  </node>
  <node id="PROVIDE">
    <attribute name="FREQUENCY" value="1" />
  </node>
  <node id="QUESTIONS">
    <attribute name="FREQUENCY" value="2" />
  </node>
  <node id="RANGE">
    <attribute name="FREQUENCY" value="1" />
  </node>
  <node id="RARE">
    <attribute name="FREQUENCY" value="1" />
  </node>
  <node id="REGION">
    <attribute name="FREQUENCY" value="2" />
  </node>
  <node id="REPLACED">
    <attribute name="FREQUENCY" value="1" />
  </node>
  <node id="REPLICATE">
    <attribute name="FREQUENCY" value="1" />
  </node>
  <node id="REPORT">
    <attribute name="FREQUENCY" value="2" />
  </node>
  <node id="REPORTED">
    <attribute name="FREQUENCY" value="1" />
  </node>
  <node id="REQUEST">
    <attribute name="FREQUENCY" value="1" />
  </node>
  <node id="RESEARCHERS">
    <attribute name="FREQUENCY" value="2" />
  </node>
  <node id="REUTERS">
    <attribute name="FREQUENCY" value="2" />
  </node>
  <node id="RISK">
    <attribute name="FREQUENCY" value="6" />
  </node>
  <node id="SALES">
    <attribute name="FREQUENCY" value="1" />
  </node>
  <node id="SAVE">
    <attribute name="FREQUENCY" value="4" />
  </node>
  <node id="SCOREBOARD">
    <attribute name="FREQUENCY" value="4" />
  </node>
  <node id="SENIOR">
    <attribute name="FREQUENCY" value="1" />
  </node>
  <node id="SLOAN-KETTERING">
    <attribute name="FREQUENCY" value="1" />
  </node>
  <node id="SORT">
    <attribute name="FREQUENCY" value="1" />
  </node>
  <node id="SOURCE">
    <attribute name="FREQUENCY" value="1" />
  </node>
  <node id="SPECIFIC">
    <attribute name="FREQUENCY" value="1" />
  </node>
  <node id="SPEED">
    <attribute name="FREQUENCY" value="4" />
  </node>
  <node id="SPORT">
    <attribute name="FREQUENCY" value="4" />
  </node>
  <node id="SPOT">
    <attribute name="FREQUENCY" value="1" />
  </node>
  <node id="STEP">
    <attribute name="FREQUENCY" value="1" />
  </node>
  <node id="STORIES">
    <attribute name="FREQUENCY" value="1" />
  </node>
  <node id="STORY">
    <attribute name="FREQUENCY" value="4" />
  </node>
  <node id="STRETCH">
    <attribute name="FREQUENCY" value="1" />
  </node>
  <node id="STUDIES">
    <attribute name="FREQUENCY" value="1" />
  </node>
  <node id="TECH">
    <attribute name="FREQUENCY" value="4" />
  </node>
  <node id="TEST">
    <attribute name="FREQUENCY" value="6" />
  </node>
  <node id="TESTED">
    <attribute name="FREQUENCY" value="1" />
  </node>
  <node id="TEXT">
    <attribute name="FREQUENCY" value="1" />
  </node>
  <node id="THOUGHT">
    <attribute name="FREQUENCY" value="1" />
  </node>
  <node id="TROJAN">
    <attribute name="FREQUENCY" value="1" />
  </node>
  <node id="TUMOR">
    <attribute name="FREQUENCY" value="1" />
  </node>
  <node id="UNDERWRITING">
    <attribute name="FREQUENCY" value="1" />
  </node>
  <node id="UNIQUE">
    <attribute name="FREQUENCY" value="1" />
  </node>
  <node id="UNIVERSITY">
    <attribute name="FREQUENCY" value="1" />
  </node>
  <node id="UNSTABLE">
    <attribute name="FREQUENCY" value="1" />
  </node>
  <node id="VARIATION">
    <attribute name="FREQUENCY" value="3" />
  </node>
  <node id="VOGELSTEIN">
    <attribute name="FREQUENCY" value="1" />
  </node>
  <node id="WEAK">
    <attribute name="FREQUENCY" value="1" />
  </node>
  <node id="WORDS">
    <attribute name="FREQUENCY" value="1" />
  </node>
  <node id="WRITE">
    <attribute name="FREQUENCY" value="2" />
  </node>
  <node id="WROTE">
    <attribute name="FREQUENCY" value="1" />
  </node>
  <node id="X-LINKED">
    <attribute name="FREQUENCY" value="4" />
  </node>
  <node id="YAHOO">
    <attribute name="FREQUENCY" value="4" />
  </node>
  <node id="YEAR">
    <attribute name="FREQUENCY" value="2" />
  </node>
  <node id="YORK">
    <attribute name="FREQUENCY" value="2" />
  </node>
  <edge from="ABNORMAL" to="APC">
    <attribute name="TEXT" value="1" />
  </edge>
  <edge from="ACHILLE" to="HEELS">
    <attribute name="TEXT" value="1" />
  </edge>
  <edge from="ADENOMATOUS" to="POLYPOSIS">
    <attribute name="TEXT" value="2" />
  </edge>
  <edge from="APC" to="GENE">
    <attribute name="TEXT" value="2" />
  </edge>
  <edge from="APC" to="PROTEIN">
    <attribute name="TEXT" value="1" />
  </edge>
  <edge from="APC" to="REGION">
    <attribute name="TEXT" value="1" />
  </edge>
  <edge from="ARTERIAL" to="DISEASE">
    <attribute name="TEXT" value="2" />
    <attribute name="LINKS" value="2" />
  </edge>
  <edge from="ARTERIAL" to="DISEASE">
    <attribute name="TEXT" value="2" />
    <attribute name="LINKS" value="2" />
  </edge>
  <edge from="ASHKENAZI" to="JEWISH">
    <attribute name="TEXT" value="1" />
  </edge>
  <edge from="ASHKENAZI" to="JEWS">
    <attribute name="TEXT" value="6" />
  </edge>
  <edge from="ASHKENAZI" to="POPULATION">
    <attribute name="TEXT" value="1" />
  </edge>
  <edge from="ASHKENAZIM" to="CARRY">
    <attribute name="TEXT" value="1" />
  </edge>
  <edge from="ASSOCIATE" to="PROFESSOR">
    <attribute name="TEXT" value="1" />
  </edge>
  <edge from="AUTHOR" to="WROTE">
    <attribute name="TEXT" value="1" />
  </edge>
  <edge from="BALTIMORE" to="MARYLAND">
    <attribute name="TEXT" value="1" />
  </edge>
  <edge from="BERT" to="VOGELSTEIN">
    <attribute name="TEXT" value="1" />
  </edge>
  <edge from="CANCER" to="CALLED">
    <attribute name="TEXT" value="1" />
  </edge>
  <edge from="CANCER" to="CARRIED">
    <attribute name="TEXT" value="1" />
  </edge>
  <edge from="CANCER" to="CENTER">
    <attribute name="TEXT" value="1" />
  </edge>
  <edge from="CANCER" to="GENE">
    <attribute name="TEXT" value="1" />
    <attribute name="KEYWORDS" value="1" />
  </edge>
  <edge from="CANCER" to="GENE">
    <attribute name="TEXT" value="1" />
    <attribute name="KEYWORDS" value="1" />
  </edge>
  <edge from="CANCER" to="RISK">
    <attribute name="TEXT" value="1" />
  </edge>
  <edge from="CANCER-ASSOCIATED" to="MUTATION">
    <attribute name="TEXT" value="1" />
  </edge>
  <edge from="CELLS" to="DIVISION">
    <attribute name="TEXT" value="1" />
  </edge>
  <edge from="CENTER" to="MEMORIAL">
    <attribute name="TEXT" value="1" />
  </edge>
  <edge from="CENTER" to="PLANS">
    <attribute name="TEXT" value="1" />
  </edge>
  <edge from="CHANGE" to="CREATE">
    <attribute name="TEXT" value="1" />
  </edge>
  <edge from="COLLABORATIVE" to="EFFORT">
    <attribute name="TEXT" value="1" />
  </edge>
  <edge from="COLON" to="CANCER">
    <attribute name="TEXT" value="3" />
  </edge>
  <edge from="COLORECTAL" to="CANCER">
    <attribute name="TEXT" value="5" />
    <attribute name="KEYWORDS" value="1" />
  </edge>
  <edge from="COLORECTAL" to="CANCER">
    <attribute name="TEXT" value="5" />
    <attribute name="KEYWORDS" value="1" />
  </edge>
  <edge from="COLORECTAL" to="TUMOR">
    <attribute name="TEXT" value="1" />
  </edge>
  <edge from="COMMON" to="CANCER-ASSOCIATED">
    <attribute name="TEXT" value="1" />
  </edge>
  <edge from="CONSTANTLY" to="DIVIDE">
    <attribute name="TEXT" value="1" />
  </edge>
  <edge from="CREATE" to="SORT">
    <attribute name="TEXT" value="1" />
  </edge>
  <edge from="CREATE" to="STRETCH">
    <attribute name="TEXT" value="1" />
  </edge>
  <edge from="DAY" to="CELLS">
    <attribute name="TEXT" value="1" />
  </edge>
  <edge from="DEVELOP" to="COLORECTAL">
    <attribute name="TEXT" value="1" />
  </edge>
  <edge from="DIRECT" to="MUTATION">
    <attribute name="TEXT" value="1" />
  </edge>
  <edge from="DIRECTLY" to="ALTER">
    <attribute name="TEXT" value="1" />
  </edge>
  <edge from="DISCOVERED" to="GENE">
    <attribute name="TEXT" value="1" />
  </edge>
  <edge from="DISEASE" to="CARRY">
    <attribute name="TEXT" value="1" />
  </edge>
  <edge from="EASTERN" to="EUROPE">
    <attribute name="TEXT" value="1" />
  </edge>
  <edge from="ETHNIC" to="BACKGROUND">
    <attribute name="TEXT" value="1" />
  </edge>
  <edge from="ETHNIC" to="GROUP">
    <attribute name="TEXT" value="1" />
  </edge>
  <edge from="FACTORS" to="INCLUDING">
    <attribute name="TEXT" value="1" />
  </edge>
  <edge from="FAMILIAL" to="ADENOMATOUS">
    <attribute name="TEXT" value="1" />
  </edge>
  <edge from="FAMILY" to="HISTORY">
    <attribute name="TEXT" value="2" />
  </edge>
  <edge from="GENE" to="LINKED">
    <attribute name="TEXT" value="1" />
  </edge>
  <edge from="GENE" to="MUTATION">
    <attribute name="TEXT" value="2" />
  </edge>
  <edge from="GENERAL" to="ASHKENAZI">
    <attribute name="TEXT" value="1" />
  </edge>
  <edge from="GENERAL" to="POPULATION">
    <attribute name="TEXT" value="1" />
  </edge>
  <edge from="GENETIC" to="MUTATION">
    <attribute name="TEXT" value="2" />
  </edge>
  <edge from="GENETIC" to="TEST">
    <attribute name="TEXT" value="1" />
  </edge>
  <edge from="GENETIC" to="VARIATION">
    <attribute name="TEXT" value="2" />
  </edge>
  <edge from="GENETICALLY" to="UNSTABLE">
    <attribute name="TEXT" value="1" />
  </edge>
  <edge from="HARMLESS" to="GENETIC">
    <attribute name="TEXT" value="1" />
  </edge>
  <edge from="HEALTH" to="STORIES">
    <attribute name="TEXT" value="1" />
  </edge>
  <edge from="HEREDITARY" to="DISORDER">
    <attribute name="TEXT" value="1" />
  </edge>
  <edge from="HEREDITARY" to="FACTORS">
    <attribute name="TEXT" value="1" />
  </edge>
  <edge from="HOPE" to="SPEED">
    <attribute name="TEXT" value="4" />
    <attribute name="LINKS" value="4" />
  </edge>
  <edge from="HOPE" to="SPEED">
    <attribute name="TEXT" value="4" />
    <attribute name="LINKS" value="4" />
  </edge>
  <edge from="HOPKINS" to="ONCOLOGY">
    <attribute name="TEXT" value="2" />
  </edge>
  <edge from="HOPKINS" to="PLANS">
    <attribute name="TEXT" value="1" />
  </edge>
  <edge from="INCREASE" to="CANCER">
    <attribute name="TEXT" value="1" />
  </edge>
  <edge from="INCREASED" to="RISK">
    <attribute name="TEXT" value="2" />
  </edge>
  <edge from="INDIRECTLY" to="INCREASE">
    <attribute name="TEXT" value="1" />
  </edge>
  <edge from="JEWISH" to="POPULATION">
    <attribute name="TEXT" value="1" />
  </edge>
  <edge from="JOHN" to="HOPKINS">
    <attribute name="TEXT" value="4" />
  </edge>
  <edge from="JOURNAL" to="NATURE">
    <attribute name="TEXT" value="1" />
  </edge>
  <edge from="KENNETH" to="KINZLER">
    <attribute name="TEXT" value="1" />
  </edge>
  <edge from="KINZLER" to="ASSOCIATE">
    <attribute name="TEXT" value="1" />
  </edge>
  <edge from="LERNER" to="FOUNDATION">
    <attribute name="TEXT" value="1" />
  </edge>
  <edge from="LIFETIME" to="INCIDENCE">
    <attribute name="TEXT" value="1" />
  </edge>
  <edge from="LIFETIME" to="RISK">
    <attribute name="TEXT" value="1" />
  </edge>
  <edge from="LOS" to="HOPE">
    <attribute name="TEXT" value="4" />
    <attribute name="LINKS" value="4" />
  </edge>
  <edge from="LOS" to="HOPE">
    <attribute name="TEXT" value="4" />
    <attribute name="LINKS" value="4" />
  </edge>
  <edge from="MEDICAL" to="CENTER">
    <attribute name="TEXT" value="1" />
  </edge>
  <edge from="MEMORIAL" to="SLOAN-KETTERING">
    <attribute name="TEXT" value="1" />
  </edge>
  <edge from="MONDAY" to="AUGUST">
    <attribute name="TEXT" value="1" />
  </edge>
  <edge from="MUTATION" to="APC">
    <attribute name="TEXT" value="1" />
  </edge>
  <edge from="MUTATION" to="CALLED">
    <attribute name="TEXT" value="1" />
  </edge>
  <edge from="MUTATION" to="COMPARED">
    <attribute name="TEXT" value="1" />
  </edge>
  <edge from="MUTATION" to="DOUBLE">
    <attribute name="TEXT" value="1" />
  </edge>
  <edge from="MUTATION" to="SAVE">
    <attribute name="TEXT" value="4" />
    <attribute name="LINKS" value="4" />
  </edge>
  <edge from="MUTATION" to="SAVE">
    <attribute name="TEXT" value="4" />
    <attribute name="LINKS" value="4" />
  </edge>
  <edge from="NATURE" to="GENETIC">
    <attribute name="TEXT" value="2" />
  </edge>
  <edge from="NEWLY" to="DISCOVERED">
    <attribute name="TEXT" value="1" />
  </edge>
  <edge from="OFFER" to="TEST">
    <attribute name="TEXT" value="1" />
  </edge>
  <edge from="ONCOLOGY" to="CENTER">
    <attribute name="TEXT" value="2" />
  </edge>
  <edge from="PM" to="EDT">
    <attribute name="TEXT" value="1" />
  </edge>
  <edge from="POLYPOSIS" to="COLI">
    <attribute name="TEXT" value="1" />
  </edge>
  <edge from="PREVENT" to="PROTEIN">
    <attribute name="TEXT" value="1" />
  </edge>
  <edge from="PROTEIN" to="STEP">
    <attribute name="TEXT" value="1" />
  </edge>
  <edge from="RARE" to="DISEASE">
    <attribute name="TEXT" value="1" />
  </edge>
  <edge from="REGION" to="GENETICALLY">
    <attribute name="TEXT" value="1" />
  </edge>
  <edge from="REPORT" to="COLLABORATIVE">
    <attribute name="TEXT" value="1" />
  </edge>
  <edge from="REPORTED" to="SENIOR">
    <attribute name="TEXT" value="1" />
  </edge>
  <edge from="REUTERS" to="LIMITED">
    <attribute name="TEXT" value="1" />
  </edge>
  <edge from="SENIOR" to="INVESTIGATORS">
    <attribute name="TEXT" value="1" />
  </edge>
  <edge from="SLOAN-KETTERING" to="CANCER">
    <attribute name="TEXT" value="1" />
  </edge>
  <edge from="SPECIFIC" to="POPULATION">
    <attribute name="TEXT" value="1" />
  </edge>
  <edge from="SPEED" to="ARTERIAL">
    <attribute name="TEXT" value="4" />
    <attribute name="LINKS" value="4" />
  </edge>
  <edge from="SPEED" to="ARTERIAL">
    <attribute name="TEXT" value="4" />
    <attribute name="LINKS" value="4" />
  </edge>
  <edge from="STORIES" to="TROJAN">
    <attribute name="TEXT" value="1" />
  </edge>
  <edge from="TEXT" to="HEADLINES">
    <attribute name="TEXT" value="1" />
  </edge>
  <edge from="UNIVERSITY" to="MEDICAL">
    <attribute name="TEXT" value="1" />
  </edge>
  <edge from="WEAK" to="SPOT">
    <attribute name="TEXT" value="1" />
  </edge>
  <edge from="X-LINKED" to="MUTATION">
    <attribute name="TEXT" value="2" />
    <attribute name="LINKS" value="2" />
  </edge>
  <edge from="X-LINKED" to="MUTATION">
    <attribute name="TEXT" value="2" />
    <attribute name="LINKS" value="2" />
  </edge>
  <edge from="YORK" to="UNIVERSITY">
    <attribute name="TEXT" value="1" />
  </edge>
</graph>
