<graph>
  <node id="ADMISSION">
    <attribute name="FREQUENCY" value="4" />
  </node>
  <node id="ADOLESCENCE">
    <attribute name="FREQUENCY" value="1" />
  </node>
  <node id="ADOLESCENTS">
    <attribute name="FREQUENCY" value="1" />
  </node>
  <node id="ADVERSELY">
    <attribute name="FREQUENCY" value="1" />
  </node>
  <node id="AFFECT">
    <attribute name="FREQUENCY" value="1" />
  </node>
  <node id="AFRICAN">
    <attribute name="FREQUENCY" value="1" />
  </node>
  <node id="AGE">
    <attribute name="FREQUENCY" value="2" />
  </node>
  <node id="ANCESTRY">
    <attribute name="FREQUENCY" value="1" />
  </node>
  <node id="AUTHOR">
    <attribute name="FREQUENCY" value="2" />
  </node>
  <node id="AVERAGE">
    <attribute name="FREQUENCY" value="2" />
  </node>
  <node id="BEHAVIOR">
    <attribute name="FREQUENCY" value="10" />
  </node>
  <node id="BIRTHDAY">
    <attribute name="FREQUENCY" value="1" />
  </node>
  <node id="BIZ">
    <attribute name="FREQUENCY" value="4" />
  </node>
  <node id="BPI">
    <attribute name="FREQUENCY" value="2" />
  </node>
  <node id="BYRD">
    <attribute name="FREQUENCY" value="2" />
  </node>
  <node id="CAUCASIAN">
    <attribute name="FREQUENCY" value="1" />
  </node>
  <node id="CHEATING">
    <attribute name="FREQUENCY" value="1" />
  </node>
  <node id="CHILD">
    <attribute name="FREQUENCY" value="4" />
  </node>
  <node id="CHILDREN">
    <attribute name="FREQUENCY" value="8" />
  </node>
  <node id="CLASSMATES">
    <attribute name="FREQUENCY" value="5" />
  </node>
  <node id="CO-AUTHOR">
    <attribute name="FREQUENCY" value="1" />
  </node>
  <node id="COMMENTS">
    <attribute name="FREQUENCY" value="2" />
  </node>
  <node id="COMPARISON">
    <attribute name="FREQUENCY" value="1" />
  </node>
  <node id="COMPLAINING">
    <attribute name="FREQUENCY" value="1" />
  </node>
  <node id="COMPLETED">
    <attribute name="FREQUENCY" value="1" />
  </node>
  <node id="CONCENTRATED">
    <attribute name="FREQUENCY" value="1" />
  </node>
  <node id="CONCLUDE">
    <attribute name="FREQUENCY" value="1" />
  </node>
  <node id="CONSIDER">
    <attribute name="FREQUENCY" value="1" />
  </node>
  <node id="CRITERIA">
    <attribute name="FREQUENCY" value="4" />
  </node>
  <node id="CRY">
    <attribute name="FREQUENCY" value="1" />
  </node>
  <node id="CUTOFF">
    <attribute name="FREQUENCY" value="1" />
  </node>
  <node id="DATA">
    <attribute name="FREQUENCY" value="1" />
  </node>
  <node id="DELAYED">
    <attribute name="FREQUENCY" value="3" />
  </node>
  <node id="DISCUSS">
    <attribute name="FREQUENCY" value="1" />
  </node>
  <node id="EDT">
    <attribute name="FREQUENCY" value="1" />
  </node>
  <node id="EFFECT">
    <attribute name="FREQUENCY" value="1" />
  </node>
  <node id="EMERGENCE">
    <attribute name="FREQUENCY" value="1" />
  </node>
  <node id="ENTER">
    <attribute name="FREQUENCY" value="1" />
  </node>
  <node id="ENTERTAIN">
    <attribute name="FREQUENCY" value="4" />
  </node>
  <node id="ENTRY">
    <attribute name="FREQUENCY" value="1" />
  </node>
  <node id="EXCESSIVE">
    <attribute name="FREQUENCY" value="1" />
  </node>
  <node id="EXPERIENCED">
    <attribute name="FREQUENCY" value="1" />
  </node>
  <node id="EXPLANATION">
    <attribute name="FREQUENCY" value="1" />
  </node>
  <node id="EXTREME">
    <attribute name="FREQUENCY" value="1" />
  </node>
  <node id="EXTREMELY">
    <attribute name="FREQUENCY" value="1" />
  </node>
  <node id="FACTORS">
    <attribute name="FREQUENCY" value="1" />
  </node>
  <node id="FAMILY">
    <attribute name="FREQUENCY" value="1" />
  </node>
  <node id="FELL">
    <attribute name="FREQUENCY" value="1" />
  </node>
  <node id="FINDINGS">
    <attribute name="FREQUENCY" value="2" />
  </node>
  <node id="FOCUSED">
    <attribute name="FREQUENCY" value="1" />
  </node>
  <node id="GENERAL">
    <attribute name="FREQUENCY" value="1" />
  </node>
  <node id="GRADE">
    <attribute name="FREQUENCY" value="7" />
  </node>
  <node id="GRADE-RETAINED">
    <attribute name="FREQUENCY" value="2" />
  </node>
  <node id="HALF">
    <attribute name="FREQUENCY" value="2" />
  </node>
  <node id="HEADLINES">
    <attribute name="FREQUENCY" value="1" />
  </node>
  <node id="HEALTH">
    <attribute name="FREQUENCY" value="5" />
  </node>
  <node id="HELD">
    <attribute name="FREQUENCY" value="1" />
  </node>
  <node id="HIGH">
    <attribute name="FREQUENCY" value="1" />
  </node>
  <node id="HOSPITAL">
    <attribute name="FREQUENCY" value="1" />
  </node>
  <node id="HTML">
    <attribute name="FREQUENCY" value="1" />
  </node>
  <node id="IMPACT">
    <attribute name="FREQUENCY" value="1" />
  </node>
  <node id="INDEPENDENT">
    <attribute name="FREQUENCY" value="1" />
  </node>
  <node id="INDEPENDENTLY">
    <attribute name="FREQUENCY" value="1" />
  </node>
  <node id="INFO">
    <attribute name="FREQUENCY" value="2" />
  </node>
  <node id="INTERVIEW">
    <attribute name="FREQUENCY" value="1" />
  </node>
  <node id="ISSUE">
    <attribute name="FREQUENCY" value="2" />
  </node>
  <node id="JOURNAL">
    <attribute name="FREQUENCY" value="1" />
  </node>
  <node id="KANGAROO">
    <attribute name="FREQUENCY" value="4" />
  </node>
  <node id="LATE">
    <attribute name="FREQUENCY" value="1" />
  </node>
  <node id="LED">
    <attribute name="FREQUENCY" value="1" />
  </node>
  <node id="LIFELONG">
    <attribute name="FREQUENCY" value="1" />
  </node>
  <node id="LIMITED">
    <attribute name="FREQUENCY" value="1" />
  </node>
  <node id="LOS">
    <attribute name="FREQUENCY" value="1" />
  </node>
  <node id="LOVED">
    <attribute name="FREQUENCY" value="1" />
  </node>
  <node id="LYING">
    <attribute name="FREQUENCY" value="1" />
  </node>
  <node id="MAJORITY">
    <attribute name="FREQUENCY" value="1" />
  </node>
  <node id="MED">
    <attribute name="FREQUENCY" value="4" />
  </node>
  <node id="MOM">
    <attribute name="FREQUENCY" value="4" />
  </node>
  <node id="MONTH">
    <attribute name="FREQUENCY" value="2" />
  </node>
  <node id="MOOD">
    <attribute name="FREQUENCY" value="1" />
  </node>
  <node id="NATIONAL">
    <attribute name="FREQUENCY" value="1" />
  </node>
  <node id="NEWS">
    <attribute name="FREQUENCY" value="4" />
  </node>
  <node id="NON-RETAINED">
    <attribute name="FREQUENCY" value="1" />
  </node>
  <node id="NOTES">
    <attribute name="FREQUENCY" value="1" />
  </node>
  <node id="OCTOBER">
    <attribute name="FREQUENCY" value="2" />
  </node>
  <node id="OLD-FOR-GRADE">
    <attribute name="FREQUENCY" value="4" />
  </node>
  <node id="OLD-FOR-THEIR-GRADE">
    <attribute name="FREQUENCY" value="1" />
  </node>
  <node id="OLDER">
    <attribute name="FREQUENCY" value="6" />
  </node>
  <node id="OLDS">
    <attribute name="FREQUENCY" value="1" />
  </node>
  <node id="ONE-FOURTH">
    <attribute name="FREQUENCY" value="1" />
  </node>
  <node id="PARENTS">
    <attribute name="FREQUENCY" value="2" />
  </node>
  <node id="PARTICIPATED">
    <attribute name="FREQUENCY" value="1" />
  </node>
  <node id="PEDIATRICIANS">
    <attribute name="FREQUENCY" value="2" />
  </node>
  <node id="PEDIATRICS">
    <attribute name="FREQUENCY" value="2" />
  </node>
  <node id="PEOPLE">
    <attribute name="FREQUENCY" value="2" />
  </node>
  <node id="PERTAINED">
    <attribute name="FREQUENCY" value="1" />
  </node>
  <node id="PM">
    <attribute name="FREQUENCY" value="1" />
  </node>
  <node id="POLITIC">
    <attribute name="FREQUENCY" value="4" />
  </node>
  <node id="POVERTY">
    <attribute name="FREQUENCY" value="1" />
  </node>
  <node id="PREEMIES">
    <attribute name="FREQUENCY" value="4" />
  </node>
  <node id="PROBLEMS">
    <attribute name="FREQUENCY" value="6" />
  </node>
  <node id="QUESTIONS">
    <attribute name="FREQUENCY" value="3" />
  </node>
  <node id="RE-EXAMINING">
    <attribute name="FREQUENCY" value="4" />
  </node>
  <node id="READINESS">
    <attribute name="FREQUENCY" value="1" />
  </node>
  <node id="READY">
    <attribute name="FREQUENCY" value="1" />
  </node>
  <node id="RECOMMEND">
    <attribute name="FREQUENCY" value="1" />
  </node>
  <node id="REPEAT">
    <attribute name="FREQUENCY" value="3" />
  </node>
  <node id="REPORT">
    <attribute name="FREQUENCY" value="2" />
  </node>
  <node id="REPORTED">
    <attribute name="FREQUENCY" value="1" />
  </node>
  <node id="RESEARCHERS">
    <attribute name="FREQUENCY" value="3" />
  </node>
  <node id="RETAINED">
    <attribute name="FREQUENCY" value="1" />
  </node>
  <node id="RETENTION">
    <attribute name="FREQUENCY" value="2" />
  </node>
  <node id="REUTERS">
    <attribute name="FREQUENCY" value="2" />
  </node>
  <node id="REVIEWED">
    <attribute name="FREQUENCY" value="1" />
  </node>
  <node id="RISK">
    <attribute name="FREQUENCY" value="2" />
  </node>
  <node id="ROBERT">
    <attribute name="FREQUENCY" value="1" />
  </node>
  <node id="ROCHESTER">
    <attribute name="FREQUENCY" value="2" />
  </node>
  <node id="SCHOOL">
    <attribute name="FREQUENCY" value="15" />
  </node>
  <node id="SCORE">
    <attribute name="FREQUENCY" value="1" />
  </node>
  <node id="SCOREBOARD">
    <attribute name="FREQUENCY" value="4" />
  </node>
  <node id="SCORED">
    <attribute name="FREQUENCY" value="1" />
  </node>
  <node id="SOURCE">
    <attribute name="FREQUENCY" value="1" />
  </node>
  <node id="SPORT">
    <attribute name="FREQUENCY" value="4" />
  </node>
  <node id="STANDARDIZED">
    <attribute name="FREQUENCY" value="1" />
  </node>
  <node id="START">
    <attribute name="FREQUENCY" value="1" />
  </node>
  <node id="STARTED">
    <attribute name="FREQUENCY" value="1" />
  </node>
  <node id="STATES">
    <attribute name="FREQUENCY" value="1" />
  </node>
  <node id="STATUS">
    <attribute name="FREQUENCY" value="1" />
  </node>
  <node id="STORIES">
    <attribute name="FREQUENCY" value="1" />
  </node>
  <node id="STORY">
    <attribute name="FREQUENCY" value="4" />
  </node>
  <node id="STRONGLY">
    <attribute name="FREQUENCY" value="1" />
  </node>
  <node id="STRUCTURE">
    <attribute name="FREQUENCY" value="1" />
  </node>
  <node id="STUDENTS">
    <attribute name="FREQUENCY" value="2" />
  </node>
  <node id="STUDY">
    <attribute name="FREQUENCY" value="4" />
  </node>
  <node id="SUDDEN">
    <attribute name="FREQUENCY" value="1" />
  </node>
  <node id="SUGGESTS">
    <attribute name="FREQUENCY" value="1" />
  </node>
  <node id="SURVEY">
    <attribute name="FREQUENCY" value="1" />
  </node>
  <node id="TECH">
    <attribute name="FREQUENCY" value="4" />
  </node>
  <node id="TEMPER">
    <attribute name="FREQUENCY" value="1" />
  </node>
  <node id="TEXT">
    <attribute name="FREQUENCY" value="1" />
  </node>
  <node id="THRIVES">
    <attribute name="FREQUENCY" value="4" />
  </node>
  <node id="TUESDAY">
    <attribute name="FREQUENCY" value="1" />
  </node>
  <node id="UNITED">
    <attribute name="FREQUENCY" value="1" />
  </node>
  <node id="WRITE">
    <attribute name="FREQUENCY" value="3" />
  </node>
  <node id="YAHOO">
    <attribute name="FREQUENCY" value="4" />
  </node>
  <node id="YEAR">
    <attribute name="FREQUENCY" value="4" />
  </node>
  <node id="YORK">
    <attribute name="FREQUENCY" value="2" />
  </node>
  <node id="YOUNG">
    <attribute name="FREQUENCY" value="2" />
  </node>
  <node id="YOUNGER">
    <attribute name="FREQUENCY" value="1" />
  </node>
  <node id="YOUNGEST">
    <attribute name="FREQUENCY" value="1" />
  </node>
  <edge from="ADMISSION" to="CRITERIA">
    <attribute name="TEXT" value="2" />
    <attribute name="LINKS" value="2" />
  </edge>
  <edge from="ADMISSION" to="CRITERIA">
    <attribute name="TEXT" value="2" />
    <attribute name="LINKS" value="2" />
  </edge>
  <edge from="ADVERSELY" to="AFFECT">
    <attribute name="TEXT" value="1" />
  </edge>
  <edge from="AFFECT" to="CHILDREN">
    <attribute name="TEXT" value="1" />
  </edge>
  <edge from="AFRICAN" to="ANCESTRY">
    <attribute name="TEXT" value="1" />
  </edge>
  <edge from="AUTHOR" to="FOCUSED">
    <attribute name="TEXT" value="1" />
  </edge>
  <edge from="BEHAVIOR" to="PROBLEMS">
    <attribute name="TEXT" value="6" />
  </edge>
  <edge from="BEHAVIOR" to="RISK">
    <attribute name="TEXT" value="1" />
    <attribute name="KEYWORDS" value="1" />
  </edge>
  <edge from="BEHAVIOR" to="RISK">
    <attribute name="TEXT" value="1" />
    <attribute name="KEYWORDS" value="1" />
  </edge>
  <edge from="BIRTHDAY" to="FELL">
    <attribute name="TEXT" value="1" />
  </edge>
  <edge from="BPI" to="SCORE">
    <attribute name="TEXT" value="1" />
  </edge>
  <edge from="CAUCASIAN" to="CHILDREN">
    <attribute name="TEXT" value="1" />
  </edge>
  <edge from="CHEATING" to="LYING">
    <attribute name="TEXT" value="1" />
  </edge>
  <edge from="CHILD" to="BIRTHDAY">
    <attribute name="TEXT" value="1" />
  </edge>
  <edge from="CHILD" to="READINESS">
    <attribute name="TEXT" value="1" />
  </edge>
  <edge from="CHILDREN" to="AGE">
    <attribute name="TEXT" value="1" />
  </edge>
  <edge from="CHILDREN" to="BEHAVIOR">
    <attribute name="TEXT" value="1" />
  </edge>
  <edge from="CHILDREN" to="START">
    <attribute name="TEXT" value="1" />
  </edge>
  <edge from="CRY" to="CHEATING">
    <attribute name="TEXT" value="1" />
  </edge>
  <edge from="DELAYED" to="SCHOOL">
    <attribute name="TEXT" value="3" />
    <attribute name="KEYWORDS" value="2" />
  </edge>
  <edge from="DELAYED" to="SCHOOL">
    <attribute name="TEXT" value="3" />
    <attribute name="KEYWORDS" value="2" />
  </edge>
  <edge from="DISCUSS" to="CHILD">
    <attribute name="TEXT" value="1" />
  </edge>
  <edge from="ENTER" to="SCHOOL">
    <attribute name="TEXT" value="1" />
  </edge>
  <edge from="EXCESSIVE" to="CRY">
    <attribute name="TEXT" value="1" />
  </edge>
  <edge from="EXPERIENCED" to="GRADE">
    <attribute name="TEXT" value="1" />
  </edge>
  <edge from="EXTREME" to="BPI">
    <attribute name="TEXT" value="1" />
  </edge>
  <edge from="EXTREMELY" to="HIGH">
    <attribute name="TEXT" value="1" />
  </edge>
  <edge from="FAMILY" to="STRUCTURE">
    <attribute name="TEXT" value="1" />
  </edge>
  <edge from="FINDINGS" to="PERTAINED">
    <attribute name="TEXT" value="1" />
  </edge>
  <edge from="GENERAL" to="HOSPITAL">
    <attribute name="TEXT" value="1" />
  </edge>
  <edge from="GRADE" to="RETENTION">
    <attribute name="TEXT" value="2" />
  </edge>
  <edge from="GRADE-RETAINED" to="SCORED">
    <attribute name="TEXT" value="1" />
  </edge>
  <edge from="HEALTH" to="INTERVIEW">
    <attribute name="TEXT" value="1" />
  </edge>
  <edge from="HEALTH" to="STORIES">
    <attribute name="TEXT" value="1" />
  </edge>
  <edge from="INTERVIEW" to="SURVEY">
    <attribute name="TEXT" value="1" />
  </edge>
  <edge from="JOURNAL" to="PEDIATRICS">
    <attribute name="TEXT" value="1" />
  </edge>
  <edge from="LIFELONG" to="IMPACT">
    <attribute name="TEXT" value="1" />
  </edge>
  <edge from="LYING" to="LOS">
    <attribute name="TEXT" value="1" />
  </edge>
  <edge from="MED" to="SCHOOL">
    <attribute name="TEXT" value="2" />
    <attribute name="LINKS" value="2" />
  </edge>
  <edge from="MED" to="SCHOOL">
    <attribute name="TEXT" value="2" />
    <attribute name="LINKS" value="2" />
  </edge>
  <edge from="MONTH" to="OLDER">
    <attribute name="TEXT" value="2" />
  </edge>
  <edge from="NATIONAL" to="HEALTH">
    <attribute name="TEXT" value="1" />
  </edge>
  <edge from="NON-RETAINED" to="STUDENTS">
    <attribute name="TEXT" value="1" />
  </edge>
  <edge from="OCTOBER" to="ISSUE">
    <attribute name="TEXT" value="1" />
  </edge>
  <edge from="OLD-FOR-GRADE" to="STATUS">
    <attribute name="TEXT" value="1" />
  </edge>
  <edge from="PARENTS" to="CONSIDER">
    <attribute name="TEXT" value="1" />
  </edge>
  <edge from="PM" to="EDT">
    <attribute name="TEXT" value="1" />
  </edge>
  <edge from="PREEMIES" to="THRIVES">
    <attribute name="TEXT" value="4" />
    <attribute name="LINKS" value="4" />
  </edge>
  <edge from="PREEMIES" to="THRIVES">
    <attribute name="TEXT" value="4" />
    <attribute name="LINKS" value="4" />
  </edge>
  <edge from="RE-EXAMINING" to="MED">
    <attribute name="TEXT" value="2" />
    <attribute name="LINKS" value="2" />
  </edge>
  <edge from="RE-EXAMINING" to="MED">
    <attribute name="TEXT" value="2" />
    <attribute name="LINKS" value="2" />
  </edge>
  <edge from="RECOMMEND" to="PEDIATRICIANS">
    <attribute name="TEXT" value="1" />
  </edge>
  <edge from="REPEAT" to="YEAR">
    <attribute name="TEXT" value="3" />
  </edge>
  <edge from="REPORT" to="NOTES">
    <attribute name="TEXT" value="1" />
  </edge>
  <edge from="REPORTED" to="BEHAVIOR">
    <attribute name="TEXT" value="1" />
  </edge>
  <edge from="RESEARCHERS" to="LED">
    <attribute name="TEXT" value="1" />
  </edge>
  <edge from="RESEARCHERS" to="RECOMMEND">
    <attribute name="TEXT" value="1" />
  </edge>
  <edge from="RETAINED" to="GRADE">
    <attribute name="TEXT" value="1" />
  </edge>
  <edge from="REUTERS" to="LIMITED">
    <attribute name="TEXT" value="1" />
  </edge>
  <edge from="REVIEWED" to="DATA">
    <attribute name="TEXT" value="1" />
  </edge>
  <edge from="ROCHESTER" to="GENERAL">
    <attribute name="TEXT" value="1" />
  </edge>
  <edge from="SCHOOL" to="ADMISSION">
    <attribute name="TEXT" value="2" />
    <attribute name="LINKS" value="2" />
  </edge>
  <edge from="SCHOOL" to="ADMISSION">
    <attribute name="TEXT" value="2" />
    <attribute name="LINKS" value="2" />
  </edge>
  <edge from="SCHOOL" to="BEHAVIOR">
    <attribute name="TEXT" value="2" />
    <attribute name="KEYWORDS" value="2" />
  </edge>
  <edge from="SCHOOL" to="BEHAVIOR">
    <attribute name="TEXT" value="2" />
    <attribute name="KEYWORDS" value="2" />
  </edge>
  <edge from="SCHOOL" to="ENTRY">
    <attribute name="TEXT" value="1" />
  </edge>
  <edge from="SCHOOL" to="GRADE">
    <attribute name="TEXT" value="1" />
  </edge>
  <edge from="SCHOOL" to="LATE">
    <attribute name="TEXT" value="1" />
  </edge>
  <edge from="SCORED" to="EXTREMELY">
    <attribute name="TEXT" value="1" />
  </edge>
  <edge from="STANDARDIZED" to="BEHAVIOR">
    <attribute name="TEXT" value="1" />
  </edge>
  <edge from="STARTED" to="SCHOOL">
    <attribute name="TEXT" value="1" />
  </edge>
  <edge from="STORIES" to="BEHAVIOR">
    <attribute name="TEXT" value="1" />
  </edge>
  <edge from="STUDY" to="AUTHOR">
    <attribute name="TEXT" value="2" />
  </edge>
  <edge from="STUDY" to="SUGGESTS">
    <attribute name="TEXT" value="1" />
  </edge>
  <edge from="SUDDEN" to="MOOD">
    <attribute name="TEXT" value="1" />
  </edge>
  <edge from="TEXT" to="HEADLINES">
    <attribute name="TEXT" value="1" />
  </edge>
  <edge from="TUESDAY" to="OCTOBER">
    <attribute name="TEXT" value="1" />
  </edge>
  <edge from="UNITED" to="STATES">
    <attribute name="TEXT" value="1" />
  </edge>
  <edge from="WRITE" to="RESEARCHERS">
    <attribute name="TEXT" value="1" />
  </edge>
  <edge from="YEAR" to="OLDS">
    <attribute name="TEXT" value="1" />
  </edge>
  <edge from="YOUNG" to="PEOPLE">
    <attribute name="TEXT" value="2" />
  </edge>
  <edge from="YOUNGER" to="CLASSMATES">
    <attribute name="TEXT" value="1" />
  </edge>
</graph>
