<graph>
  <node id="ABSENCE">
    <attribute name="FREQUENCY" value="1" />
  </node>
  <node id="ACCOMPANYING">
    <attribute name="FREQUENCY" value="1" />
  </node>
  <node id="ADDITION">
    <attribute name="FREQUENCY" value="1" />
  </node>
  <node id="ADVICE">
    <attribute name="FREQUENCY" value="4" />
  </node>
  <node id="AGGRESSIVE">
    <attribute name="FREQUENCY" value="1" />
  </node>
  <node id="AMERICAN">
    <attribute name="FREQUENCY" value="2" />
  </node>
  <node id="ANTIDEPRESSANT">
    <attribute name="FREQUENCY" value="4" />
  </node>
  <node id="ASPECTS">
    <attribute name="FREQUENCY" value="1" />
  </node>
  <node id="ASSESSMENT">
    <attribute name="FREQUENCY" value="1" />
  </node>
  <node id="ASSISTANT">
    <attribute name="FREQUENCY" value="1" />
  </node>
  <node id="ASSOCIATION">
    <attribute name="FREQUENCY" value="2" />
  </node>
  <node id="ASSUME">
    <attribute name="FREQUENCY" value="1" />
  </node>
  <node id="BELIEVES">
    <attribute name="FREQUENCY" value="1" />
  </node>
  <node id="BIZ">
    <attribute name="FREQUENCY" value="4" />
  </node>
  <node id="CALIFORNIA">
    <attribute name="FREQUENCY" value="4" />
  </node>
  <node id="CALL">
    <attribute name="FREQUENCY" value="1" />
  </node>
  <node id="CARE">
    <attribute name="FREQUENCY" value="20" />
  </node>
  <node id="CHALLENGE">
    <attribute name="FREQUENCY" value="1" />
  </node>
  <node id="CHEAPER">
    <attribute name="FREQUENCY" value="1" />
  </node>
  <node id="CLINICIANS">
    <attribute name="FREQUENCY" value="1" />
  </node>
  <node id="CO-AUTHOR">
    <attribute name="FREQUENCY" value="1" />
  </node>
  <node id="COMMENTS">
    <attribute name="FREQUENCY" value="2" />
  </node>
  <node id="COMMON">
    <attribute name="FREQUENCY" value="1" />
  </node>
  <node id="COMMUNICATIONS">
    <attribute name="FREQUENCY" value="1" />
  </node>
  <node id="COMPARED">
    <attribute name="FREQUENCY" value="1" />
  </node>
  <node id="CONCERNED">
    <attribute name="FREQUENCY" value="1" />
  </node>
  <node id="CONCLUDE">
    <attribute name="FREQUENCY" value="1" />
  </node>
  <node id="CONSIDER">
    <attribute name="FREQUENCY" value="1" />
  </node>
  <node id="COST">
    <attribute name="FREQUENCY" value="3" />
  </node>
  <node id="CRITICAL">
    <attribute name="FREQUENCY" value="1" />
  </node>
  <node id="CRITICALLY">
    <attribute name="FREQUENCY" value="2" />
  </node>
  <node id="CURRENT">
    <attribute name="FREQUENCY" value="1" />
  </node>
  <node id="CURTAIL">
    <attribute name="FREQUENCY" value="1" />
  </node>
  <node id="CURTIS">
    <attribute name="FREQUENCY" value="2" />
  </node>
  <node id="DAY">
    <attribute name="FREQUENCY" value="3" />
  </node>
  <node id="DEATH">
    <attribute name="FREQUENCY" value="3" />
  </node>
  <node id="DECISION">
    <attribute name="FREQUENCY" value="1" />
  </node>
  <node id="DELIVER">
    <attribute name="FREQUENCY" value="1" />
  </node>
  <node id="DEPARTMENT">
    <attribute name="FREQUENCY" value="1" />
  </node>
  <node id="DIES">
    <attribute name="FREQUENCY" value="2" />
  </node>
  <node id="DIFFERENCE">
    <attribute name="FREQUENCY" value="1" />
  </node>
  <node id="DISAGREE">
    <attribute name="FREQUENCY" value="1" />
  </node>
  <node id="DISCHARGE">
    <attribute name="FREQUENCY" value="2" />
  </node>
  <node id="DISTINGUISH">
    <attribute name="FREQUENCY" value="1" />
  </node>
  <node id="DRS">
    <attribute name="FREQUENCY" value="1" />
  </node>
  <node id="DYING">
    <attribute name="FREQUENCY" value="2" />
  </node>
  <node id="EARLIER">
    <attribute name="FREQUENCY" value="1" />
  </node>
  <node id="EDITORIAL">
    <attribute name="FREQUENCY" value="1" />
  </node>
  <node id="EDT">
    <attribute name="FREQUENCY" value="1" />
  </node>
  <node id="EFFECT">
    <attribute name="FREQUENCY" value="1" />
  </node>
  <node id="EFFECTIVE">
    <attribute name="FREQUENCY" value="2" />
  </node>
  <node id="EFFECTIVENESS">
    <attribute name="FREQUENCY" value="2" />
  </node>
  <node id="ELDERLY">
    <attribute name="FREQUENCY" value="5" />
  </node>
  <node id="EMPHASIS">
    <attribute name="FREQUENCY" value="1" />
  </node>
  <node id="ENCOURAGE">
    <attribute name="FREQUENCY" value="1" />
  </node>
  <node id="END">
    <attribute name="FREQUENCY" value="2" />
  </node>
  <node id="END-OF-LIFE">
    <attribute name="FREQUENCY" value="2" />
  </node>
  <node id="ENROLLEES">
    <attribute name="FREQUENCY" value="1" />
  </node>
  <node id="ENTERTAIN">
    <attribute name="FREQUENCY" value="4" />
  </node>
  <node id="EXERCISE">
    <attribute name="FREQUENCY" value="4" />
  </node>
  <node id="EXPENSIVE">
    <attribute name="FREQUENCY" value="2" />
  </node>
  <node id="EXPERIENCE">
    <attribute name="FREQUENCY" value="1" />
  </node>
  <node id="FACT">
    <attribute name="FREQUENCY" value="1" />
  </node>
  <node id="FAILURE">
    <attribute name="FREQUENCY" value="1" />
  </node>
  <node id="FAMILIES">
    <attribute name="FREQUENCY" value="2" />
  </node>
  <node id="FAMILY">
    <attribute name="FREQUENCY" value="1" />
  </node>
  <node id="FEE-FOR-SERVICE">
    <attribute name="FREQUENCY" value="3" />
  </node>
  <node id="FINANCIAL">
    <attribute name="FREQUENCY" value="1" />
  </node>
  <node id="FINDINGS">
    <attribute name="FREQUENCY" value="2" />
  </node>
  <node id="FULL-COURT">
    <attribute name="FREQUENCY" value="1" />
  </node>
  <node id="GORDON">
    <attribute name="FREQUENCY" value="1" />
  </node>
  <node id="HANGING">
    <attribute name="FREQUENCY" value="1" />
  </node>
  <node id="HARD">
    <attribute name="FREQUENCY" value="1" />
  </node>
  <node id="HEADLINES">
    <attribute name="FREQUENCY" value="1" />
  </node>
  <node id="HEALTH">
    <attribute name="FREQUENCY" value="7" />
  </node>
  <node id="HELPS">
    <attribute name="FREQUENCY" value="4" />
  </node>
  <node id="HMO">
    <attribute name="FREQUENCY" value="12" />
  </node>
  <node id="HOSPITAL">
    <attribute name="FREQUENCY" value="2" />
  </node>
  <node id="HOSPITALIZATION">
    <attribute name="FREQUENCY" value="1" />
  </node>
  <node id="HTML">
    <attribute name="FREQUENCY" value="1" />
  </node>
  <node id="ICU">
    <attribute name="FREQUENCY" value="1" />
  </node>
  <node id="IDENTIFY">
    <attribute name="FREQUENCY" value="1" />
  </node>
  <node id="IGNORE">
    <attribute name="FREQUENCY" value="1" />
  </node>
  <node id="IMPACT">
    <attribute name="FREQUENCY" value="1" />
  </node>
  <node id="IMPROVE">
    <attribute name="FREQUENCY" value="1" />
  </node>
  <node id="INCENTIVES">
    <attribute name="FREQUENCY" value="1" />
  </node>
  <node id="INCREASE">
    <attribute name="FREQUENCY" value="2" />
  </node>
  <node id="INEFFECTIVE">
    <attribute name="FREQUENCY" value="8" />
  </node>
  <node id="INFO">
    <attribute name="FREQUENCY" value="2" />
  </node>
  <node id="INFORMED">
    <attribute name="FREQUENCY" value="1" />
  </node>
  <node id="INTENSIVE">
    <attribute name="FREQUENCY" value="3" />
  </node>
  <node id="ISSUE">
    <attribute name="FREQUENCY" value="1" />
  </node>
  <node id="JOB">
    <attribute name="FREQUENCY" value="1" />
  </node>
  <node id="JOURNAL">
    <attribute name="FREQUENCY" value="2" />
  </node>
  <node id="LANG">
    <attribute name="FREQUENCY" value="1" />
  </node>
  <node id="LENERT">
    <attribute name="FREQUENCY" value="4" />
  </node>
  <node id="LESLIE">
    <attribute name="FREQUENCY" value="2" />
  </node>
  <node id="LIFE">
    <attribute name="FREQUENCY" value="2" />
  </node>
  <node id="LIFE-SAVING">
    <attribute name="FREQUENCY" value="2" />
  </node>
  <node id="LIGHT">
    <attribute name="FREQUENCY" value="1" />
  </node>
  <node id="LIKELIHOOD">
    <attribute name="FREQUENCY" value="1" />
  </node>
  <node id="LIMIT">
    <attribute name="FREQUENCY" value="9" />
  </node>
  <node id="LIMITED">
    <attribute name="FREQUENCY" value="1" />
  </node>
  <node id="LOT">
    <attribute name="FREQUENCY" value="1" />
  </node>
  <node id="LOWER">
    <attribute name="FREQUENCY" value="1" />
  </node>
  <node id="MAINTENANCE">
    <attribute name="FREQUENCY" value="1" />
  </node>
  <node id="MANAGED">
    <attribute name="FREQUENCY" value="3" />
  </node>
  <node id="MEASURE">
    <attribute name="FREQUENCY" value="1" />
  </node>
  <node id="MEDICAL">
    <attribute name="FREQUENCY" value="3" />
  </node>
  <node id="MEDICARE">
    <attribute name="FREQUENCY" value="3" />
  </node>
  <node id="MEDICINE">
    <attribute name="FREQUENCY" value="3" />
  </node>
  <node id="MEMBERS">
    <attribute name="FREQUENCY" value="2" />
  </node>
  <node id="MINIMAL">
    <attribute name="FREQUENCY" value="1" />
  </node>
  <node id="MOLECULAR">
    <attribute name="FREQUENCY" value="1" />
  </node>
  <node id="MORTALITY">
    <attribute name="FREQUENCY" value="1" />
  </node>
  <node id="NECESSARILY">
    <attribute name="FREQUENCY" value="1" />
  </node>
  <node id="NEWS">
    <attribute name="FREQUENCY" value="4" />
  </node>
  <node id="NON-HMOS">
    <attribute name="FREQUENCY" value="1" />
  </node>
  <node id="NUTRITION">
    <attribute name="FREQUENCY" value="4" />
  </node>
  <node id="ORGANIZATION">
    <attribute name="FREQUENCY" value="1" />
  </node>
  <node id="OUTCOME">
    <attribute name="FREQUENCY" value="1" />
  </node>
  <node id="PATIENTS">
    <attribute name="FREQUENCY" value="9" />
  </node>
  <node id="PEERS">
    <attribute name="FREQUENCY" value="1" />
  </node>
  <node id="PEOPLE">
    <attribute name="FREQUENCY" value="1" />
  </node>
  <node id="PERCENTILE">
    <attribute name="FREQUENCY" value="1" />
  </node>
  <node id="PHARMACOLOGY">
    <attribute name="FREQUENCY" value="1" />
  </node>
  <node id="PHYSICIANS">
    <attribute name="FREQUENCY" value="3" />
  </node>
  <node id="PIC">
    <attribute name="FREQUENCY" value="1" />
  </node>
  <node id="PLANS">
    <attribute name="FREQUENCY" value="2" />
  </node>
  <node id="PM">
    <attribute name="FREQUENCY" value="6" />
  </node>
  <node id="POLITIC">
    <attribute name="FREQUENCY" value="4" />
  </node>
  <node id="POSSIBILITY">
    <attribute name="FREQUENCY" value="1" />
  </node>
  <node id="POTENTIALLY">
    <attribute name="FREQUENCY" value="3" />
  </node>
  <node id="PRESS">
    <attribute name="FREQUENCY" value="1" />
  </node>
  <node id="PROFESSOR">
    <attribute name="FREQUENCY" value="1" />
  </node>
  <node id="PROVIDE">
    <attribute name="FREQUENCY" value="1" />
  </node>
  <node id="QUALITY">
    <attribute name="FREQUENCY" value="2" />
  </node>
  <node id="QUESTIONS">
    <attribute name="FREQUENCY" value="2" />
  </node>
  <node id="RANDALL">
    <attribute name="FREQUENCY" value="1" />
  </node>
  <node id="RECEIVE">
    <attribute name="FREQUENCY" value="1" />
  </node>
  <node id="RECEIVED">
    <attribute name="FREQUENCY" value="1" />
  </node>
  <node id="REDUCE">
    <attribute name="FREQUENCY" value="1" />
  </node>
  <node id="RELATED">
    <attribute name="FREQUENCY" value="1" />
  </node>
  <node id="REPORT">
    <attribute name="FREQUENCY" value="3" />
  </node>
  <node id="REPORTED">
    <attribute name="FREQUENCY" value="1" />
  </node>
  <node id="RESEARCHERS">
    <attribute name="FREQUENCY" value="1" />
  </node>
  <node id="RESOURCES">
    <attribute name="FREQUENCY" value="2" />
  </node>
  <node id="REUTERS">
    <attribute name="FREQUENCY" value="2" />
  </node>
  <node id="RUBENFELD">
    <attribute name="FREQUENCY" value="2" />
  </node>
  <node id="SCHOOL">
    <attribute name="FREQUENCY" value="1" />
  </node>
  <node id="SCOREBOARD">
    <attribute name="FREQUENCY" value="4" />
  </node>
  <node id="SEATTLE">
    <attribute name="FREQUENCY" value="1" />
  </node>
  <node id="SEP">
    <attribute name="FREQUENCY" value="1" />
  </node>
  <node id="SEPTEMBER">
    <attribute name="FREQUENCY" value="1" />
  </node>
  <node id="SEVERE">
    <attribute name="FREQUENCY" value="4" />
  </node>
  <node id="SLIGHTLY">
    <attribute name="FREQUENCY" value="1" />
  </node>
  <node id="SOURCE">
    <attribute name="FREQUENCY" value="1" />
  </node>
  <node id="SPORT">
    <attribute name="FREQUENCY" value="4" />
  </node>
  <node id="STANFORD">
    <attribute name="FREQUENCY" value="2" />
  </node>
  <node id="STATES">
    <attribute name="FREQUENCY" value="1" />
  </node>
  <node id="STEP">
    <attribute name="FREQUENCY" value="1" />
  </node>
  <node id="STOP">
    <attribute name="FREQUENCY" value="1" />
  </node>
  <node id="STORIES">
    <attribute name="FREQUENCY" value="2" />
  </node>
  <node id="STORY">
    <attribute name="FREQUENCY" value="4" />
  </node>
  <node id="STUDY">
    <attribute name="FREQUENCY" value="3" />
  </node>
  <node id="SURVEY">
    <attribute name="FREQUENCY" value="1" />
  </node>
  <node id="SURVEYED">
    <attribute name="FREQUENCY" value="1" />
  </node>
  <node id="SURVIVAL">
    <attribute name="FREQUENCY" value="1" />
  </node>
  <node id="TALK">
    <attribute name="FREQUENCY" value="1" />
  </node>
  <node id="TECH">
    <attribute name="FREQUENCY" value="4" />
  </node>
  <node id="TECHNOLOGY">
    <attribute name="FREQUENCY" value="1" />
  </node>
  <node id="TEXT">
    <attribute name="FREQUENCY" value="1" />
  </node>
  <node id="TH">
    <attribute name="FREQUENCY" value="1" />
  </node>
  <node id="THROUGHOUT">
    <attribute name="FREQUENCY" value="1" />
  </node>
  <node id="TOTAL">
    <attribute name="FREQUENCY" value="2" />
  </node>
  <node id="TOUGH">
    <attribute name="FREQUENCY" value="1" />
  </node>
  <node id="TRADITIONAL">
    <attribute name="FREQUENCY" value="2" />
  </node>
  <node id="TREATMENT">
    <attribute name="FREQUENCY" value="6" />
  </node>
  <node id="TUBES">
    <attribute name="FREQUENCY" value="1" />
  </node>
  <node id="TUE">
    <attribute name="FREQUENCY" value="1" />
  </node>
  <node id="UNIT">
    <attribute name="FREQUENCY" value="3" />
  </node>
  <node id="UNIVERSITY">
    <attribute name="FREQUENCY" value="2" />
  </node>
  <node id="UNNECESSARY">
    <attribute name="FREQUENCY" value="1" />
  </node>
  <node id="WASHINGTON">
    <attribute name="FREQUENCY" value="1" />
  </node>
  <node id="WEDNESDAY">
    <attribute name="FREQUENCY" value="1" />
  </node>
  <node id="WEEK">
    <attribute name="FREQUENCY" value="1" />
  </node>
  <node id="WHOVE">
    <attribute name="FREQUENCY" value="1" />
  </node>
  <node id="WORK">
    <attribute name="FREQUENCY" value="1" />
  </node>
  <node id="WORSE">
    <attribute name="FREQUENCY" value="1" />
  </node>
  <node id="WRITE">
    <attribute name="FREQUENCY" value="4" />
  </node>
  <node id="YAHOO">
    <attribute name="FREQUENCY" value="4" />
  </node>
  <node id="YEAR">
    <attribute name="FREQUENCY" value="1" />
  </node>
  <node id="YORK">
    <attribute name="FREQUENCY" value="1" />
  </node>
  <edge from="ACCOMPANYING" to="EDITORIAL">
    <attribute name="TEXT" value="1" />
  </edge>
  <edge from="AGGRESSIVE" to="LIFE-SAVING">
    <attribute name="TEXT" value="1" />
  </edge>
  <edge from="AMERICAN" to="MEDICAL">
    <attribute name="TEXT" value="2" />
  </edge>
  <edge from="ANTIDEPRESSANT" to="HELPS">
    <attribute name="TEXT" value="2" />
    <attribute name="LINKS" value="2" />
  </edge>
  <edge from="ANTIDEPRESSANT" to="HELPS">
    <attribute name="TEXT" value="2" />
    <attribute name="LINKS" value="2" />
  </edge>
  <edge from="ASSISTANT" to="PROFESSOR">
    <attribute name="TEXT" value="1" />
  </edge>
  <edge from="CALIFORNIA" to="INTENSIVE">
    <attribute name="TEXT" value="1" />
  </edge>
  <edge from="CALIFORNIA" to="RECEIVED">
    <attribute name="TEXT" value="1" />
  </edge>
  <edge from="CALL" to="FULL-COURT">
    <attribute name="TEXT" value="1" />
  </edge>
  <edge from="CARE" to="MANAGED">
    <attribute name="TEXT" value="1" />
  </edge>
  <edge from="CARE" to="UNIT">
    <attribute name="TEXT" value="3" />
  </edge>
  <edge from="CHEAPER" to="DEATH">
    <attribute name="TEXT" value="1" />
  </edge>
  <edge from="COST" to="REPORT">
    <attribute name="TEXT" value="1" />
  </edge>
  <edge from="CRITICAL" to="CARE">
    <attribute name="TEXT" value="1" />
  </edge>
  <edge from="CURRENT" to="MEDICAL">
    <attribute name="TEXT" value="1" />
  </edge>
  <edge from="CURTAIL" to="UNNECESSARY">
    <attribute name="TEXT" value="1" />
  </edge>
  <edge from="DAY" to="MORTALITY">
    <attribute name="TEXT" value="1" />
  </edge>
  <edge from="DAY" to="SURVIVAL">
    <attribute name="TEXT" value="1" />
  </edge>
  <edge from="DELIVER" to="CARE">
    <attribute name="TEXT" value="1" />
  </edge>
  <edge from="DISTINGUISH" to="PATIENTS">
    <attribute name="TEXT" value="1" />
  </edge>
  <edge from="EARLIER" to="RELATED">
    <attribute name="TEXT" value="1" />
  </edge>
  <edge from="EDITORIAL" to="DRS">
    <attribute name="TEXT" value="1" />
  </edge>
  <edge from="EFFECTIVE" to="COMMUNICATIONS">
    <attribute name="TEXT" value="1" />
  </edge>
  <edge from="EFFECTIVE" to="LIFE-SAVING">
    <attribute name="TEXT" value="1" />
  </edge>
  <edge from="END-OF-LIFE" to="CARE">
    <attribute name="TEXT" value="1" />
  </edge>
  <edge from="END-OF-LIFE" to="TREATMENT">
    <attribute name="TEXT" value="1" />
  </edge>
  <edge from="ENROLLEES" to="THROUGHOUT">
    <attribute name="TEXT" value="1" />
  </edge>
  <edge from="EXERCISE" to="ADVICE">
    <attribute name="TEXT" value="2" />
    <attribute name="LINKS" value="2" />
  </edge>
  <edge from="EXERCISE" to="ADVICE">
    <attribute name="TEXT" value="2" />
    <attribute name="LINKS" value="2" />
  </edge>
  <edge from="EXPENSIVE" to="CARE">
    <attribute name="TEXT" value="1" />
  </edge>
  <edge from="EXPENSIVE" to="INEFFECTIVE">
    <attribute name="TEXT" value="1" />
  </edge>
  <edge from="FEE-FOR-SERVICE" to="HEALTH">
    <attribute name="TEXT" value="2" />
  </edge>
  <edge from="FEE-FOR-SERVICE" to="PEERS">
    <attribute name="TEXT" value="1" />
  </edge>
  <edge from="FINANCIAL" to="INCENTIVES">
    <attribute name="TEXT" value="1" />
  </edge>
  <edge from="FINDINGS" to="REPORTED">
    <attribute name="TEXT" value="1" />
  </edge>
  <edge from="FULL-COURT" to="PRESS">
    <attribute name="TEXT" value="1" />
  </edge>
  <edge from="GORDON" to="RUBENFELD">
    <attribute name="TEXT" value="1" />
  </edge>
  <edge from="HARD" to="STEP">
    <attribute name="TEXT" value="1" />
  </edge>
  <edge from="HEALTH" to="MAINTENANCE">
    <attribute name="TEXT" value="1" />
  </edge>
  <edge from="HEALTH" to="PLANS">
    <attribute name="TEXT" value="2" />
  </edge>
  <edge from="HEALTH" to="STORIES">
    <attribute name="TEXT" value="1" />
  </edge>
  <edge from="HELPS" to="SEVERE">
    <attribute name="TEXT" value="2" />
    <attribute name="LINKS" value="2" />
  </edge>
  <edge from="HELPS" to="SEVERE">
    <attribute name="TEXT" value="2" />
    <attribute name="LINKS" value="2" />
  </edge>
  <edge from="HMO" to="ENROLLEES">
    <attribute name="TEXT" value="1" />
  </edge>
  <edge from="HMO" to="LIMIT">
    <attribute name="TEXT" value="6" />
    <attribute name="LINKS" value="3" />
    <attribute name="KEYWORDS" value="3" />
  </edge>
  <edge from="HMO" to="LIMIT">
    <attribute name="TEXT" value="6" />
    <attribute name="LINKS" value="3" />
    <attribute name="KEYWORDS" value="3" />
  </edge>
  <edge from="HMO" to="LIMIT">
    <attribute name="TEXT" value="6" />
    <attribute name="LINKS" value="3" />
    <attribute name="KEYWORDS" value="3" />
  </edge>
  <edge from="HMO" to="MEMBERS">
    <attribute name="TEXT" value="2" />
  </edge>
  <edge from="INEFFECTIVE" to="AGGRESSIVE">
    <attribute name="TEXT" value="1" />
  </edge>
  <edge from="INEFFECTIVE" to="CARE">
    <attribute name="TEXT" value="3" />
  </edge>
  <edge from="INFORMED" to="PATIENTS">
    <attribute name="TEXT" value="1" />
  </edge>
  <edge from="INTENSIVE" to="CARE">
    <attribute name="TEXT" value="3" />
  </edge>
  <edge from="LENERT" to="ASSISTANT">
    <attribute name="TEXT" value="1" />
  </edge>
  <edge from="LESLIE" to="LANG">
    <attribute name="TEXT" value="1" />
  </edge>
  <edge from="LESLIE" to="LENERT">
    <attribute name="TEXT" value="1" />
  </edge>
  <edge from="LIFE-SAVING" to="MEASURE">
    <attribute name="TEXT" value="1" />
  </edge>
  <edge from="LIFE-SAVING" to="TREATMENT">
    <attribute name="TEXT" value="1" />
  </edge>
  <edge from="LIMIT" to="CARE">
    <attribute name="TEXT" value="1" />
  </edge>
  <edge from="LIMIT" to="EXPENSIVE">
    <attribute name="TEXT" value="1" />
  </edge>
  <edge from="LIMIT" to="INEFFECTIVE">
    <attribute name="TEXT" value="1" />
    <attribute name="LINKS" value="1" />
  </edge>
  <edge from="LIMIT" to="INEFFECTIVE">
    <attribute name="TEXT" value="1" />
    <attribute name="LINKS" value="1" />
  </edge>
  <edge from="LIMIT" to="POTENTIALLY">
    <attribute name="TEXT" value="1" />
  </edge>
  <edge from="MAINTENANCE" to="ORGANIZATION">
    <attribute name="TEXT" value="1" />
  </edge>
  <edge from="MANAGED" to="CARE">
    <attribute name="TEXT" value="3" />
  </edge>
  <edge from="MEDICAL" to="ASSOCIATION">
    <attribute name="TEXT" value="2" />
  </edge>
  <edge from="MEDICAL" to="TECHNOLOGY">
    <attribute name="TEXT" value="1" />
  </edge>
  <edge from="MEDICARE" to="COST">
    <attribute name="TEXT" value="1" />
  </edge>
  <edge from="MEDICARE" to="PATIENTS">
    <attribute name="TEXT" value="2" />
  </edge>
  <edge from="MEDICINE" to="STANFORD">
    <attribute name="TEXT" value="1" />
  </edge>
  <edge from="MEMBERS" to="COMPARED">
    <attribute name="TEXT" value="1" />
  </edge>
  <edge from="MINIMAL" to="IMPACT">
    <attribute name="TEXT" value="1" />
  </edge>
  <edge from="MOLECULAR" to="PHARMACOLOGY">
    <attribute name="TEXT" value="1" />
  </edge>
  <edge from="PATIENTS" to="FAMILIES">
    <attribute name="TEXT" value="1" />
  </edge>
  <edge from="PEERS" to="STUDY">
    <attribute name="TEXT" value="1" />
  </edge>
  <edge from="PEOPLE" to="WHOVE">
    <attribute name="TEXT" value="1" />
  </edge>
  <edge from="PHYSICIANS" to="FINANCIAL">
    <attribute name="TEXT" value="1" />
  </edge>
  <edge from="PM" to="EDT">
    <attribute name="TEXT" value="1" />
  </edge>
  <edge from="POTENTIALLY" to="EFFECTIVE">
    <attribute name="TEXT" value="1" />
  </edge>
  <edge from="POTENTIALLY" to="INEFFECTIVE">
    <attribute name="TEXT" value="2" />
  </edge>
  <edge from="RANDALL" to="CURTIS">
    <attribute name="TEXT" value="1" />
  </edge>
  <edge from="RECEIVE" to="INEFFECTIVE">
    <attribute name="TEXT" value="1" />
  </edge>
  <edge from="RECEIVED" to="POTENTIALLY">
    <attribute name="TEXT" value="1" />
  </edge>
  <edge from="REDUCE" to="EXPENSIVE">
    <attribute name="TEXT" value="1" />
  </edge>
  <edge from="RELATED" to="STORIES">
    <attribute name="TEXT" value="1" />
  </edge>
  <edge from="REPORT" to="ASSESSMENT">
    <attribute name="TEXT" value="1" />
  </edge>
  <edge from="REPORT" to="TOTAL">
    <attribute name="TEXT" value="1" />
  </edge>
  <edge from="REUTERS" to="LIMITED">
    <attribute name="TEXT" value="1" />
  </edge>
  <edge from="RUBENFELD" to="CONCLUDE">
    <attribute name="TEXT" value="1" />
  </edge>
  <edge from="SEATTLE" to="DISAGREE">
    <attribute name="TEXT" value="1" />
  </edge>
  <edge from="SEVERE" to="PM">
    <attribute name="TEXT" value="4" />
    <attribute name="LINKS" value="4" />
  </edge>
  <edge from="SEVERE" to="PM">
    <attribute name="TEXT" value="4" />
    <attribute name="LINKS" value="4" />
  </edge>
  <edge from="STANFORD" to="CALIFORNIA">
    <attribute name="TEXT" value="1" />
  </edge>
  <edge from="STANFORD" to="UNIVERSITY">
    <attribute name="TEXT" value="1" />
  </edge>
  <edge from="STORIES" to="HMO">
    <attribute name="TEXT" value="1" />
  </edge>
  <edge from="STUDY" to="CO-AUTHOR">
    <attribute name="TEXT" value="1" />
  </edge>
  <edge from="SURVEYED" to="MEDICARE">
    <attribute name="TEXT" value="1" />
  </edge>
  <edge from="TEXT" to="HEADLINES">
    <attribute name="TEXT" value="1" />
  </edge>
  <edge from="TH" to="PERCENTILE">
    <attribute name="TEXT" value="1" />
  </edge>
  <edge from="TOTAL" to="COST">
    <attribute name="TEXT" value="1" />
  </edge>
  <edge from="TOUGH" to="DECISION">
    <attribute name="TEXT" value="1" />
  </edge>
  <edge from="TRADITIONAL" to="FEE-FOR-SERVICE">
    <attribute name="TEXT" value="2" />
  </edge>
  <edge from="TUBES" to="HANGING">
    <attribute name="TEXT" value="1" />
  </edge>
  <edge from="TUE" to="SEP">
    <attribute name="TEXT" value="1" />
  </edge>
  <edge from="UNIT" to="RESOURCES">
    <attribute name="TEXT" value="1" />
  </edge>
  <edge from="UNIVERSITY" to="SCHOOL">
    <attribute name="TEXT" value="1" />
  </edge>
  <edge from="UNNECESSARY" to="END-OF-LIFE">
    <attribute name="TEXT" value="1" />
  </edge>
  <edge from="WEDNESDAY" to="SEPTEMBER">
    <attribute name="TEXT" value="1" />
  </edge>
</graph>
