<graph>
  <node id="ABILITY">
    <attribute name="FREQUENCY" value="2" />
  </node>
  <node id="ADULTS">
    <attribute name="FREQUENCY" value="2" />
  </node>
  <node id="AFFECT">
    <attribute name="FREQUENCY" value="1" />
  </node>
  <node id="AGED">
    <attribute name="FREQUENCY" value="1" />
  </node>
  <node id="ALLEGHENY">
    <attribute name="FREQUENCY" value="1" />
  </node>
  <node id="ANNALS">
    <attribute name="FREQUENCY" value="2" />
  </node>
  <node id="ANNUALLY">
    <attribute name="FREQUENCY" value="1" />
  </node>
  <node id="ARTERIES">
    <attribute name="FREQUENCY" value="2" />
  </node>
  <node id="AUSTRALIA">
    <attribute name="FREQUENCY" value="2" />
  </node>
  <node id="AUTHOR">
    <attribute name="FREQUENCY" value="1" />
  </node>
  <node id="BASED">
    <attribute name="FREQUENCY" value="2" />
  </node>
  <node id="BIZ">
    <attribute name="FREQUENCY" value="4" />
  </node>
  <node id="BLOOD">
    <attribute name="FREQUENCY" value="4" />
  </node>
  <node id="BODY">
    <attribute name="FREQUENCY" value="1" />
  </node>
  <node id="BRITAIN">
    <attribute name="FREQUENCY" value="2" />
  </node>
  <node id="BROUGHT">
    <attribute name="FREQUENCY" value="1" />
  </node>
  <node id="CALL">
    <attribute name="FREQUENCY" value="4" />
  </node>
  <node id="CALLED">
    <attribute name="FREQUENCY" value="1" />
  </node>
  <node id="CANCER">
    <attribute name="FREQUENCY" value="4" />
  </node>
  <node id="CASE">
    <attribute name="FREQUENCY" value="1" />
  </node>
  <node id="CAUSED">
    <attribute name="FREQUENCY" value="1" />
  </node>
  <node id="CHEMICAL">
    <attribute name="FREQUENCY" value="1" />
  </node>
  <node id="CHILD">
    <attribute name="FREQUENCY" value="4" />
  </node>
  <node id="CHINA">
    <attribute name="FREQUENCY" value="5" />
  </node>
  <node id="CHINESE">
    <attribute name="FREQUENCY" value="17" />
  </node>
  <node id="CIGARETTE">
    <attribute name="FREQUENCY" value="11" />
  </node>
  <node id="CLOGGING">
    <attribute name="FREQUENCY" value="1" />
  </node>
  <node id="CLOSELY">
    <attribute name="FREQUENCY" value="1" />
  </node>
  <node id="COLLEAGUES">
    <attribute name="FREQUENCY" value="1" />
  </node>
  <node id="COMMENTS">
    <attribute name="FREQUENCY" value="2" />
  </node>
  <node id="COMPARED">
    <attribute name="FREQUENCY" value="1" />
  </node>
  <node id="COMPARISON">
    <attribute name="FREQUENCY" value="1" />
  </node>
  <node id="COMPOSITION">
    <attribute name="FREQUENCY" value="1" />
  </node>
  <node id="CONSUMED">
    <attribute name="FREQUENCY" value="1" />
  </node>
  <node id="COUNTERPARTS">
    <attribute name="FREQUENCY" value="1" />
  </node>
  <node id="COUNTRIES">
    <attribute name="FREQUENCY" value="1" />
  </node>
  <node id="COUNTRY">
    <attribute name="FREQUENCY" value="1" />
  </node>
  <node id="DAMAGE">
    <attribute name="FREQUENCY" value="1" />
  </node>
  <node id="DEATH">
    <attribute name="FREQUENCY" value="1" />
  </node>
  <node id="DENTAL">
    <attribute name="FREQUENCY" value="4" />
  </node>
  <node id="DETERMINE">
    <attribute name="FREQUENCY" value="1" />
  </node>
  <node id="DETERMINED">
    <attribute name="FREQUENCY" value="1" />
  </node>
  <node id="DIET">
    <attribute name="FREQUENCY" value="4" />
  </node>
  <node id="DIFFERENCE">
    <attribute name="FREQUENCY" value="2" />
  </node>
  <node id="DILATE">
    <attribute name="FREQUENCY" value="1" />
  </node>
  <node id="DILATED">
    <attribute name="FREQUENCY" value="1" />
  </node>
  <node id="DILATION">
    <attribute name="FREQUENCY" value="3" />
  </node>
  <node id="DISEASE">
    <attribute name="FREQUENCY" value="2" />
  </node>
  <node id="DYSFUNCTION">
    <attribute name="FREQUENCY" value="3" />
  </node>
  <node id="EARLY">
    <attribute name="FREQUENCY" value="1" />
  </node>
  <node id="EDITORIAL">
    <attribute name="FREQUENCY" value="1" />
  </node>
  <node id="EDT">
    <attribute name="FREQUENCY" value="1" />
  </node>
  <node id="EFFECT">
    <attribute name="FREQUENCY" value="2" />
  </node>
  <node id="ELEMENTS">
    <attribute name="FREQUENCY" value="2" />
  </node>
  <node id="ENDOTHELIAL">
    <attribute name="FREQUENCY" value="3" />
  </node>
  <node id="ENDOTHELIUM">
    <attribute name="FREQUENCY" value="1" />
  </node>
  <node id="ENTERTAIN">
    <attribute name="FREQUENCY" value="4" />
  </node>
  <node id="ENVIRONMENTAL">
    <attribute name="FREQUENCY" value="1" />
  </node>
  <node id="ESSENTIALLY">
    <attribute name="FREQUENCY" value="1" />
  </node>
  <node id="EXPLAINS">
    <attribute name="FREQUENCY" value="1" />
  </node>
  <node id="EXPLANATION">
    <attribute name="FREQUENCY" value="1" />
  </node>
  <node id="EXPOSED">
    <attribute name="FREQUENCY" value="2" />
  </node>
  <node id="EXPOSURE">
    <attribute name="FREQUENCY" value="1" />
  </node>
  <node id="FACT">
    <attribute name="FREQUENCY" value="1" />
  </node>
  <node id="FACTORS">
    <attribute name="FREQUENCY" value="2" />
  </node>
  <node id="FAT">
    <attribute name="FREQUENCY" value="1" />
  </node>
  <node id="FINALLY">
    <attribute name="FREQUENCY" value="1" />
  </node>
  <node id="FINDINGS">
    <attribute name="FREQUENCY" value="3" />
  </node>
  <node id="FISH">
    <attribute name="FREQUENCY" value="1" />
  </node>
  <node id="FREQUENTLY">
    <attribute name="FREQUENCY" value="1" />
  </node>
  <node id="FUNCTION">
    <attribute name="FREQUENCY" value="1" />
  </node>
  <node id="GENETIC">
    <attribute name="FREQUENCY" value="4" />
  </node>
  <node id="GREEN">
    <attribute name="FREQUENCY" value="1" />
  </node>
  <node id="GROUP">
    <attribute name="FREQUENCY" value="1" />
  </node>
  <node id="HABITS">
    <attribute name="FREQUENCY" value="1" />
  </node>
  <node id="HAZARD">
    <attribute name="FREQUENCY" value="3" />
  </node>
  <node id="HEADLINES">
    <attribute name="FREQUENCY" value="1" />
  </node>
  <node id="HEALTH">
    <attribute name="FREQUENCY" value="7" />
  </node>
  <node id="HEALTHY">
    <attribute name="FREQUENCY" value="1" />
  </node>
  <node id="HEART">
    <attribute name="FREQUENCY" value="1" />
  </node>
  <node id="HIGH">
    <attribute name="FREQUENCY" value="1" />
  </node>
  <node id="HONG">
    <attribute name="FREQUENCY" value="1" />
  </node>
  <node id="HTML">
    <attribute name="FREQUENCY" value="1" />
  </node>
  <node id="IDENTICAL">
    <attribute name="FREQUENCY" value="1" />
  </node>
  <node id="IMMIGRANT">
    <attribute name="FREQUENCY" value="1" />
  </node>
  <node id="IMMUNE">
    <attribute name="FREQUENCY" value="1" />
  </node>
  <node id="IMPAIRMENT">
    <attribute name="FREQUENCY" value="1" />
  </node>
  <node id="IMPORTED">
    <attribute name="FREQUENCY" value="1" />
  </node>
  <node id="INCLUDED">
    <attribute name="FREQUENCY" value="1" />
  </node>
  <node id="INDIVIDUALS">
    <attribute name="FREQUENCY" value="2" />
  </node>
  <node id="INFLUENCE">
    <attribute name="FREQUENCY" value="1" />
  </node>
  <node id="INFO">
    <attribute name="FREQUENCY" value="2" />
  </node>
  <node id="INTERNAL">
    <attribute name="FREQUENCY" value="2" />
  </node>
  <node id="INVOLVEMENT">
    <attribute name="FREQUENCY" value="1" />
  </node>
  <node id="KAM">
    <attribute name="FREQUENCY" value="1" />
  </node>
  <node id="KONG">
    <attribute name="FREQUENCY" value="1" />
  </node>
  <node id="LATE">
    <attribute name="FREQUENCY" value="1" />
  </node>
  <node id="LEAD">
    <attribute name="FREQUENCY" value="2" />
  </node>
  <node id="LEVELS">
    <attribute name="FREQUENCY" value="1" />
  </node>
  <node id="LIMITED">
    <attribute name="FREQUENCY" value="1" />
  </node>
  <node id="LINE">
    <attribute name="FREQUENCY" value="1" />
  </node>
  <node id="LIVE">
    <attribute name="FREQUENCY" value="1" />
  </node>
  <node id="LOCALLY">
    <attribute name="FREQUENCY" value="1" />
  </node>
  <node id="MARK">
    <attribute name="FREQUENCY" value="1" />
  </node>
  <node id="MATCH">
    <attribute name="FREQUENCY" value="1" />
  </node>
  <node id="MEASURE">
    <attribute name="FREQUENCY" value="1" />
  </node>
  <node id="MEDICINE">
    <attribute name="FREQUENCY" value="2" />
  </node>
  <node id="MEN">
    <attribute name="FREQUENCY" value="1" />
  </node>
  <node id="MG">
    <attribute name="FREQUENCY" value="2" />
  </node>
  <node id="NATION">
    <attribute name="FREQUENCY" value="1" />
  </node>
  <node id="NEEDED">
    <attribute name="FREQUENCY" value="1" />
  </node>
  <node id="NEGATIVE">
    <attribute name="FREQUENCY" value="1" />
  </node>
  <node id="NEWS">
    <attribute name="FREQUENCY" value="4" />
  </node>
  <node id="NICOTINE">
    <attribute name="FREQUENCY" value="1" />
  </node>
  <node id="NON-FILTERED">
    <attribute name="FREQUENCY" value="1" />
  </node>
  <node id="NONSMOKERS">
    <attribute name="FREQUENCY" value="2" />
  </node>
  <node id="ONE-FIFTH">
    <attribute name="FREQUENCY" value="1" />
  </node>
  <node id="PERSON">
    <attribute name="FREQUENCY" value="4" />
  </node>
  <node id="PICK">
    <attribute name="FREQUENCY" value="1" />
  </node>
  <node id="PITTSBURGH">
    <attribute name="FREQUENCY" value="1" />
  </node>
  <node id="PM">
    <attribute name="FREQUENCY" value="1" />
  </node>
  <node id="POLITIC">
    <attribute name="FREQUENCY" value="4" />
  </node>
  <node id="POPULATION">
    <attribute name="FREQUENCY" value="1" />
  </node>
  <node id="PRIMARILY">
    <attribute name="FREQUENCY" value="1" />
  </node>
  <node id="PROBLEMS">
    <attribute name="FREQUENCY" value="1" />
  </node>
  <node id="PROSTATE">
    <attribute name="FREQUENCY" value="4" />
  </node>
  <node id="PROTECTED">
    <attribute name="FREQUENCY" value="1" />
  </node>
  <node id="PROTECTION">
    <attribute name="FREQUENCY" value="2" />
  </node>
  <node id="PROTECTIVE">
    <attribute name="FREQUENCY" value="1" />
  </node>
  <node id="PROVEN">
    <attribute name="FREQUENCY" value="1" />
  </node>
  <node id="PULMONARY">
    <attribute name="FREQUENCY" value="1" />
  </node>
  <node id="QUESTIONS">
    <attribute name="FREQUENCY" value="2" />
  </node>
  <node id="REDUCED">
    <attribute name="FREQUENCY" value="2" />
  </node>
  <node id="REMAIN">
    <attribute name="FREQUENCY" value="1" />
  </node>
  <node id="REPORT">
    <attribute name="FREQUENCY" value="1" />
  </node>
  <node id="RESEARCH">
    <attribute name="FREQUENCY" value="4" />
  </node>
  <node id="RESEARCHERS">
    <attribute name="FREQUENCY" value="1" />
  </node>
  <node id="RESPONSE">
    <attribute name="FREQUENCY" value="1" />
  </node>
  <node id="REUTERS">
    <attribute name="FREQUENCY" value="2" />
  </node>
  <node id="RICE">
    <attribute name="FREQUENCY" value="1" />
  </node>
  <node id="RISK">
    <attribute name="FREQUENCY" value="1" />
  </node>
  <node id="ROLE">
    <attribute name="FREQUENCY" value="1" />
  </node>
  <node id="SCIENCE">
    <attribute name="FREQUENCY" value="1" />
  </node>
  <node id="SCOREBOARD">
    <attribute name="FREQUENCY" value="4" />
  </node>
  <node id="SECOND-HAND">
    <attribute name="FREQUENCY" value="2" />
  </node>
  <node id="SENSITIVE">
    <attribute name="FREQUENCY" value="2" />
  </node>
  <node id="SEPTEMBER">
    <attribute name="FREQUENCY" value="1" />
  </node>
  <node id="SHRIVER">
    <attribute name="FREQUENCY" value="3" />
  </node>
  <node id="SIGNAL">
    <attribute name="FREQUENCY" value="1" />
  </node>
  <node id="SMOKE-RELATED">
    <attribute name="FREQUENCY" value="1" />
  </node>
  <node id="SMOKED">
    <attribute name="FREQUENCY" value="2" />
  </node>
  <node id="SMOKERS">
    <attribute name="FREQUENCY" value="9" />
  </node>
  <node id="SMOKING">
    <attribute name="FREQUENCY" value="7" />
  </node>
  <node id="SMOKING-INDUCED">
    <attribute name="FREQUENCY" value="1" />
  </node>
  <node id="SOURCE">
    <attribute name="FREQUENCY" value="1" />
  </node>
  <node id="SPORT">
    <attribute name="FREQUENCY" value="4" />
  </node>
  <node id="STORIES">
    <attribute name="FREQUENCY" value="1" />
  </node>
  <node id="STORY">
    <attribute name="FREQUENCY" value="4" />
  </node>
  <node id="STRENGTHENED">
    <attribute name="FREQUENCY" value="1" />
  </node>
  <node id="STUDY">
    <attribute name="FREQUENCY" value="4" />
  </node>
  <node id="SUBJECT">
    <attribute name="FREQUENCY" value="1" />
  </node>
  <node id="SUGGESTS">
    <attribute name="FREQUENCY" value="1" />
  </node>
  <node id="SUPPLY">
    <attribute name="FREQUENCY" value="1" />
  </node>
  <node id="SUSCEPTIBLE">
    <attribute name="FREQUENCY" value="2" />
  </node>
  <node id="TAR">
    <attribute name="FREQUENCY" value="1" />
  </node>
  <node id="TEA">
    <attribute name="FREQUENCY" value="1" />
  </node>
  <node id="TECH">
    <attribute name="FREQUENCY" value="4" />
  </node>
  <node id="TEEN">
    <attribute name="FREQUENCY" value="1" />
  </node>
  <node id="TEND">
    <attribute name="FREQUENCY" value="1" />
  </node>
  <node id="TEXT">
    <attribute name="FREQUENCY" value="1" />
  </node>
  <node id="THOUSANDS">
    <attribute name="FREQUENCY" value="1" />
  </node>
  <node id="TIPS">
    <attribute name="FREQUENCY" value="4" />
  </node>
  <node id="TRADITIONAL">
    <attribute name="FREQUENCY" value="1" />
  </node>
  <node id="TRUE">
    <attribute name="FREQUENCY" value="1" />
  </node>
  <node id="TUESDAY">
    <attribute name="FREQUENCY" value="1" />
  </node>
  <node id="ULTRASOUND">
    <attribute name="FREQUENCY" value="1" />
  </node>
  <node id="UNIVERSITY">
    <attribute name="FREQUENCY" value="2" />
  </node>
  <node id="VASCULAR">
    <attribute name="FREQUENCY" value="1" />
  </node>
  <node id="VEGETABLES">
    <attribute name="FREQUENCY" value="1" />
  </node>
  <node id="VESSEL">
    <attribute name="FREQUENCY" value="3" />
  </node>
  <node id="VISIT">
    <attribute name="FREQUENCY" value="4" />
  </node>
  <node id="WESTERN">
    <attribute name="FREQUENCY" value="1" />
  </node>
  <node id="WESTERNIZED">
    <attribute name="FREQUENCY" value="1" />
  </node>
  <node id="WHETHER">
    <attribute name="FREQUENCY" value="2" />
  </node>
  <node id="WHITE">
    <attribute name="FREQUENCY" value="4" />
  </node>
  <node id="WOMEN">
    <attribute name="FREQUENCY" value="1" />
  </node>
  <node id="WOO">
    <attribute name="FREQUENCY" value="3" />
  </node>
  <node id="WRITE">
    <attribute name="FREQUENCY" value="2" />
  </node>
  <node id="WROTE">
    <attribute name="FREQUENCY" value="2" />
  </node>
  <node id="YAHOO">
    <attribute name="FREQUENCY" value="4" />
  </node>
  <node id="YORK">
    <attribute name="FREQUENCY" value="1" />
  </node>
  <node id="YOUNG">
    <attribute name="FREQUENCY" value="3" />
  </node>
  <edge from="ADULTS" to="SMOKERS">
    <attribute name="TEXT" value="1" />
  </edge>
  <edge from="ALLEGHENY" to="UNIVERSITY">
    <attribute name="TEXT" value="1" />
  </edge>
  <edge from="ANNUALLY" to="PRIMARILY">
    <attribute name="TEXT" value="1" />
  </edge>
  <edge from="BLOOD" to="VESSEL">
    <attribute name="TEXT" value="3" />
  </edge>
  <edge from="BODY" to="SIGNAL">
    <attribute name="TEXT" value="1" />
  </edge>
  <edge from="BROUGHT" to="PROTECTIVE">
    <attribute name="TEXT" value="1" />
  </edge>
  <edge from="CALLED" to="ENDOTHELIAL">
    <attribute name="TEXT" value="1" />
  </edge>
  <edge from="CANCER" to="RESEARCH">
    <attribute name="TEXT" value="2" />
    <attribute name="LINKS" value="2" />
  </edge>
  <edge from="CANCER" to="RESEARCH">
    <attribute name="TEXT" value="2" />
    <attribute name="LINKS" value="2" />
  </edge>
  <edge from="CHEMICAL" to="COMPOSITION">
    <attribute name="TEXT" value="1" />
  </edge>
  <edge from="CHINESE" to="ADULTS">
    <attribute name="TEXT" value="1" />
  </edge>
  <edge from="CHINESE" to="CONSUMED">
    <attribute name="TEXT" value="1" />
  </edge>
  <edge from="CHINESE" to="INDIVIDUALS">
    <attribute name="TEXT" value="2" />
  </edge>
  <edge from="CHINESE" to="MEN">
    <attribute name="TEXT" value="1" />
  </edge>
  <edge from="CHINESE" to="PERSON">
    <attribute name="TEXT" value="3" />
  </edge>
  <edge from="CHINESE" to="SMOKERS">
    <attribute name="TEXT" value="4" />
  </edge>
  <edge from="CHINESE" to="UNIVERSITY">
    <attribute name="TEXT" value="1" />
  </edge>
  <edge from="CHINESE" to="WOMEN">
    <attribute name="TEXT" value="1" />
  </edge>
  <edge from="CIGARETTE" to="SMOKE-RELATED">
    <attribute name="TEXT" value="1" />
  </edge>
  <edge from="CIGARETTE" to="SMOKED">
    <attribute name="TEXT" value="2" />
  </edge>
  <edge from="CIGARETTE" to="SMOKING">
    <attribute name="TEXT" value="2" />
  </edge>
  <edge from="COMPARISON" to="YOUNG">
    <attribute name="TEXT" value="1" />
  </edge>
  <edge from="DEATH" to="ANNUALLY">
    <attribute name="TEXT" value="1" />
  </edge>
  <edge from="DENTAL" to="VISIT">
    <attribute name="TEXT" value="2" />
    <attribute name="LINKS" value="2" />
  </edge>
  <edge from="DENTAL" to="VISIT">
    <attribute name="TEXT" value="2" />
    <attribute name="LINKS" value="2" />
  </edge>
  <edge from="DIET" to="BASED">
    <attribute name="TEXT" value="1" />
  </edge>
  <edge from="DILATE" to="BLOOD">
    <attribute name="TEXT" value="1" />
  </edge>
  <edge from="ENDOTHELIAL" to="DYSFUNCTION">
    <attribute name="TEXT" value="2" />
  </edge>
  <edge from="ENDOTHELIAL" to="FUNCTION">
    <attribute name="TEXT" value="1" />
  </edge>
  <edge from="ESSENTIALLY" to="IDENTICAL">
    <attribute name="TEXT" value="1" />
  </edge>
  <edge from="FREQUENTLY" to="EXPOSED">
    <attribute name="TEXT" value="1" />
  </edge>
  <edge from="GENETIC" to="ELEMENTS">
    <attribute name="TEXT" value="2" />
  </edge>
  <edge from="GENETIC" to="FACTORS">
    <attribute name="TEXT" value="1" />
  </edge>
  <edge from="GENETIC" to="INFLUENCE">
    <attribute name="TEXT" value="1" />
  </edge>
  <edge from="GREEN" to="TEA">
    <attribute name="TEXT" value="1" />
  </edge>
  <edge from="HEALTH" to="EFFECT">
    <attribute name="TEXT" value="1" />
  </edge>
  <edge from="HEALTH" to="HAZARD">
    <attribute name="TEXT" value="1" />
  </edge>
  <edge from="HEALTH" to="SCIENCE">
    <attribute name="TEXT" value="1" />
  </edge>
  <edge from="HEALTH" to="STORIES">
    <attribute name="TEXT" value="1" />
  </edge>
  <edge from="HEALTHY" to="SUBJECT">
    <attribute name="TEXT" value="1" />
  </edge>
  <edge from="HEART" to="DISEASE">
    <attribute name="TEXT" value="1" />
  </edge>
  <edge from="HIGH" to="LEVELS">
    <attribute name="TEXT" value="1" />
  </edge>
  <edge from="HONG" to="KONG">
    <attribute name="TEXT" value="1" />
  </edge>
  <edge from="IMPORTED" to="CIGARETTE">
    <attribute name="TEXT" value="1" />
  </edge>
  <edge from="INTERNAL" to="MEDICINE">
    <attribute name="TEXT" value="2" />
  </edge>
  <edge from="KAM" to="WOO">
    <attribute name="TEXT" value="1" />
  </edge>
  <edge from="LATE" to="TEEN">
    <attribute name="TEXT" value="1" />
  </edge>
  <edge from="LEAD" to="AUTHOR">
    <attribute name="TEXT" value="1" />
  </edge>
  <edge from="MARK" to="SHRIVER">
    <attribute name="TEXT" value="1" />
  </edge>
  <edge from="MEASURE" to="ENDOTHELIAL">
    <attribute name="TEXT" value="1" />
  </edge>
  <edge from="NEGATIVE" to="HEALTH">
    <attribute name="TEXT" value="1" />
  </edge>
  <edge from="NON-FILTERED" to="CIGARETTE">
    <attribute name="TEXT" value="1" />
  </edge>
  <edge from="PERSON" to="LIVE">
    <attribute name="TEXT" value="1" />
  </edge>
  <edge from="PM" to="EDT">
    <attribute name="TEXT" value="1" />
  </edge>
  <edge from="PROSTATE" to="CANCER">
    <attribute name="TEXT" value="2" />
    <attribute name="LINKS" value="2" />
  </edge>
  <edge from="PROSTATE" to="CANCER">
    <attribute name="TEXT" value="2" />
    <attribute name="LINKS" value="2" />
  </edge>
  <edge from="PROTECTIVE" to="FACTORS">
    <attribute name="TEXT" value="1" />
  </edge>
  <edge from="PULMONARY" to="DISEASE">
    <attribute name="TEXT" value="1" />
  </edge>
  <edge from="REDUCED" to="ABILITY">
    <attribute name="TEXT" value="2" />
  </edge>
  <edge from="REUTERS" to="LIMITED">
    <attribute name="TEXT" value="1" />
  </edge>
  <edge from="RICE" to="FISH">
    <attribute name="TEXT" value="1" />
  </edge>
  <edge from="SECOND-HAND" to="SMOKING">
    <attribute name="TEXT" value="2" />
  </edge>
  <edge from="SHRIVER" to="WROTE">
    <attribute name="TEXT" value="1" />
  </edge>
  <edge from="SMOKE-RELATED" to="ENDOTHELIAL">
    <attribute name="TEXT" value="1" />
  </edge>
  <edge from="SMOKERS" to="TEND">
    <attribute name="TEXT" value="1" />
  </edge>
  <edge from="SMOKING" to="COMPARED">
    <attribute name="TEXT" value="1" />
  </edge>
  <edge from="SMOKING" to="HAZARD">
    <attribute name="TEXT" value="2" />
    <attribute name="KEYWORDS" value="2" />
  </edge>
  <edge from="SMOKING" to="HAZARD">
    <attribute name="TEXT" value="2" />
    <attribute name="KEYWORDS" value="2" />
  </edge>
  <edge from="SMOKING" to="LOCALLY">
    <attribute name="TEXT" value="1" />
  </edge>
  <edge from="SMOKING-INDUCED" to="VASCULAR">
    <attribute name="TEXT" value="1" />
  </edge>
  <edge from="STORIES" to="CHINESE">
    <attribute name="TEXT" value="1" />
  </edge>
  <edge from="STUDY" to="INCLUDED">
    <attribute name="TEXT" value="1" />
  </edge>
  <edge from="STUDY" to="SUGGESTS">
    <attribute name="TEXT" value="1" />
  </edge>
  <edge from="STUDY" to="YOUNG">
    <attribute name="TEXT" value="1" />
  </edge>
  <edge from="SUBJECT" to="AGED">
    <attribute name="TEXT" value="1" />
  </edge>
  <edge from="TEXT" to="HEADLINES">
    <attribute name="TEXT" value="1" />
  </edge>
  <edge from="TRADITIONAL" to="DIET">
    <attribute name="TEXT" value="1" />
  </edge>
  <edge from="TUESDAY" to="SEPTEMBER">
    <attribute name="TEXT" value="1" />
  </edge>
  <edge from="VASCULAR" to="DYSFUNCTION">
    <attribute name="TEXT" value="1" />
  </edge>
  <edge from="VEGETABLES" to="RICE">
    <attribute name="TEXT" value="1" />
  </edge>
  <edge from="VESSEL" to="DILATED">
    <attribute name="TEXT" value="1" />
  </edge>
  <edge from="VESSEL" to="DILATION">
    <attribute name="TEXT" value="1" />
  </edge>
  <edge from="WESTERN" to="DIET">
    <attribute name="TEXT" value="1" />
  </edge>
  <edge from="WESTERNIZED" to="CHINESE">
    <attribute name="TEXT" value="1" />
  </edge>
  <edge from="WHETHER" to="POPULATION">
    <attribute name="TEXT" value="1" />
  </edge>
  <edge from="WHETHER" to="PROTECTION">
    <attribute name="TEXT" value="1" />
  </edge>
  <edge from="WHITE" to="COUNTERPARTS">
    <attribute name="TEXT" value="1" />
  </edge>
  <edge from="WHITE" to="PERSON">
    <attribute name="TEXT" value="1" />
  </edge>
  <edge from="WHITE" to="SMOKERS">
    <attribute name="TEXT" value="1" />
  </edge>
  <edge from="WOO" to="WROTE">
    <attribute name="TEXT" value="1" />
  </edge>
  <edge from="YOUNG" to="ADULTS">
    <attribute name="TEXT" value="1" />
  </edge>
  <edge from="YOUNG" to="CHINESE">
    <attribute name="TEXT" value="2" />
  </edge>
</graph>
