<graph>
  <node id="ABBAS">
    <attribute name="FREQUENCY" value="4" />
  </node>
  <node id="ACCOMPANIES">
    <attribute name="FREQUENCY" value="1" />
  </node>
  <node id="ACCOUNT">
    <attribute name="FREQUENCY" value="1" />
  </node>
  <node id="AGGRESSIVE">
    <attribute name="FREQUENCY" value="4" />
  </node>
  <node id="AGGRESSIVELY">
    <attribute name="FREQUENCY" value="1" />
  </node>
  <node id="AIMED">
    <attribute name="FREQUENCY" value="1" />
  </node>
  <node id="AM">
    <attribute name="FREQUENCY" value="1" />
  </node>
  <node id="AMERICAN">
    <attribute name="FREQUENCY" value="2" />
  </node>
  <node id="APPROACH">
    <attribute name="FREQUENCY" value="2" />
  </node>
  <node id="ASYMPTOMATIC">
    <attribute name="FREQUENCY" value="1" />
  </node>
  <node id="AUTHOR">
    <attribute name="FREQUENCY" value="1" />
  </node>
  <node id="BAYLOR">
    <attribute name="FREQUENCY" value="3" />
  </node>
  <node id="BENEFIT">
    <attribute name="FREQUENCY" value="1" />
  </node>
  <node id="BIZ">
    <attribute name="FREQUENCY" value="4" />
  </node>
  <node id="CALL">
    <attribute name="FREQUENCY" value="2" />
  </node>
  <node id="CANCER">
    <attribute name="FREQUENCY" value="16" />
  </node>
  <node id="CANCER-RELATED">
    <attribute name="FREQUENCY" value="1" />
  </node>
  <node id="CARCINOMAS">
    <attribute name="FREQUENCY" value="1" />
  </node>
  <node id="CARE">
    <attribute name="FREQUENCY" value="1" />
  </node>
  <node id="CASE">
    <attribute name="FREQUENCY" value="2" />
  </node>
  <node id="CAUTION">
    <attribute name="FREQUENCY" value="1" />
  </node>
  <node id="CHARACTERIZE">
    <attribute name="FREQUENCY" value="1" />
  </node>
  <node id="CHEMOTHERAPY">
    <attribute name="FREQUENCY" value="1" />
  </node>
  <node id="CHILD">
    <attribute name="FREQUENCY" value="4" />
  </node>
  <node id="CO-AUTHOR">
    <attribute name="FREQUENCY" value="1" />
  </node>
  <node id="COLLEGE">
    <attribute name="FREQUENCY" value="1" />
  </node>
  <node id="COMFORTABLE">
    <attribute name="FREQUENCY" value="1" />
  </node>
  <node id="COMMENTS">
    <attribute name="FREQUENCY" value="2" />
  </node>
  <node id="CONCLUDED">
    <attribute name="FREQUENCY" value="1" />
  </node>
  <node id="CONSERVATIVE">
    <attribute name="FREQUENCY" value="1" />
  </node>
  <node id="CONSERVATIVELY">
    <attribute name="FREQUENCY" value="1" />
  </node>
  <node id="COPENHAGEN">
    <attribute name="FREQUENCY" value="1" />
  </node>
  <node id="COUNTRIES">
    <attribute name="FREQUENCY" value="1" />
  </node>
  <node id="CURATIVE">
    <attribute name="FREQUENCY" value="1" />
  </node>
  <node id="CURE">
    <attribute name="FREQUENCY" value="1" />
  </node>
  <node id="DANISH">
    <attribute name="FREQUENCY" value="4" />
  </node>
  <node id="DATA">
    <attribute name="FREQUENCY" value="1" />
  </node>
  <node id="DEATH">
    <attribute name="FREQUENCY" value="2" />
  </node>
  <node id="DENMARK">
    <attribute name="FREQUENCY" value="1" />
  </node>
  <node id="DENTAL">
    <attribute name="FREQUENCY" value="4" />
  </node>
  <node id="DETECTED">
    <attribute name="FREQUENCY" value="1" />
  </node>
  <node id="DETERMINE">
    <attribute name="FREQUENCY" value="2" />
  </node>
  <node id="DEVELOP">
    <attribute name="FREQUENCY" value="1" />
  </node>
  <node id="DEVELOPMENT">
    <attribute name="FREQUENCY" value="1" />
  </node>
  <node id="DIED">
    <attribute name="FREQUENCY" value="1" />
  </node>
  <node id="DIES">
    <attribute name="FREQUENCY" value="2" />
  </node>
  <node id="DISEASE">
    <attribute name="FREQUENCY" value="7" />
  </node>
  <node id="DOCTORS">
    <attribute name="FREQUENCY" value="1" />
  </node>
  <node id="EARLY">
    <attribute name="FREQUENCY" value="3" />
  </node>
  <node id="EDITORIAL">
    <attribute name="FREQUENCY" value="1" />
  </node>
  <node id="EDT">
    <attribute name="FREQUENCY" value="1" />
  </node>
  <node id="EFFECT">
    <attribute name="FREQUENCY" value="1" />
  </node>
  <node id="EFFECTIVE">
    <attribute name="FREQUENCY" value="2" />
  </node>
  <node id="EFFECTIVELY">
    <attribute name="FREQUENCY" value="1" />
  </node>
  <node id="ENTERTAIN">
    <attribute name="FREQUENCY" value="4" />
  </node>
  <node id="ESTIMATES">
    <attribute name="FREQUENCY" value="1" />
  </node>
  <node id="EXPECTANCY">
    <attribute name="FREQUENCY" value="1" />
  </node>
  <node id="EXPERTS">
    <attribute name="FREQUENCY" value="1" />
  </node>
  <node id="FAILURE">
    <attribute name="FREQUENCY" value="4" />
  </node>
  <node id="FARHAT">
    <attribute name="FREQUENCY" value="1" />
  </node>
  <node id="FASHION">
    <attribute name="FREQUENCY" value="1" />
  </node>
  <node id="FEEL">
    <attribute name="FREQUENCY" value="1" />
  </node>
  <node id="FELLOW">
    <attribute name="FREQUENCY" value="1" />
  </node>
  <node id="FIGURES">
    <attribute name="FREQUENCY" value="1" />
  </node>
  <node id="FINDINGS">
    <attribute name="FREQUENCY" value="3" />
  </node>
  <node id="FINDS">
    <attribute name="FREQUENCY" value="1" />
  </node>
  <node id="HEADLINES">
    <attribute name="FREQUENCY" value="1" />
  </node>
  <node id="HEALTH">
    <attribute name="FREQUENCY" value="4" />
  </node>
  <node id="HEART">
    <attribute name="FREQUENCY" value="4" />
  </node>
  <node id="HIGH">
    <attribute name="FREQUENCY" value="2" />
  </node>
  <node id="HOSPITAL">
    <attribute name="FREQUENCY" value="1" />
  </node>
  <node id="HOUSTON">
    <attribute name="FREQUENCY" value="1" />
  </node>
  <node id="HTML">
    <attribute name="FREQUENCY" value="1" />
  </node>
  <node id="IDENTIFY">
    <attribute name="FREQUENCY" value="1" />
  </node>
  <node id="INCLUDING">
    <attribute name="FREQUENCY" value="1" />
  </node>
  <node id="INDOLENT">
    <attribute name="FREQUENCY" value="2" />
  </node>
  <node id="INFO">
    <attribute name="FREQUENCY" value="2" />
  </node>
  <node id="INVOLVES">
    <attribute name="FREQUENCY" value="1" />
  </node>
  <node id="ISSUE">
    <attribute name="FREQUENCY" value="1" />
  </node>
  <node id="JOURNAL">
    <attribute name="FREQUENCY" value="1" />
  </node>
  <node id="JUSTIFIES">
    <attribute name="FREQUENCY" value="1" />
  </node>
  <node id="LIFE">
    <attribute name="FREQUENCY" value="1" />
  </node>
  <node id="LIGHTLY">
    <attribute name="FREQUENCY" value="1" />
  </node>
  <node id="LIMITED">
    <attribute name="FREQUENCY" value="1" />
  </node>
  <node id="LIVE">
    <attribute name="FREQUENCY" value="4" />
  </node>
  <node id="LOCALIZED">
    <attribute name="FREQUENCY" value="3" />
  </node>
  <node id="LONGEVITY">
    <attribute name="FREQUENCY" value="1" />
  </node>
  <node id="MAKING">
    <attribute name="FREQUENCY" value="1" />
  </node>
  <node id="MARKERS">
    <attribute name="FREQUENCY" value="2" />
  </node>
  <node id="MEDICINE">
    <attribute name="FREQUENCY" value="1" />
  </node>
  <node id="MEN">
    <attribute name="FREQUENCY" value="4" />
  </node>
  <node id="MONDAY">
    <attribute name="FREQUENCY" value="1" />
  </node>
  <node id="MORTALITY">
    <attribute name="FREQUENCY" value="2" />
  </node>
  <node id="NATURAL">
    <attribute name="FREQUENCY" value="1" />
  </node>
  <node id="NEEDED">
    <attribute name="FREQUENCY" value="1" />
  </node>
  <node id="NEWS">
    <attribute name="FREQUENCY" value="4" />
  </node>
  <node id="NOTES">
    <attribute name="FREQUENCY" value="1" />
  </node>
  <node id="NOTING">
    <attribute name="FREQUENCY" value="1" />
  </node>
  <node id="OCCUR">
    <attribute name="FREQUENCY" value="1" />
  </node>
  <node id="ONCOLOGY">
    <attribute name="FREQUENCY" value="1" />
  </node>
  <node id="PALLIATIVE">
    <attribute name="FREQUENCY" value="1" />
  </node>
  <node id="PATIENTS">
    <attribute name="FREQUENCY" value="6" />
  </node>
  <node id="PERIOD">
    <attribute name="FREQUENCY" value="1" />
  </node>
  <node id="PERSON">
    <attribute name="FREQUENCY" value="1" />
  </node>
  <node id="PETER">
    <attribute name="FREQUENCY" value="1" />
  </node>
  <node id="POINT">
    <attribute name="FREQUENCY" value="1" />
  </node>
  <node id="POLITIC">
    <attribute name="FREQUENCY" value="4" />
  </node>
  <node id="POSED">
    <attribute name="FREQUENCY" value="1" />
  </node>
  <node id="POSTDOCTORAL">
    <attribute name="FREQUENCY" value="1" />
  </node>
  <node id="PROGNOSTIC">
    <attribute name="FREQUENCY" value="1" />
  </node>
  <node id="PROGRESS">
    <attribute name="FREQUENCY" value="1" />
  </node>
  <node id="PROSTATE">
    <attribute name="FREQUENCY" value="12" />
  </node>
  <node id="PROSTATE-RELATED">
    <attribute name="FREQUENCY" value="1" />
  </node>
  <node id="PUBLISHED">
    <attribute name="FREQUENCY" value="1" />
  </node>
  <node id="QUESTIONS">
    <attribute name="FREQUENCY" value="2" />
  </node>
  <node id="RADIATION">
    <attribute name="FREQUENCY" value="1" />
  </node>
  <node id="REAL">
    <attribute name="FREQUENCY" value="1" />
  </node>
  <node id="RECEIVE">
    <attribute name="FREQUENCY" value="1" />
  </node>
  <node id="RECEIVED">
    <attribute name="FREQUENCY" value="1" />
  </node>
  <node id="RELATED">
    <attribute name="FREQUENCY" value="1" />
  </node>
  <node id="REMOVAL">
    <attribute name="FREQUENCY" value="1" />
  </node>
  <node id="REPORT">
    <attribute name="FREQUENCY" value="1" />
  </node>
  <node id="RESEARCH">
    <attribute name="FREQUENCY" value="4" />
  </node>
  <node id="RESEARCHERS">
    <attribute name="FREQUENCY" value="3" />
  </node>
  <node id="RESULTS">
    <attribute name="FREQUENCY" value="1" />
  </node>
  <node id="REUTERS">
    <attribute name="FREQUENCY" value="2" />
  </node>
  <node id="SAVE">
    <attribute name="FREQUENCY" value="4" />
  </node>
  <node id="SCARDINO">
    <attribute name="FREQUENCY" value="1" />
  </node>
  <node id="SCOREBOARD">
    <attribute name="FREQUENCY" value="4" />
  </node>
  <node id="SEEK">
    <attribute name="FREQUENCY" value="1" />
  </node>
  <node id="SEPTEMBER">
    <attribute name="FREQUENCY" value="1" />
  </node>
  <node id="SIMILAR">
    <attribute name="FREQUENCY" value="1" />
  </node>
  <node id="SOCIETY">
    <attribute name="FREQUENCY" value="2" />
  </node>
  <node id="SOURCE">
    <attribute name="FREQUENCY" value="1" />
  </node>
  <node id="SPORT">
    <attribute name="FREQUENCY" value="4" />
  </node>
  <node id="SPREAD">
    <attribute name="FREQUENCY" value="1" />
  </node>
  <node id="STATES">
    <attribute name="FREQUENCY" value="1" />
  </node>
  <node id="STORIES">
    <attribute name="FREQUENCY" value="1" />
  </node>
  <node id="STORY">
    <attribute name="FREQUENCY" value="4" />
  </node>
  <node id="STUDY">
    <attribute name="FREQUENCY" value="5" />
  </node>
  <node id="SUFFERING">
    <attribute name="FREQUENCY" value="1" />
  </node>
  <node id="SURGICAL">
    <attribute name="FREQUENCY" value="1" />
  </node>
  <node id="SURROUNDING">
    <attribute name="FREQUENCY" value="1" />
  </node>
  <node id="SURVIVE">
    <attribute name="FREQUENCY" value="1" />
  </node>
  <node id="TECH">
    <attribute name="FREQUENCY" value="4" />
  </node>
  <node id="TEXAS">
    <attribute name="FREQUENCY" value="1" />
  </node>
  <node id="TEXT">
    <attribute name="FREQUENCY" value="1" />
  </node>
  <node id="THERAPEUTIC">
    <attribute name="FREQUENCY" value="1" />
  </node>
  <node id="THERAPY">
    <attribute name="FREQUENCY" value="4" />
  </node>
  <node id="THIRDS">
    <attribute name="FREQUENCY" value="1" />
  </node>
  <node id="THREAT">
    <attribute name="FREQUENCY" value="1" />
  </node>
  <node id="THREATENING">
    <attribute name="FREQUENCY" value="1" />
  </node>
  <node id="TIPS">
    <attribute name="FREQUENCY" value="4" />
  </node>
  <node id="TISSUE">
    <attribute name="FREQUENCY" value="1" />
  </node>
  <node id="TRADITIONAL">
    <attribute name="FREQUENCY" value="1" />
  </node>
  <node id="TREAT">
    <attribute name="FREQUENCY" value="2" />
  </node>
  <node id="TREATED">
    <attribute name="FREQUENCY" value="2" />
  </node>
  <node id="TREATMENT">
    <attribute name="FREQUENCY" value="5" />
  </node>
  <node id="TRUE">
    <attribute name="FREQUENCY" value="1" />
  </node>
  <node id="TUMOR">
    <attribute name="FREQUENCY" value="1" />
  </node>
  <node id="UNITED">
    <attribute name="FREQUENCY" value="1" />
  </node>
  <node id="URGENTLY">
    <attribute name="FREQUENCY" value="1" />
  </node>
  <node id="URGES">
    <attribute name="FREQUENCY" value="2" />
  </node>
  <node id="UROLOGIC">
    <attribute name="FREQUENCY" value="1" />
  </node>
  <node id="VERSUS">
    <attribute name="FREQUENCY" value="1" />
  </node>
  <node id="VISIT">
    <attribute name="FREQUENCY" value="4" />
  </node>
  <node id="WAYS">
    <attribute name="FREQUENCY" value="2" />
  </node>
  <node id="WEEK">
    <attribute name="FREQUENCY" value="1" />
  </node>
  <node id="WESTERN">
    <attribute name="FREQUENCY" value="1" />
  </node>
  <node id="WRITE">
    <attribute name="FREQUENCY" value="4" />
  </node>
  <node id="YAHOO">
    <attribute name="FREQUENCY" value="4" />
  </node>
  <node id="YEAR">
    <attribute name="FREQUENCY" value="4" />
  </node>
  <node id="YORK">
    <attribute name="FREQUENCY" value="1" />
  </node>
  <edge from="ABBAS" to="POINT">
    <attribute name="TEXT" value="1" />
  </edge>
  <edge from="ABBAS" to="POSTDOCTORAL">
    <attribute name="TEXT" value="1" />
  </edge>
  <edge from="AGGRESSIVE" to="APPROACH">
    <attribute name="TEXT" value="1" />
  </edge>
  <edge from="AGGRESSIVE" to="TREATMENT">
    <attribute name="TEXT" value="3" />
  </edge>
  <edge from="AM" to="EDT">
    <attribute name="TEXT" value="1" />
  </edge>
  <edge from="AMERICAN" to="CANCER">
    <attribute name="TEXT" value="1" />
  </edge>
  <edge from="AMERICAN" to="MEN">
    <attribute name="TEXT" value="1" />
  </edge>
  <edge from="ASYMPTOMATIC" to="PATIENTS">
    <attribute name="TEXT" value="1" />
  </edge>
  <edge from="BAYLOR" to="CO-AUTHOR">
    <attribute name="TEXT" value="1" />
  </edge>
  <edge from="BAYLOR" to="COLLEGE">
    <attribute name="TEXT" value="1" />
  </edge>
  <edge from="BAYLOR" to="EXPERTS">
    <attribute name="TEXT" value="1" />
  </edge>
  <edge from="CANCER" to="CASE">
    <attribute name="TEXT" value="1" />
  </edge>
  <edge from="CANCER" to="DEATH">
    <attribute name="TEXT" value="1" />
  </edge>
  <edge from="CANCER" to="FINDS">
    <attribute name="TEXT" value="1" />
  </edge>
  <edge from="CANCER" to="INCLUDING">
    <attribute name="TEXT" value="1" />
  </edge>
  <edge from="CANCER" to="RESEARCH">
    <attribute name="TEXT" value="1" />
    <attribute name="KEYWORDS" value="1" />
  </edge>
  <edge from="CANCER" to="RESEARCH">
    <attribute name="TEXT" value="1" />
    <attribute name="KEYWORDS" value="1" />
  </edge>
  <edge from="CANCER" to="SOCIETY">
    <attribute name="TEXT" value="2" />
  </edge>
  <edge from="CANCER" to="URGES">
    <attribute name="TEXT" value="1" />
  </edge>
  <edge from="CANCER-RELATED" to="MORTALITY">
    <attribute name="TEXT" value="1" />
  </edge>
  <edge from="CARCINOMAS" to="DETECTED">
    <attribute name="TEXT" value="1" />
  </edge>
  <edge from="CHEMOTHERAPY" to="RADIATION">
    <attribute name="TEXT" value="1" />
  </edge>
  <edge from="COPENHAGEN" to="DENMARK">
    <attribute name="TEXT" value="1" />
  </edge>
  <edge from="CURATIVE" to="FASHION">
    <attribute name="TEXT" value="1" />
  </edge>
  <edge from="DANISH" to="AUTHOR">
    <attribute name="TEXT" value="1" />
  </edge>
  <edge from="DANISH" to="CANCER">
    <attribute name="TEXT" value="1" />
  </edge>
  <edge from="DANISH" to="HOSPITAL">
    <attribute name="TEXT" value="1" />
  </edge>
  <edge from="DANISH" to="RESEARCHERS">
    <attribute name="TEXT" value="1" />
  </edge>
  <edge from="DENMARK" to="URGES">
    <attribute name="TEXT" value="1" />
  </edge>
  <edge from="DENTAL" to="VISIT">
    <attribute name="TEXT" value="2" />
    <attribute name="LINKS" value="2" />
  </edge>
  <edge from="DENTAL" to="VISIT">
    <attribute name="TEXT" value="2" />
    <attribute name="LINKS" value="2" />
  </edge>
  <edge from="DETECTED" to="EARLY">
    <attribute name="TEXT" value="1" />
  </edge>
  <edge from="EARLY" to="AGGRESSIVE">
    <attribute name="TEXT" value="2" />
  </edge>
  <edge from="EFFECTIVE" to="WAYS">
    <attribute name="TEXT" value="1" />
  </edge>
  <edge from="FAILURE" to="THERAPY">
    <attribute name="TEXT" value="2" />
    <attribute name="LINKS" value="2" />
  </edge>
  <edge from="FAILURE" to="THERAPY">
    <attribute name="TEXT" value="2" />
    <attribute name="LINKS" value="2" />
  </edge>
  <edge from="FARHAT" to="ABBAS">
    <attribute name="TEXT" value="1" />
  </edge>
  <edge from="FEEL" to="COMFORTABLE">
    <attribute name="TEXT" value="1" />
  </edge>
  <edge from="HEALTH" to="STORIES">
    <attribute name="TEXT" value="1" />
  </edge>
  <edge from="HEART" to="FAILURE">
    <attribute name="TEXT" value="2" />
    <attribute name="LINKS" value="2" />
  </edge>
  <edge from="HEART" to="FAILURE">
    <attribute name="TEXT" value="2" />
    <attribute name="LINKS" value="2" />
  </edge>
  <edge from="HIGH" to="PROSTATE">
    <attribute name="TEXT" value="1" />
  </edge>
  <edge from="HIGH" to="PROSTATE-RELATED">
    <attribute name="TEXT" value="1" />
  </edge>
  <edge from="HOUSTON" to="TEXAS">
    <attribute name="TEXT" value="1" />
  </edge>
  <edge from="INCLUDING" to="LOCALIZED">
    <attribute name="TEXT" value="1" />
  </edge>
  <edge from="INDOLENT" to="DISEASE">
    <attribute name="TEXT" value="1" />
  </edge>
  <edge from="INVOLVES" to="CHEMOTHERAPY">
    <attribute name="TEXT" value="1" />
  </edge>
  <edge from="JOURNAL" to="CANCER">
    <attribute name="TEXT" value="1" />
  </edge>
  <edge from="LIFE" to="EXPECTANCY">
    <attribute name="TEXT" value="1" />
  </edge>
  <edge from="LOCALIZED" to="DISEASE">
    <attribute name="TEXT" value="1" />
  </edge>
  <edge from="LOCALIZED" to="PROSTATE">
    <attribute name="TEXT" value="2" />
  </edge>
  <edge from="LONGEVITY" to="VERSUS">
    <attribute name="TEXT" value="1" />
  </edge>
  <edge from="MONDAY" to="SEPTEMBER">
    <attribute name="TEXT" value="1" />
  </edge>
  <edge from="PATIENTS" to="BENEFIT">
    <attribute name="TEXT" value="1" />
  </edge>
  <edge from="PATIENTS" to="DIED">
    <attribute name="TEXT" value="1" />
  </edge>
  <edge from="PATIENTS" to="FEEL">
    <attribute name="TEXT" value="1" />
  </edge>
  <edge from="PERSON" to="LONGEVITY">
    <attribute name="TEXT" value="1" />
  </edge>
  <edge from="PETER" to="SCARDINO">
    <attribute name="TEXT" value="1" />
  </edge>
  <edge from="POSTDOCTORAL" to="FELLOW">
    <attribute name="TEXT" value="1" />
  </edge>
  <edge from="PROGNOSTIC" to="MARKERS">
    <attribute name="TEXT" value="1" />
  </edge>
  <edge from="PROSTATE" to="CANCER">
    <attribute name="TEXT" value="7" />
    <attribute name="KEYWORDS" value="1" />
  </edge>
  <edge from="PROSTATE" to="CANCER">
    <attribute name="TEXT" value="7" />
    <attribute name="KEYWORDS" value="1" />
  </edge>
  <edge from="PROSTATE" to="CANCER-RELATED">
    <attribute name="TEXT" value="1" />
  </edge>
  <edge from="PROSTATE" to="CARCINOMAS">
    <attribute name="TEXT" value="1" />
  </edge>
  <edge from="PROSTATE-RELATED" to="MORTALITY">
    <attribute name="TEXT" value="1" />
  </edge>
  <edge from="REAL" to="EFFECT">
    <attribute name="TEXT" value="1" />
  </edge>
  <edge from="RECEIVE" to="AGGRESSIVE">
    <attribute name="TEXT" value="1" />
  </edge>
  <edge from="RECEIVED" to="CONSERVATIVE">
    <attribute name="TEXT" value="1" />
  </edge>
  <edge from="RELATED" to="DATA">
    <attribute name="TEXT" value="1" />
  </edge>
  <edge from="REPORT" to="PUBLISHED">
    <attribute name="TEXT" value="1" />
  </edge>
  <edge from="REUTERS" to="LIMITED">
    <attribute name="TEXT" value="1" />
  </edge>
  <edge from="SAVE" to="LIVE">
    <attribute name="TEXT" value="8" />
    <attribute name="LINKS" value="8" />
  </edge>
  <edge from="SAVE" to="LIVE">
    <attribute name="TEXT" value="8" />
    <attribute name="LINKS" value="8" />
  </edge>
  <edge from="SCARDINO" to="NOTES">
    <attribute name="TEXT" value="1" />
  </edge>
  <edge from="SEEK" to="CURE">
    <attribute name="TEXT" value="1" />
  </edge>
  <edge from="SOCIETY" to="ESTIMATES">
    <attribute name="TEXT" value="1" />
  </edge>
  <edge from="STORIES" to="NATURAL">
    <attribute name="TEXT" value="1" />
  </edge>
  <edge from="STUDY" to="ABBAS">
    <attribute name="TEXT" value="1" />
  </edge>
  <edge from="SURGICAL" to="REMOVAL">
    <attribute name="TEXT" value="1" />
  </edge>
  <edge from="SURROUNDING" to="TISSUE">
    <attribute name="TEXT" value="1" />
  </edge>
  <edge from="TEXT" to="HEADLINES">
    <attribute name="TEXT" value="1" />
  </edge>
  <edge from="THERAPEUTIC" to="APPROACH">
    <attribute name="TEXT" value="1" />
  </edge>
  <edge from="THERAPY" to="SAVE">
    <attribute name="TEXT" value="4" />
    <attribute name="LINKS" value="4" />
  </edge>
  <edge from="THERAPY" to="SAVE">
    <attribute name="TEXT" value="4" />
    <attribute name="LINKS" value="4" />
  </edge>
  <edge from="THREAT" to="POSED">
    <attribute name="TEXT" value="1" />
  </edge>
  <edge from="TRADITIONAL" to="THERAPEUTIC">
    <attribute name="TEXT" value="1" />
  </edge>
  <edge from="TREATED" to="AGGRESSIVELY">
    <attribute name="TEXT" value="1" />
  </edge>
  <edge from="TREATED" to="CONSERVATIVELY">
    <attribute name="TEXT" value="1" />
  </edge>
  <edge from="TUMOR" to="EFFECTIVELY">
    <attribute name="TEXT" value="1" />
  </edge>
  <edge from="UNITED" to="STATES">
    <attribute name="TEXT" value="1" />
  </edge>
  <edge from="URGENTLY" to="NEEDED">
    <attribute name="TEXT" value="1" />
  </edge>
  <edge from="UROLOGIC" to="ONCOLOGY">
    <attribute name="TEXT" value="1" />
  </edge>
  <edge from="WESTERN" to="COUNTRIES">
    <attribute name="TEXT" value="1" />
  </edge>
  <edge from="WRITE" to="NOTING">
    <attribute name="TEXT" value="1" />
  </edge>
  <edge from="YEAR" to="PERIOD">
    <attribute name="TEXT" value="1" />
  </edge>
</graph>
