<graph>
  <node id="AGAINST">
    <attribute name="FREQUENCY" value="2" />
  </node>
  <node id="AGE">
    <attribute name="FREQUENCY" value="1" />
  </node>
  <node id="AGE-MATCHED">
    <attribute name="FREQUENCY" value="1" />
  </node>
  <node id="AMERICA">
    <attribute name="FREQUENCY" value="1" />
  </node>
  <node id="ANALYZE">
    <attribute name="FREQUENCY" value="1" />
  </node>
  <node id="ANGELES">
    <attribute name="FREQUENCY" value="1" />
  </node>
  <node id="APPEARED">
    <attribute name="FREQUENCY" value="1" />
  </node>
  <node id="ASKED">
    <attribute name="FREQUENCY" value="1" />
  </node>
  <node id="ASTHMA">
    <attribute name="FREQUENCY" value="4" />
  </node>
  <node id="AUTHOR">
    <attribute name="FREQUENCY" value="1" />
  </node>
  <node id="BIRTH">
    <attribute name="FREQUENCY" value="1" />
  </node>
  <node id="BIZ">
    <attribute name="FREQUENCY" value="4" />
  </node>
  <node id="BORN">
    <attribute name="FREQUENCY" value="1" />
  </node>
  <node id="BRAIN">
    <attribute name="FREQUENCY" value="9" />
  </node>
  <node id="BREASTFEEDING">
    <attribute name="FREQUENCY" value="2" />
  </node>
  <node id="CALIFORNIA">
    <attribute name="FREQUENCY" value="1" />
  </node>
  <node id="CANCER">
    <attribute name="FREQUENCY" value="1" />
  </node>
  <node id="CASE">
    <attribute name="FREQUENCY" value="1" />
  </node>
  <node id="CENTER">
    <attribute name="FREQUENCY" value="3" />
  </node>
  <node id="CHILDREN">
    <attribute name="FREQUENCY" value="6" />
  </node>
  <node id="CLEAR">
    <attribute name="FREQUENCY" value="2" />
  </node>
  <node id="COMMENTS">
    <attribute name="FREQUENCY" value="2" />
  </node>
  <node id="COMPARED">
    <attribute name="FREQUENCY" value="1" />
  </node>
  <node id="COMPREHENSIVE">
    <attribute name="FREQUENCY" value="1" />
  </node>
  <node id="CONCEPTION">
    <attribute name="FREQUENCY" value="1" />
  </node>
  <node id="CUT">
    <attribute name="FREQUENCY" value="7" />
  </node>
  <node id="DAILY">
    <attribute name="FREQUENCY" value="3" />
  </node>
  <node id="DATA">
    <attribute name="FREQUENCY" value="2" />
  </node>
  <node id="DEATH">
    <attribute name="FREQUENCY" value="4" />
  </node>
  <node id="DIAGNOSED">
    <attribute name="FREQUENCY" value="1" />
  </node>
  <node id="DIET">
    <attribute name="FREQUENCY" value="1" />
  </node>
  <node id="EDT">
    <attribute name="FREQUENCY" value="1" />
  </node>
  <node id="ENTERTAIN">
    <attribute name="FREQUENCY" value="4" />
  </node>
  <node id="EUROPE">
    <attribute name="FREQUENCY" value="1" />
  </node>
  <node id="EXPLAINS">
    <attribute name="FREQUENCY" value="1" />
  </node>
  <node id="FAMILY">
    <attribute name="FREQUENCY" value="1" />
  </node>
  <node id="FOLATE">
    <attribute name="FREQUENCY" value="1" />
  </node>
  <node id="FRIDAY">
    <attribute name="FREQUENCY" value="1" />
  </node>
  <node id="GREATEST">
    <attribute name="FREQUENCY" value="3" />
  </node>
  <node id="HEADLINES">
    <attribute name="FREQUENCY" value="1" />
  </node>
  <node id="HEALTH">
    <attribute name="FREQUENCY" value="4" />
  </node>
  <node id="HELPED">
    <attribute name="FREQUENCY" value="1" />
  </node>
  <node id="HIGH">
    <attribute name="FREQUENCY" value="4" />
  </node>
  <node id="HTML">
    <attribute name="FREQUENCY" value="1" />
  </node>
  <node id="IDENTIFY">
    <attribute name="FREQUENCY" value="1" />
  </node>
  <node id="ILLINOIS">
    <attribute name="FREQUENCY" value="4" />
  </node>
  <node id="IMPACT">
    <attribute name="FREQUENCY" value="1" />
  </node>
  <node id="IMPORTANT">
    <attribute name="FREQUENCY" value="1" />
  </node>
  <node id="INCLUDED">
    <attribute name="FREQUENCY" value="2" />
  </node>
  <node id="INCREASE">
    <attribute name="FREQUENCY" value="1" />
  </node>
  <node id="INDIVIDUALS">
    <attribute name="FREQUENCY" value="1" />
  </node>
  <node id="INFO">
    <attribute name="FREQUENCY" value="2" />
  </node>
  <node id="INTERNATIONAL">
    <attribute name="FREQUENCY" value="1" />
  </node>
  <node id="ISRAEL">
    <attribute name="FREQUENCY" value="1" />
  </node>
  <node id="LANG">
    <attribute name="FREQUENCY" value="1" />
  </node>
  <node id="LEAD">
    <attribute name="FREQUENCY" value="1" />
  </node>
  <node id="LESLIE">
    <attribute name="FREQUENCY" value="1" />
  </node>
  <node id="LIMITED">
    <attribute name="FREQUENCY" value="1" />
  </node>
  <node id="LOS">
    <attribute name="FREQUENCY" value="1" />
  </node>
  <node id="MAJOR">
    <attribute name="FREQUENCY" value="1" />
  </node>
  <node id="MEDICAL">
    <attribute name="FREQUENCY" value="1" />
  </node>
  <node id="MEDICINE">
    <attribute name="FREQUENCY" value="2" />
  </node>
  <node id="MINERAL">
    <attribute name="FREQUENCY" value="1" />
  </node>
  <node id="MONTH">
    <attribute name="FREQUENCY" value="1" />
  </node>
  <node id="MOTHER">
    <attribute name="FREQUENCY" value="4" />
  </node>
  <node id="MULTIVITAMIN">
    <attribute name="FREQUENCY" value="1" />
  </node>
  <node id="NEWS">
    <attribute name="FREQUENCY" value="5" />
  </node>
  <node id="NORRIS">
    <attribute name="FREQUENCY" value="1" />
  </node>
  <node id="NORTH">
    <attribute name="FREQUENCY" value="1" />
  </node>
  <node id="PM">
    <attribute name="FREQUENCY" value="1" />
  </node>
  <node id="POLITIC">
    <attribute name="FREQUENCY" value="4" />
  </node>
  <node id="PRACTICE">
    <attribute name="FREQUENCY" value="1" />
  </node>
  <node id="PREGNANCY">
    <attribute name="FREQUENCY" value="7" />
  </node>
  <node id="PRENATAL">
    <attribute name="FREQUENCY" value="3" />
  </node>
  <node id="PRESTON-MARTIN">
    <attribute name="FREQUENCY" value="4" />
  </node>
  <node id="PREVENTIVE">
    <attribute name="FREQUENCY" value="1" />
  </node>
  <node id="PRIMARY">
    <attribute name="FREQUENCY" value="1" />
  </node>
  <node id="PRIOR">
    <attribute name="FREQUENCY" value="1" />
  </node>
  <node id="PROFESSOR">
    <attribute name="FREQUENCY" value="1" />
  </node>
  <node id="PROTECT">
    <attribute name="FREQUENCY" value="1" />
  </node>
  <node id="PROTECTION">
    <attribute name="FREQUENCY" value="5" />
  </node>
  <node id="QUESTIONS">
    <attribute name="FREQUENCY" value="2" />
  </node>
  <node id="RATE">
    <attribute name="FREQUENCY" value="4" />
  </node>
  <node id="REDUCE">
    <attribute name="FREQUENCY" value="5" />
  </node>
  <node id="REGISTRIES">
    <attribute name="FREQUENCY" value="1" />
  </node>
  <node id="RESULTS">
    <attribute name="FREQUENCY" value="1" />
  </node>
  <node id="REUTERS">
    <attribute name="FREQUENCY" value="2" />
  </node>
  <node id="RISK">
    <attribute name="FREQUENCY" value="9" />
  </node>
  <node id="SALT">
    <attribute name="FREQUENCY" value="4" />
  </node>
  <node id="SCHOOL">
    <attribute name="FREQUENCY" value="1" />
  </node>
  <node id="SCOREBOARD">
    <attribute name="FREQUENCY" value="4" />
  </node>
  <node id="SEPTEMBER">
    <attribute name="FREQUENCY" value="2" />
  </node>
  <node id="SOURCE">
    <attribute name="FREQUENCY" value="1" />
  </node>
  <node id="SOUTHERN">
    <attribute name="FREQUENCY" value="1" />
  </node>
  <node id="SPORT">
    <attribute name="FREQUENCY" value="4" />
  </node>
  <node id="STEP">
    <attribute name="FREQUENCY" value="1" />
  </node>
  <node id="STORIES">
    <attribute name="FREQUENCY" value="1" />
  </node>
  <node id="STORY">
    <attribute name="FREQUENCY" value="4" />
  </node>
  <node id="STROKE">
    <attribute name="FREQUENCY" value="4" />
  </node>
  <node id="STUDIED">
    <attribute name="FREQUENCY" value="1" />
  </node>
  <node id="STUDY">
    <attribute name="FREQUENCY" value="4" />
  </node>
  <node id="SUPPLEMENTATION">
    <attribute name="FREQUENCY" value="1" />
  </node>
  <node id="SUPPLEMENTS">
    <attribute name="FREQUENCY" value="6" />
  </node>
  <node id="SUSAN">
    <attribute name="FREQUENCY" value="1" />
  </node>
  <node id="TAKING">
    <attribute name="FREQUENCY" value="1" />
  </node>
  <node id="TECH">
    <attribute name="FREQUENCY" value="4" />
  </node>
  <node id="TERRIBLY">
    <attribute name="FREQUENCY" value="2" />
  </node>
  <node id="TEXT">
    <attribute name="FREQUENCY" value="1" />
  </node>
  <node id="THROUGHOUT">
    <attribute name="FREQUENCY" value="3" />
  </node>
  <node id="TRIMESTER">
    <attribute name="FREQUENCY" value="5" />
  </node>
  <node id="TUMOR">
    <attribute name="FREQUENCY" value="10" />
  </node>
  <node id="TYPE">
    <attribute name="FREQUENCY" value="1" />
  </node>
  <node id="UNDERSTAND">
    <attribute name="FREQUENCY" value="1" />
  </node>
  <node id="UNIVERSITY">
    <attribute name="FREQUENCY" value="1" />
  </node>
  <node id="VITAMIN">
    <attribute name="FREQUENCY" value="8" />
  </node>
  <node id="WOMEN">
    <attribute name="FREQUENCY" value="1" />
  </node>
  <node id="WRITE">
    <attribute name="FREQUENCY" value="2" />
  </node>
  <node id="YAHOO">
    <attribute name="FREQUENCY" value="4" />
  </node>
  <node id="YEAR">
    <attribute name="FREQUENCY" value="1" />
  </node>
  <node id="YORK">
    <attribute name="FREQUENCY" value="1" />
  </node>
  <edge from="AGAINST" to="BRAIN">
    <attribute name="TEXT" value="2" />
  </edge>
  <edge from="AGE" to="BIRTH">
    <attribute name="TEXT" value="1" />
  </edge>
  <edge from="AGE-MATCHED" to="CHILDREN">
    <attribute name="TEXT" value="1" />
  </edge>
  <edge from="AMERICA" to="EUROPE">
    <attribute name="TEXT" value="1" />
  </edge>
  <edge from="ANALYZE" to="DATA">
    <attribute name="TEXT" value="1" />
  </edge>
  <edge from="ASKED" to="MOTHER">
    <attribute name="TEXT" value="1" />
  </edge>
  <edge from="ASTHMA" to="DEATH">
    <attribute name="TEXT" value="4" />
    <attribute name="LINKS" value="4" />
  </edge>
  <edge from="ASTHMA" to="DEATH">
    <attribute name="TEXT" value="4" />
    <attribute name="LINKS" value="4" />
  </edge>
  <edge from="BRAIN" to="TUMOR">
    <attribute name="TEXT" value="8" />
    <attribute name="KEYWORDS" value="1" />
  </edge>
  <edge from="BRAIN" to="TUMOR">
    <attribute name="TEXT" value="8" />
    <attribute name="KEYWORDS" value="1" />
  </edge>
  <edge from="CALIFORNIA" to="SCHOOL">
    <attribute name="TEXT" value="1" />
  </edge>
  <edge from="CANCER" to="CENTER">
    <attribute name="TEXT" value="1" />
  </edge>
  <edge from="CHILDREN" to="BORN">
    <attribute name="TEXT" value="1" />
  </edge>
  <edge from="CHILDREN" to="DIAGNOSED">
    <attribute name="TEXT" value="1" />
  </edge>
  <edge from="COMPREHENSIVE" to="CANCER">
    <attribute name="TEXT" value="1" />
  </edge>
  <edge from="CUT" to="BRAIN">
    <attribute name="TEXT" value="1" />
    <attribute name="KEYWORDS" value="1" />
  </edge>
  <edge from="CUT" to="BRAIN">
    <attribute name="TEXT" value="1" />
    <attribute name="KEYWORDS" value="1" />
  </edge>
  <edge from="CUT" to="STROKE">
    <attribute name="TEXT" value="4" />
    <attribute name="LINKS" value="4" />
  </edge>
  <edge from="CUT" to="STROKE">
    <attribute name="TEXT" value="4" />
    <attribute name="LINKS" value="4" />
  </edge>
  <edge from="DAILY" to="MULTIVITAMIN">
    <attribute name="TEXT" value="1" />
  </edge>
  <edge from="DAILY" to="SUPPLEMENTS">
    <attribute name="TEXT" value="1" />
  </edge>
  <edge from="DAILY" to="THROUGHOUT">
    <attribute name="TEXT" value="1" />
  </edge>
  <edge from="FAMILY" to="PRACTICE">
    <attribute name="TEXT" value="1" />
  </edge>
  <edge from="FRIDAY" to="SEPTEMBER">
    <attribute name="TEXT" value="1" />
  </edge>
  <edge from="GREATEST" to="PROTECTION">
    <attribute name="TEXT" value="3" />
  </edge>
  <edge from="HEALTH" to="STORIES">
    <attribute name="TEXT" value="1" />
  </edge>
  <edge from="HELPED" to="PROTECT">
    <attribute name="TEXT" value="1" />
  </edge>
  <edge from="HIGH" to="RATE">
    <attribute name="TEXT" value="2" />
    <attribute name="LINKS" value="2" />
  </edge>
  <edge from="HIGH" to="RATE">
    <attribute name="TEXT" value="2" />
    <attribute name="LINKS" value="2" />
  </edge>
  <edge from="INCLUDED" to="VITAMIN">
    <attribute name="TEXT" value="1" />
  </edge>
  <edge from="INDIVIDUALS" to="VITAMIN">
    <attribute name="TEXT" value="1" />
  </edge>
  <edge from="INTERNATIONAL" to="STUDY">
    <attribute name="TEXT" value="1" />
  </edge>
  <edge from="LEAD" to="STUDY">
    <attribute name="TEXT" value="1" />
  </edge>
  <edge from="LESLIE" to="LANG">
    <attribute name="TEXT" value="1" />
  </edge>
  <edge from="LOS" to="ANGELES">
    <attribute name="TEXT" value="1" />
  </edge>
  <edge from="MAJOR" to="TYPE">
    <attribute name="TEXT" value="1" />
  </edge>
  <edge from="MEDICAL" to="CENTER">
    <attribute name="TEXT" value="1" />
  </edge>
  <edge from="MOTHER" to="DIET">
    <attribute name="TEXT" value="1" />
  </edge>
  <edge from="MULTIVITAMIN" to="SUPPLEMENTS">
    <attribute name="TEXT" value="1" />
  </edge>
  <edge from="NORRIS" to="COMPREHENSIVE">
    <attribute name="TEXT" value="1" />
  </edge>
  <edge from="NORTH" to="AMERICA">
    <attribute name="TEXT" value="1" />
  </edge>
  <edge from="PM" to="EDT">
    <attribute name="TEXT" value="1" />
  </edge>
  <edge from="PRACTICE" to="NEWS">
    <attribute name="TEXT" value="1" />
  </edge>
  <edge from="PREGNANCY" to="HELPED">
    <attribute name="TEXT" value="1" />
  </edge>
  <edge from="PRENATAL" to="VITAMIN">
    <attribute name="TEXT" value="3" />
    <attribute name="KEYWORDS" value="2" />
  </edge>
  <edge from="PRENATAL" to="VITAMIN">
    <attribute name="TEXT" value="3" />
    <attribute name="KEYWORDS" value="2" />
  </edge>
  <edge from="PRESTON-MARTIN" to="PROFESSOR">
    <attribute name="TEXT" value="1" />
  </edge>
  <edge from="PRESTON-MARTIN" to="PROTECTION">
    <attribute name="TEXT" value="1" />
  </edge>
  <edge from="PREVENTIVE" to="MEDICINE">
    <attribute name="TEXT" value="1" />
  </edge>
  <edge from="PRIMARY" to="BRAIN">
    <attribute name="TEXT" value="1" />
  </edge>
  <edge from="PROTECT" to="AGAINST">
    <attribute name="TEXT" value="1" />
  </edge>
  <edge from="PROTECTION" to="AGAINST">
    <attribute name="TEXT" value="1" />
  </edge>
  <edge from="REDUCE" to="SALT">
    <attribute name="TEXT" value="4" />
    <attribute name="LINKS" value="4" />
  </edge>
  <edge from="REDUCE" to="SALT">
    <attribute name="TEXT" value="4" />
    <attribute name="LINKS" value="4" />
  </edge>
  <edge from="REUTERS" to="LIMITED">
    <attribute name="TEXT" value="1" />
  </edge>
  <edge from="SALT" to="CUT">
    <attribute name="TEXT" value="4" />
    <attribute name="LINKS" value="4" />
  </edge>
  <edge from="SALT" to="CUT">
    <attribute name="TEXT" value="4" />
    <attribute name="LINKS" value="4" />
  </edge>
  <edge from="SOUTHERN" to="CALIFORNIA">
    <attribute name="TEXT" value="1" />
  </edge>
  <edge from="STORIES" to="VITAMIN">
    <attribute name="TEXT" value="1" />
  </edge>
  <edge from="STROKE" to="RISK">
    <attribute name="TEXT" value="2" />
    <attribute name="LINKS" value="2" />
  </edge>
  <edge from="STROKE" to="RISK">
    <attribute name="TEXT" value="2" />
    <attribute name="LINKS" value="2" />
  </edge>
  <edge from="STUDY" to="AUTHOR">
    <attribute name="TEXT" value="1" />
  </edge>
  <edge from="STUDY" to="INCLUDED">
    <attribute name="TEXT" value="1" />
  </edge>
  <edge from="SUPPLEMENTS" to="THROUGHOUT">
    <attribute name="TEXT" value="1" />
  </edge>
  <edge from="SUSAN" to="PRESTON-MARTIN">
    <attribute name="TEXT" value="1" />
  </edge>
  <edge from="TERRIBLY" to="CLEAR">
    <attribute name="TEXT" value="2" />
  </edge>
  <edge from="TEXT" to="HEADLINES">
    <attribute name="TEXT" value="1" />
  </edge>
  <edge from="THROUGHOUT" to="PREGNANCY">
    <attribute name="TEXT" value="1" />
  </edge>
  <edge from="TUMOR" to="COMPARED">
    <attribute name="TEXT" value="1" />
  </edge>
  <edge from="TUMOR" to="REGISTRIES">
    <attribute name="TEXT" value="1" />
  </edge>
  <edge from="TUMOR" to="RISK">
    <attribute name="TEXT" value="2" />
    <attribute name="KEYWORDS" value="1" />
  </edge>
  <edge from="TUMOR" to="RISK">
    <attribute name="TEXT" value="2" />
    <attribute name="KEYWORDS" value="1" />
  </edge>
  <edge from="VITAMIN" to="CUT">
    <attribute name="TEXT" value="2" />
    <attribute name="KEYWORDS" value="2" />
  </edge>
  <edge from="VITAMIN" to="CUT">
    <attribute name="TEXT" value="2" />
    <attribute name="KEYWORDS" value="2" />
  </edge>
  <edge from="VITAMIN" to="SUPPLEMENTATION">
    <attribute name="TEXT" value="1" />
  </edge>
  <edge from="VITAMIN" to="SUPPLEMENTS">
    <attribute name="TEXT" value="1" />
  </edge>
  <edge from="VITAMIN" to="THROUGHOUT">
    <attribute name="TEXT" value="1" />
  </edge>
  <edge from="WOMEN" to="STUDIED">
    <attribute name="TEXT" value="1" />
  </edge>
</graph>
