<graph>
  <node id="ABILITY">
    <attribute name="FREQUENCY" value="1" />
  </node>
  <node id="ACADEMY">
    <attribute name="FREQUENCY" value="1" />
  </node>
  <node id="ACT">
    <attribute name="FREQUENCY" value="2" />
  </node>
  <node id="ADAPT">
    <attribute name="FREQUENCY" value="4" />
  </node>
  <node id="ADDED">
    <attribute name="FREQUENCY" value="1" />
  </node>
  <node id="AL">
    <attribute name="FREQUENCY" value="1" />
  </node>
  <node id="ALTERED">
    <attribute name="FREQUENCY" value="2" />
  </node>
  <node id="ALZHEIMER">
    <attribute name="FREQUENCY" value="1" />
  </node>
  <node id="AMYOTROPHIC">
    <attribute name="FREQUENCY" value="1" />
  </node>
  <node id="ANIMALS">
    <attribute name="FREQUENCY" value="2" />
  </node>
  <node id="APOPTOSIS">
    <attribute name="FREQUENCY" value="1" />
  </node>
  <node id="ARCHITECTS">
    <attribute name="FREQUENCY" value="1" />
  </node>
  <node id="ATOM">
    <attribute name="FREQUENCY" value="1" />
  </node>
  <node id="ATTACK">
    <attribute name="FREQUENCY" value="1" />
  </node>
  <node id="AUGUST">
    <attribute name="FREQUENCY" value="1" />
  </node>
  <node id="AUTHOR">
    <attribute name="FREQUENCY" value="1" />
  </node>
  <node id="BALL-SHAPED">
    <attribute name="FREQUENCY" value="1" />
  </node>
  <node id="BIZ">
    <attribute name="FREQUENCY" value="4" />
  </node>
  <node id="BUCKMINSTER">
    <attribute name="FREQUENCY" value="1" />
  </node>
  <node id="BUCKMINSTERFULLERENES">
    <attribute name="FREQUENCY" value="1" />
  </node>
  <node id="BUCKYBALLS">
    <attribute name="FREQUENCY" value="10" />
  </node>
  <node id="CARBON">
    <attribute name="FREQUENCY" value="1" />
  </node>
  <node id="CELL-CULTURE">
    <attribute name="FREQUENCY" value="1" />
  </node>
  <node id="CELL-SUICIDE">
    <attribute name="FREQUENCY" value="1" />
  </node>
  <node id="CELLS">
    <attribute name="FREQUENCY" value="7" />
  </node>
  <node id="CELLULAR">
    <attribute name="FREQUENCY" value="1" />
  </node>
  <node id="CHEMICAL">
    <attribute name="FREQUENCY" value="3" />
  </node>
  <node id="CLEAR">
    <attribute name="FREQUENCY" value="1" />
  </node>
  <node id="CODE">
    <attribute name="FREQUENCY" value="1" />
  </node>
  <node id="COMMENTS">
    <attribute name="FREQUENCY" value="2" />
  </node>
  <node id="COMPOUND">
    <attribute name="FREQUENCY" value="1" />
  </node>
  <node id="CONSTRUCTED">
    <attribute name="FREQUENCY" value="1" />
  </node>
  <node id="CUT">
    <attribute name="FREQUENCY" value="4" />
  </node>
  <node id="DAMAGE">
    <attribute name="FREQUENCY" value="4" />
  </node>
  <node id="DEFECTIVE">
    <attribute name="FREQUENCY" value="1" />
  </node>
  <node id="DEGENERATION">
    <attribute name="FREQUENCY" value="2" />
  </node>
  <node id="DELAYED">
    <attribute name="FREQUENCY" value="1" />
  </node>
  <node id="DELIVERY">
    <attribute name="FREQUENCY" value="1" />
  </node>
  <node id="DEMONSTRATION">
    <attribute name="FREQUENCY" value="1" />
  </node>
  <node id="DEPRIVATION">
    <attribute name="FREQUENCY" value="1" />
  </node>
  <node id="DESIGNED">
    <attribute name="FREQUENCY" value="1" />
  </node>
  <node id="DISEASE">
    <attribute name="FREQUENCY" value="3" />
  </node>
  <node id="DISSOLVED">
    <attribute name="FREQUENCY" value="1" />
  </node>
  <node id="DOME">
    <attribute name="FREQUENCY" value="1" />
  </node>
  <node id="DRUG">
    <attribute name="FREQUENCY" value="1" />
  </node>
  <node id="DUGAN">
    <attribute name="FREQUENCY" value="3" />
  </node>
  <node id="EASILY">
    <attribute name="FREQUENCY" value="1" />
  </node>
  <node id="EDT">
    <attribute name="FREQUENCY" value="1" />
  </node>
  <node id="EFFECT">
    <attribute name="FREQUENCY" value="1" />
  </node>
  <node id="ENGINEERED">
    <attribute name="FREQUENCY" value="1" />
  </node>
  <node id="ENTERTAIN">
    <attribute name="FREQUENCY" value="4" />
  </node>
  <node id="EVENT">
    <attribute name="FREQUENCY" value="2" />
  </node>
  <node id="EVENTUALLY">
    <attribute name="FREQUENCY" value="1" />
  </node>
  <node id="EXERCISE">
    <attribute name="FREQUENCY" value="4" />
  </node>
  <node id="EXPOSED">
    <attribute name="FREQUENCY" value="1" />
  </node>
  <node id="EXPOSURE">
    <attribute name="FREQUENCY" value="1" />
  </node>
  <node id="FALL">
    <attribute name="FREQUENCY" value="4" />
  </node>
  <node id="FREE-RADICAL">
    <attribute name="FREQUENCY" value="1" />
  </node>
  <node id="FULLER">
    <attribute name="FREQUENCY" value="1" />
  </node>
  <node id="GEHRIG">
    <attribute name="FREQUENCY" value="2" />
  </node>
  <node id="GENE">
    <attribute name="FREQUENCY" value="2" />
  </node>
  <node id="GENERALIZED">
    <attribute name="FREQUENCY" value="1" />
  </node>
  <node id="GENETICALLY">
    <attribute name="FREQUENCY" value="1" />
  </node>
  <node id="GEODESIC">
    <attribute name="FREQUENCY" value="1" />
  </node>
  <node id="GLUCOSE">
    <attribute name="FREQUENCY" value="1" />
  </node>
  <node id="GROWN">
    <attribute name="FREQUENCY" value="1" />
  </node>
  <node id="HALF">
    <attribute name="FREQUENCY" value="1" />
  </node>
  <node id="HARMFUL">
    <attribute name="FREQUENCY" value="3" />
  </node>
  <node id="HEAD">
    <attribute name="FREQUENCY" value="1" />
  </node>
  <node id="HEADLINES">
    <attribute name="FREQUENCY" value="1" />
  </node>
  <node id="HEALTH">
    <attribute name="FREQUENCY" value="4" />
  </node>
  <node id="HEART">
    <attribute name="FREQUENCY" value="1" />
  </node>
  <node id="HELPED">
    <attribute name="FREQUENCY" value="1" />
  </node>
  <node id="HELPS">
    <attribute name="FREQUENCY" value="1" />
  </node>
  <node id="HIGHLY">
    <attribute name="FREQUENCY" value="1" />
  </node>
  <node id="HONOR">
    <attribute name="FREQUENCY" value="1" />
  </node>
  <node id="HTML">
    <attribute name="FREQUENCY" value="1" />
  </node>
  <node id="HUMAN">
    <attribute name="FREQUENCY" value="1" />
  </node>
  <node id="HYPOTHESIS">
    <attribute name="FREQUENCY" value="1" />
  </node>
  <node id="IMPORTANT">
    <attribute name="FREQUENCY" value="1" />
  </node>
  <node id="INCLUDING">
    <attribute name="FREQUENCY" value="1" />
  </node>
  <node id="INCREASED">
    <attribute name="FREQUENCY" value="2" />
  </node>
  <node id="INFO">
    <attribute name="FREQUENCY" value="2" />
  </node>
  <node id="INFUSIONS">
    <attribute name="FREQUENCY" value="1" />
  </node>
  <node id="INJURY">
    <attribute name="FREQUENCY" value="2" />
  </node>
  <node id="LAB">
    <attribute name="FREQUENCY" value="1" />
  </node>
  <node id="LARGE">
    <attribute name="FREQUENCY" value="1" />
  </node>
  <node id="LATERAL">
    <attribute name="FREQUENCY" value="1" />
  </node>
  <node id="LAURA">
    <attribute name="FREQUENCY" value="1" />
  </node>
  <node id="LEAD">
    <attribute name="FREQUENCY" value="1" />
  </node>
  <node id="LIFE">
    <attribute name="FREQUENCY" value="1" />
  </node>
  <node id="LIFESTYLE">
    <attribute name="FREQUENCY" value="4" />
  </node>
  <node id="LIMITED">
    <attribute name="FREQUENCY" value="1" />
  </node>
  <node id="LINKED">
    <attribute name="FREQUENCY" value="2" />
  </node>
  <node id="LIVE">
    <attribute name="FREQUENCY" value="3" />
  </node>
  <node id="LONG">
    <attribute name="FREQUENCY" value="1" />
  </node>
  <node id="LONGER">
    <attribute name="FREQUENCY" value="1" />
  </node>
  <node id="LOU">
    <attribute name="FREQUENCY" value="2" />
  </node>
  <node id="LOUIS">
    <attribute name="FREQUENCY" value="1" />
  </node>
  <node id="MAKES">
    <attribute name="FREQUENCY" value="1" />
  </node>
  <node id="MEDICINE">
    <attribute name="FREQUENCY" value="1" />
  </node>
  <node id="MEMBRANE">
    <attribute name="FREQUENCY" value="1" />
  </node>
  <node id="MICE">
    <attribute name="FREQUENCY" value="2" />
  </node>
  <node id="MISSOURI">
    <attribute name="FREQUENCY" value="1" />
  </node>
  <node id="MODEL">
    <attribute name="FREQUENCY" value="1" />
  </node>
  <node id="MODIFIED">
    <attribute name="FREQUENCY" value="3" />
  </node>
  <node id="MOLECULES">
    <attribute name="FREQUENCY" value="3" />
  </node>
  <node id="MUSCLE">
    <attribute name="FREQUENCY" value="4" />
  </node>
  <node id="NAMED">
    <attribute name="FREQUENCY" value="1" />
  </node>
  <node id="NATIONAL">
    <attribute name="FREQUENCY" value="1" />
  </node>
  <node id="NERVE">
    <attribute name="FREQUENCY" value="6" />
  </node>
  <node id="NEURONS">
    <attribute name="FREQUENCY" value="2" />
  </node>
  <node id="NEUROPROTECTIVE">
    <attribute name="FREQUENCY" value="1" />
  </node>
  <node id="NEWS">
    <attribute name="FREQUENCY" value="4" />
  </node>
  <node id="NURSE">
    <attribute name="FREQUENCY" value="4" />
  </node>
  <node id="OXIDATIVE">
    <attribute name="FREQUENCY" value="1" />
  </node>
  <node id="OXYGEN">
    <attribute name="FREQUENCY" value="1" />
  </node>
  <node id="PERIOD">
    <attribute name="FREQUENCY" value="1" />
  </node>
  <node id="PM">
    <attribute name="FREQUENCY" value="1" />
  </node>
  <node id="POLITIC">
    <attribute name="FREQUENCY" value="4" />
  </node>
  <node id="PREVENT">
    <attribute name="FREQUENCY" value="3" />
  </node>
  <node id="PREVENTED">
    <attribute name="FREQUENCY" value="1" />
  </node>
  <node id="PROCEEDINGS">
    <attribute name="FREQUENCY" value="1" />
  </node>
  <node id="PROCESS">
    <attribute name="FREQUENCY" value="1" />
  </node>
  <node id="PRODUCED">
    <attribute name="FREQUENCY" value="1" />
  </node>
  <node id="PRODUCTION">
    <attribute name="FREQUENCY" value="2" />
  </node>
  <node id="PROGRAM">
    <attribute name="FREQUENCY" value="4" />
  </node>
  <node id="PROTECT">
    <attribute name="FREQUENCY" value="3" />
  </node>
  <node id="PROTECTIVE">
    <attribute name="FREQUENCY" value="2" />
  </node>
  <node id="PROTEIN">
    <attribute name="FREQUENCY" value="1" />
  </node>
  <node id="QUANTITIES">
    <attribute name="FREQUENCY" value="1" />
  </node>
  <node id="QUESTIONS">
    <attribute name="FREQUENCY" value="2" />
  </node>
  <node id="RADICAL">
    <attribute name="FREQUENCY" value="5" />
  </node>
  <node id="RANGE">
    <attribute name="FREQUENCY" value="1" />
  </node>
  <node id="REACTIVE">
    <attribute name="FREQUENCY" value="1" />
  </node>
  <node id="RECEIVED">
    <attribute name="FREQUENCY" value="1" />
  </node>
  <node id="REMOVAL">
    <attribute name="FREQUENCY" value="1" />
  </node>
  <node id="REPORT">
    <attribute name="FREQUENCY" value="1" />
  </node>
  <node id="RESEARCHERS">
    <attribute name="FREQUENCY" value="2" />
  </node>
  <node id="RESULTS">
    <attribute name="FREQUENCY" value="2" />
  </node>
  <node id="REUTERS">
    <attribute name="FREQUENCY" value="2" />
  </node>
  <node id="SAFETY">
    <attribute name="FREQUENCY" value="4" />
  </node>
  <node id="SCAVENGER">
    <attribute name="FREQUENCY" value="1" />
  </node>
  <node id="SCHOOL">
    <attribute name="FREQUENCY" value="1" />
  </node>
  <node id="SCIENCE">
    <attribute name="FREQUENCY" value="1" />
  </node>
  <node id="SCIENTISTS">
    <attribute name="FREQUENCY" value="2" />
  </node>
  <node id="SCLEROSIS">
    <attribute name="FREQUENCY" value="1" />
  </node>
  <node id="SCOREBOARD">
    <attribute name="FREQUENCY" value="4" />
  </node>
  <node id="SERUM">
    <attribute name="FREQUENCY" value="1" />
  </node>
  <node id="SHELL">
    <attribute name="FREQUENCY" value="1" />
  </node>
  <node id="SOAKING">
    <attribute name="FREQUENCY" value="1" />
  </node>
  <node id="SOCCER">
    <attribute name="FREQUENCY" value="1" />
  </node>
  <node id="SOURCE">
    <attribute name="FREQUENCY" value="1" />
  </node>
  <node id="SPECIES">
    <attribute name="FREQUENCY" value="1" />
  </node>
  <node id="SPHERICAL">
    <attribute name="FREQUENCY" value="1" />
  </node>
  <node id="SPORT">
    <attribute name="FREQUENCY" value="4" />
  </node>
  <node id="STORIES">
    <attribute name="FREQUENCY" value="1" />
  </node>
  <node id="STORY">
    <attribute name="FREQUENCY" value="4" />
  </node>
  <node id="STROKE">
    <attribute name="FREQUENCY" value="1" />
  </node>
  <node id="SUBSTANCE">
    <attribute name="FREQUENCY" value="1" />
  </node>
  <node id="SURVIVED">
    <attribute name="FREQUENCY" value="1" />
  </node>
  <node id="SYMPTOM-FREE">
    <attribute name="FREQUENCY" value="1" />
  </node>
  <node id="SYMPTOMATIC">
    <attribute name="FREQUENCY" value="1" />
  </node>
  <node id="SYSTEM">
    <attribute name="FREQUENCY" value="1" />
  </node>
  <node id="TECH">
    <attribute name="FREQUENCY" value="4" />
  </node>
  <node id="TESTED">
    <attribute name="FREQUENCY" value="2" />
  </node>
  <node id="TEXT">
    <attribute name="FREQUENCY" value="1" />
  </node>
  <node id="TOXIC">
    <attribute name="FREQUENCY" value="1" />
  </node>
  <node id="TREATED">
    <attribute name="FREQUENCY" value="1" />
  </node>
  <node id="TREATMENT">
    <attribute name="FREQUENCY" value="1" />
  </node>
  <node id="TYPE">
    <attribute name="FREQUENCY" value="1" />
  </node>
  <node id="UNIVERSITY">
    <attribute name="FREQUENCY" value="1" />
  </node>
  <node id="VERSIONS">
    <attribute name="FREQUENCY" value="1" />
  </node>
  <node id="WASHINGTON">
    <attribute name="FREQUENCY" value="1" />
  </node>
  <node id="WEDNESDAY">
    <attribute name="FREQUENCY" value="1" />
  </node>
  <node id="WIDER">
    <attribute name="FREQUENCY" value="1" />
  </node>
  <node id="WORK">
    <attribute name="FREQUENCY" value="1" />
  </node>
  <node id="WRITE">
    <attribute name="FREQUENCY" value="2" />
  </node>
  <node id="YAHOO">
    <attribute name="FREQUENCY" value="4" />
  </node>
  <node id="YORK">
    <attribute name="FREQUENCY" value="1" />
  </node>
  <edge from="ALTERED" to="BUCKYBALLS">
    <attribute name="TEXT" value="1" />
  </edge>
  <edge from="ALZHEIMER" to="DISEASE">
    <attribute name="TEXT" value="1" />
  </edge>
  <edge from="AMYOTROPHIC" to="LATERAL">
    <attribute name="TEXT" value="1" />
  </edge>
  <edge from="BALL-SHAPED" to="MOLECULES">
    <attribute name="TEXT" value="1" />
  </edge>
  <edge from="BUCKMINSTER" to="FULLER">
    <attribute name="TEXT" value="1" />
  </edge>
  <edge from="BUCKMINSTERFULLERENES" to="SPHERICAL">
    <attribute name="TEXT" value="1" />
  </edge>
  <edge from="BUCKYBALLS" to="ACT">
    <attribute name="TEXT" value="1" />
  </edge>
  <edge from="BUCKYBALLS" to="EVENTUALLY">
    <attribute name="TEXT" value="1" />
  </edge>
  <edge from="BUCKYBALLS" to="HELPED">
    <attribute name="TEXT" value="1" />
  </edge>
  <edge from="BUCKYBALLS" to="INFUSIONS">
    <attribute name="TEXT" value="1" />
  </edge>
  <edge from="BUCKYBALLS" to="PREVENT">
    <attribute name="TEXT" value="1" />
    <attribute name="KEYWORDS" value="1" />
  </edge>
  <edge from="BUCKYBALLS" to="PREVENT">
    <attribute name="TEXT" value="1" />
    <attribute name="KEYWORDS" value="1" />
  </edge>
  <edge from="CARBON" to="ATOM">
    <attribute name="TEXT" value="1" />
  </edge>
  <edge from="CELL-CULTURE" to="MODEL">
    <attribute name="TEXT" value="1" />
  </edge>
  <edge from="CELLS" to="MEMBRANE">
    <attribute name="TEXT" value="1" />
  </edge>
  <edge from="CELLULAR" to="EVENT">
    <attribute name="TEXT" value="1" />
  </edge>
  <edge from="CHEMICAL" to="INJURY">
    <attribute name="TEXT" value="1" />
  </edge>
  <edge from="CHEMICAL" to="SPECIES">
    <attribute name="TEXT" value="1" />
  </edge>
  <edge from="CLEAR" to="CELLS">
    <attribute name="TEXT" value="1" />
  </edge>
  <edge from="CUT" to="NURSE">
    <attribute name="TEXT" value="8" />
    <attribute name="LINKS" value="8" />
  </edge>
  <edge from="CUT" to="NURSE">
    <attribute name="TEXT" value="8" />
    <attribute name="LINKS" value="8" />
  </edge>
  <edge from="DAMAGE" to="TREATMENT">
    <attribute name="TEXT" value="1" />
  </edge>
  <edge from="DEFECTIVE" to="GENE">
    <attribute name="TEXT" value="1" />
  </edge>
  <edge from="DELAYED" to="NERVE">
    <attribute name="TEXT" value="1" />
  </edge>
  <edge from="DELIVERY" to="SYSTEM">
    <attribute name="TEXT" value="1" />
  </edge>
  <edge from="DESIGNED" to="SOCCER">
    <attribute name="TEXT" value="1" />
  </edge>
  <edge from="ENGINEERED" to="MICE">
    <attribute name="TEXT" value="1" />
  </edge>
  <edge from="EXERCISE" to="LIFESTYLE">
    <attribute name="TEXT" value="2" />
    <attribute name="LINKS" value="2" />
  </edge>
  <edge from="EXERCISE" to="LIFESTYLE">
    <attribute name="TEXT" value="2" />
    <attribute name="LINKS" value="2" />
  </edge>
  <edge from="EXPOSED" to="NEURONS">
    <attribute name="TEXT" value="1" />
  </edge>
  <edge from="FREE-RADICAL" to="PRODUCTION">
    <attribute name="TEXT" value="1" />
  </edge>
  <edge from="FULLER" to="GEODESIC">
    <attribute name="TEXT" value="1" />
  </edge>
  <edge from="GEHRIG" to="DISEASE">
    <attribute name="TEXT" value="2" />
  </edge>
  <edge from="GENE" to="CODE">
    <attribute name="TEXT" value="1" />
  </edge>
  <edge from="GENERALIZED" to="RADICAL">
    <attribute name="TEXT" value="1" />
  </edge>
  <edge from="GENETICALLY" to="ENGINEERED">
    <attribute name="TEXT" value="1" />
  </edge>
  <edge from="GEODESIC" to="DOME">
    <attribute name="TEXT" value="1" />
  </edge>
  <edge from="GLUCOSE" to="DEPRIVATION">
    <attribute name="TEXT" value="1" />
  </edge>
  <edge from="HARMFUL" to="CHEMICAL">
    <attribute name="TEXT" value="1" />
  </edge>
  <edge from="HARMFUL" to="EVENT">
    <attribute name="TEXT" value="1" />
  </edge>
  <edge from="HEAD" to="INJURY">
    <attribute name="TEXT" value="1" />
  </edge>
  <edge from="HEALTH" to="STORIES">
    <attribute name="TEXT" value="1" />
  </edge>
  <edge from="HEART" to="ATTACK">
    <attribute name="TEXT" value="1" />
  </edge>
  <edge from="HELPED" to="PROTECT">
    <attribute name="TEXT" value="1" />
  </edge>
  <edge from="HELPS" to="PROTECT">
    <attribute name="TEXT" value="1" />
  </edge>
  <edge from="HIGHLY" to="REACTIVE">
    <attribute name="TEXT" value="1" />
  </edge>
  <edge from="IMPORTANT" to="ABILITY">
    <attribute name="TEXT" value="1" />
  </edge>
  <edge from="INCREASED" to="FREE-RADICAL">
    <attribute name="TEXT" value="1" />
  </edge>
  <edge from="INJURY" to="INCLUDING">
    <attribute name="TEXT" value="1" />
  </edge>
  <edge from="INJURY" to="STROKE">
    <attribute name="TEXT" value="1" />
  </edge>
  <edge from="LARGE" to="QUANTITIES">
    <attribute name="TEXT" value="1" />
  </edge>
  <edge from="LATERAL" to="SCLEROSIS">
    <attribute name="TEXT" value="1" />
  </edge>
  <edge from="LAURA" to="DUGAN">
    <attribute name="TEXT" value="1" />
  </edge>
  <edge from="LEAD" to="AUTHOR">
    <attribute name="TEXT" value="1" />
  </edge>
  <edge from="LIFE" to="INCREASED">
    <attribute name="TEXT" value="1" />
  </edge>
  <edge from="LIVE" to="ANIMALS">
    <attribute name="TEXT" value="2" />
  </edge>
  <edge from="LIVE" to="CELLS">
    <attribute name="TEXT" value="1" />
  </edge>
  <edge from="LOU" to="GEHRIG">
    <attribute name="TEXT" value="2" />
  </edge>
  <edge from="LOUIS" to="MISSOURI">
    <attribute name="TEXT" value="1" />
  </edge>
  <edge from="MICE" to="SURVIVED">
    <attribute name="TEXT" value="1" />
  </edge>
  <edge from="MISSOURI" to="LEAD">
    <attribute name="TEXT" value="1" />
  </edge>
  <edge from="MODIFIED" to="BUCKYBALLS">
    <attribute name="TEXT" value="2" />
  </edge>
  <edge from="MODIFIED" to="VERSIONS">
    <attribute name="TEXT" value="1" />
  </edge>
  <edge from="MOLECULES" to="PROTECT">
    <attribute name="TEXT" value="1" />
  </edge>
  <edge from="MUSCLE" to="ADAPT">
    <attribute name="TEXT" value="4" />
    <attribute name="LINKS" value="4" />
  </edge>
  <edge from="MUSCLE" to="ADAPT">
    <attribute name="TEXT" value="4" />
    <attribute name="LINKS" value="4" />
  </edge>
  <edge from="NATIONAL" to="ACADEMY">
    <attribute name="TEXT" value="1" />
  </edge>
  <edge from="NERVE" to="CELLS">
    <attribute name="TEXT" value="2" />
  </edge>
  <edge from="NERVE" to="DAMAGE">
    <attribute name="TEXT" value="1" />
    <attribute name="KEYWORDS" value="1" />
  </edge>
  <edge from="NERVE" to="DAMAGE">
    <attribute name="TEXT" value="1" />
    <attribute name="KEYWORDS" value="1" />
  </edge>
  <edge from="NERVE" to="DEGENERATION">
    <attribute name="TEXT" value="2" />
  </edge>
  <edge from="NEURONS" to="GROWN">
    <attribute name="TEXT" value="1" />
  </edge>
  <edge from="NEURONS" to="TREATED">
    <attribute name="TEXT" value="1" />
  </edge>
  <edge from="NEUROPROTECTIVE" to="DRUG">
    <attribute name="TEXT" value="1" />
  </edge>
  <edge from="OXIDATIVE" to="DAMAGE">
    <attribute name="TEXT" value="1" />
  </edge>
  <edge from="PM" to="EDT">
    <attribute name="TEXT" value="1" />
  </edge>
  <edge from="PREVENT" to="NERVE">
    <attribute name="TEXT" value="1" />
    <attribute name="KEYWORDS" value="1" />
  </edge>
  <edge from="PREVENT" to="NERVE">
    <attribute name="TEXT" value="1" />
    <attribute name="KEYWORDS" value="1" />
  </edge>
  <edge from="PREVENT" to="OXIDATIVE">
    <attribute name="TEXT" value="1" />
  </edge>
  <edge from="PREVENTED" to="APOPTOSIS">
    <attribute name="TEXT" value="1" />
  </edge>
  <edge from="PROCESS" to="HARMFUL">
    <attribute name="TEXT" value="1" />
  </edge>
  <edge from="PROGRAM" to="CUT">
    <attribute name="TEXT" value="4" />
    <attribute name="LINKS" value="4" />
  </edge>
  <edge from="PROGRAM" to="CUT">
    <attribute name="TEXT" value="4" />
    <attribute name="LINKS" value="4" />
  </edge>
  <edge from="PROTECT" to="NERVE">
    <attribute name="TEXT" value="2" />
  </edge>
  <edge from="PROTECTIVE" to="EFFECT">
    <attribute name="TEXT" value="1" />
  </edge>
  <edge from="RADICAL" to="SCAVENGER">
    <attribute name="TEXT" value="1" />
  </edge>
  <edge from="REACTIVE" to="CHEMICAL">
    <attribute name="TEXT" value="1" />
  </edge>
  <edge from="RESEARCHERS" to="ALTERED">
    <attribute name="TEXT" value="1" />
  </edge>
  <edge from="RESEARCHERS" to="EXPOSED">
    <attribute name="TEXT" value="1" />
  </edge>
  <edge from="REUTERS" to="LIMITED">
    <attribute name="TEXT" value="1" />
  </edge>
  <edge from="SAFETY" to="PROGRAM">
    <attribute name="TEXT" value="2" />
    <attribute name="LINKS" value="2" />
  </edge>
  <edge from="SAFETY" to="PROGRAM">
    <attribute name="TEXT" value="2" />
    <attribute name="LINKS" value="2" />
  </edge>
  <edge from="SERUM" to="REMOVAL">
    <attribute name="TEXT" value="1" />
  </edge>
  <edge from="SHELL" to="CONSTRUCTED">
    <attribute name="TEXT" value="1" />
  </edge>
  <edge from="SOCCER" to="BALL-SHAPED">
    <attribute name="TEXT" value="1" />
  </edge>
  <edge from="SPHERICAL" to="SHELL">
    <attribute name="TEXT" value="1" />
  </edge>
  <edge from="STORIES" to="BUCKYBALLS">
    <attribute name="TEXT" value="1" />
  </edge>
  <edge from="STROKE" to="HEART">
    <attribute name="TEXT" value="1" />
  </edge>
  <edge from="SUBSTANCE" to="LINKED">
    <attribute name="TEXT" value="1" />
  </edge>
  <edge from="SURVIVED" to="LONGER">
    <attribute name="TEXT" value="1" />
  </edge>
  <edge from="SYMPTOM-FREE" to="LIFE">
    <attribute name="TEXT" value="1" />
  </edge>
  <edge from="SYMPTOMATIC" to="PERIOD">
    <attribute name="TEXT" value="1" />
  </edge>
  <edge from="SYSTEM" to="MODIFIED">
    <attribute name="TEXT" value="1" />
  </edge>
  <edge from="TEXT" to="HEADLINES">
    <attribute name="TEXT" value="1" />
  </edge>
  <edge from="UNIVERSITY" to="SCHOOL">
    <attribute name="TEXT" value="1" />
  </edge>
  <edge from="WASHINGTON" to="UNIVERSITY">
    <attribute name="TEXT" value="1" />
  </edge>
  <edge from="WEDNESDAY" to="AUGUST">
    <attribute name="TEXT" value="1" />
  </edge>
  <edge from="WIDER" to="RANGE">
    <attribute name="TEXT" value="1" />
  </edge>
  <edge from="WORK" to="HYPOTHESIS">
    <attribute name="TEXT" value="1" />
  </edge>
</graph>
