<graph>
  <node id="ABSINTHE">
    <attribute name="FREQUENCY" value="4" />
  </node>
  <node id="ABSINTHISM">
    <attribute name="FREQUENCY" value="1" />
  </node>
  <node id="ACTIVE">
    <attribute name="FREQUENCY" value="1" />
  </node>
  <node id="ADMISSION">
    <attribute name="FREQUENCY" value="1" />
  </node>
  <node id="AGITATED">
    <attribute name="FREQUENCY" value="1" />
  </node>
  <node id="ALCOHOL">
    <attribute name="FREQUENCY" value="1" />
  </node>
  <node id="ANCIENT">
    <attribute name="FREQUENCY" value="1" />
  </node>
  <node id="ANTI-PSYCHOTIC">
    <attribute name="FREQUENCY" value="1" />
  </node>
  <node id="AROMATHERAPY">
    <attribute name="FREQUENCY" value="1" />
  </node>
  <node id="ARTISTS">
    <attribute name="FREQUENCY" value="1" />
  </node>
  <node id="ASSUME">
    <attribute name="FREQUENCY" value="1" />
  </node>
  <node id="AUTHOR">
    <attribute name="FREQUENCY" value="2" />
  </node>
  <node id="BANNED">
    <attribute name="FREQUENCY" value="1" />
  </node>
  <node id="BAR">
    <attribute name="FREQUENCY" value="1" />
  </node>
  <node id="BIZ">
    <attribute name="FREQUENCY" value="4" />
  </node>
  <node id="BLOOD">
    <attribute name="FREQUENCY" value="2" />
  </node>
  <node id="BLUE-GREEN">
    <attribute name="FREQUENCY" value="1" />
  </node>
  <node id="BOUGHT">
    <attribute name="FREQUENCY" value="2" />
  </node>
  <node id="BRACE">
    <attribute name="FREQUENCY" value="1" />
  </node>
  <node id="BRAIN">
    <attribute name="FREQUENCY" value="1" />
  </node>
  <node id="BUY">
    <attribute name="FREQUENCY" value="1" />
  </node>
  <node id="CALLED">
    <attribute name="FREQUENCY" value="1" />
  </node>
  <node id="CALMED">
    <attribute name="FREQUENCY" value="1" />
  </node>
  <node id="CASE">
    <attribute name="FREQUENCY" value="2" />
  </node>
  <node id="CAUTIOUS">
    <attribute name="FREQUENCY" value="1" />
  </node>
  <node id="CENTER">
    <attribute name="FREQUENCY" value="1" />
  </node>
  <node id="CENTURY">
    <attribute name="FREQUENCY" value="1" />
  </node>
  <node id="CLAIMING">
    <attribute name="FREQUENCY" value="1" />
  </node>
  <node id="COLOR">
    <attribute name="FREQUENCY" value="1" />
  </node>
  <node id="COMMENTS">
    <attribute name="FREQUENCY" value="2" />
  </node>
  <node id="COMMERCIAL">
    <attribute name="FREQUENCY" value="1" />
  </node>
  <node id="COMMUNITY">
    <attribute name="FREQUENCY" value="1" />
  </node>
  <node id="COMPLAINED">
    <attribute name="FREQUENCY" value="1" />
  </node>
  <node id="CONGESTIVE">
    <attribute name="FREQUENCY" value="1" />
  </node>
  <node id="CONSUMER">
    <attribute name="FREQUENCY" value="1" />
  </node>
  <node id="CONTRIBUTED">
    <attribute name="FREQUENCY" value="1" />
  </node>
  <node id="CONVULSIONS">
    <attribute name="FREQUENCY" value="1" />
  </node>
  <node id="CZECH">
    <attribute name="FREQUENCY" value="1" />
  </node>
  <node id="DAMAGE">
    <attribute name="FREQUENCY" value="1" />
  </node>
  <node id="DAY">
    <attribute name="FREQUENCY" value="2" />
  </node>
  <node id="DAZZLING">
    <attribute name="FREQUENCY" value="1" />
  </node>
  <node id="DE">
    <attribute name="FREQUENCY" value="1" />
  </node>
  <node id="DECORTICATE">
    <attribute name="FREQUENCY" value="1" />
  </node>
  <node id="DESCRIPTION">
    <attribute name="FREQUENCY" value="1" />
  </node>
  <node id="DESTRUCTION">
    <attribute name="FREQUENCY" value="1" />
  </node>
  <node id="DIAGNOSED">
    <attribute name="FREQUENCY" value="1" />
  </node>
  <node id="DISCHARGED">
    <attribute name="FREQUENCY" value="1" />
  </node>
  <node id="DISEASE">
    <attribute name="FREQUENCY" value="1" />
  </node>
  <node id="DISORIENTED">
    <attribute name="FREQUENCY" value="1" />
  </node>
  <node id="DISTILLATION">
    <attribute name="FREQUENCY" value="1" />
  </node>
  <node id="DRANK">
    <attribute name="FREQUENCY" value="1" />
  </node>
  <node id="DRINK">
    <attribute name="FREQUENCY" value="5" />
  </node>
  <node id="DRUG">
    <attribute name="FREQUENCY" value="1" />
  </node>
  <node id="EDT">
    <attribute name="FREQUENCY" value="1" />
  </node>
  <node id="ENGLAND">
    <attribute name="FREQUENCY" value="2" />
  </node>
  <node id="ENTERTAIN">
    <attribute name="FREQUENCY" value="4" />
  </node>
  <node id="ESSENTIAL">
    <attribute name="FREQUENCY" value="3" />
  </node>
  <node id="ETHICS">
    <attribute name="FREQUENCY" value="4" />
  </node>
  <node id="EUROPEAN">
    <attribute name="FREQUENCY" value="1" />
  </node>
  <node id="EXPOSURE">
    <attribute name="FREQUENCY" value="4" />
  </node>
  <node id="EXTREMELY">
    <attribute name="FREQUENCY" value="1" />
  </node>
  <node id="FAILURE">
    <attribute name="FREQUENCY" value="2" />
  </node>
  <node id="FATHER">
    <attribute name="FREQUENCY" value="1" />
  </node>
  <node id="FAVORED">
    <attribute name="FREQUENCY" value="1" />
  </node>
  <node id="FINDINGS">
    <attribute name="FREQUENCY" value="1" />
  </node>
  <node id="FIRE">
    <attribute name="FREQUENCY" value="4" />
  </node>
  <node id="FRANCE">
    <attribute name="FREQUENCY" value="1" />
  </node>
  <node id="FUTURE">
    <attribute name="FREQUENCY" value="1" />
  </node>
  <node id="GEORGE">
    <attribute name="FREQUENCY" value="1" />
  </node>
  <node id="GOGH">
    <attribute name="FREQUENCY" value="1" />
  </node>
  <node id="GREAT">
    <attribute name="FREQUENCY" value="1" />
  </node>
  <node id="HALLUCINATIONS">
    <attribute name="FREQUENCY" value="1" />
  </node>
  <node id="HEADLINES">
    <attribute name="FREQUENCY" value="1" />
  </node>
  <node id="HEALTH">
    <attribute name="FREQUENCY" value="6" />
  </node>
  <node id="HEALTH-DAMAGING">
    <attribute name="FREQUENCY" value="1" />
  </node>
  <node id="HEART">
    <attribute name="FREQUENCY" value="1" />
  </node>
  <node id="HENRI">
    <attribute name="FREQUENCY" value="1" />
  </node>
  <node id="HERB">
    <attribute name="FREQUENCY" value="1" />
  </node>
  <node id="HOSPITAL">
    <attribute name="FREQUENCY" value="2" />
  </node>
  <node id="HOURS">
    <attribute name="FREQUENCY" value="1" />
  </node>
  <node id="HTML">
    <attribute name="FREQUENCY" value="1" />
  </node>
  <node id="ILLEGAL">
    <attribute name="FREQUENCY" value="1" />
  </node>
  <node id="INCOHERENT">
    <attribute name="FREQUENCY" value="1" />
  </node>
  <node id="INFO">
    <attribute name="FREQUENCY" value="2" />
  </node>
  <node id="INFORMATION">
    <attribute name="FREQUENCY" value="1" />
  </node>
  <node id="INGESTION">
    <attribute name="FREQUENCY" value="1" />
  </node>
  <node id="INGREDIENTS">
    <attribute name="FREQUENCY" value="2" />
  </node>
  <node id="INTERNET-MEDIATED">
    <attribute name="FREQUENCY" value="1" />
  </node>
  <node id="ISSUE">
    <attribute name="FREQUENCY" value="1" />
  </node>
  <node id="JOURNAL">
    <attribute name="FREQUENCY" value="2" />
  </node>
  <node id="KIDNEY">
    <attribute name="FREQUENCY" value="1" />
  </node>
  <node id="KIMMEL">
    <attribute name="FREQUENCY" value="2" />
  </node>
  <node id="LEG">
    <attribute name="FREQUENCY" value="1" />
  </node>
  <node id="LIMITED">
    <attribute name="FREQUENCY" value="1" />
  </node>
  <node id="LINKED">
    <attribute name="FREQUENCY" value="4" />
  </node>
  <node id="LIQUEUR">
    <attribute name="FREQUENCY" value="3" />
  </node>
  <node id="LIQUID">
    <attribute name="FREQUENCY" value="1" />
  </node>
  <node id="LONG-TERM">
    <attribute name="FREQUENCY" value="1" />
  </node>
  <node id="LYMPHOMAS">
    <attribute name="FREQUENCY" value="4" />
  </node>
  <node id="MAN">
    <attribute name="FREQUENCY" value="4" />
  </node>
  <node id="MEANS">
    <attribute name="FREQUENCY" value="1" />
  </node>
  <node id="MEDICAL">
    <attribute name="FREQUENCY" value="2" />
  </node>
  <node id="MEDICINE">
    <attribute name="FREQUENCY" value="2" />
  </node>
  <node id="MID">
    <attribute name="FREQUENCY" value="1" />
  </node>
  <node id="MUSCLE">
    <attribute name="FREQUENCY" value="2" />
  </node>
  <node id="NATION">
    <attribute name="FREQUENCY" value="1" />
  </node>
  <node id="NEPHROLOGY">
    <attribute name="FREQUENCY" value="1" />
  </node>
  <node id="NEWS">
    <attribute name="FREQUENCY" value="4" />
  </node>
  <node id="NON-HODGKIN">
    <attribute name="FREQUENCY" value="4" />
  </node>
  <node id="NORMAL">
    <attribute name="FREQUENCY" value="1" />
  </node>
  <node id="NOTED">
    <attribute name="FREQUENCY" value="1" />
  </node>
  <node id="NOTES">
    <attribute name="FREQUENCY" value="1" />
  </node>
  <node id="OIL">
    <attribute name="FREQUENCY" value="6" />
  </node>
  <node id="ORDERED">
    <attribute name="FREQUENCY" value="1" />
  </node>
  <node id="OSCAR">
    <attribute name="FREQUENCY" value="1" />
  </node>
  <node id="PARALYSIS">
    <attribute name="FREQUENCY" value="1" />
  </node>
  <node id="PARAMEDICS">
    <attribute name="FREQUENCY" value="1" />
  </node>
  <node id="PATIENTS">
    <attribute name="FREQUENCY" value="3" />
  </node>
  <node id="PAUL">
    <attribute name="FREQUENCY" value="1" />
  </node>
  <node id="PHYSICIANS">
    <attribute name="FREQUENCY" value="1" />
  </node>
  <node id="PM">
    <attribute name="FREQUENCY" value="1" />
  </node>
  <node id="POISONED">
    <attribute name="FREQUENCY" value="1" />
  </node>
  <node id="POISONING">
    <attribute name="FREQUENCY" value="1" />
  </node>
  <node id="POLITIC">
    <attribute name="FREQUENCY" value="4" />
  </node>
  <node id="POPULAR">
    <attribute name="FREQUENCY" value="2" />
  </node>
  <node id="POSTURING">
    <attribute name="FREQUENCY" value="1" />
  </node>
  <node id="POTENT">
    <attribute name="FREQUENCY" value="1" />
  </node>
  <node id="POTENTIAL">
    <attribute name="FREQUENCY" value="1" />
  </node>
  <node id="POTION">
    <attribute name="FREQUENCY" value="1" />
  </node>
  <node id="PREVENT">
    <attribute name="FREQUENCY" value="1" />
  </node>
  <node id="PRODUCTS">
    <attribute name="FREQUENCY" value="3" />
  </node>
  <node id="PROFESSOR">
    <attribute name="FREQUENCY" value="1" />
  </node>
  <node id="PROVIDERS">
    <attribute name="FREQUENCY" value="1" />
  </node>
  <node id="PSYCHOSIS">
    <attribute name="FREQUENCY" value="1" />
  </node>
  <node id="PUBLISHED">
    <attribute name="FREQUENCY" value="1" />
  </node>
  <node id="PURCHASED">
    <attribute name="FREQUENCY" value="2" />
  </node>
  <node id="QUESTIONS">
    <attribute name="FREQUENCY" value="2" />
  </node>
  <node id="RECREATIONAL">
    <attribute name="FREQUENCY" value="1" />
  </node>
  <node id="REPORT">
    <attribute name="FREQUENCY" value="4" />
  </node>
  <node id="REPUBLIC">
    <attribute name="FREQUENCY" value="1" />
  </node>
  <node id="RESEARCHERS">
    <attribute name="FREQUENCY" value="1" />
  </node>
  <node id="RETURNED">
    <attribute name="FREQUENCY" value="1" />
  </node>
  <node id="REUTERS">
    <attribute name="FREQUENCY" value="2" />
  </node>
  <node id="SCOREBOARD">
    <attribute name="FREQUENCY" value="4" />
  </node>
  <node id="SEED">
    <attribute name="FREQUENCY" value="1" />
  </node>
  <node id="SEIZURE">
    <attribute name="FREQUENCY" value="1" />
  </node>
  <node id="SEPTEMBER">
    <attribute name="FREQUENCY" value="1" />
  </node>
  <node id="SEVENTEEN">
    <attribute name="FREQUENCY" value="1" />
  </node>
  <node id="SIGNS">
    <attribute name="FREQUENCY" value="1" />
  </node>
  <node id="SLEEPLESSNESS">
    <attribute name="FREQUENCY" value="1" />
  </node>
  <node id="SORENESS">
    <attribute name="FREQUENCY" value="1" />
  </node>
  <node id="SOURCE">
    <attribute name="FREQUENCY" value="3" />
  </node>
  <node id="SPORT">
    <attribute name="FREQUENCY" value="4" />
  </node>
  <node id="STATES">
    <attribute name="FREQUENCY" value="3" />
  </node>
  <node id="STORIES">
    <attribute name="FREQUENCY" value="1" />
  </node>
  <node id="STORY">
    <attribute name="FREQUENCY" value="4" />
  </node>
  <node id="STUDIES">
    <attribute name="FREQUENCY" value="4" />
  </node>
  <node id="SUBSTANCE">
    <attribute name="FREQUENCY" value="1" />
  </node>
  <node id="SUFFERED">
    <attribute name="FREQUENCY" value="1" />
  </node>
  <node id="SUICIDE">
    <attribute name="FREQUENCY" value="1" />
  </node>
  <node id="SUN">
    <attribute name="FREQUENCY" value="4" />
  </node>
  <node id="SURVIVED">
    <attribute name="FREQUENCY" value="1" />
  </node>
  <node id="SYMPTOMS">
    <attribute name="FREQUENCY" value="1" />
  </node>
  <node id="SYNDROME">
    <attribute name="FREQUENCY" value="1" />
  </node>
  <node id="TART">
    <attribute name="FREQUENCY" value="1" />
  </node>
  <node id="TECH">
    <attribute name="FREQUENCY" value="4" />
  </node>
  <node id="TECHNOLOGY">
    <attribute name="FREQUENCY" value="1" />
  </node>
  <node id="TELLS">
    <attribute name="FREQUENCY" value="1" />
  </node>
  <node id="TEST">
    <attribute name="FREQUENCY" value="2" />
  </node>
  <node id="TEXT">
    <attribute name="FREQUENCY" value="1" />
  </node>
  <node id="TH">
    <attribute name="FREQUENCY" value="1" />
  </node>
  <node id="THIMBLEFUL">
    <attribute name="FREQUENCY" value="1" />
  </node>
  <node id="THURSDAY">
    <attribute name="FREQUENCY" value="1" />
  </node>
  <node id="TISSUE">
    <attribute name="FREQUENCY" value="1" />
  </node>
  <node id="TOULOUSE-LAUTREC">
    <attribute name="FREQUENCY" value="1" />
  </node>
  <node id="TOUTED">
    <attribute name="FREQUENCY" value="1" />
  </node>
  <node id="TOXIC">
    <attribute name="FREQUENCY" value="4" />
  </node>
  <node id="TREMORS">
    <attribute name="FREQUENCY" value="1" />
  </node>
  <node id="UNITED">
    <attribute name="FREQUENCY" value="2" />
  </node>
  <node id="UNIVERSITY">
    <attribute name="FREQUENCY" value="2" />
  </node>
  <node id="UP-TO-THE-MINUTE">
    <attribute name="FREQUENCY" value="1" />
  </node>
  <node id="VAN">
    <attribute name="FREQUENCY" value="1" />
  </node>
  <node id="VINCENT">
    <attribute name="FREQUENCY" value="1" />
  </node>
  <node id="WARNS">
    <attribute name="FREQUENCY" value="1" />
  </node>
  <node id="WASHINGTON">
    <attribute name="FREQUENCY" value="2" />
  </node>
  <node id="WEEK">
    <attribute name="FREQUENCY" value="1" />
  </node>
  <node id="WILDE">
    <attribute name="FREQUENCY" value="1" />
  </node>
  <node id="WORMWOOD">
    <attribute name="FREQUENCY" value="3" />
  </node>
  <node id="WRITE">
    <attribute name="FREQUENCY" value="3" />
  </node>
  <node id="WRITER">
    <attribute name="FREQUENCY" value="1" />
  </node>
  <node id="YAHOO">
    <attribute name="FREQUENCY" value="4" />
  </node>
  <node id="YEAR-OLD">
    <attribute name="FREQUENCY" value="1" />
  </node>
  <node id="YORK">
    <attribute name="FREQUENCY" value="1" />
  </node>
  <edge from="ABSINTHE" to="CONTRIBUTED">
    <attribute name="TEXT" value="1" />
  </edge>
  <edge from="ACTIVE" to="INGREDIENTS">
    <attribute name="TEXT" value="1" />
  </edge>
  <edge from="AGITATED" to="INCOHERENT">
    <attribute name="TEXT" value="1" />
  </edge>
  <edge from="ALCOHOL" to="HERB">
    <attribute name="TEXT" value="1" />
  </edge>
  <edge from="ANCIENT" to="POTION">
    <attribute name="TEXT" value="1" />
  </edge>
  <edge from="ANTI-PSYCHOTIC" to="DRUG">
    <attribute name="TEXT" value="1" />
  </edge>
  <edge from="BLOOD" to="TEST">
    <attribute name="TEXT" value="2" />
  </edge>
  <edge from="BLUE-GREEN" to="COLOR">
    <attribute name="TEXT" value="1" />
  </edge>
  <edge from="BRAIN" to="DAMAGE">
    <attribute name="TEXT" value="1" />
  </edge>
  <edge from="CENTURY" to="PHYSICIANS">
    <attribute name="TEXT" value="1" />
  </edge>
  <edge from="COMMERCIAL" to="PROVIDERS">
    <attribute name="TEXT" value="1" />
  </edge>
  <edge from="COMMUNITY" to="BRACE">
    <attribute name="TEXT" value="1" />
  </edge>
  <edge from="CONGESTIVE" to="HEART">
    <attribute name="TEXT" value="1" />
  </edge>
  <edge from="CZECH" to="REPUBLIC">
    <attribute name="TEXT" value="1" />
  </edge>
  <edge from="DAZZLING" to="BLUE-GREEN">
    <attribute name="TEXT" value="1" />
  </edge>
  <edge from="DE" to="TOULOUSE-LAUTREC">
    <attribute name="TEXT" value="1" />
  </edge>
  <edge from="DECORTICATE" to="POSTURING">
    <attribute name="TEXT" value="1" />
  </edge>
  <edge from="DISORIENTED" to="STATES">
    <attribute name="TEXT" value="1" />
  </edge>
  <edge from="DRINK" to="SUBSTANCE">
    <attribute name="TEXT" value="1" />
  </edge>
  <edge from="ENGLAND" to="JOURNAL">
    <attribute name="TEXT" value="2" />
  </edge>
  <edge from="ESSENTIAL" to="INGREDIENTS">
    <attribute name="TEXT" value="1" />
  </edge>
  <edge from="ESSENTIAL" to="OIL">
    <attribute name="TEXT" value="2" />
  </edge>
  <edge from="EUROPEAN" to="NATION">
    <attribute name="TEXT" value="1" />
  </edge>
  <edge from="EXPOSURE" to="LINKED">
    <attribute name="TEXT" value="2" />
    <attribute name="LINKS" value="2" />
  </edge>
  <edge from="EXPOSURE" to="LINKED">
    <attribute name="TEXT" value="2" />
    <attribute name="LINKS" value="2" />
  </edge>
  <edge from="EXTREMELY" to="CAUTIOUS">
    <attribute name="TEXT" value="1" />
  </edge>
  <edge from="FINDINGS" to="DESCRIPTION">
    <attribute name="TEXT" value="1" />
  </edge>
  <edge from="FRANCE" to="BANNED">
    <attribute name="TEXT" value="1" />
  </edge>
  <edge from="FUTURE" to="CASE">
    <attribute name="TEXT" value="1" />
  </edge>
  <edge from="GEORGE" to="WASHINGTON">
    <attribute name="TEXT" value="1" />
  </edge>
  <edge from="GOGH" to="HENRI">
    <attribute name="TEXT" value="1" />
  </edge>
  <edge from="GREAT" to="SOURCE">
    <attribute name="TEXT" value="1" />
  </edge>
  <edge from="HALLUCINATIONS" to="SLEEPLESSNESS">
    <attribute name="TEXT" value="1" />
  </edge>
  <edge from="HEALTH" to="INFORMATION">
    <attribute name="TEXT" value="1" />
  </edge>
  <edge from="HEALTH" to="PRODUCTS">
    <attribute name="TEXT" value="1" />
  </edge>
  <edge from="HEALTH" to="STORIES">
    <attribute name="TEXT" value="1" />
  </edge>
  <edge from="HEALTH-DAMAGING" to="PRODUCTS">
    <attribute name="TEXT" value="1" />
  </edge>
  <edge from="HEART" to="FAILURE">
    <attribute name="TEXT" value="1" />
  </edge>
  <edge from="HENRI" to="DE">
    <attribute name="TEXT" value="1" />
  </edge>
  <edge from="INTERNET-MEDIATED" to="TOXIC">
    <attribute name="TEXT" value="1" />
  </edge>
  <edge from="KIDNEY" to="FAILURE">
    <attribute name="TEXT" value="1" />
  </edge>
  <edge from="KIMMEL" to="PROFESSOR">
    <attribute name="TEXT" value="1" />
  </edge>
  <edge from="KIMMEL" to="WARNS">
    <attribute name="TEXT" value="1" />
  </edge>
  <edge from="LIQUEUR" to="ABSINTHE">
    <attribute name="TEXT" value="1" />
  </edge>
  <edge from="LIQUEUR" to="ASSUME">
    <attribute name="TEXT" value="1" />
  </edge>
  <edge from="LONG-TERM" to="INGESTION">
    <attribute name="TEXT" value="1" />
  </edge>
  <edge from="MAN" to="COMPLAINED">
    <attribute name="TEXT" value="1" />
  </edge>
  <edge from="MAN" to="SUFFERED">
    <attribute name="TEXT" value="1" />
  </edge>
  <edge from="MEDICAL" to="CENTER">
    <attribute name="TEXT" value="1" />
  </edge>
  <edge from="MEDICAL" to="COMMUNITY">
    <attribute name="TEXT" value="1" />
  </edge>
  <edge from="MEDICINE" to="TELLS">
    <attribute name="TEXT" value="1" />
  </edge>
  <edge from="MUSCLE" to="SEIZURE">
    <attribute name="TEXT" value="1" />
  </edge>
  <edge from="MUSCLE" to="TISSUE">
    <attribute name="TEXT" value="1" />
  </edge>
  <edge from="NON-HODGKIN" to="LYMPHOMAS">
    <attribute name="TEXT" value="4" />
    <attribute name="LINKS" value="4" />
  </edge>
  <edge from="NON-HODGKIN" to="LYMPHOMAS">
    <attribute name="TEXT" value="4" />
    <attribute name="LINKS" value="4" />
  </edge>
  <edge from="OIL" to="BOUGHT">
    <attribute name="TEXT" value="1" />
    <attribute name="KEYWORDS" value="1" />
  </edge>
  <edge from="OIL" to="BOUGHT">
    <attribute name="TEXT" value="1" />
    <attribute name="KEYWORDS" value="1" />
  </edge>
  <edge from="ORDERED" to="OIL">
    <attribute name="TEXT" value="1" />
  </edge>
  <edge from="OSCAR" to="WILDE">
    <attribute name="TEXT" value="1" />
  </edge>
  <edge from="PATIENTS" to="FATHER">
    <attribute name="TEXT" value="1" />
  </edge>
  <edge from="PATIENTS" to="SURVIVED">
    <attribute name="TEXT" value="1" />
  </edge>
  <edge from="PAUL" to="KIMMEL">
    <attribute name="TEXT" value="1" />
  </edge>
  <edge from="PHYSICIANS" to="PUBLISHED">
    <attribute name="TEXT" value="1" />
  </edge>
  <edge from="PM" to="EDT">
    <attribute name="TEXT" value="1" />
  </edge>
  <edge from="POPULAR" to="DRINK">
    <attribute name="TEXT" value="1" />
  </edge>
  <edge from="POTENT" to="ANTI-PSYCHOTIC">
    <attribute name="TEXT" value="1" />
  </edge>
  <edge from="POTENTIAL" to="BRAIN">
    <attribute name="TEXT" value="1" />
  </edge>
  <edge from="PUBLISHED" to="REPORT">
    <attribute name="TEXT" value="1" />
  </edge>
  <edge from="RECREATIONAL" to="PRODUCTS">
    <attribute name="TEXT" value="1" />
  </edge>
  <edge from="REPORT" to="AUTHOR">
    <attribute name="TEXT" value="2" />
  </edge>
  <edge from="REUTERS" to="LIMITED">
    <attribute name="TEXT" value="1" />
  </edge>
  <edge from="SEVENTEEN" to="DAY">
    <attribute name="TEXT" value="1" />
  </edge>
  <edge from="SLEEPLESSNESS" to="TREMORS">
    <attribute name="TEXT" value="1" />
  </edge>
  <edge from="STORIES" to="POISONING">
    <attribute name="TEXT" value="1" />
  </edge>
  <edge from="SUFFERED" to="MUSCLE">
    <attribute name="TEXT" value="1" />
  </edge>
  <edge from="SUICIDE" to="FRANCE">
    <attribute name="TEXT" value="1" />
  </edge>
  <edge from="SUN" to="EXPOSURE">
    <attribute name="TEXT" value="2" />
    <attribute name="LINKS" value="2" />
  </edge>
  <edge from="SUN" to="EXPOSURE">
    <attribute name="TEXT" value="2" />
    <attribute name="LINKS" value="2" />
  </edge>
  <edge from="TEST" to="RETURNED">
    <attribute name="TEXT" value="1" />
  </edge>
  <edge from="TEXT" to="HEADLINES">
    <attribute name="TEXT" value="1" />
  </edge>
  <edge from="TH" to="CENTURY">
    <attribute name="TEXT" value="1" />
  </edge>
  <edge from="THURSDAY" to="SEPTEMBER">
    <attribute name="TEXT" value="1" />
  </edge>
  <edge from="TISSUE" to="DESTRUCTION">
    <attribute name="TEXT" value="1" />
  </edge>
  <edge from="TOXIC" to="DISEASE">
    <attribute name="TEXT" value="1" />
  </edge>
  <edge from="TOXIC" to="LIQUID">
    <attribute name="TEXT" value="1" />
  </edge>
  <edge from="TOXIC" to="OIL">
    <attribute name="TEXT" value="1" />
    <attribute name="KEYWORDS" value="1" />
  </edge>
  <edge from="TOXIC" to="OIL">
    <attribute name="TEXT" value="1" />
    <attribute name="KEYWORDS" value="1" />
  </edge>
  <edge from="TREMORS" to="CONVULSIONS">
    <attribute name="TEXT" value="1" />
  </edge>
  <edge from="UNITED" to="STATES">
    <attribute name="TEXT" value="2" />
  </edge>
  <edge from="UNIVERSITY" to="MEDICAL">
    <attribute name="TEXT" value="1" />
  </edge>
  <edge from="UP-TO-THE-MINUTE" to="TECHNOLOGY">
    <attribute name="TEXT" value="1" />
  </edge>
  <edge from="VAN" to="GOGH">
    <attribute name="TEXT" value="1" />
  </edge>
  <edge from="VINCENT" to="VAN">
    <attribute name="TEXT" value="1" />
  </edge>
  <edge from="WASHINGTON" to="UNIVERSITY">
    <attribute name="TEXT" value="1" />
  </edge>
  <edge from="WEEK" to="ISSUE">
    <attribute name="TEXT" value="1" />
  </edge>
  <edge from="WORMWOOD" to="ALCOHOL">
    <attribute name="TEXT" value="1" />
  </edge>
  <edge from="YEAR-OLD" to="MAN">
    <attribute name="TEXT" value="1" />
  </edge>
</graph>
