<graph>
  <node id="ACCOMPANYING">
    <attribute name="FREQUENCY" value="1" />
  </node>
  <node id="ACCUMULATE">
    <attribute name="FREQUENCY" value="1" />
  </node>
  <node id="ADEQUATE">
    <attribute name="FREQUENCY" value="1" />
  </node>
  <node id="ADULTS">
    <attribute name="FREQUENCY" value="1" />
  </node>
  <node id="AGE">
    <attribute name="FREQUENCY" value="1" />
  </node>
  <node id="ALLOWANCE">
    <attribute name="FREQUENCY" value="1" />
  </node>
  <node id="ALTERATIONS">
    <attribute name="FREQUENCY" value="1" />
  </node>
  <node id="AMOUNT">
    <attribute name="FREQUENCY" value="1" />
  </node>
  <node id="ANALYSIS">
    <attribute name="FREQUENCY" value="1" />
  </node>
  <node id="ANN">
    <attribute name="FREQUENCY" value="1" />
  </node>
  <node id="ASSISTANT">
    <attribute name="FREQUENCY" value="1" />
  </node>
  <node id="AUGUST">
    <attribute name="FREQUENCY" value="1" />
  </node>
  <node id="AUTHOR">
    <attribute name="FREQUENCY" value="2" />
  </node>
  <node id="BEER">
    <attribute name="FREQUENCY" value="4" />
  </node>
  <node id="BEGINNING">
    <attribute name="FREQUENCY" value="1" />
  </node>
  <node id="BELIEF">
    <attribute name="FREQUENCY" value="1" />
  </node>
  <node id="BENEFIT">
    <attribute name="FREQUENCY" value="4" />
  </node>
  <node id="BIRTH">
    <attribute name="FREQUENCY" value="1" />
  </node>
  <node id="BIZ">
    <attribute name="FREQUENCY" value="4" />
  </node>
  <node id="BODY">
    <attribute name="FREQUENCY" value="1" />
  </node>
  <node id="BONE">
    <attribute name="FREQUENCY" value="9" />
  </node>
  <node id="BREAST">
    <attribute name="FREQUENCY" value="2" />
  </node>
  <node id="BREASTFEEDING">
    <attribute name="FREQUENCY" value="12" />
  </node>
  <node id="CALCIUM">
    <attribute name="FREQUENCY" value="19" />
  </node>
  <node id="CALCIUM-FORTIFIED">
    <attribute name="FREQUENCY" value="1" />
  </node>
  <node id="CAMBRIDGE">
    <attribute name="FREQUENCY" value="1" />
  </node>
  <node id="CENTER">
    <attribute name="FREQUENCY" value="1" />
  </node>
  <node id="CHALLENGE">
    <attribute name="FREQUENCY" value="1" />
  </node>
  <node id="CHANGE">
    <attribute name="FREQUENCY" value="1" />
  </node>
  <node id="CHEESE">
    <attribute name="FREQUENCY" value="1" />
  </node>
  <node id="CHILD">
    <attribute name="FREQUENCY" value="1" />
  </node>
  <node id="CHILDREN">
    <attribute name="FREQUENCY" value="1" />
  </node>
  <node id="CINCINNATI">
    <attribute name="FREQUENCY" value="1" />
  </node>
  <node id="COMMENTS">
    <attribute name="FREQUENCY" value="2" />
  </node>
  <node id="COMPARISON">
    <attribute name="FREQUENCY" value="1" />
  </node>
  <node id="CONSUME">
    <attribute name="FREQUENCY" value="4" />
  </node>
  <node id="CONSUMED">
    <attribute name="FREQUENCY" value="1" />
  </node>
  <node id="CONSUMPTION">
    <attribute name="FREQUENCY" value="1" />
  </node>
  <node id="COUNCIL">
    <attribute name="FREQUENCY" value="1" />
  </node>
  <node id="DAIRY">
    <attribute name="FREQUENCY" value="1" />
  </node>
  <node id="DATA">
    <attribute name="FREQUENCY" value="1" />
  </node>
  <node id="DAY">
    <attribute name="FREQUENCY" value="4" />
  </node>
  <node id="DECIDED">
    <attribute name="FREQUENCY" value="1" />
  </node>
  <node id="DENSITY">
    <attribute name="FREQUENCY" value="4" />
  </node>
  <node id="DIET">
    <attribute name="FREQUENCY" value="1" />
  </node>
  <node id="DIETARY">
    <attribute name="FREQUENCY" value="2" />
  </node>
  <node id="DUNN">
    <attribute name="FREQUENCY" value="1" />
  </node>
  <node id="EDITORIAL">
    <attribute name="FREQUENCY" value="1" />
  </node>
  <node id="EDT">
    <attribute name="FREQUENCY" value="1" />
  </node>
  <node id="EMERGING">
    <attribute name="FREQUENCY" value="1" />
  </node>
  <node id="ENGLAND">
    <attribute name="FREQUENCY" value="2" />
  </node>
  <node id="ENTERTAIN">
    <attribute name="FREQUENCY" value="4" />
  </node>
  <node id="EXTRA">
    <attribute name="FREQUENCY" value="3" />
  </node>
  <node id="FINDINGS">
    <attribute name="FREQUENCY" value="1" />
  </node>
  <node id="FREES">
    <attribute name="FREQUENCY" value="1" />
  </node>
  <node id="GREATER">
    <attribute name="FREQUENCY" value="1" />
  </node>
  <node id="GREEN">
    <attribute name="FREQUENCY" value="1" />
  </node>
  <node id="GUIDELINES">
    <attribute name="FREQUENCY" value="1" />
  </node>
  <node id="HEADLINES">
    <attribute name="FREQUENCY" value="1" />
  </node>
  <node id="HEALTH">
    <attribute name="FREQUENCY" value="4" />
  </node>
  <node id="HEART">
    <attribute name="FREQUENCY" value="4" />
  </node>
  <node id="HEIDI">
    <attribute name="FREQUENCY" value="1" />
  </node>
  <node id="HELPFUL">
    <attribute name="FREQUENCY" value="1" />
  </node>
  <node id="HIGHER">
    <attribute name="FREQUENCY" value="1" />
  </node>
  <node id="HOSPITAL">
    <attribute name="FREQUENCY" value="1" />
  </node>
  <node id="HTML">
    <attribute name="FREQUENCY" value="1" />
  </node>
  <node id="HUMAN">
    <attribute name="FREQUENCY" value="1" />
  </node>
  <node id="IMPORTANT">
    <attribute name="FREQUENCY" value="1" />
  </node>
  <node id="INACTIVE">
    <attribute name="FREQUENCY" value="1" />
  </node>
  <node id="INCLUDED">
    <attribute name="FREQUENCY" value="1" />
  </node>
  <node id="INCLUDING">
    <attribute name="FREQUENCY" value="1" />
  </node>
  <node id="INCREASED">
    <attribute name="FREQUENCY" value="3" />
  </node>
  <node id="INDEPENDENT">
    <attribute name="FREQUENCY" value="1" />
  </node>
  <node id="INFANT">
    <attribute name="FREQUENCY" value="1" />
  </node>
  <node id="INFO">
    <attribute name="FREQUENCY" value="2" />
  </node>
  <node id="INTAKE">
    <attribute name="FREQUENCY" value="1" />
  </node>
  <node id="JIBES">
    <attribute name="FREQUENCY" value="1" />
  </node>
  <node id="JOURNAL">
    <attribute name="FREQUENCY" value="2" />
  </node>
  <node id="JUICE">
    <attribute name="FREQUENCY" value="1" />
  </node>
  <node id="KALKWARF">
    <attribute name="FREQUENCY" value="2" />
  </node>
  <node id="LACTATING">
    <attribute name="FREQUENCY" value="1" />
  </node>
  <node id="LACTATION">
    <attribute name="FREQUENCY" value="1" />
  </node>
  <node id="LEAD">
    <attribute name="FREQUENCY" value="1" />
  </node>
  <node id="LEAFY">
    <attribute name="FREQUENCY" value="1" />
  </node>
  <node id="LIMITED">
    <attribute name="FREQUENCY" value="1" />
  </node>
  <node id="LONG-HELD">
    <attribute name="FREQUENCY" value="1" />
  </node>
  <node id="LOS">
    <attribute name="FREQUENCY" value="2" />
  </node>
  <node id="LOST">
    <attribute name="FREQUENCY" value="3" />
  </node>
  <node id="MEDICAL">
    <attribute name="FREQUENCY" value="2" />
  </node>
  <node id="MEDICATION">
    <attribute name="FREQUENCY" value="1" />
  </node>
  <node id="MEDICINE">
    <attribute name="FREQUENCY" value="2" />
  </node>
  <node id="METABOLISM">
    <attribute name="FREQUENCY" value="1" />
  </node>
  <node id="MG">
    <attribute name="FREQUENCY" value="8" />
  </node>
  <node id="MILK">
    <attribute name="FREQUENCY" value="3" />
  </node>
  <node id="MILLIGRAMS">
    <attribute name="FREQUENCY" value="1" />
  </node>
  <node id="MINERAL">
    <attribute name="FREQUENCY" value="2" />
  </node>
  <node id="MOBILIZATION">
    <attribute name="FREQUENCY" value="1" />
  </node>
  <node id="MONTH">
    <attribute name="FREQUENCY" value="1" />
  </node>
  <node id="MOTHER">
    <attribute name="FREQUENCY" value="3" />
  </node>
  <node id="NEEDED">
    <attribute name="FREQUENCY" value="2" />
  </node>
  <node id="NEEDLE-FREE">
    <attribute name="FREQUENCY" value="4" />
  </node>
  <node id="NEWS">
    <attribute name="FREQUENCY" value="4" />
  </node>
  <node id="NOTED">
    <attribute name="FREQUENCY" value="2" />
  </node>
  <node id="NUTRIENTS">
    <attribute name="FREQUENCY" value="1" />
  </node>
  <node id="NUTRITION">
    <attribute name="FREQUENCY" value="1" />
  </node>
  <node id="OCCUR">
    <attribute name="FREQUENCY" value="1" />
  </node>
  <node id="OFFER">
    <attribute name="FREQUENCY" value="4" />
  </node>
  <node id="ORANGE">
    <attribute name="FREQUENCY" value="1" />
  </node>
  <node id="PAST">
    <attribute name="FREQUENCY" value="1" />
  </node>
  <node id="PEDIATRICS">
    <attribute name="FREQUENCY" value="1" />
  </node>
  <node id="PICTURE">
    <attribute name="FREQUENCY" value="1" />
  </node>
  <node id="PLACEBO">
    <attribute name="FREQUENCY" value="3" />
  </node>
  <node id="PM">
    <attribute name="FREQUENCY" value="1" />
  </node>
  <node id="POLITIC">
    <attribute name="FREQUENCY" value="4" />
  </node>
  <node id="PREGNANT">
    <attribute name="FREQUENCY" value="2" />
  </node>
  <node id="PRENTICE">
    <attribute name="FREQUENCY" value="2" />
  </node>
  <node id="PREVENT">
    <attribute name="FREQUENCY" value="1" />
  </node>
  <node id="PROCESS">
    <attribute name="FREQUENCY" value="1" />
  </node>
  <node id="PRODUCTS">
    <attribute name="FREQUENCY" value="1" />
  </node>
  <node id="PROFESSOR">
    <attribute name="FREQUENCY" value="1" />
  </node>
  <node id="QUESTIONS">
    <attribute name="FREQUENCY" value="2" />
  </node>
  <node id="RDA">
    <attribute name="FREQUENCY" value="1" />
  </node>
  <node id="RECOMMENDED">
    <attribute name="FREQUENCY" value="1" />
  </node>
  <node id="RELEASED">
    <attribute name="FREQUENCY" value="1" />
  </node>
  <node id="REPLACE">
    <attribute name="FREQUENCY" value="1" />
  </node>
  <node id="REPLACED">
    <attribute name="FREQUENCY" value="1" />
  </node>
  <node id="REPORT">
    <attribute name="FREQUENCY" value="1" />
  </node>
  <node id="REPORTED">
    <attribute name="FREQUENCY" value="1" />
  </node>
  <node id="REQUIREMENTS">
    <attribute name="FREQUENCY" value="1" />
  </node>
  <node id="RESEARCH">
    <attribute name="FREQUENCY" value="1" />
  </node>
  <node id="RESTITUTION">
    <attribute name="FREQUENCY" value="1" />
  </node>
  <node id="REUTERS">
    <attribute name="FREQUENCY" value="2" />
  </node>
  <node id="SCIENTIFIC">
    <attribute name="FREQUENCY" value="1" />
  </node>
  <node id="SCOREBOARD">
    <attribute name="FREQUENCY" value="4" />
  </node>
  <node id="SET">
    <attribute name="FREQUENCY" value="1" />
  </node>
  <node id="SHOWING">
    <attribute name="FREQUENCY" value="1" />
  </node>
  <node id="SLIGHTLY">
    <attribute name="FREQUENCY" value="1" />
  </node>
  <node id="SOURCE">
    <attribute name="FREQUENCY" value="1" />
  </node>
  <node id="SPINAL">
    <attribute name="FREQUENCY" value="3" />
  </node>
  <node id="SPINE">
    <attribute name="FREQUENCY" value="1" />
  </node>
  <node id="SPORT">
    <attribute name="FREQUENCY" value="4" />
  </node>
  <node id="STOP">
    <attribute name="FREQUENCY" value="1" />
  </node>
  <node id="STORIES">
    <attribute name="FREQUENCY" value="1" />
  </node>
  <node id="STORY">
    <attribute name="FREQUENCY" value="4" />
  </node>
  <node id="STUDIED">
    <attribute name="FREQUENCY" value="4" />
  </node>
  <node id="STUDY">
    <attribute name="FREQUENCY" value="5" />
  </node>
  <node id="SUBSEQUENT">
    <attribute name="FREQUENCY" value="1" />
  </node>
  <node id="SUGGESTING">
    <attribute name="FREQUENCY" value="1" />
  </node>
  <node id="SUGGESTS">
    <attribute name="FREQUENCY" value="1" />
  </node>
  <node id="SUPPLEMENTS">
    <attribute name="FREQUENCY" value="3" />
  </node>
  <node id="SUPPLY">
    <attribute name="FREQUENCY" value="1" />
  </node>
  <node id="TAKING">
    <attribute name="FREQUENCY" value="7" />
  </node>
  <node id="TAMKINS">
    <attribute name="FREQUENCY" value="1" />
  </node>
  <node id="TECH">
    <attribute name="FREQUENCY" value="4" />
  </node>
  <node id="TEMPORARY">
    <attribute name="FREQUENCY" value="1" />
  </node>
  <node id="TEXT">
    <attribute name="FREQUENCY" value="1" />
  </node>
  <node id="THERESA">
    <attribute name="FREQUENCY" value="1" />
  </node>
  <node id="THOUGHT">
    <attribute name="FREQUENCY" value="1" />
  </node>
  <node id="THURSDAY">
    <attribute name="FREQUENCY" value="1" />
  </node>
  <node id="TOLD">
    <attribute name="FREQUENCY" value="2" />
  </node>
  <node id="UNIT">
    <attribute name="FREQUENCY" value="1" />
  </node>
  <node id="UNKNOWN">
    <attribute name="FREQUENCY" value="1" />
  </node>
  <node id="VACCINATION">
    <attribute name="FREQUENCY" value="4" />
  </node>
  <node id="VEGETABLES">
    <attribute name="FREQUENCY" value="1" />
  </node>
  <node id="WEANED">
    <attribute name="FREQUENCY" value="1" />
  </node>
  <node id="WEANING">
    <attribute name="FREQUENCY" value="1" />
  </node>
  <node id="WEEK">
    <attribute name="FREQUENCY" value="1" />
  </node>
  <node id="WINE">
    <attribute name="FREQUENCY" value="4" />
  </node>
  <node id="WOMAN">
    <attribute name="FREQUENCY" value="1" />
  </node>
  <node id="WOMEN">
    <attribute name="FREQUENCY" value="11" />
  </node>
  <node id="WRITE">
    <attribute name="FREQUENCY" value="2" />
  </node>
  <node id="WROTE">
    <attribute name="FREQUENCY" value="2" />
  </node>
  <node id="YAHOO">
    <attribute name="FREQUENCY" value="4" />
  </node>
  <node id="YEAR">
    <attribute name="FREQUENCY" value="1" />
  </node>
  <node id="YORK">
    <attribute name="FREQUENCY" value="1" />
  </node>
  <edge from="ACCUMULATE" to="SCIENTIFIC">
    <attribute name="TEXT" value="1" />
  </edge>
  <edge from="ADEQUATE" to="SUPPLY">
    <attribute name="TEXT" value="1" />
  </edge>
  <edge from="ANN" to="PRENTICE">
    <attribute name="TEXT" value="1" />
  </edge>
  <edge from="ASSISTANT" to="PROFESSOR">
    <attribute name="TEXT" value="1" />
  </edge>
  <edge from="AUTHOR" to="REPORTED">
    <attribute name="TEXT" value="1" />
  </edge>
  <edge from="BEER" to="OFFER">
    <attribute name="TEXT" value="4" />
    <attribute name="LINKS" value="4" />
  </edge>
  <edge from="BEER" to="OFFER">
    <attribute name="TEXT" value="4" />
    <attribute name="LINKS" value="4" />
  </edge>
  <edge from="BODY" to="FREES">
    <attribute name="TEXT" value="1" />
  </edge>
  <edge from="BONE" to="DENSITY">
    <attribute name="TEXT" value="4" />
  </edge>
  <edge from="BONE" to="MINERAL">
    <attribute name="TEXT" value="2" />
  </edge>
  <edge from="BREAST" to="MILK">
    <attribute name="TEXT" value="2" />
  </edge>
  <edge from="BREASTFEEDING" to="LOST">
    <attribute name="TEXT" value="1" />
  </edge>
  <edge from="BREASTFEEDING" to="WOMEN">
    <attribute name="TEXT" value="4" />
  </edge>
  <edge from="CALCIUM" to="INTAKE">
    <attribute name="TEXT" value="1" />
  </edge>
  <edge from="CALCIUM" to="METABOLISM">
    <attribute name="TEXT" value="1" />
  </edge>
  <edge from="CALCIUM" to="REQUIREMENTS">
    <attribute name="TEXT" value="1" />
  </edge>
  <edge from="CALCIUM" to="SUPPLEMENTS">
    <attribute name="TEXT" value="2" />
  </edge>
  <edge from="CALCIUM-FORTIFIED" to="ORANGE">
    <attribute name="TEXT" value="1" />
  </edge>
  <edge from="CHILDREN" to="HOSPITAL">
    <attribute name="TEXT" value="1" />
  </edge>
  <edge from="CONSUME" to="EXTRA">
    <attribute name="TEXT" value="1" />
  </edge>
  <edge from="COUNCIL" to="DUNN">
    <attribute name="TEXT" value="1" />
  </edge>
  <edge from="DAIRY" to="PRODUCTS">
    <attribute name="TEXT" value="1" />
  </edge>
  <edge from="DAY" to="HIGHER">
    <attribute name="TEXT" value="1" />
  </edge>
  <edge from="DENSITY" to="INCREASED">
    <attribute name="TEXT" value="1" />
  </edge>
  <edge from="DIETARY" to="ALLOWANCE">
    <attribute name="TEXT" value="1" />
  </edge>
  <edge from="DIETARY" to="GUIDELINES">
    <attribute name="TEXT" value="1" />
  </edge>
  <edge from="DUNN" to="NUTRITION">
    <attribute name="TEXT" value="1" />
  </edge>
  <edge from="EDITORIAL" to="ACCOMPANYING">
    <attribute name="TEXT" value="1" />
  </edge>
  <edge from="EMERGING" to="SHOWING">
    <attribute name="TEXT" value="1" />
  </edge>
  <edge from="ENGLAND" to="JOURNAL">
    <attribute name="TEXT" value="2" />
  </edge>
  <edge from="EXTRA" to="CALCIUM">
    <attribute name="TEXT" value="2" />
    <attribute name="KEYWORDS" value="1" />
  </edge>
  <edge from="EXTRA" to="CALCIUM">
    <attribute name="TEXT" value="2" />
    <attribute name="KEYWORDS" value="1" />
  </edge>
  <edge from="FINDINGS" to="CHALLENGE">
    <attribute name="TEXT" value="1" />
  </edge>
  <edge from="FREES" to="CALCIUM">
    <attribute name="TEXT" value="1" />
  </edge>
  <edge from="GREATER" to="CONSUMPTION">
    <attribute name="TEXT" value="1" />
  </edge>
  <edge from="GREEN" to="VEGETABLES">
    <attribute name="TEXT" value="1" />
  </edge>
  <edge from="HEALTH" to="STORIES">
    <attribute name="TEXT" value="1" />
  </edge>
  <edge from="HEART" to="BENEFIT">
    <attribute name="TEXT" value="4" />
    <attribute name="LINKS" value="4" />
  </edge>
  <edge from="HEART" to="BENEFIT">
    <attribute name="TEXT" value="4" />
    <attribute name="LINKS" value="4" />
  </edge>
  <edge from="HEIDI" to="KALKWARF">
    <attribute name="TEXT" value="1" />
  </edge>
  <edge from="HOSPITAL" to="MEDICAL">
    <attribute name="TEXT" value="1" />
  </edge>
  <edge from="HUMAN" to="LACTATION">
    <attribute name="TEXT" value="1" />
  </edge>
  <edge from="INACTIVE" to="MEDICATION">
    <attribute name="TEXT" value="1" />
  </edge>
  <edge from="KALKWARF" to="ASSISTANT">
    <attribute name="TEXT" value="1" />
  </edge>
  <edge from="LACTATING" to="WOMEN">
    <attribute name="TEXT" value="1" />
  </edge>
  <edge from="LEAD" to="AUTHOR">
    <attribute name="TEXT" value="1" />
  </edge>
  <edge from="LEAFY" to="GREEN">
    <attribute name="TEXT" value="1" />
  </edge>
  <edge from="LONG-HELD" to="BELIEF">
    <attribute name="TEXT" value="1" />
  </edge>
  <edge from="LOS" to="BONE">
    <attribute name="TEXT" value="1" />
  </edge>
  <edge from="LOST" to="BONE">
    <attribute name="TEXT" value="1" />
  </edge>
  <edge from="MEDICAL" to="CENTER">
    <attribute name="TEXT" value="1" />
  </edge>
  <edge from="MEDICAL" to="RESEARCH">
    <attribute name="TEXT" value="1" />
  </edge>
  <edge from="MEDICATION" to="LOST">
    <attribute name="TEXT" value="1" />
  </edge>
  <edge from="METABOLISM" to="INCLUDING">
    <attribute name="TEXT" value="1" />
  </edge>
  <edge from="MG" to="CALCIUM">
    <attribute name="TEXT" value="1" />
  </edge>
  <edge from="MILK" to="CHEESE">
    <attribute name="TEXT" value="1" />
  </edge>
  <edge from="MINERAL" to="LOS">
    <attribute name="TEXT" value="1" />
  </edge>
  <edge from="MOTHER" to="BONE">
    <attribute name="TEXT" value="1" />
  </edge>
  <edge from="NEEDLE-FREE" to="VACCINATION">
    <attribute name="TEXT" value="2" />
    <attribute name="LINKS" value="2" />
  </edge>
  <edge from="NEEDLE-FREE" to="VACCINATION">
    <attribute name="TEXT" value="2" />
    <attribute name="LINKS" value="2" />
  </edge>
  <edge from="NUTRITION" to="UNIT">
    <attribute name="TEXT" value="1" />
  </edge>
  <edge from="OCCUR" to="INDEPENDENT">
    <attribute name="TEXT" value="1" />
  </edge>
  <edge from="ORANGE" to="JUICE">
    <attribute name="TEXT" value="1" />
  </edge>
  <edge from="PAST" to="ADULTS">
    <attribute name="TEXT" value="1" />
  </edge>
  <edge from="PM" to="EDT">
    <attribute name="TEXT" value="1" />
  </edge>
  <edge from="RECOMMENDED" to="DIETARY">
    <attribute name="TEXT" value="1" />
  </edge>
  <edge from="RELEASED" to="SUGGESTING">
    <attribute name="TEXT" value="1" />
  </edge>
  <edge from="REPORT" to="NOTED">
    <attribute name="TEXT" value="1" />
  </edge>
  <edge from="RESEARCH" to="COUNCIL">
    <attribute name="TEXT" value="1" />
  </edge>
  <edge from="REUTERS" to="LIMITED">
    <attribute name="TEXT" value="1" />
  </edge>
  <edge from="SCIENTIFIC" to="DATA">
    <attribute name="TEXT" value="1" />
  </edge>
  <edge from="SLIGHTLY" to="HELPFUL">
    <attribute name="TEXT" value="1" />
  </edge>
  <edge from="SPINAL" to="BONE">
    <attribute name="TEXT" value="3" />
  </edge>
  <edge from="SPINE" to="INCREASED">
    <attribute name="TEXT" value="1" />
  </edge>
  <edge from="STOP" to="BREASTFEEDING">
    <attribute name="TEXT" value="1" />
  </edge>
  <edge from="STORIES" to="CALCIUM">
    <attribute name="TEXT" value="1" />
  </edge>
  <edge from="STUDY" to="INCLUDED">
    <attribute name="TEXT" value="1" />
  </edge>
  <edge from="STUDY" to="JIBES">
    <attribute name="TEXT" value="1" />
  </edge>
  <edge from="STUDY" to="SUGGESTS">
    <attribute name="TEXT" value="1" />
  </edge>
  <edge from="STUDY" to="WOMEN">
    <attribute name="TEXT" value="1" />
  </edge>
  <edge from="SUBSEQUENT" to="RESTITUTION">
    <attribute name="TEXT" value="1" />
  </edge>
  <edge from="TAKING" to="CALCIUM">
    <attribute name="TEXT" value="2" />
  </edge>
  <edge from="TAKING" to="PLACEBO">
    <attribute name="TEXT" value="3" />
  </edge>
  <edge from="TAKING" to="SUPPLEMENTS">
    <attribute name="TEXT" value="1" />
  </edge>
  <edge from="TEMPORARY" to="MOBILIZATION">
    <attribute name="TEXT" value="1" />
  </edge>
  <edge from="TEXT" to="HEADLINES">
    <attribute name="TEXT" value="1" />
  </edge>
  <edge from="THERESA" to="TAMKINS">
    <attribute name="TEXT" value="1" />
  </edge>
  <edge from="THURSDAY" to="AUGUST">
    <attribute name="TEXT" value="1" />
  </edge>
  <edge from="VACCINATION" to="STUDIED">
    <attribute name="TEXT" value="2" />
    <attribute name="LINKS" value="2" />
  </edge>
  <edge from="VACCINATION" to="STUDIED">
    <attribute name="TEXT" value="2" />
    <attribute name="LINKS" value="2" />
  </edge>
  <edge from="WOMAN" to="STOP">
    <attribute name="TEXT" value="1" />
  </edge>
  <edge from="WOMEN" to="CONSUMED">
    <attribute name="TEXT" value="1" />
  </edge>
  <edge from="WOMEN" to="TAKING">
    <attribute name="TEXT" value="2" />
  </edge>
  <edge from="WOMEN" to="TOLD">
    <attribute name="TEXT" value="1" />
  </edge>
</graph>
