<graph>
  <node id="ADVANTAGE">
    <attribute name="FREQUENCY" value="1" />
  </node>
  <node id="ANIMALS">
    <attribute name="FREQUENCY" value="1" />
  </node>
  <node id="ANTIGENS">
    <attribute name="FREQUENCY" value="1" />
  </node>
  <node id="ASSEMBLE">
    <attribute name="FREQUENCY" value="1" />
  </node>
  <node id="ATTACH">
    <attribute name="FREQUENCY" value="1" />
  </node>
  <node id="ATTACK">
    <attribute name="FREQUENCY" value="1" />
  </node>
  <node id="AUTHOR">
    <attribute name="FREQUENCY" value="3" />
  </node>
  <node id="AUTOIMMUNE">
    <attribute name="FREQUENCY" value="2" />
  </node>
  <node id="AUTOIMMUNITY">
    <attribute name="FREQUENCY" value="1" />
  </node>
  <node id="AUTOLOGOUS">
    <attribute name="FREQUENCY" value="1" />
  </node>
  <node id="BASED">
    <attribute name="FREQUENCY" value="1" />
  </node>
  <node id="BIZ">
    <attribute name="FREQUENCY" value="4" />
  </node>
  <node id="CANCER">
    <attribute name="FREQUENCY" value="15" />
  </node>
  <node id="CANCER-DERIVED">
    <attribute name="FREQUENCY" value="1" />
  </node>
  <node id="CELLS">
    <attribute name="FREQUENCY" value="9" />
  </node>
  <node id="CENSORS">
    <attribute name="FREQUENCY" value="4" />
  </node>
  <node id="CENTER">
    <attribute name="FREQUENCY" value="1" />
  </node>
  <node id="COLON">
    <attribute name="FREQUENCY" value="1" />
  </node>
  <node id="COMBAT">
    <attribute name="FREQUENCY" value="2" />
  </node>
  <node id="COMMENTS">
    <attribute name="FREQUENCY" value="2" />
  </node>
  <node id="COMMERCIAL">
    <attribute name="FREQUENCY" value="4" />
  </node>
  <node id="COMPLEX">
    <attribute name="FREQUENCY" value="1" />
  </node>
  <node id="CONCLUDED">
    <attribute name="FREQUENCY" value="1" />
  </node>
  <node id="CONNECTICUT">
    <attribute name="FREQUENCY" value="1" />
  </node>
  <node id="DAY">
    <attribute name="FREQUENCY" value="1" />
  </node>
  <node id="DESTROY">
    <attribute name="FREQUENCY" value="2" />
  </node>
  <node id="DETECTED">
    <attribute name="FREQUENCY" value="1" />
  </node>
  <node id="DIES">
    <attribute name="FREQUENCY" value="1" />
  </node>
  <node id="DISEASE">
    <attribute name="FREQUENCY" value="6" />
  </node>
  <node id="DRS">
    <attribute name="FREQUENCY" value="1" />
  </node>
  <node id="DYNAMIC">
    <attribute name="FREQUENCY" value="1" />
  </node>
  <node id="EDT">
    <attribute name="FREQUENCY" value="1" />
  </node>
  <node id="ENTERTAIN">
    <attribute name="FREQUENCY" value="4" />
  </node>
  <node id="ESCAPED">
    <attribute name="FREQUENCY" value="1" />
  </node>
  <node id="EVADE">
    <attribute name="FREQUENCY" value="4" />
  </node>
  <node id="EXPERIMENTAL">
    <attribute name="FREQUENCY" value="1" />
  </node>
  <node id="FACTORS">
    <attribute name="FREQUENCY" value="4" />
  </node>
  <node id="FARMINGTON">
    <attribute name="FREQUENCY" value="1" />
  </node>
  <node id="FIGHT">
    <attribute name="FREQUENCY" value="3" />
  </node>
  <node id="FINGERPRINTS">
    <attribute name="FREQUENCY" value="1" />
  </node>
  <node id="FRIDAY">
    <attribute name="FREQUENCY" value="1" />
  </node>
  <node id="GROWTH">
    <attribute name="FREQUENCY" value="2" />
  </node>
  <node id="HEADLINES">
    <attribute name="FREQUENCY" value="1" />
  </node>
  <node id="HEALTH">
    <attribute name="FREQUENCY" value="4" />
  </node>
  <node id="HEALTHY">
    <attribute name="FREQUENCY" value="1" />
  </node>
  <node id="HEART">
    <attribute name="FREQUENCY" value="4" />
  </node>
  <node id="HEAT">
    <attribute name="FREQUENCY" value="1" />
  </node>
  <node id="HELPING">
    <attribute name="FREQUENCY" value="1" />
  </node>
  <node id="HIDDEN">
    <attribute name="FREQUENCY" value="1" />
  </node>
  <node id="HSP">
    <attribute name="FREQUENCY" value="8" />
  </node>
  <node id="HSP-INJECTED">
    <attribute name="FREQUENCY" value="1" />
  </node>
  <node id="HTML">
    <attribute name="FREQUENCY" value="1" />
  </node>
  <node id="HUMAN">
    <attribute name="FREQUENCY" value="1" />
  </node>
  <node id="HUNDREDS">
    <attribute name="FREQUENCY" value="1" />
  </node>
  <node id="IMMUNE">
    <attribute name="FREQUENCY" value="3" />
  </node>
  <node id="IMMUNOTHERAPY">
    <attribute name="FREQUENCY" value="1" />
  </node>
  <node id="INCREASE">
    <attribute name="FREQUENCY" value="1" />
  </node>
  <node id="INDIVIDUALLY">
    <attribute name="FREQUENCY" value="1" />
  </node>
  <node id="INFECTIOUS">
    <attribute name="FREQUENCY" value="1" />
  </node>
  <node id="INFO">
    <attribute name="FREQUENCY" value="2" />
  </node>
  <node id="INJECT">
    <attribute name="FREQUENCY" value="2" />
  </node>
  <node id="INJECTED">
    <attribute name="FREQUENCY" value="1" />
  </node>
  <node id="INJECTION">
    <attribute name="FREQUENCY" value="1" />
  </node>
  <node id="INSIDE">
    <attribute name="FREQUENCY" value="2" />
  </node>
  <node id="INTERNAL">
    <attribute name="FREQUENCY" value="1" />
  </node>
  <node id="LEAD">
    <attribute name="FREQUENCY" value="1" />
  </node>
  <node id="LIFE-SPAN">
    <attribute name="FREQUENCY" value="1" />
  </node>
  <node id="LIMITED">
    <attribute name="FREQUENCY" value="1" />
  </node>
  <node id="LUNG">
    <attribute name="FREQUENCY" value="2" />
  </node>
  <node id="MARKERS">
    <attribute name="FREQUENCY" value="1" />
  </node>
  <node id="MELANOMA">
    <attribute name="FREQUENCY" value="1" />
  </node>
  <node id="METASTASES">
    <attribute name="FREQUENCY" value="3" />
  </node>
  <node id="MICE">
    <attribute name="FREQUENCY" value="5" />
  </node>
  <node id="MISTAKENLY">
    <attribute name="FREQUENCY" value="1" />
  </node>
  <node id="MOBILIZE">
    <attribute name="FREQUENCY" value="1" />
  </node>
  <node id="MOLECULES">
    <attribute name="FREQUENCY" value="1" />
  </node>
  <node id="NEWS">
    <attribute name="FREQUENCY" value="4" />
  </node>
  <node id="NORMAL">
    <attribute name="FREQUENCY" value="1" />
  </node>
  <node id="NOTED">
    <attribute name="FREQUENCY" value="1" />
  </node>
  <node id="OCTOBER">
    <attribute name="FREQUENCY" value="1" />
  </node>
  <node id="ORIGINAL">
    <attribute name="FREQUENCY" value="1" />
  </node>
  <node id="PATIENTS">
    <attribute name="FREQUENCY" value="1" />
  </node>
  <node id="PENG">
    <attribute name="FREQUENCY" value="1" />
  </node>
  <node id="PING">
    <attribute name="FREQUENCY" value="1" />
  </node>
  <node id="PM">
    <attribute name="FREQUENCY" value="1" />
  </node>
  <node id="POLITIC">
    <attribute name="FREQUENCY" value="4" />
  </node>
  <node id="POTENT">
    <attribute name="FREQUENCY" value="1" />
  </node>
  <node id="PREGNANCY">
    <attribute name="FREQUENCY" value="4" />
  </node>
  <node id="PROCESS">
    <attribute name="FREQUENCY" value="1" />
  </node>
  <node id="PROTEIN">
    <attribute name="FREQUENCY" value="5" />
  </node>
  <node id="PURIFIED">
    <attribute name="FREQUENCY" value="2" />
  </node>
  <node id="QUESTIONS">
    <attribute name="FREQUENCY" value="2" />
  </node>
  <node id="REACTION">
    <attribute name="FREQUENCY" value="1" />
  </node>
  <node id="RECEIVED">
    <attribute name="FREQUENCY" value="1" />
  </node>
  <node id="REDUCED">
    <attribute name="FREQUENCY" value="1" />
  </node>
  <node id="REMOVAL">
    <attribute name="FREQUENCY" value="1" />
  </node>
  <node id="REPERTOIRE">
    <attribute name="FREQUENCY" value="1" />
  </node>
  <node id="REPORT">
    <attribute name="FREQUENCY" value="1" />
  </node>
  <node id="RESEARCHERS">
    <attribute name="FREQUENCY" value="1" />
  </node>
  <node id="REUTERS">
    <attribute name="FREQUENCY" value="2" />
  </node>
  <node id="RISK">
    <attribute name="FREQUENCY" value="1" />
  </node>
  <node id="RODENTS">
    <attribute name="FREQUENCY" value="1" />
  </node>
  <node id="SAFELY">
    <attribute name="FREQUENCY" value="1" />
  </node>
  <node id="SCIENCE">
    <attribute name="FREQUENCY" value="2" />
  </node>
  <node id="SCOREBOARD">
    <attribute name="FREQUENCY" value="4" />
  </node>
  <node id="SERVE">
    <attribute name="FREQUENCY" value="1" />
  </node>
  <node id="SET">
    <attribute name="FREQUENCY" value="1" />
  </node>
  <node id="SHOCK">
    <attribute name="FREQUENCY" value="1" />
  </node>
  <node id="SIGNS">
    <attribute name="FREQUENCY" value="3" />
  </node>
  <node id="SLOW">
    <attribute name="FREQUENCY" value="1" />
  </node>
  <node id="SLOWED">
    <attribute name="FREQUENCY" value="1" />
  </node>
  <node id="SMALL">
    <attribute name="FREQUENCY" value="1" />
  </node>
  <node id="SOURCE">
    <attribute name="FREQUENCY" value="1" />
  </node>
  <node id="SPORT">
    <attribute name="FREQUENCY" value="4" />
  </node>
  <node id="STIMULATE">
    <attribute name="FREQUENCY" value="1" />
  </node>
  <node id="STIMULATORS">
    <attribute name="FREQUENCY" value="1" />
  </node>
  <node id="STORIES">
    <attribute name="FREQUENCY" value="1" />
  </node>
  <node id="STORY">
    <attribute name="FREQUENCY" value="4" />
  </node>
  <node id="STUDY">
    <attribute name="FREQUENCY" value="4" />
  </node>
  <node id="SUCCESSFUL">
    <attribute name="FREQUENCY" value="2" />
  </node>
  <node id="SURGERY">
    <attribute name="FREQUENCY" value="1" />
  </node>
  <node id="SURGICAL">
    <attribute name="FREQUENCY" value="1" />
  </node>
  <node id="SURVIVED">
    <attribute name="FREQUENCY" value="1" />
  </node>
  <node id="SYSTEM">
    <attribute name="FREQUENCY" value="3" />
  </node>
  <node id="TAMURA">
    <attribute name="FREQUENCY" value="1" />
  </node>
  <node id="TECH">
    <attribute name="FREQUENCY" value="4" />
  </node>
  <node id="TEXT">
    <attribute name="FREQUENCY" value="1" />
  </node>
  <node id="THERAPIES">
    <attribute name="FREQUENCY" value="1" />
  </node>
  <node id="TIED">
    <attribute name="FREQUENCY" value="4" />
  </node>
  <node id="TRANSPORT">
    <attribute name="FREQUENCY" value="1" />
  </node>
  <node id="TREATMENT">
    <attribute name="FREQUENCY" value="4" />
  </node>
  <node id="TUMOR">
    <attribute name="FREQUENCY" value="7" />
  </node>
  <node id="TYPE">
    <attribute name="FREQUENCY" value="3" />
  </node>
  <node id="UNIQUE">
    <attribute name="FREQUENCY" value="2" />
  </node>
  <node id="UNIVERSITY">
    <attribute name="FREQUENCY" value="1" />
  </node>
  <node id="VIOLENT">
    <attribute name="FREQUENCY" value="4" />
  </node>
  <node id="WORK">
    <attribute name="FREQUENCY" value="1" />
  </node>
  <node id="WRITE">
    <attribute name="FREQUENCY" value="2" />
  </node>
  <node id="YAHOO">
    <attribute name="FREQUENCY" value="4" />
  </node>
  <node id="YASUAKI">
    <attribute name="FREQUENCY" value="1" />
  </node>
  <node id="YORK">
    <attribute name="FREQUENCY" value="1" />
  </node>
  <edge from="ANIMALS" to="CELLS">
    <attribute name="TEXT" value="1" />
  </edge>
  <edge from="ASSEMBLE" to="UNIQUE">
    <attribute name="TEXT" value="1" />
  </edge>
  <edge from="AUTHOR" to="CONCLUDED">
    <attribute name="TEXT" value="1" />
  </edge>
  <edge from="AUTHOR" to="DRS">
    <attribute name="TEXT" value="1" />
  </edge>
  <edge from="AUTHOR" to="NOTED">
    <attribute name="TEXT" value="1" />
  </edge>
  <edge from="AUTOIMMUNE" to="DISEASE">
    <attribute name="TEXT" value="1" />
  </edge>
  <edge from="AUTOIMMUNE" to="REACTION">
    <attribute name="TEXT" value="1" />
  </edge>
  <edge from="AUTOLOGOUS" to="CANCER">
    <attribute name="TEXT" value="1" />
  </edge>
  <edge from="CANCER" to="CELLS">
    <attribute name="TEXT" value="3" />
  </edge>
  <edge from="CANCER" to="MELANOMA">
    <attribute name="TEXT" value="1" />
  </edge>
  <edge from="CANCER" to="PATIENTS">
    <attribute name="TEXT" value="1" />
  </edge>
  <edge from="CANCER" to="TREATMENT">
    <attribute name="TEXT" value="1" />
  </edge>
  <edge from="CANCER-DERIVED" to="HSP">
    <attribute name="TEXT" value="1" />
  </edge>
  <edge from="COLON" to="CANCER">
    <attribute name="TEXT" value="1" />
  </edge>
  <edge from="COMBAT" to="LUNG">
    <attribute name="TEXT" value="1" />
  </edge>
  <edge from="COMBAT" to="METASTASES">
    <attribute name="TEXT" value="1" />
  </edge>
  <edge from="COMMERCIAL" to="EVADE">
    <attribute name="TEXT" value="4" />
    <attribute name="LINKS" value="4" />
  </edge>
  <edge from="COMMERCIAL" to="EVADE">
    <attribute name="TEXT" value="4" />
    <attribute name="LINKS" value="4" />
  </edge>
  <edge from="COMPLEX" to="DYNAMIC">
    <attribute name="TEXT" value="1" />
  </edge>
  <edge from="DESTROY" to="NORMAL">
    <attribute name="TEXT" value="1" />
  </edge>
  <edge from="DESTROY" to="TUMOR">
    <attribute name="TEXT" value="1" />
  </edge>
  <edge from="EXPERIMENTAL" to="CANCER">
    <attribute name="TEXT" value="1" />
  </edge>
  <edge from="FACTORS" to="TIED">
    <attribute name="TEXT" value="2" />
    <attribute name="LINKS" value="2" />
  </edge>
  <edge from="FACTORS" to="TIED">
    <attribute name="TEXT" value="2" />
    <attribute name="LINKS" value="2" />
  </edge>
  <edge from="FIGHT" to="CANCER">
    <attribute name="TEXT" value="1" />
    <attribute name="KEYWORDS" value="1" />
  </edge>
  <edge from="FIGHT" to="CANCER">
    <attribute name="TEXT" value="1" />
    <attribute name="KEYWORDS" value="1" />
  </edge>
  <edge from="FRIDAY" to="OCTOBER">
    <attribute name="TEXT" value="1" />
  </edge>
  <edge from="HEALTH" to="STORIES">
    <attribute name="TEXT" value="1" />
  </edge>
  <edge from="HEALTHY" to="CELLS">
    <attribute name="TEXT" value="1" />
  </edge>
  <edge from="HEART" to="DISEASE">
    <attribute name="TEXT" value="2" />
    <attribute name="LINKS" value="2" />
  </edge>
  <edge from="HEART" to="DISEASE">
    <attribute name="TEXT" value="2" />
    <attribute name="LINKS" value="2" />
  </edge>
  <edge from="HEAT" to="SHOCK">
    <attribute name="TEXT" value="1" />
  </edge>
  <edge from="HSP" to="ATTACH">
    <attribute name="TEXT" value="1" />
  </edge>
  <edge from="HSP" to="INJECTION">
    <attribute name="TEXT" value="1" />
  </edge>
  <edge from="HSP" to="MOBILIZE">
    <attribute name="TEXT" value="1" />
  </edge>
  <edge from="HSP" to="SLOWED">
    <attribute name="TEXT" value="1" />
  </edge>
  <edge from="HSP-INJECTED" to="MICE">
    <attribute name="TEXT" value="1" />
  </edge>
  <edge from="HUMAN" to="CANCER">
    <attribute name="TEXT" value="1" />
  </edge>
  <edge from="HUNDREDS" to="MICE">
    <attribute name="TEXT" value="1" />
  </edge>
  <edge from="IMMUNE" to="SYSTEM">
    <attribute name="TEXT" value="3" />
  </edge>
  <edge from="INDIVIDUALLY" to="UNIQUE">
    <attribute name="TEXT" value="1" />
  </edge>
  <edge from="INFECTIOUS" to="DISEASE">
    <attribute name="TEXT" value="1" />
  </edge>
  <edge from="INJECT" to="CANCER-DERIVED">
    <attribute name="TEXT" value="1" />
  </edge>
  <edge from="INJECT" to="PROTEIN">
    <attribute name="TEXT" value="1" />
  </edge>
  <edge from="INTERNAL" to="MOLECULES">
    <attribute name="TEXT" value="1" />
  </edge>
  <edge from="LEAD" to="STUDY">
    <attribute name="TEXT" value="1" />
  </edge>
  <edge from="LUNG" to="CANCER">
    <attribute name="TEXT" value="1" />
  </edge>
  <edge from="MICE" to="DIES">
    <attribute name="TEXT" value="1" />
  </edge>
  <edge from="MICE" to="SURVIVED">
    <attribute name="TEXT" value="1" />
  </edge>
  <edge from="MISTAKENLY" to="ATTACK">
    <attribute name="TEXT" value="1" />
  </edge>
  <edge from="MOLECULES" to="HELPING">
    <attribute name="TEXT" value="1" />
  </edge>
  <edge from="NORMAL" to="PROTEIN">
    <attribute name="TEXT" value="1" />
  </edge>
  <edge from="ORIGINAL" to="TUMOR">
    <attribute name="TEXT" value="1" />
  </edge>
  <edge from="PATIENTS" to="RECEIVED">
    <attribute name="TEXT" value="1" />
  </edge>
  <edge from="PING" to="PENG">
    <attribute name="TEXT" value="1" />
  </edge>
  <edge from="PM" to="EDT">
    <attribute name="TEXT" value="1" />
  </edge>
  <edge from="POTENT" to="IMMUNE">
    <attribute name="TEXT" value="1" />
  </edge>
  <edge from="PREGNANCY" to="FACTORS">
    <attribute name="TEXT" value="2" />
    <attribute name="LINKS" value="2" />
  </edge>
  <edge from="PREGNANCY" to="FACTORS">
    <attribute name="TEXT" value="2" />
    <attribute name="LINKS" value="2" />
  </edge>
  <edge from="PROCESS" to="ASSEMBLE">
    <attribute name="TEXT" value="1" />
  </edge>
  <edge from="PROTEIN" to="PURIFIED">
    <attribute name="TEXT" value="1" />
  </edge>
  <edge from="PURIFIED" to="HEAT">
    <attribute name="TEXT" value="1" />
  </edge>
  <edge from="RECEIVED" to="HSP">
    <attribute name="TEXT" value="1" />
  </edge>
  <edge from="RESEARCHERS" to="PURIFIED">
    <attribute name="TEXT" value="1" />
  </edge>
  <edge from="REUTERS" to="LIMITED">
    <attribute name="TEXT" value="1" />
  </edge>
  <edge from="SAFELY" to="HIDDEN">
    <attribute name="TEXT" value="1" />
  </edge>
  <edge from="SHOCK" to="PROTEIN">
    <attribute name="TEXT" value="1" />
  </edge>
  <edge from="SLOW" to="TUMOR">
    <attribute name="TEXT" value="1" />
  </edge>
  <edge from="SLOWED" to="TUMOR">
    <attribute name="TEXT" value="1" />
  </edge>
  <edge from="SMALL" to="STUDY">
    <attribute name="TEXT" value="1" />
  </edge>
  <edge from="STORIES" to="FIGHT">
    <attribute name="TEXT" value="1" />
  </edge>
  <edge from="STUDY" to="AUTHOR">
    <attribute name="TEXT" value="1" />
  </edge>
  <edge from="STUDY" to="RESEARCHERS">
    <attribute name="TEXT" value="1" />
  </edge>
  <edge from="SURGICAL" to="REMOVAL">
    <attribute name="TEXT" value="1" />
  </edge>
  <edge from="SYSTEM" to="MISTAKENLY">
    <attribute name="TEXT" value="1" />
  </edge>
  <edge from="SYSTEM" to="STIMULATORS">
    <attribute name="TEXT" value="1" />
  </edge>
  <edge from="TEXT" to="HEADLINES">
    <attribute name="TEXT" value="1" />
  </edge>
  <edge from="THERAPIES" to="BASED">
    <attribute name="TEXT" value="1" />
  </edge>
  <edge from="TREATMENT" to="SLOW">
    <attribute name="TEXT" value="1" />
  </edge>
  <edge from="TUMOR" to="ANTIGENS">
    <attribute name="TEXT" value="1" />
  </edge>
  <edge from="TUMOR" to="CELLS">
    <attribute name="TEXT" value="2" />
  </edge>
  <edge from="TUMOR" to="GROWTH">
    <attribute name="TEXT" value="2" />
  </edge>
  <edge from="UNIQUE" to="REPERTOIRE">
    <attribute name="TEXT" value="1" />
  </edge>
  <edge from="UNIQUE" to="SET">
    <attribute name="TEXT" value="1" />
  </edge>
  <edge from="VIOLENT" to="COMMERCIAL">
    <attribute name="TEXT" value="4" />
    <attribute name="LINKS" value="4" />
  </edge>
  <edge from="VIOLENT" to="COMMERCIAL">
    <attribute name="TEXT" value="4" />
    <attribute name="LINKS" value="4" />
  </edge>
  <edge from="YASUAKI" to="TAMURA">
    <attribute name="TEXT" value="1" />
  </edge>
</graph>
