<graph>
  <node id="ABILITY">
    <attribute name="FREQUENCY" value="1" />
  </node>
  <node id="ADOPT">
    <attribute name="FREQUENCY" value="1" />
  </node>
  <node id="ADULTS">
    <attribute name="FREQUENCY" value="1" />
  </node>
  <node id="AGE">
    <attribute name="FREQUENCY" value="4" />
  </node>
  <node id="AIDS">
    <attribute name="FREQUENCY" value="7" />
  </node>
  <node id="AMAZED">
    <attribute name="FREQUENCY" value="1" />
  </node>
  <node id="AMERICAN">
    <attribute name="FREQUENCY" value="1" />
  </node>
  <node id="ANEURYSM">
    <attribute name="FREQUENCY" value="4" />
  </node>
  <node id="ANNUAL">
    <attribute name="FREQUENCY" value="2" />
  </node>
  <node id="ARKANSAS">
    <attribute name="FREQUENCY" value="1" />
  </node>
  <node id="ASSESS">
    <attribute name="FREQUENCY" value="1" />
  </node>
  <node id="ATTEND">
    <attribute name="FREQUENCY" value="1" />
  </node>
  <node id="AUDIOLOGIST">
    <attribute name="FREQUENCY" value="1" />
  </node>
  <node id="AWARE">
    <attribute name="FREQUENCY" value="1" />
  </node>
  <node id="BAND">
    <attribute name="FREQUENCY" value="1" />
  </node>
  <node id="BELIEVES">
    <attribute name="FREQUENCY" value="3" />
  </node>
  <node id="BENIGN">
    <attribute name="FREQUENCY" value="1" />
  </node>
  <node id="BETHESDA">
    <attribute name="FREQUENCY" value="3" />
  </node>
  <node id="BIOPSY">
    <attribute name="FREQUENCY" value="1" />
  </node>
  <node id="BIZ">
    <attribute name="FREQUENCY" value="4" />
  </node>
  <node id="BLOOD">
    <attribute name="FREQUENCY" value="1" />
  </node>
  <node id="BREAST">
    <attribute name="FREQUENCY" value="1" />
  </node>
  <node id="CANAL">
    <attribute name="FREQUENCY" value="1" />
  </node>
  <node id="CENTER">
    <attribute name="FREQUENCY" value="1" />
  </node>
  <node id="CHEST">
    <attribute name="FREQUENCY" value="1" />
  </node>
  <node id="CHOLESTEROL">
    <attribute name="FREQUENCY" value="1" />
  </node>
  <node id="CITY">
    <attribute name="FREQUENCY" value="1" />
  </node>
  <node id="CLINTON">
    <attribute name="FREQUENCY" value="15" />
  </node>
  <node id="COMMENTS">
    <attribute name="FREQUENCY" value="2" />
  </node>
  <node id="COMMON">
    <attribute name="FREQUENCY" value="1" />
  </node>
  <node id="COMPLAINING">
    <attribute name="FREQUENCY" value="1" />
  </node>
  <node id="COMPLETELY">
    <attribute name="FREQUENCY" value="2" />
  </node>
  <node id="CONFERENCE">
    <attribute name="FREQUENCY" value="1" />
  </node>
  <node id="CONNIE">
    <attribute name="FREQUENCY" value="1" />
  </node>
  <node id="CONSIDER">
    <attribute name="FREQUENCY" value="2" />
  </node>
  <node id="CONSIDERABLY">
    <attribute name="FREQUENCY" value="1" />
  </node>
  <node id="CORBETT">
    <attribute name="FREQUENCY" value="1" />
  </node>
  <node id="CROWDED">
    <attribute name="FREQUENCY" value="1" />
  </node>
  <node id="CYST">
    <attribute name="FREQUENCY" value="3" />
  </node>
  <node id="DAVID">
    <attribute name="FREQUENCY" value="1" />
  </node>
  <node id="DEAFNESS">
    <attribute name="FREQUENCY" value="1" />
  </node>
  <node id="DELIVER">
    <attribute name="FREQUENCY" value="1" />
  </node>
  <node id="DERMATOLOGIST">
    <attribute name="FREQUENCY" value="1" />
  </node>
  <node id="DETERMINE">
    <attribute name="FREQUENCY" value="1" />
  </node>
  <node id="DIET">
    <attribute name="FREQUENCY" value="1" />
  </node>
  <node id="DISCERNING">
    <attribute name="FREQUENCY" value="1" />
  </node>
  <node id="DOCTOR-PATIENT">
    <attribute name="FREQUENCY" value="1" />
  </node>
  <node id="DOCTORS">
    <attribute name="FREQUENCY" value="1" />
  </node>
  <node id="DROPPED">
    <attribute name="FREQUENCY" value="1" />
  </node>
  <node id="EAR">
    <attribute name="FREQUENCY" value="1" />
  </node>
  <node id="EARLIER">
    <attribute name="FREQUENCY" value="1" />
  </node>
  <node id="EDT">
    <attribute name="FREQUENCY" value="1" />
  </node>
  <node id="EDUCATION">
    <attribute name="FREQUENCY" value="1" />
  </node>
  <node id="ENTERTAIN">
    <attribute name="FREQUENCY" value="4" />
  </node>
  <node id="EVALUATION">
    <attribute name="FREQUENCY" value="1" />
  </node>
  <node id="EXACERBATED">
    <attribute name="FREQUENCY" value="1" />
  </node>
  <node id="EXAMINATION">
    <attribute name="FREQUENCY" value="2" />
  </node>
  <node id="EXAMS">
    <attribute name="FREQUENCY" value="5" />
  </node>
  <node id="EXCESSIVE">
    <attribute name="FREQUENCY" value="1" />
  </node>
  <node id="EXCISED">
    <attribute name="FREQUENCY" value="1" />
  </node>
  <node id="EXERCISE">
    <attribute name="FREQUENCY" value="2" />
  </node>
  <node id="EXPERIENCE">
    <attribute name="FREQUENCY" value="1" />
  </node>
  <node id="EXPLAINED">
    <attribute name="FREQUENCY" value="2" />
  </node>
  <node id="EXPOSURE">
    <attribute name="FREQUENCY" value="1" />
  </node>
  <node id="FACTORS">
    <attribute name="FREQUENCY" value="1" />
  </node>
  <node id="FITTED">
    <attribute name="FREQUENCY" value="1" />
  </node>
  <node id="FLAXMAN">
    <attribute name="FREQUENCY" value="1" />
  </node>
  <node id="FREQUENCY">
    <attribute name="FREQUENCY" value="1" />
  </node>
  <node id="FRIDAY">
    <attribute name="FREQUENCY" value="1" />
  </node>
  <node id="FUNCTION">
    <attribute name="FREQUENCY" value="1" />
  </node>
  <node id="GATHERINGS">
    <attribute name="FREQUENCY" value="1" />
  </node>
  <node id="GENERAL">
    <attribute name="FREQUENCY" value="1" />
  </node>
  <node id="GROUP">
    <attribute name="FREQUENCY" value="1" />
  </node>
  <node id="GYNECOLOGICAL">
    <attribute name="FREQUENCY" value="1" />
  </node>
  <node id="HARD">
    <attribute name="FREQUENCY" value="1" />
  </node>
  <node id="HEADLINES">
    <attribute name="FREQUENCY" value="1" />
  </node>
  <node id="HEALED">
    <attribute name="FREQUENCY" value="1" />
  </node>
  <node id="HEALTH">
    <attribute name="FREQUENCY" value="7" />
  </node>
  <node id="HEALTHIER">
    <attribute name="FREQUENCY" value="1" />
  </node>
  <node id="HEALTHY">
    <attribute name="FREQUENCY" value="1" />
  </node>
  <node id="HEAR">
    <attribute name="FREQUENCY" value="18" />
  </node>
  <node id="HECKLERS">
    <attribute name="FREQUENCY" value="1" />
  </node>
  <node id="HELD">
    <attribute name="FREQUENCY" value="1" />
  </node>
  <node id="HIGH-FREQUENCY">
    <attribute name="FREQUENCY" value="5" />
  </node>
  <node id="HIT">
    <attribute name="FREQUENCY" value="1" />
  </node>
  <node id="HOSPITAL">
    <attribute name="FREQUENCY" value="1" />
  </node>
  <node id="HOUSE">
    <attribute name="FREQUENCY" value="1" />
  </node>
  <node id="HTML">
    <attribute name="FREQUENCY" value="1" />
  </node>
  <node id="HUFFING">
    <attribute name="FREQUENCY" value="1" />
  </node>
  <node id="IMPAIRMENT">
    <attribute name="FREQUENCY" value="2" />
  </node>
  <node id="IMPROVED">
    <attribute name="FREQUENCY" value="1" />
  </node>
  <node id="INDIVIDUALS">
    <attribute name="FREQUENCY" value="2" />
  </node>
  <node id="INFO">
    <attribute name="FREQUENCY" value="2" />
  </node>
  <node id="INTERFERE">
    <attribute name="FREQUENCY" value="2" />
  </node>
  <node id="INTERNAL">
    <attribute name="FREQUENCY" value="1" />
  </node>
  <node id="INTERVIEW">
    <attribute name="FREQUENCY" value="1" />
  </node>
  <node id="JAMES">
    <attribute name="FREQUENCY" value="1" />
  </node>
  <node id="KATHLEEN">
    <attribute name="FREQUENCY" value="1" />
  </node>
  <node id="KIND">
    <attribute name="FREQUENCY" value="1" />
  </node>
  <node id="KNEE">
    <attribute name="FREQUENCY" value="2" />
  </node>
  <node id="LEVELS">
    <attribute name="FREQUENCY" value="1" />
  </node>
  <node id="LIFESTYLE">
    <attribute name="FREQUENCY" value="1" />
  </node>
  <node id="LIMITED">
    <attribute name="FREQUENCY" value="1" />
  </node>
  <node id="LISTEN">
    <attribute name="FREQUENCY" value="1" />
  </node>
  <node id="LOS">
    <attribute name="FREQUENCY" value="7" />
  </node>
  <node id="LOT">
    <attribute name="FREQUENCY" value="1" />
  </node>
  <node id="MARIANO">
    <attribute name="FREQUENCY" value="3" />
  </node>
  <node id="MARYLAND">
    <attribute name="FREQUENCY" value="1" />
  </node>
  <node id="MCCURRY">
    <attribute name="FREQUENCY" value="3" />
  </node>
  <node id="MEDICAL">
    <attribute name="FREQUENCY" value="1" />
  </node>
  <node id="MEDICINE">
    <attribute name="FREQUENCY" value="1" />
  </node>
  <node id="MEN">
    <attribute name="FREQUENCY" value="1" />
  </node>
  <node id="MIKE">
    <attribute name="FREQUENCY" value="1" />
  </node>
  <node id="MON">
    <attribute name="FREQUENCY" value="1" />
  </node>
  <node id="MUNDELL">
    <attribute name="FREQUENCY" value="1" />
  </node>
  <node id="MUSIC">
    <attribute name="FREQUENCY" value="1" />
  </node>
  <node id="NAVAL">
    <attribute name="FREQUENCY" value="1" />
  </node>
  <node id="NECK">
    <attribute name="FREQUENCY" value="1" />
  </node>
  <node id="NEWS">
    <attribute name="FREQUENCY" value="4" />
  </node>
  <node id="NOBEL">
    <attribute name="FREQUENCY" value="4" />
  </node>
  <node id="NOISE">
    <attribute name="FREQUENCY" value="1" />
  </node>
  <node id="NOTED">
    <attribute name="FREQUENCY" value="1" />
  </node>
  <node id="OCCASIONAL">
    <attribute name="FREQUENCY" value="1" />
  </node>
  <node id="OCT">
    <attribute name="FREQUENCY" value="1" />
  </node>
  <node id="OCTOBER">
    <attribute name="FREQUENCY" value="1" />
  </node>
  <node id="OPPORTUNITY">
    <attribute name="FREQUENCY" value="1" />
  </node>
  <node id="OTOLARYNGOLOGIST">
    <attribute name="FREQUENCY" value="1" />
  </node>
  <node id="PAID">
    <attribute name="FREQUENCY" value="1" />
  </node>
  <node id="PART">
    <attribute name="FREQUENCY" value="1" />
  </node>
  <node id="PARTNERSHIP">
    <attribute name="FREQUENCY" value="1" />
  </node>
  <node id="PAST">
    <attribute name="FREQUENCY" value="1" />
  </node>
  <node id="PATIENTS">
    <attribute name="FREQUENCY" value="2" />
  </node>
  <node id="PEOPLE">
    <attribute name="FREQUENCY" value="1" />
  </node>
  <node id="PERSONAL">
    <attribute name="FREQUENCY" value="1" />
  </node>
  <node id="PHYSICAL">
    <attribute name="FREQUENCY" value="4" />
  </node>
  <node id="PHYSICIANS">
    <attribute name="FREQUENCY" value="2" />
  </node>
  <node id="PLAY">
    <attribute name="FREQUENCY" value="1" />
  </node>
  <node id="PM">
    <attribute name="FREQUENCY" value="2" />
  </node>
  <node id="POLITIC">
    <attribute name="FREQUENCY" value="4" />
  </node>
  <node id="POP">
    <attribute name="FREQUENCY" value="1" />
  </node>
  <node id="POUNDS">
    <attribute name="FREQUENCY" value="2" />
  </node>
  <node id="PRESENT">
    <attribute name="FREQUENCY" value="1" />
  </node>
  <node id="PRESIDENT">
    <attribute name="FREQUENCY" value="7" />
  </node>
  <node id="PRESS">
    <attribute name="FREQUENCY" value="1" />
  </node>
  <node id="PRESSURE">
    <attribute name="FREQUENCY" value="1" />
  </node>
  <node id="PREVENTATIVE">
    <attribute name="FREQUENCY" value="1" />
  </node>
  <node id="PRION">
    <attribute name="FREQUENCY" value="4" />
  </node>
  <node id="PRIZE">
    <attribute name="FREQUENCY" value="4" />
  </node>
  <node id="PROBLEMS">
    <attribute name="FREQUENCY" value="1" />
  </node>
  <node id="PROCESS">
    <attribute name="FREQUENCY" value="1" />
  </node>
  <node id="PROFOUND">
    <attribute name="FREQUENCY" value="1" />
  </node>
  <node id="PROGRESSION">
    <attribute name="FREQUENCY" value="1" />
  </node>
  <node id="PROTEIN">
    <attribute name="FREQUENCY" value="4" />
  </node>
  <node id="PUFF">
    <attribute name="FREQUENCY" value="1" />
  </node>
  <node id="PURSUED">
    <attribute name="FREQUENCY" value="1" />
  </node>
  <node id="QUESTIONS">
    <attribute name="FREQUENCY" value="2" />
  </node>
  <node id="RANGE">
    <attribute name="FREQUENCY" value="1" />
  </node>
  <node id="RECEPTION">
    <attribute name="FREQUENCY" value="1" />
  </node>
  <node id="RECOMMENDED">
    <attribute name="FREQUENCY" value="1" />
  </node>
  <node id="REGIMEN">
    <attribute name="FREQUENCY" value="1" />
  </node>
  <node id="RELATED">
    <attribute name="FREQUENCY" value="1" />
  </node>
  <node id="RELATIONSHIP">
    <attribute name="FREQUENCY" value="1" />
  </node>
  <node id="REMOVED">
    <attribute name="FREQUENCY" value="1" />
  </node>
  <node id="REPORT">
    <attribute name="FREQUENCY" value="1" />
  </node>
  <node id="REPORTED">
    <attribute name="FREQUENCY" value="1" />
  </node>
  <node id="REPORTERS">
    <attribute name="FREQUENCY" value="1" />
  </node>
  <node id="RESEARCHERS">
    <attribute name="FREQUENCY" value="4" />
  </node>
  <node id="RESULTS">
    <attribute name="FREQUENCY" value="1" />
  </node>
  <node id="REUTERS">
    <attribute name="FREQUENCY" value="4" />
  </node>
  <node id="RIGOROUS">
    <attribute name="FREQUENCY" value="1" />
  </node>
  <node id="RISK">
    <attribute name="FREQUENCY" value="5" />
  </node>
  <node id="ROCK">
    <attribute name="FREQUENCY" value="1" />
  </node>
  <node id="ROLLING">
    <attribute name="FREQUENCY" value="1" />
  </node>
  <node id="ROOM">
    <attribute name="FREQUENCY" value="1" />
  </node>
  <node id="ROUTINE">
    <attribute name="FREQUENCY" value="1" />
  </node>
  <node id="RULES">
    <attribute name="FREQUENCY" value="1" />
  </node>
  <node id="SCOREBOARD">
    <attribute name="FREQUENCY" value="4" />
  </node>
  <node id="SHEILA">
    <attribute name="FREQUENCY" value="1" />
  </node>
  <node id="SIDE">
    <attribute name="FREQUENCY" value="1" />
  </node>
  <node id="SIMILAR">
    <attribute name="FREQUENCY" value="1" />
  </node>
  <node id="SIMPLY">
    <attribute name="FREQUENCY" value="1" />
  </node>
  <node id="SITUATION">
    <attribute name="FREQUENCY" value="1" />
  </node>
  <node id="SMALL">
    <attribute name="FREQUENCY" value="1" />
  </node>
  <node id="SOCIETY">
    <attribute name="FREQUENCY" value="1" />
  </node>
  <node id="SOMETIMES">
    <attribute name="FREQUENCY" value="1" />
  </node>
  <node id="SOUND">
    <attribute name="FREQUENCY" value="1" />
  </node>
  <node id="SPEECH">
    <attribute name="FREQUENCY" value="2" />
  </node>
  <node id="SPOKE">
    <attribute name="FREQUENCY" value="1" />
  </node>
  <node id="SPOKESPERSON">
    <attribute name="FREQUENCY" value="1" />
  </node>
  <node id="SPORT">
    <attribute name="FREQUENCY" value="4" />
  </node>
  <node id="STARTED">
    <attribute name="FREQUENCY" value="1" />
  </node>
  <node id="STATUS">
    <attribute name="FREQUENCY" value="1" />
  </node>
  <node id="STIFFNESS">
    <attribute name="FREQUENCY" value="1" />
  </node>
  <node id="STORIES">
    <attribute name="FREQUENCY" value="2" />
  </node>
  <node id="STORY">
    <attribute name="FREQUENCY" value="4" />
  </node>
  <node id="SUEN">
    <attribute name="FREQUENCY" value="3" />
  </node>
  <node id="TEARING">
    <attribute name="FREQUENCY" value="1" />
  </node>
  <node id="TECH">
    <attribute name="FREQUENCY" value="4" />
  </node>
  <node id="TEENAGER">
    <attribute name="FREQUENCY" value="1" />
  </node>
  <node id="TENDON">
    <attribute name="FREQUENCY" value="1" />
  </node>
  <node id="TESTED">
    <attribute name="FREQUENCY" value="1" />
  </node>
  <node id="TEXT">
    <attribute name="FREQUENCY" value="1" />
  </node>
  <node id="THINGS">
    <attribute name="FREQUENCY" value="1" />
  </node>
  <node id="THUMB">
    <attribute name="FREQUENCY" value="1" />
  </node>
  <node id="TIED">
    <attribute name="FREQUENCY" value="4" />
  </node>
  <node id="TINY">
    <attribute name="FREQUENCY" value="1" />
  </node>
  <node id="TOLD">
    <attribute name="FREQUENCY" value="2" />
  </node>
  <node id="TOTAL">
    <attribute name="FREQUENCY" value="1" />
  </node>
  <node id="TOTALLY">
    <attribute name="FREQUENCY" value="1" />
  </node>
  <node id="TRANSFORM">
    <attribute name="FREQUENCY" value="1" />
  </node>
  <node id="TROUBLE">
    <attribute name="FREQUENCY" value="1" />
  </node>
  <node id="TUESDAY">
    <attribute name="FREQUENCY" value="1" />
  </node>
  <node id="TYPE">
    <attribute name="FREQUENCY" value="2" />
  </node>
  <node id="UNDERGO">
    <attribute name="FREQUENCY" value="1" />
  </node>
  <node id="UNDERSTAND">
    <attribute name="FREQUENCY" value="1" />
  </node>
  <node id="UNDETECTABLE">
    <attribute name="FREQUENCY" value="1" />
  </node>
  <node id="UNIVERSITY">
    <attribute name="FREQUENCY" value="1" />
  </node>
  <node id="URGING">
    <attribute name="FREQUENCY" value="1" />
  </node>
  <node id="VARY">
    <attribute name="FREQUENCY" value="1" />
  </node>
  <node id="WEARING">
    <attribute name="FREQUENCY" value="5" />
  </node>
  <node id="WEAVER">
    <attribute name="FREQUENCY" value="4" />
  </node>
  <node id="WEIGH">
    <attribute name="FREQUENCY" value="1" />
  </node>
  <node id="WEIGH-IN">
    <attribute name="FREQUENCY" value="1" />
  </node>
  <node id="WHITE">
    <attribute name="FREQUENCY" value="1" />
  </node>
  <node id="WIN">
    <attribute name="FREQUENCY" value="4" />
  </node>
  <node id="WOMAN">
    <attribute name="FREQUENCY" value="1" />
  </node>
  <node id="WOMEN">
    <attribute name="FREQUENCY" value="1" />
  </node>
  <node id="WORDS">
    <attribute name="FREQUENCY" value="1" />
  </node>
  <node id="WORSENED">
    <attribute name="FREQUENCY" value="1" />
  </node>
  <node id="WRITE">
    <attribute name="FREQUENCY" value="2" />
  </node>
  <node id="YAHOO">
    <attribute name="FREQUENCY" value="4" />
  </node>
  <node id="YEAR">
    <attribute name="FREQUENCY" value="5" />
  </node>
  <node id="YEAR-OLD">
    <attribute name="FREQUENCY" value="1" />
  </node>
  <node id="YORK">
    <attribute name="FREQUENCY" value="2" />
  </node>
  <edge from="ADOPT" to="HEALTHIER">
    <attribute name="TEXT" value="1" />
  </edge>
  <edge from="ADULTS" to="WOMEN">
    <attribute name="TEXT" value="1" />
  </edge>
  <edge from="AGE" to="GROUP">
    <attribute name="TEXT" value="1" />
  </edge>
  <edge from="AGE" to="PROCESS">
    <attribute name="TEXT" value="1" />
  </edge>
  <edge from="AMERICAN" to="SOCIETY">
    <attribute name="TEXT" value="1" />
  </edge>
  <edge from="ANEURYSM" to="RISK">
    <attribute name="TEXT" value="2" />
    <attribute name="LINKS" value="2" />
  </edge>
  <edge from="ANEURYSM" to="RISK">
    <attribute name="TEXT" value="2" />
    <attribute name="LINKS" value="2" />
  </edge>
  <edge from="ANNUAL" to="PHYSICAL">
    <attribute name="TEXT" value="2" />
  </edge>
  <edge from="ARKANSAS" to="MEDICAL">
    <attribute name="TEXT" value="1" />
  </edge>
  <edge from="ASSESS" to="PRESENT">
    <attribute name="TEXT" value="1" />
  </edge>
  <edge from="AUDIOLOGIST" to="TOLD">
    <attribute name="TEXT" value="1" />
  </edge>
  <edge from="BETHESDA" to="DERMATOLOGIST">
    <attribute name="TEXT" value="1" />
  </edge>
  <edge from="BETHESDA" to="MARYLAND">
    <attribute name="TEXT" value="1" />
  </edge>
  <edge from="BETHESDA" to="NAVAL">
    <attribute name="TEXT" value="1" />
  </edge>
  <edge from="BLOOD" to="PRESSURE">
    <attribute name="TEXT" value="1" />
  </edge>
  <edge from="BREAST" to="EXAMINATION">
    <attribute name="TEXT" value="1" />
  </edge>
  <edge from="CENTER" to="TOLD">
    <attribute name="TEXT" value="1" />
  </edge>
  <edge from="CITY" to="AUDIOLOGIST">
    <attribute name="TEXT" value="1" />
  </edge>
  <edge from="CLINTON" to="AGE">
    <attribute name="TEXT" value="1" />
  </edge>
  <edge from="CLINTON" to="CHEST">
    <attribute name="TEXT" value="1" />
  </edge>
  <edge from="CLINTON" to="EXPERIENCE">
    <attribute name="TEXT" value="1" />
  </edge>
  <edge from="CLINTON" to="HEAR">
    <attribute name="TEXT" value="1" />
  </edge>
  <edge from="CLINTON" to="PURSUED">
    <attribute name="TEXT" value="1" />
  </edge>
  <edge from="COMMON" to="HEAR">
    <attribute name="TEXT" value="1" />
  </edge>
  <edge from="CONFERENCE" to="HELD">
    <attribute name="TEXT" value="1" />
  </edge>
  <edge from="CONNIE" to="MARIANO">
    <attribute name="TEXT" value="1" />
  </edge>
  <edge from="CROWDED" to="ROOM">
    <attribute name="TEXT" value="1" />
  </edge>
  <edge from="DAVID" to="CORBETT">
    <attribute name="TEXT" value="1" />
  </edge>
  <edge from="DELIVER" to="SPEECH">
    <attribute name="TEXT" value="1" />
  </edge>
  <edge from="DIET" to="REGIMEN">
    <attribute name="TEXT" value="1" />
  </edge>
  <edge from="DISCERNING" to="HIGH-FREQUENCY">
    <attribute name="TEXT" value="1" />
  </edge>
  <edge from="DOCTOR-PATIENT" to="RELATIONSHIP">
    <attribute name="TEXT" value="1" />
  </edge>
  <edge from="EARLIER" to="RELATED">
    <attribute name="TEXT" value="1" />
  </edge>
  <edge from="EXAMINATION" to="WEAVER">
    <attribute name="TEXT" value="1" />
  </edge>
  <edge from="EXAMS" to="MARIANO">
    <attribute name="TEXT" value="1" />
  </edge>
  <edge from="EXCESSIVE" to="EXPOSURE">
    <attribute name="TEXT" value="1" />
  </edge>
  <edge from="EXCISED" to="SMALL">
    <attribute name="TEXT" value="1" />
  </edge>
  <edge from="EXPERIENCE" to="TROUBLE">
    <attribute name="TEXT" value="1" />
  </edge>
  <edge from="GENERAL" to="RULES">
    <attribute name="TEXT" value="1" />
  </edge>
  <edge from="HEALED" to="COMPLETELY">
    <attribute name="TEXT" value="1" />
  </edge>
  <edge from="HEALTH" to="STATUS">
    <attribute name="TEXT" value="1" />
  </edge>
  <edge from="HEALTH" to="STORIES">
    <attribute name="TEXT" value="1" />
  </edge>
  <edge from="HEALTHIER" to="LIFESTYLE">
    <attribute name="TEXT" value="1" />
  </edge>
  <edge from="HEAR" to="ABILITY">
    <attribute name="TEXT" value="1" />
  </edge>
  <edge from="HEAR" to="AIDS">
    <attribute name="TEXT" value="15" />
    <attribute name="LINKS" value="3" />
    <attribute name="KEYWORDS" value="3" />
  </edge>
  <edge from="HEAR" to="AIDS">
    <attribute name="TEXT" value="15" />
    <attribute name="LINKS" value="3" />
    <attribute name="KEYWORDS" value="3" />
  </edge>
  <edge from="HEAR" to="AIDS">
    <attribute name="TEXT" value="15" />
    <attribute name="LINKS" value="3" />
    <attribute name="KEYWORDS" value="3" />
  </edge>
  <edge from="HEAR" to="IMPAIRMENT">
    <attribute name="TEXT" value="1" />
  </edge>
  <edge from="HEAR" to="LOS">
    <attribute name="TEXT" value="7" />
  </edge>
  <edge from="HEAR" to="TESTED">
    <attribute name="TEXT" value="1" />
  </edge>
  <edge from="HELD" to="FRIDAY">
    <attribute name="TEXT" value="1" />
  </edge>
  <edge from="HIGH-FREQUENCY" to="HEAR">
    <attribute name="TEXT" value="4" />
  </edge>
  <edge from="HIGH-FREQUENCY" to="SOUND">
    <attribute name="TEXT" value="1" />
  </edge>
  <edge from="HOUSE" to="SPOKESPERSON">
    <attribute name="TEXT" value="1" />
  </edge>
  <edge from="IMPAIRMENT" to="VARY">
    <attribute name="TEXT" value="1" />
  </edge>
  <edge from="IMPROVED" to="CONSIDERABLY">
    <attribute name="TEXT" value="1" />
  </edge>
  <edge from="INDIVIDUALS" to="PATIENTS">
    <attribute name="TEXT" value="1" />
  </edge>
  <edge from="INTERNAL" to="MEDICINE">
    <attribute name="TEXT" value="1" />
  </edge>
  <edge from="JAMES" to="SUEN">
    <attribute name="TEXT" value="1" />
  </edge>
  <edge from="KATHLEEN" to="WEAVER">
    <attribute name="TEXT" value="1" />
  </edge>
  <edge from="LOS" to="NOTED">
    <attribute name="TEXT" value="1" />
  </edge>
  <edge from="MARIANO" to="SPOKE">
    <attribute name="TEXT" value="1" />
  </edge>
  <edge from="MEDICAL" to="CENTER">
    <attribute name="TEXT" value="1" />
  </edge>
  <edge from="MIKE" to="MCCURRY">
    <attribute name="TEXT" value="1" />
  </edge>
  <edge from="MON" to="OCT">
    <attribute name="TEXT" value="1" />
  </edge>
  <edge from="NAVAL" to="HOSPITAL">
    <attribute name="TEXT" value="1" />
  </edge>
  <edge from="NOBEL" to="PRIZE">
    <attribute name="TEXT" value="2" />
    <attribute name="LINKS" value="2" />
  </edge>
  <edge from="NOBEL" to="PRIZE">
    <attribute name="TEXT" value="2" />
    <attribute name="LINKS" value="2" />
  </edge>
  <edge from="OCCASIONAL" to="STIFFNESS">
    <attribute name="TEXT" value="1" />
  </edge>
  <edge from="PAST" to="PRESIDENT">
    <attribute name="TEXT" value="1" />
  </edge>
  <edge from="PATIENTS" to="RISK">
    <attribute name="TEXT" value="1" />
  </edge>
  <edge from="PERSONAL" to="PHYSICIANS">
    <attribute name="TEXT" value="1" />
  </edge>
  <edge from="PHYSICAL" to="EXAMS">
    <attribute name="TEXT" value="3" />
  </edge>
  <edge from="PM" to="EDT">
    <attribute name="TEXT" value="1" />
  </edge>
  <edge from="PRESENT" to="HEALTH">
    <attribute name="TEXT" value="1" />
  </edge>
  <edge from="PRESIDENT" to="BELIEVES">
    <attribute name="TEXT" value="1" />
  </edge>
  <edge from="PRESIDENT" to="CLINTON">
    <attribute name="TEXT" value="1" />
  </edge>
  <edge from="PRESIDENT" to="NECK">
    <attribute name="TEXT" value="1" />
  </edge>
  <edge from="PRESIDENT" to="PERSONAL">
    <attribute name="TEXT" value="1" />
  </edge>
  <edge from="PRESS" to="CONFERENCE">
    <attribute name="TEXT" value="1" />
  </edge>
  <edge from="PREVENTATIVE" to="THINGS">
    <attribute name="TEXT" value="1" />
  </edge>
  <edge from="PRION" to="RESEARCHERS">
    <attribute name="TEXT" value="4" />
    <attribute name="LINKS" value="4" />
  </edge>
  <edge from="PRION" to="RESEARCHERS">
    <attribute name="TEXT" value="4" />
    <attribute name="LINKS" value="4" />
  </edge>
  <edge from="PROFOUND" to="DEAFNESS">
    <attribute name="TEXT" value="1" />
  </edge>
  <edge from="PROTEIN" to="TIED">
    <attribute name="TEXT" value="2" />
    <attribute name="LINKS" value="2" />
  </edge>
  <edge from="PROTEIN" to="TIED">
    <attribute name="TEXT" value="2" />
    <attribute name="LINKS" value="2" />
  </edge>
  <edge from="RECEPTION" to="SOMETIMES">
    <attribute name="TEXT" value="1" />
  </edge>
  <edge from="REGIMEN" to="RECOMMENDED">
    <attribute name="TEXT" value="1" />
  </edge>
  <edge from="RELATED" to="STORIES">
    <attribute name="TEXT" value="1" />
  </edge>
  <edge from="RESEARCHERS" to="WIN">
    <attribute name="TEXT" value="8" />
    <attribute name="LINKS" value="8" />
  </edge>
  <edge from="RESEARCHERS" to="WIN">
    <attribute name="TEXT" value="8" />
    <attribute name="LINKS" value="8" />
  </edge>
  <edge from="REUTERS" to="LIMITED">
    <attribute name="TEXT" value="1" />
  </edge>
  <edge from="RIGOROUS" to="EXERCISE">
    <attribute name="TEXT" value="1" />
  </edge>
  <edge from="RISK" to="FACTORS">
    <attribute name="TEXT" value="1" />
  </edge>
  <edge from="ROLLING" to="MUSIC">
    <attribute name="TEXT" value="1" />
  </edge>
  <edge from="ROUTINE" to="PHYSICAL">
    <attribute name="TEXT" value="1" />
  </edge>
  <edge from="SHEILA" to="FLAXMAN">
    <attribute name="TEXT" value="1" />
  </edge>
  <edge from="SMALL" to="CYST">
    <attribute name="TEXT" value="1" />
  </edge>
  <edge from="SPEECH" to="RANGE">
    <attribute name="TEXT" value="1" />
  </edge>
  <edge from="SPOKESPERSON" to="MIKE">
    <attribute name="TEXT" value="1" />
  </edge>
  <edge from="STORIES" to="CLINTON">
    <attribute name="TEXT" value="1" />
  </edge>
  <edge from="SUEN" to="EXPLAINED">
    <attribute name="TEXT" value="1" />
  </edge>
  <edge from="TEARING" to="TENDON">
    <attribute name="TEXT" value="1" />
  </edge>
  <edge from="TEENAGER" to="LISTEN">
    <attribute name="TEXT" value="1" />
  </edge>
  <edge from="TEXT" to="HEADLINES">
    <attribute name="TEXT" value="1" />
  </edge>
  <edge from="TINY" to="HEAR">
    <attribute name="TEXT" value="1" />
  </edge>
  <edge from="TOLD" to="REPORTERS">
    <attribute name="TEXT" value="1" />
  </edge>
  <edge from="TOLD" to="REUTERS">
    <attribute name="TEXT" value="1" />
  </edge>
  <edge from="TOTAL" to="CHOLESTEROL">
    <attribute name="TEXT" value="1" />
  </edge>
  <edge from="TOTALLY" to="BENIGN">
    <attribute name="TEXT" value="1" />
  </edge>
  <edge from="TROUBLE" to="DISCERNING">
    <attribute name="TEXT" value="1" />
  </edge>
  <edge from="TUESDAY" to="OCTOBER">
    <attribute name="TEXT" value="1" />
  </edge>
  <edge from="URGING" to="PATIENTS">
    <attribute name="TEXT" value="1" />
  </edge>
  <edge from="WEARING" to="HEAR">
    <attribute name="TEXT" value="27" />
    <attribute name="LINKS" value="9" />
    <attribute name="KEYWORDS" value="9" />
  </edge>
  <edge from="WEARING" to="HEAR">
    <attribute name="TEXT" value="27" />
    <attribute name="LINKS" value="9" />
    <attribute name="KEYWORDS" value="9" />
  </edge>
  <edge from="WEARING" to="HEAR">
    <attribute name="TEXT" value="27" />
    <attribute name="LINKS" value="9" />
    <attribute name="KEYWORDS" value="9" />
  </edge>
  <edge from="WEAVER" to="BELIEVES">
    <attribute name="TEXT" value="1" />
  </edge>
  <edge from="WEAVER" to="PAST">
    <attribute name="TEXT" value="1" />
  </edge>
  <edge from="WHITE" to="HOUSE">
    <attribute name="TEXT" value="1" />
  </edge>
  <edge from="WIN" to="NOBEL">
    <attribute name="TEXT" value="4" />
    <attribute name="LINKS" value="4" />
  </edge>
  <edge from="WIN" to="NOBEL">
    <attribute name="TEXT" value="4" />
    <attribute name="LINKS" value="4" />
  </edge>
  <edge from="WOMAN" to="EVALUATION">
    <attribute name="TEXT" value="1" />
  </edge>
  <edge from="YEAR" to="CLINTON">
    <attribute name="TEXT" value="1" />
  </edge>
  <edge from="YEAR" to="EXAMS">
    <attribute name="TEXT" value="2" />
  </edge>
  <edge from="YEAR" to="WEIGH-IN">
    <attribute name="TEXT" value="1" />
  </edge>
  <edge from="YORK" to="CITY">
    <attribute name="TEXT" value="1" />
  </edge>
</graph>
