<graph>
  <node id="ABILITY">
    <attribute name="FREQUENCY" value="1" />
  </node>
  <node id="ACCOUNT">
    <attribute name="FREQUENCY" value="1" />
  </node>
  <node id="ACE">
    <attribute name="FREQUENCY" value="1" />
  </node>
  <node id="ADJUSTED">
    <attribute name="FREQUENCY" value="1" />
  </node>
  <node id="ADMISSION">
    <attribute name="FREQUENCY" value="3" />
  </node>
  <node id="AGGRESSIVE">
    <attribute name="FREQUENCY" value="3" />
  </node>
  <node id="AHMANSON-UNIVERSITY">
    <attribute name="FREQUENCY" value="1" />
  </node>
  <node id="AMERICAN">
    <attribute name="FREQUENCY" value="6" />
  </node>
  <node id="ANGELES">
    <attribute name="FREQUENCY" value="1" />
  </node>
  <node id="ANGIOTENSIN-CONVERTING">
    <attribute name="FREQUENCY" value="1" />
  </node>
  <node id="ANNUALLY">
    <attribute name="FREQUENCY" value="1" />
  </node>
  <node id="APPEARS">
    <attribute name="FREQUENCY" value="1" />
  </node>
  <node id="APPLIED">
    <attribute name="FREQUENCY" value="1" />
  </node>
  <node id="AUTHOR">
    <attribute name="FREQUENCY" value="3" />
  </node>
  <node id="AVERAGE">
    <attribute name="FREQUENCY" value="2" />
  </node>
  <node id="BILLION">
    <attribute name="FREQUENCY" value="1" />
  </node>
  <node id="BIZ">
    <attribute name="FREQUENCY" value="4" />
  </node>
  <node id="BLOOD">
    <attribute name="FREQUENCY" value="1" />
  </node>
  <node id="BODY">
    <attribute name="FREQUENCY" value="2" />
  </node>
  <node id="BOLSTER">
    <attribute name="FREQUENCY" value="1" />
  </node>
  <node id="BUILDUP">
    <attribute name="FREQUENCY" value="1" />
  </node>
  <node id="CALIFORNIA">
    <attribute name="FREQUENCY" value="1" />
  </node>
  <node id="CALL">
    <attribute name="FREQUENCY" value="4" />
  </node>
  <node id="CANCER">
    <attribute name="FREQUENCY" value="4" />
  </node>
  <node id="CANDIDATE">
    <attribute name="FREQUENCY" value="1" />
  </node>
  <node id="CAR">
    <attribute name="FREQUENCY" value="2" />
  </node>
  <node id="CARDIOLOGIST">
    <attribute name="FREQUENCY" value="3" />
  </node>
  <node id="CARDIOLOGY">
    <attribute name="FREQUENCY" value="3" />
  </node>
  <node id="CARDIOMYOPATHY">
    <attribute name="FREQUENCY" value="1" />
  </node>
  <node id="CENTER">
    <attribute name="FREQUENCY" value="2" />
  </node>
  <node id="CHILDREN">
    <attribute name="FREQUENCY" value="4" />
  </node>
  <node id="COLLEAGUES">
    <attribute name="FREQUENCY" value="1" />
  </node>
  <node id="COLLEGE">
    <attribute name="FREQUENCY" value="2" />
  </node>
  <node id="COMMENTS">
    <attribute name="FREQUENCY" value="2" />
  </node>
  <node id="COMPARED">
    <attribute name="FREQUENCY" value="2" />
  </node>
  <node id="COMPREHENSIVE">
    <attribute name="FREQUENCY" value="2" />
  </node>
  <node id="CONCLUDED">
    <attribute name="FREQUENCY" value="2" />
  </node>
  <node id="CONGESTIVE">
    <attribute name="FREQUENCY" value="3" />
  </node>
  <node id="COST">
    <attribute name="FREQUENCY" value="4" />
  </node>
  <node id="COUNSELED">
    <attribute name="FREQUENCY" value="1" />
  </node>
  <node id="DEATH">
    <attribute name="FREQUENCY" value="1" />
  </node>
  <node id="DIAGNOSTIC">
    <attribute name="FREQUENCY" value="1" />
  </node>
  <node id="DIED">
    <attribute name="FREQUENCY" value="1" />
  </node>
  <node id="DIES">
    <attribute name="FREQUENCY" value="1" />
  </node>
  <node id="DIET">
    <attribute name="FREQUENCY" value="5" />
  </node>
  <node id="DISEASE">
    <attribute name="FREQUENCY" value="1" />
  </node>
  <node id="DIURETICS">
    <attribute name="FREQUENCY" value="1" />
  </node>
  <node id="DIVISION">
    <attribute name="FREQUENCY" value="1" />
  </node>
  <node id="DOSAGE">
    <attribute name="FREQUENCY" value="2" />
  </node>
  <node id="DOSE">
    <attribute name="FREQUENCY" value="1" />
  </node>
  <node id="DOUBLE">
    <attribute name="FREQUENCY" value="1" />
  </node>
  <node id="DRUG">
    <attribute name="FREQUENCY" value="2" />
  </node>
  <node id="EDT">
    <attribute name="FREQUENCY" value="1" />
  </node>
  <node id="ELECTIVE">
    <attribute name="FREQUENCY" value="1" />
  </node>
  <node id="EMERGENCY">
    <attribute name="FREQUENCY" value="1" />
  </node>
  <node id="ENTERTAIN">
    <attribute name="FREQUENCY" value="4" />
  </node>
  <node id="ENZYME">
    <attribute name="FREQUENCY" value="1" />
  </node>
  <node id="ESTIMATED">
    <attribute name="FREQUENCY" value="2" />
  </node>
  <node id="EXERCISE">
    <attribute name="FREQUENCY" value="2" />
  </node>
  <node id="FAILS">
    <attribute name="FREQUENCY" value="4" />
  </node>
  <node id="FAILURE">
    <attribute name="FREQUENCY" value="12" />
  </node>
  <node id="FEWER">
    <attribute name="FREQUENCY" value="1" />
  </node>
  <node id="FINDINGS">
    <attribute name="FREQUENCY" value="1" />
  </node>
  <node id="FLUID">
    <attribute name="FREQUENCY" value="2" />
  </node>
  <node id="FONAROW">
    <attribute name="FREQUENCY" value="2" />
  </node>
  <node id="FUNCTION">
    <attribute name="FREQUENCY" value="1" />
  </node>
  <node id="FUNCTIONAL">
    <attribute name="FREQUENCY" value="1" />
  </node>
  <node id="GEARED">
    <attribute name="FREQUENCY" value="1" />
  </node>
  <node id="GENERALIST">
    <attribute name="FREQUENCY" value="2" />
  </node>
  <node id="GREGG">
    <attribute name="FREQUENCY" value="1" />
  </node>
  <node id="GROUP">
    <attribute name="FREQUENCY" value="2" />
  </node>
  <node id="GUIDELINES">
    <attribute name="FREQUENCY" value="1" />
  </node>
  <node id="HALF">
    <attribute name="FREQUENCY" value="1" />
  </node>
  <node id="HEADLINES">
    <attribute name="FREQUENCY" value="1" />
  </node>
  <node id="HEALTH">
    <attribute name="FREQUENCY" value="4" />
  </node>
  <node id="HEART">
    <attribute name="FREQUENCY" value="19" />
  </node>
  <node id="HOSPITAL">
    <attribute name="FREQUENCY" value="10" />
  </node>
  <node id="HTML">
    <attribute name="FREQUENCY" value="1" />
  </node>
  <node id="IMPROVE">
    <attribute name="FREQUENCY" value="1" />
  </node>
  <node id="IMPROVEMENT">
    <attribute name="FREQUENCY" value="1" />
  </node>
  <node id="INABILITY">
    <attribute name="FREQUENCY" value="1" />
  </node>
  <node id="INCLUDED">
    <attribute name="FREQUENCY" value="1" />
  </node>
  <node id="INCREASED">
    <attribute name="FREQUENCY" value="1" />
  </node>
  <node id="INFO">
    <attribute name="FREQUENCY" value="2" />
  </node>
  <node id="INHIBITOR">
    <attribute name="FREQUENCY" value="1" />
  </node>
  <node id="INITIAL">
    <attribute name="FREQUENCY" value="1" />
  </node>
  <node id="INITIALLY">
    <attribute name="FREQUENCY" value="1" />
  </node>
  <node id="INVOLVED">
    <attribute name="FREQUENCY" value="1" />
  </node>
  <node id="ISSUE">
    <attribute name="FREQUENCY" value="1" />
  </node>
  <node id="JOURNAL">
    <attribute name="FREQUENCY" value="3" />
  </node>
  <node id="LEAD">
    <attribute name="FREQUENCY" value="2" />
  </node>
  <node id="LIFE">
    <attribute name="FREQUENCY" value="1" />
  </node>
  <node id="LIMITED">
    <attribute name="FREQUENCY" value="1" />
  </node>
  <node id="LIVE">
    <attribute name="FREQUENCY" value="2" />
  </node>
  <node id="LOS">
    <attribute name="FREQUENCY" value="1" />
  </node>
  <node id="LUNG">
    <attribute name="FREQUENCY" value="1" />
  </node>
  <node id="MANAGE">
    <attribute name="FREQUENCY" value="1" />
  </node>
  <node id="MANAGEMENT">
    <attribute name="FREQUENCY" value="2" />
  </node>
  <node id="MEDICAL">
    <attribute name="FREQUENCY" value="1" />
  </node>
  <node id="MEDICATION">
    <attribute name="FREQUENCY" value="1" />
  </node>
  <node id="MILLION">
    <attribute name="FREQUENCY" value="1" />
  </node>
  <node id="MONEY">
    <attribute name="FREQUENCY" value="1" />
  </node>
  <node id="MONTH">
    <attribute name="FREQUENCY" value="3" />
  </node>
  <node id="NEWS">
    <attribute name="FREQUENCY" value="4" />
  </node>
  <node id="PATIENTS">
    <attribute name="FREQUENCY" value="20" />
  </node>
  <node id="PENNSYLVANIA">
    <attribute name="FREQUENCY" value="1" />
  </node>
  <node id="PEOPLE">
    <attribute name="FREQUENCY" value="2" />
  </node>
  <node id="PERIOD">
    <attribute name="FREQUENCY" value="1" />
  </node>
  <node id="PHYSICIANS">
    <attribute name="FREQUENCY" value="3" />
  </node>
  <node id="PITTSBURGH">
    <attribute name="FREQUENCY" value="1" />
  </node>
  <node id="PM">
    <attribute name="FREQUENCY" value="1" />
  </node>
  <node id="POLITIC">
    <attribute name="FREQUENCY" value="4" />
  </node>
  <node id="PROCEDURE">
    <attribute name="FREQUENCY" value="1" />
  </node>
  <node id="PROGRAM">
    <attribute name="FREQUENCY" value="3" />
  </node>
  <node id="PROSTATE">
    <attribute name="FREQUENCY" value="4" />
  </node>
  <node id="PUMP">
    <attribute name="FREQUENCY" value="1" />
  </node>
  <node id="QUALITY">
    <attribute name="FREQUENCY" value="1" />
  </node>
  <node id="QUESTIONS">
    <attribute name="FREQUENCY" value="2" />
  </node>
  <node id="RATE">
    <attribute name="FREQUENCY" value="1" />
  </node>
  <node id="READMISSION">
    <attribute name="FREQUENCY" value="3" />
  </node>
  <node id="REDUCE">
    <attribute name="FREQUENCY" value="3" />
  </node>
  <node id="REDUCTION">
    <attribute name="FREQUENCY" value="1" />
  </node>
  <node id="REIS">
    <attribute name="FREQUENCY" value="1" />
  </node>
  <node id="REPORT">
    <attribute name="FREQUENCY" value="1" />
  </node>
  <node id="REPORTED">
    <attribute name="FREQUENCY" value="1" />
  </node>
  <node id="REPRESENTS">
    <attribute name="FREQUENCY" value="1" />
  </node>
  <node id="REQUIRE">
    <attribute name="FREQUENCY" value="1" />
  </node>
  <node id="REQUIRED">
    <attribute name="FREQUENCY" value="2" />
  </node>
  <node id="RESEARCH">
    <attribute name="FREQUENCY" value="4" />
  </node>
  <node id="RESULTS">
    <attribute name="FREQUENCY" value="1" />
  </node>
  <node id="REUTERS">
    <attribute name="FREQUENCY" value="2" />
  </node>
  <node id="RISK">
    <attribute name="FREQUENCY" value="1" />
  </node>
  <node id="SAVE">
    <attribute name="FREQUENCY" value="3" />
  </node>
  <node id="SAVINGS">
    <attribute name="FREQUENCY" value="1" />
  </node>
  <node id="SCOREBOARD">
    <attribute name="FREQUENCY" value="4" />
  </node>
  <node id="SEPTEMBER">
    <attribute name="FREQUENCY" value="1" />
  </node>
  <node id="SEVERE">
    <attribute name="FREQUENCY" value="1" />
  </node>
  <node id="SICKER">
    <attribute name="FREQUENCY" value="1" />
  </node>
  <node id="SIX-MONTH">
    <attribute name="FREQUENCY" value="1" />
  </node>
  <node id="SOURCE">
    <attribute name="FREQUENCY" value="1" />
  </node>
  <node id="SPECIFICALLY">
    <attribute name="FREQUENCY" value="1" />
  </node>
  <node id="SPENT">
    <attribute name="FREQUENCY" value="1" />
  </node>
  <node id="SPORT">
    <attribute name="FREQUENCY" value="4" />
  </node>
  <node id="STANDARD">
    <attribute name="FREQUENCY" value="4" />
  </node>
  <node id="STATUS">
    <attribute name="FREQUENCY" value="1" />
  </node>
  <node id="STAY">
    <attribute name="FREQUENCY" value="1" />
  </node>
  <node id="STEVEN">
    <attribute name="FREQUENCY" value="1" />
  </node>
  <node id="STORIES">
    <attribute name="FREQUENCY" value="1" />
  </node>
  <node id="STORY">
    <attribute name="FREQUENCY" value="4" />
  </node>
  <node id="STUDY">
    <attribute name="FREQUENCY" value="6" />
  </node>
  <node id="SUBTRACTING">
    <attribute name="FREQUENCY" value="1" />
  </node>
  <node id="SUDDEN">
    <attribute name="FREQUENCY" value="1" />
  </node>
  <node id="SUGGESTS">
    <attribute name="FREQUENCY" value="1" />
  </node>
  <node id="SURVIVE">
    <attribute name="FREQUENCY" value="1" />
  </node>
  <node id="TECH">
    <attribute name="FREQUENCY" value="4" />
  </node>
  <node id="TENDED">
    <attribute name="FREQUENCY" value="1" />
  </node>
  <node id="TEST">
    <attribute name="FREQUENCY" value="1" />
  </node>
  <node id="TEXT">
    <attribute name="FREQUENCY" value="1" />
  </node>
  <node id="THEORY">
    <attribute name="FREQUENCY" value="1" />
  </node>
  <node id="THERAPY">
    <attribute name="FREQUENCY" value="2" />
  </node>
  <node id="TIMES">
    <attribute name="FREQUENCY" value="1" />
  </node>
  <node id="TOTAL">
    <attribute name="FREQUENCY" value="1" />
  </node>
  <node id="TRANSPLANT">
    <attribute name="FREQUENCY" value="4" />
  </node>
  <node id="TREAT">
    <attribute name="FREQUENCY" value="3" />
  </node>
  <node id="TREATED">
    <attribute name="FREQUENCY" value="2" />
  </node>
  <node id="TREATMENT">
    <attribute name="FREQUENCY" value="4" />
  </node>
  <node id="TRUE">
    <attribute name="FREQUENCY" value="1" />
  </node>
  <node id="TUESDAY">
    <attribute name="FREQUENCY" value="1" />
  </node>
  <node id="ULTIMATELY">
    <attribute name="FREQUENCY" value="1" />
  </node>
  <node id="UNDERWENT">
    <attribute name="FREQUENCY" value="1" />
  </node>
  <node id="UNEXPECTED">
    <attribute name="FREQUENCY" value="1" />
  </node>
  <node id="UNFAMILIAR">
    <attribute name="FREQUENCY" value="1" />
  </node>
  <node id="UNIFORMLY">
    <attribute name="FREQUENCY" value="1" />
  </node>
  <node id="UNIVERSITY">
    <attribute name="FREQUENCY" value="1" />
  </node>
  <node id="UP-TO-DATE">
    <attribute name="FREQUENCY" value="1" />
  </node>
  <node id="VISIT">
    <attribute name="FREQUENCY" value="2" />
  </node>
  <node id="WAITING">
    <attribute name="FREQUENCY" value="1" />
  </node>
  <node id="WORKLOAD">
    <attribute name="FREQUENCY" value="1" />
  </node>
  <node id="WRITE">
    <attribute name="FREQUENCY" value="2" />
  </node>
  <node id="WROTE">
    <attribute name="FREQUENCY" value="1" />
  </node>
  <node id="YAHOO">
    <attribute name="FREQUENCY" value="4" />
  </node>
  <node id="YEAR">
    <attribute name="FREQUENCY" value="1" />
  </node>
  <node id="YORK">
    <attribute name="FREQUENCY" value="1" />
  </node>
  <edge from="ADMISSION" to="ANNUALLY">
    <attribute name="TEXT" value="1" />
  </edge>
  <edge from="ADMISSION" to="COMPARED">
    <attribute name="TEXT" value="1" />
  </edge>
  <edge from="AGGRESSIVE" to="HEART">
    <attribute name="TEXT" value="1" />
  </edge>
  <edge from="AMERICAN" to="CHILDREN">
    <attribute name="TEXT" value="2" />
    <attribute name="LINKS" value="2" />
  </edge>
  <edge from="AMERICAN" to="CHILDREN">
    <attribute name="TEXT" value="2" />
    <attribute name="LINKS" value="2" />
  </edge>
  <edge from="AMERICAN" to="COLLEGE">
    <attribute name="TEXT" value="2" />
  </edge>
  <edge from="ANGELES" to="CARDIOMYOPATHY">
    <attribute name="TEXT" value="1" />
  </edge>
  <edge from="ANGIOTENSIN-CONVERTING" to="ENZYME">
    <attribute name="TEXT" value="1" />
  </edge>
  <edge from="AUTHOR" to="WROTE">
    <attribute name="TEXT" value="1" />
  </edge>
  <edge from="AVERAGE" to="COST">
    <attribute name="TEXT" value="1" />
  </edge>
  <edge from="BILLION" to="REDUCTION">
    <attribute name="TEXT" value="1" />
  </edge>
  <edge from="CANCER" to="RESEARCH">
    <attribute name="TEXT" value="2" />
    <attribute name="LINKS" value="2" />
  </edge>
  <edge from="CANCER" to="RESEARCH">
    <attribute name="TEXT" value="2" />
    <attribute name="LINKS" value="2" />
  </edge>
  <edge from="CARDIOLOGIST" to="TENDED">
    <attribute name="TEXT" value="1" />
  </edge>
  <edge from="CARDIOLOGY" to="DIVISION">
    <attribute name="TEXT" value="1" />
  </edge>
  <edge from="CARDIOMYOPATHY" to="CENTER">
    <attribute name="TEXT" value="1" />
  </edge>
  <edge from="CHILDREN" to="FAILS">
    <attribute name="TEXT" value="4" />
    <attribute name="LINKS" value="4" />
  </edge>
  <edge from="CHILDREN" to="FAILS">
    <attribute name="TEXT" value="4" />
    <attribute name="LINKS" value="4" />
  </edge>
  <edge from="COMPREHENSIVE" to="MANAGEMENT">
    <attribute name="TEXT" value="1" />
  </edge>
  <edge from="COMPREHENSIVE" to="TREATMENT">
    <attribute name="TEXT" value="1" />
  </edge>
  <edge from="CONCLUDED" to="LEAD">
    <attribute name="TEXT" value="1" />
  </edge>
  <edge from="CONGESTIVE" to="HEART">
    <attribute name="TEXT" value="3" />
  </edge>
  <edge from="DIAGNOSTIC" to="TEST">
    <attribute name="TEXT" value="1" />
  </edge>
  <edge from="DIET" to="STANDARD">
    <attribute name="TEXT" value="4" />
    <attribute name="LINKS" value="4" />
  </edge>
  <edge from="DIET" to="STANDARD">
    <attribute name="TEXT" value="4" />
    <attribute name="LINKS" value="4" />
  </edge>
  <edge from="DOSAGE" to="REQUIRED">
    <attribute name="TEXT" value="1" />
  </edge>
  <edge from="ELECTIVE" to="TRANSPLANT">
    <attribute name="TEXT" value="1" />
  </edge>
  <edge from="EMERGENCY" to="HEART">
    <attribute name="TEXT" value="1" />
  </edge>
  <edge from="ESTIMATED" to="SAVINGS">
    <attribute name="TEXT" value="1" />
  </edge>
  <edge from="FAILS" to="DIET">
    <attribute name="TEXT" value="4" />
    <attribute name="LINKS" value="4" />
  </edge>
  <edge from="FAILS" to="DIET">
    <attribute name="TEXT" value="4" />
    <attribute name="LINKS" value="4" />
  </edge>
  <edge from="FAILURE" to="CONCLUDED">
    <attribute name="TEXT" value="1" />
  </edge>
  <edge from="FAILURE" to="PATIENTS">
    <attribute name="TEXT" value="1" />
  </edge>
  <edge from="FAILURE" to="THERAPY">
    <attribute name="TEXT" value="1" />
    <attribute name="KEYWORDS" value="1" />
  </edge>
  <edge from="FAILURE" to="THERAPY">
    <attribute name="TEXT" value="1" />
    <attribute name="KEYWORDS" value="1" />
  </edge>
  <edge from="FAILURE" to="TREATMENT">
    <attribute name="TEXT" value="2" />
  </edge>
  <edge from="FEWER" to="DIAGNOSTIC">
    <attribute name="TEXT" value="1" />
  </edge>
  <edge from="FUNCTIONAL" to="STATUS">
    <attribute name="TEXT" value="1" />
  </edge>
  <edge from="GENERALIST" to="PHYSICIANS">
    <attribute name="TEXT" value="1" />
  </edge>
  <edge from="GREGG" to="FONAROW">
    <attribute name="TEXT" value="1" />
  </edge>
  <edge from="HEALTH" to="STORIES">
    <attribute name="TEXT" value="1" />
  </edge>
  <edge from="HEART" to="FAILURE">
    <attribute name="TEXT" value="11" />
    <attribute name="KEYWORDS" value="1" />
  </edge>
  <edge from="HEART" to="FAILURE">
    <attribute name="TEXT" value="11" />
    <attribute name="KEYWORDS" value="1" />
  </edge>
  <edge from="HEART" to="TRANSPLANT">
    <attribute name="TEXT" value="3" />
  </edge>
  <edge from="HOSPITAL" to="ADMISSION">
    <attribute name="TEXT" value="3" />
  </edge>
  <edge from="HOSPITAL" to="COMPARED">
    <attribute name="TEXT" value="1" />
  </edge>
  <edge from="HOSPITAL" to="COST">
    <attribute name="TEXT" value="1" />
  </edge>
  <edge from="HOSPITAL" to="READMISSION">
    <attribute name="TEXT" value="2" />
  </edge>
  <edge from="HOSPITAL" to="STAY">
    <attribute name="TEXT" value="1" />
  </edge>
  <edge from="HOSPITAL" to="VISIT">
    <attribute name="TEXT" value="1" />
  </edge>
  <edge from="INCREASED" to="ABILITY">
    <attribute name="TEXT" value="1" />
  </edge>
  <edge from="INHIBITOR" to="DRUG">
    <attribute name="TEXT" value="1" />
  </edge>
  <edge from="INITIAL" to="HOSPITAL">
    <attribute name="TEXT" value="1" />
  </edge>
  <edge from="INITIALLY" to="SPENT">
    <attribute name="TEXT" value="1" />
  </edge>
  <edge from="JOURNAL" to="APPEARS">
    <attribute name="TEXT" value="1" />
  </edge>
  <edge from="LEAD" to="AUTHOR">
    <attribute name="TEXT" value="1" />
  </edge>
  <edge from="LEAD" to="STUDY">
    <attribute name="TEXT" value="1" />
  </edge>
  <edge from="LOS" to="ANGELES">
    <attribute name="TEXT" value="1" />
  </edge>
  <edge from="MANAGE" to="HEART">
    <attribute name="TEXT" value="1" />
  </edge>
  <edge from="MANAGEMENT" to="PROGRAM">
    <attribute name="TEXT" value="1" />
  </edge>
  <edge from="MEDICAL" to="CENTER">
    <attribute name="TEXT" value="1" />
  </edge>
  <edge from="MILLION" to="HOSPITAL">
    <attribute name="TEXT" value="1" />
  </edge>
  <edge from="PATIENTS" to="DIED">
    <attribute name="TEXT" value="1" />
  </edge>
  <edge from="PATIENTS" to="DOSAGE">
    <attribute name="TEXT" value="1" />
  </edge>
  <edge from="PATIENTS" to="REQUIRED">
    <attribute name="TEXT" value="1" />
  </edge>
  <edge from="PATIENTS" to="TREATED">
    <attribute name="TEXT" value="2" />
  </edge>
  <edge from="PATIENTS" to="WAITING">
    <attribute name="TEXT" value="1" />
  </edge>
  <edge from="PEOPLE" to="DIES">
    <attribute name="TEXT" value="1" />
  </edge>
  <edge from="PHYSICIANS" to="CAR">
    <attribute name="TEXT" value="1" />
  </edge>
  <edge from="PHYSICIANS" to="INITIALLY">
    <attribute name="TEXT" value="1" />
  </edge>
  <edge from="PHYSICIANS" to="UNFAMILIAR">
    <attribute name="TEXT" value="1" />
  </edge>
  <edge from="PITTSBURGH" to="MEDICAL">
    <attribute name="TEXT" value="1" />
  </edge>
  <edge from="PM" to="EDT">
    <attribute name="TEXT" value="1" />
  </edge>
  <edge from="PROGRAM" to="SPECIFICALLY">
    <attribute name="TEXT" value="1" />
  </edge>
  <edge from="PROSTATE" to="CANCER">
    <attribute name="TEXT" value="2" />
    <attribute name="LINKS" value="2" />
  </edge>
  <edge from="PROSTATE" to="CANCER">
    <attribute name="TEXT" value="2" />
    <attribute name="LINKS" value="2" />
  </edge>
  <edge from="PUMP" to="BLOOD">
    <attribute name="TEXT" value="1" />
  </edge>
  <edge from="READMISSION" to="COST">
    <attribute name="TEXT" value="1" />
  </edge>
  <edge from="REDUCE" to="FLUID">
    <attribute name="TEXT" value="1" />
  </edge>
  <edge from="REDUCE" to="HOSPITAL">
    <attribute name="TEXT" value="1" />
  </edge>
  <edge from="REPORTED" to="LEAD">
    <attribute name="TEXT" value="1" />
  </edge>
  <edge from="REQUIRE" to="READMISSION">
    <attribute name="TEXT" value="1" />
  </edge>
  <edge from="REQUIRED" to="HOSPITAL">
    <attribute name="TEXT" value="1" />
  </edge>
  <edge from="REUTERS" to="LIMITED">
    <attribute name="TEXT" value="1" />
  </edge>
  <edge from="SAVE" to="LIVE">
    <attribute name="TEXT" value="4" />
    <attribute name="KEYWORDS" value="4" />
  </edge>
  <edge from="SAVE" to="LIVE">
    <attribute name="TEXT" value="4" />
    <attribute name="KEYWORDS" value="4" />
  </edge>
  <edge from="SAVE" to="MONEY">
    <attribute name="TEXT" value="1" />
  </edge>
  <edge from="SEVERE" to="HEART">
    <attribute name="TEXT" value="1" />
  </edge>
  <edge from="SIX-MONTH" to="PERIOD">
    <attribute name="TEXT" value="1" />
  </edge>
  <edge from="SPECIFICALLY" to="GEARED">
    <attribute name="TEXT" value="1" />
  </edge>
  <edge from="STEVEN" to="REIS">
    <attribute name="TEXT" value="1" />
  </edge>
  <edge from="STORIES" to="HEART">
    <attribute name="TEXT" value="1" />
  </edge>
  <edge from="STUDY" to="AUTHOR">
    <attribute name="TEXT" value="1" />
  </edge>
  <edge from="STUDY" to="GROUP">
    <attribute name="TEXT" value="1" />
  </edge>
  <edge from="STUDY" to="INCLUDED">
    <attribute name="TEXT" value="1" />
  </edge>
  <edge from="STUDY" to="SUGGESTS">
    <attribute name="TEXT" value="1" />
  </edge>
  <edge from="SUDDEN" to="DEATH">
    <attribute name="TEXT" value="1" />
  </edge>
  <edge from="TEXT" to="HEADLINES">
    <attribute name="TEXT" value="1" />
  </edge>
  <edge from="THERAPY" to="SAVE">
    <attribute name="TEXT" value="2" />
    <attribute name="KEYWORDS" value="2" />
  </edge>
  <edge from="THERAPY" to="SAVE">
    <attribute name="TEXT" value="2" />
    <attribute name="KEYWORDS" value="2" />
  </edge>
  <edge from="TREAT" to="HEART">
    <attribute name="TEXT" value="1" />
  </edge>
  <edge from="TREAT" to="PATIENTS">
    <attribute name="TEXT" value="2" />
  </edge>
  <edge from="TREATMENT" to="GUIDELINES">
    <attribute name="TEXT" value="1" />
  </edge>
  <edge from="TREATMENT" to="PROGRAM">
    <attribute name="TEXT" value="1" />
  </edge>
  <edge from="TUESDAY" to="SEPTEMBER">
    <attribute name="TEXT" value="1" />
  </edge>
  <edge from="UNIFORMLY" to="APPLIED">
    <attribute name="TEXT" value="1" />
  </edge>
  <edge from="UP-TO-DATE" to="PROCEDURE">
    <attribute name="TEXT" value="1" />
  </edge>
</graph>
