<graph>
  <node id="ABILITIES">
    <attribute name="FREQUENCY" value="1" />
  </node>
  <node id="ABILITY">
    <attribute name="FREQUENCY" value="1" />
  </node>
  <node id="ACCURATE">
    <attribute name="FREQUENCY" value="1" />
  </node>
  <node id="ACTIVITIES">
    <attribute name="FREQUENCY" value="1" />
  </node>
  <node id="ADDITION">
    <attribute name="FREQUENCY" value="1" />
  </node>
  <node id="ADMISSION">
    <attribute name="FREQUENCY" value="5" />
  </node>
  <node id="ADMITTANCE">
    <attribute name="FREQUENCY" value="1" />
  </node>
  <node id="ADMITTED">
    <attribute name="FREQUENCY" value="3" />
  </node>
  <node id="AGGRESSIVE">
    <attribute name="FREQUENCY" value="1" />
  </node>
  <node id="AGREE">
    <attribute name="FREQUENCY" value="1" />
  </node>
  <node id="AILMENTS">
    <attribute name="FREQUENCY" value="1" />
  </node>
  <node id="AIMED">
    <attribute name="FREQUENCY" value="1" />
  </node>
  <node id="ALZHEIMER">
    <attribute name="FREQUENCY" value="7" />
  </node>
  <node id="AMERICAN">
    <attribute name="FREQUENCY" value="2" />
  </node>
  <node id="ASSISTANCE">
    <attribute name="FREQUENCY" value="1" />
  </node>
  <node id="ASTHMA">
    <attribute name="FREQUENCY" value="4" />
  </node>
  <node id="BASED">
    <attribute name="FREQUENCY" value="1" />
  </node>
  <node id="BASIC">
    <attribute name="FREQUENCY" value="1" />
  </node>
  <node id="BELIEVES">
    <attribute name="FREQUENCY" value="1" />
  </node>
  <node id="BENEFIT">
    <attribute name="FREQUENCY" value="1" />
  </node>
  <node id="BIZ">
    <attribute name="FREQUENCY" value="4" />
  </node>
  <node id="BLADDER">
    <attribute name="FREQUENCY" value="1" />
  </node>
  <node id="BOSTON">
    <attribute name="FREQUENCY" value="1" />
  </node>
  <node id="BOWEL">
    <attribute name="FREQUENCY" value="1" />
  </node>
  <node id="BURDEN">
    <attribute name="FREQUENCY" value="1" />
  </node>
  <node id="CANCER">
    <attribute name="FREQUENCY" value="7" />
  </node>
  <node id="CANDIDATE">
    <attribute name="FREQUENCY" value="1" />
  </node>
  <node id="CARE">
    <attribute name="FREQUENCY" value="9" />
  </node>
  <node id="CHICAGO">
    <attribute name="FREQUENCY" value="5" />
  </node>
  <node id="COHERENT">
    <attribute name="FREQUENCY" value="1" />
  </node>
  <node id="COMMENTS">
    <attribute name="FREQUENCY" value="2" />
  </node>
  <node id="COMMONLY">
    <attribute name="FREQUENCY" value="1" />
  </node>
  <node id="COMMUNICATIONS">
    <attribute name="FREQUENCY" value="1" />
  </node>
  <node id="COMPARED">
    <attribute name="FREQUENCY" value="1" />
  </node>
  <node id="COMPLICATIONS">
    <attribute name="FREQUENCY" value="2" />
  </node>
  <node id="COMPOUND">
    <attribute name="FREQUENCY" value="4" />
  </node>
  <node id="CONTEND">
    <attribute name="FREQUENCY" value="1" />
  </node>
  <node id="COST">
    <attribute name="FREQUENCY" value="1" />
  </node>
  <node id="COVERING">
    <attribute name="FREQUENCY" value="1" />
  </node>
  <node id="CREATED">
    <attribute name="FREQUENCY" value="1" />
  </node>
  <node id="CURRENT">
    <attribute name="FREQUENCY" value="2" />
  </node>
  <node id="CUT">
    <attribute name="FREQUENCY" value="1" />
  </node>
  <node id="DAILY">
    <attribute name="FREQUENCY" value="1" />
  </node>
  <node id="DATA">
    <attribute name="FREQUENCY" value="1" />
  </node>
  <node id="DEATH">
    <attribute name="FREQUENCY" value="1" />
  </node>
  <node id="DECLINE">
    <attribute name="FREQUENCY" value="1" />
  </node>
  <node id="DEHYDRATION">
    <attribute name="FREQUENCY" value="1" />
  </node>
  <node id="DEMENTIA">
    <attribute name="FREQUENCY" value="6" />
  </node>
  <node id="DEMENTIA-BASED">
    <attribute name="FREQUENCY" value="1" />
  </node>
  <node id="DENY">
    <attribute name="FREQUENCY" value="1" />
  </node>
  <node id="DEPRIVING">
    <attribute name="FREQUENCY" value="1" />
  </node>
  <node id="DESERVE">
    <attribute name="FREQUENCY" value="2" />
  </node>
  <node id="DETERIORATION">
    <attribute name="FREQUENCY" value="1" />
  </node>
  <node id="DIFFICULTIES">
    <attribute name="FREQUENCY" value="1" />
  </node>
  <node id="DIRECT">
    <attribute name="FREQUENCY" value="1" />
  </node>
  <node id="DISCOVERED">
    <attribute name="FREQUENCY" value="1" />
  </node>
  <node id="DISEASE">
    <attribute name="FREQUENCY" value="4" />
  </node>
  <node id="DISPLAYED">
    <attribute name="FREQUENCY" value="1" />
  </node>
  <node id="EASE">
    <attribute name="FREQUENCY" value="1" />
  </node>
  <node id="EDT">
    <attribute name="FREQUENCY" value="1" />
  </node>
  <node id="ELDERLY">
    <attribute name="FREQUENCY" value="1" />
  </node>
  <node id="ELIGIBILITY">
    <attribute name="FREQUENCY" value="2" />
  </node>
  <node id="ENTERTAIN">
    <attribute name="FREQUENCY" value="4" />
  </node>
  <node id="ESSENTIAL">
    <attribute name="FREQUENCY" value="1" />
  </node>
  <node id="EXPECTANCY">
    <attribute name="FREQUENCY" value="1" />
  </node>
  <node id="EXPERTS">
    <attribute name="FREQUENCY" value="2" />
  </node>
  <node id="FACT">
    <attribute name="FREQUENCY" value="1" />
  </node>
  <node id="FAMILIES">
    <attribute name="FREQUENCY" value="1" />
  </node>
  <node id="FEED">
    <attribute name="FREQUENCY" value="1" />
  </node>
  <node id="FEWER">
    <attribute name="FREQUENCY" value="1" />
  </node>
  <node id="FIGHT">
    <attribute name="FREQUENCY" value="4" />
  </node>
  <node id="FINAL">
    <attribute name="FREQUENCY" value="1" />
  </node>
  <node id="FORTH">
    <attribute name="FREQUENCY" value="1" />
  </node>
  <node id="FULL">
    <attribute name="FREQUENCY" value="1" />
  </node>
  <node id="FUNCTION">
    <attribute name="FREQUENCY" value="3" />
  </node>
  <node id="FUNCTIONAL">
    <attribute name="FREQUENCY" value="1" />
  </node>
  <node id="GERIATRIC">
    <attribute name="FREQUENCY" value="2" />
  </node>
  <node id="GUIDELINES">
    <attribute name="FREQUENCY" value="3" />
  </node>
  <node id="HEADLINES">
    <attribute name="FREQUENCY" value="1" />
  </node>
  <node id="HEALTH">
    <attribute name="FREQUENCY" value="5" />
  </node>
  <node id="HOSPICE">
    <attribute name="FREQUENCY" value="15" />
  </node>
  <node id="HOSPICE-ENTRY">
    <attribute name="FREQUENCY" value="1" />
  </node>
  <node id="HOSPITALIZATION">
    <attribute name="FREQUENCY" value="4" />
  </node>
  <node id="HTML">
    <attribute name="FREQUENCY" value="1" />
  </node>
  <node id="ILLNESS">
    <attribute name="FREQUENCY" value="1" />
  </node>
  <node id="IMPAIRED">
    <attribute name="FREQUENCY" value="1" />
  </node>
  <node id="IMPORTANT">
    <attribute name="FREQUENCY" value="1" />
  </node>
  <node id="IMPOSED">
    <attribute name="FREQUENCY" value="1" />
  </node>
  <node id="INAPPROPRIATE">
    <attribute name="FREQUENCY" value="1" />
  </node>
  <node id="INCLUDED">
    <attribute name="FREQUENCY" value="1" />
  </node>
  <node id="INDICATING">
    <attribute name="FREQUENCY" value="1" />
  </node>
  <node id="INDIVIDUALS">
    <attribute name="FREQUENCY" value="2" />
  </node>
  <node id="INFO">
    <attribute name="FREQUENCY" value="2" />
  </node>
  <node id="INTERVIEWED">
    <attribute name="FREQUENCY" value="1" />
  </node>
  <node id="INVOLVES">
    <attribute name="FREQUENCY" value="1" />
  </node>
  <node id="ISSUE">
    <attribute name="FREQUENCY" value="2" />
  </node>
  <node id="JOURNAL">
    <attribute name="FREQUENCY" value="3" />
  </node>
  <node id="LADISLAV">
    <attribute name="FREQUENCY" value="1" />
  </node>
  <node id="LIE">
    <attribute name="FREQUENCY" value="1" />
  </node>
  <node id="LIFE">
    <attribute name="FREQUENCY" value="2" />
  </node>
  <node id="LIMITATIONS">
    <attribute name="FREQUENCY" value="1" />
  </node>
  <node id="LIMITED">
    <attribute name="FREQUENCY" value="2" />
  </node>
  <node id="LINKED">
    <attribute name="FREQUENCY" value="1" />
  </node>
  <node id="LIVE">
    <attribute name="FREQUENCY" value="1" />
  </node>
  <node id="LONG">
    <attribute name="FREQUENCY" value="1" />
  </node>
  <node id="LONGER">
    <attribute name="FREQUENCY" value="1" />
  </node>
  <node id="MAJORITY">
    <attribute name="FREQUENCY" value="1" />
  </node>
  <node id="MALNUTRITION">
    <attribute name="FREQUENCY" value="1" />
  </node>
  <node id="MEANING">
    <attribute name="FREQUENCY" value="1" />
  </node>
  <node id="MEANS">
    <attribute name="FREQUENCY" value="1" />
  </node>
  <node id="MEANT">
    <attribute name="FREQUENCY" value="1" />
  </node>
  <node id="MEDIAN">
    <attribute name="FREQUENCY" value="1" />
  </node>
  <node id="MEDICAL">
    <attribute name="FREQUENCY" value="3" />
  </node>
  <node id="MEDICARE">
    <attribute name="FREQUENCY" value="1" />
  </node>
  <node id="MEDICINE">
    <attribute name="FREQUENCY" value="1" />
  </node>
  <node id="MONDAY">
    <attribute name="FREQUENCY" value="1" />
  </node>
  <node id="MONTH">
    <attribute name="FREQUENCY" value="5" />
  </node>
  <node id="NATION">
    <attribute name="FREQUENCY" value="1" />
  </node>
  <node id="NATIONAL">
    <attribute name="FREQUENCY" value="1" />
  </node>
  <node id="NEUROLOGICAL">
    <attribute name="FREQUENCY" value="1" />
  </node>
  <node id="NEWS">
    <attribute name="FREQUENCY" value="4" />
  </node>
  <node id="NHO">
    <attribute name="FREQUENCY" value="1" />
  </node>
  <node id="NONETHELESS">
    <attribute name="FREQUENCY" value="1" />
  </node>
  <node id="ONESELF">
    <attribute name="FREQUENCY" value="1" />
  </node>
  <node id="ORGANIZATION">
    <attribute name="FREQUENCY" value="1" />
  </node>
  <node id="ORIGIN">
    <attribute name="FREQUENCY" value="1" />
  </node>
  <node id="ORIGINALLY">
    <attribute name="FREQUENCY" value="2" />
  </node>
  <node id="OUTSTRIPS">
    <attribute name="FREQUENCY" value="1" />
  </node>
  <node id="PATIENTS">
    <attribute name="FREQUENCY" value="16" />
  </node>
  <node id="PAWPAW">
    <attribute name="FREQUENCY" value="4" />
  </node>
  <node id="PERIOD">
    <attribute name="FREQUENCY" value="1" />
  </node>
  <node id="PHYSICAL">
    <attribute name="FREQUENCY" value="1" />
  </node>
  <node id="PM">
    <attribute name="FREQUENCY" value="1" />
  </node>
  <node id="PNEUMONIA">
    <attribute name="FREQUENCY" value="1" />
  </node>
  <node id="POINT">
    <attribute name="FREQUENCY" value="2" />
  </node>
  <node id="POLICIES">
    <attribute name="FREQUENCY" value="1" />
  </node>
  <node id="POLITIC">
    <attribute name="FREQUENCY" value="4" />
  </node>
  <node id="POPULATION">
    <attribute name="FREQUENCY" value="1" />
  </node>
  <node id="PREDICT">
    <attribute name="FREQUENCY" value="2" />
  </node>
  <node id="PREDICTABLE">
    <attribute name="FREQUENCY" value="1" />
  </node>
  <node id="PROBLEMS">
    <attribute name="FREQUENCY" value="2" />
  </node>
  <node id="PROGNOSIS">
    <attribute name="FREQUENCY" value="1" />
  </node>
  <node id="PROGRESS">
    <attribute name="FREQUENCY" value="1" />
  </node>
  <node id="PROGRESSIVE">
    <attribute name="FREQUENCY" value="1" />
  </node>
  <node id="PUBLISHED">
    <attribute name="FREQUENCY" value="1" />
  </node>
  <node id="PUBLISHING">
    <attribute name="FREQUENCY" value="1" />
  </node>
  <node id="PUT">
    <attribute name="FREQUENCY" value="1" />
  </node>
  <node id="QUESTIONS">
    <attribute name="FREQUENCY" value="2" />
  </node>
  <node id="RATE">
    <attribute name="FREQUENCY" value="1" />
  </node>
  <node id="REDUCE">
    <attribute name="FREQUENCY" value="4" />
  </node>
  <node id="REQUIRE">
    <attribute name="FREQUENCY" value="1" />
  </node>
  <node id="REQUIRED">
    <attribute name="FREQUENCY" value="1" />
  </node>
  <node id="RESEARCH">
    <attribute name="FREQUENCY" value="1" />
  </node>
  <node id="RESEARCHERS">
    <attribute name="FREQUENCY" value="7" />
  </node>
  <node id="RESOURCES">
    <attribute name="FREQUENCY" value="1" />
  </node>
  <node id="RETENTION">
    <attribute name="FREQUENCY" value="1" />
  </node>
  <node id="REUTERS">
    <attribute name="FREQUENCY" value="2" />
  </node>
  <node id="RULES">
    <attribute name="FREQUENCY" value="1" />
  </node>
  <node id="SCHOOL">
    <attribute name="FREQUENCY" value="1" />
  </node>
  <node id="SCOREBOARD">
    <attribute name="FREQUENCY" value="4" />
  </node>
  <node id="SEPTEMBER">
    <attribute name="FREQUENCY" value="1" />
  </node>
  <node id="SERVICE">
    <attribute name="FREQUENCY" value="1" />
  </node>
  <node id="SEVERELY">
    <attribute name="FREQUENCY" value="1" />
  </node>
  <node id="SOCIETY">
    <attribute name="FREQUENCY" value="2" />
  </node>
  <node id="SOLID">
    <attribute name="FREQUENCY" value="1" />
  </node>
  <node id="SOUGHT">
    <attribute name="FREQUENCY" value="1" />
  </node>
  <node id="SOURCE">
    <attribute name="FREQUENCY" value="1" />
  </node>
  <node id="SPOKEN">
    <attribute name="FREQUENCY" value="1" />
  </node>
  <node id="SPORT">
    <attribute name="FREQUENCY" value="4" />
  </node>
  <node id="STAFF">
    <attribute name="FREQUENCY" value="1" />
  </node>
  <node id="STAGE">
    <attribute name="FREQUENCY" value="1" />
  </node>
  <node id="STORIES">
    <attribute name="FREQUENCY" value="1" />
  </node>
  <node id="STORY">
    <attribute name="FREQUENCY" value="4" />
  </node>
  <node id="STUDIES">
    <attribute name="FREQUENCY" value="1" />
  </node>
  <node id="STUDY">
    <attribute name="FREQUENCY" value="1" />
  </node>
  <node id="SUFFERED">
    <attribute name="FREQUENCY" value="1" />
  </node>
  <node id="SUFFERING">
    <attribute name="FREQUENCY" value="1" />
  </node>
  <node id="SUPPORT">
    <attribute name="FREQUENCY" value="1" />
  </node>
  <node id="SURVIVAL">
    <attribute name="FREQUENCY" value="3" />
  </node>
  <node id="SURVIVED">
    <attribute name="FREQUENCY" value="1" />
  </node>
  <node id="SWALLOWING">
    <attribute name="FREQUENCY" value="1" />
  </node>
  <node id="SYMPTOM-BASED">
    <attribute name="FREQUENCY" value="1" />
  </node>
  <node id="TECH">
    <attribute name="FREQUENCY" value="4" />
  </node>
  <node id="TERMINAL">
    <attribute name="FREQUENCY" value="2" />
  </node>
  <node id="TERMS">
    <attribute name="FREQUENCY" value="1" />
  </node>
  <node id="TERRIBLE">
    <attribute name="FREQUENCY" value="1" />
  </node>
  <node id="TEXT">
    <attribute name="FREQUENCY" value="1" />
  </node>
  <node id="TIMES">
    <attribute name="FREQUENCY" value="1" />
  </node>
  <node id="TOTAL">
    <attribute name="FREQUENCY" value="1" />
  </node>
  <node id="TREATMENT">
    <attribute name="FREQUENCY" value="1" />
  </node>
  <node id="ULCERS">
    <attribute name="FREQUENCY" value="1" />
  </node>
  <node id="UNIVERSITY">
    <attribute name="FREQUENCY" value="2" />
  </node>
  <node id="UNMET">
    <attribute name="FREQUENCY" value="1" />
  </node>
  <node id="UNPREDICTABILITY">
    <attribute name="FREQUENCY" value="1" />
  </node>
  <node id="VAGUE">
    <attribute name="FREQUENCY" value="1" />
  </node>
  <node id="VOLICER">
    <attribute name="FREQUENCY" value="2" />
  </node>
  <node id="WALK">
    <attribute name="FREQUENCY" value="1" />
  </node>
  <node id="WOMEN">
    <attribute name="FREQUENCY" value="1" />
  </node>
  <node id="WRITE">
    <attribute name="FREQUENCY" value="2" />
  </node>
  <node id="YAHOO">
    <attribute name="FREQUENCY" value="4" />
  </node>
  <node id="YORK">
    <attribute name="FREQUENCY" value="1" />
  </node>
  <edge from="ACCURATE" to="SYMPTOM-BASED">
    <attribute name="TEXT" value="1" />
  </edge>
  <edge from="ADMISSION" to="GUIDELINES">
    <attribute name="TEXT" value="2" />
  </edge>
  <edge from="ADMISSION" to="POLICIES">
    <attribute name="TEXT" value="1" />
  </edge>
  <edge from="ADMISSION" to="RESEARCHERS">
    <attribute name="TEXT" value="1" />
  </edge>
  <edge from="ADMITTANCE" to="MEANING">
    <attribute name="TEXT" value="1" />
  </edge>
  <edge from="ALZHEIMER" to="DISEASE">
    <attribute name="TEXT" value="3" />
  </edge>
  <edge from="ALZHEIMER" to="PATIENTS">
    <attribute name="TEXT" value="3" />
    <attribute name="KEYWORDS" value="1" />
  </edge>
  <edge from="ALZHEIMER" to="PATIENTS">
    <attribute name="TEXT" value="3" />
    <attribute name="KEYWORDS" value="1" />
  </edge>
  <edge from="AMERICAN" to="GERIATRIC">
    <attribute name="TEXT" value="2" />
  </edge>
  <edge from="ASTHMA" to="HOSPITALIZATION">
    <attribute name="TEXT" value="4" />
    <attribute name="LINKS" value="4" />
  </edge>
  <edge from="ASTHMA" to="HOSPITALIZATION">
    <attribute name="TEXT" value="4" />
    <attribute name="LINKS" value="4" />
  </edge>
  <edge from="BASIC" to="ACTIVITIES">
    <attribute name="TEXT" value="1" />
  </edge>
  <edge from="BENEFIT" to="AIMED">
    <attribute name="TEXT" value="1" />
  </edge>
  <edge from="BLADDER" to="BOWEL">
    <attribute name="TEXT" value="1" />
  </edge>
  <edge from="BOSTON" to="UNIVERSITY">
    <attribute name="TEXT" value="1" />
  </edge>
  <edge from="BOWEL" to="FUNCTION">
    <attribute name="TEXT" value="1" />
  </edge>
  <edge from="BURDEN" to="IMPOSED">
    <attribute name="TEXT" value="1" />
  </edge>
  <edge from="CANCER" to="PATIENTS">
    <attribute name="TEXT" value="2" />
  </edge>
  <edge from="CARE" to="CUT">
    <attribute name="TEXT" value="1" />
  </edge>
  <edge from="CARE" to="REQUIRE">
    <attribute name="TEXT" value="1" />
  </edge>
  <edge from="CARE" to="RESOURCES">
    <attribute name="TEXT" value="1" />
  </edge>
  <edge from="CHICAGO" to="RESEARCH">
    <attribute name="TEXT" value="1" />
  </edge>
  <edge from="CHICAGO" to="RESEARCHERS">
    <attribute name="TEXT" value="4" />
  </edge>
  <edge from="COHERENT" to="SPOKEN">
    <attribute name="TEXT" value="1" />
  </edge>
  <edge from="COMMONLY" to="INCLUDED">
    <attribute name="TEXT" value="1" />
  </edge>
  <edge from="COMPOUND" to="FIGHT">
    <attribute name="TEXT" value="4" />
    <attribute name="LINKS" value="4" />
  </edge>
  <edge from="COMPOUND" to="FIGHT">
    <attribute name="TEXT" value="4" />
    <attribute name="LINKS" value="4" />
  </edge>
  <edge from="COVERING" to="HOSPICE">
    <attribute name="TEXT" value="1" />
  </edge>
  <edge from="CURRENT" to="HOSPICE">
    <attribute name="TEXT" value="1" />
  </edge>
  <edge from="CURRENT" to="LIMITATIONS">
    <attribute name="TEXT" value="1" />
  </edge>
  <edge from="DAILY" to="FUNCTION">
    <attribute name="TEXT" value="1" />
  </edge>
  <edge from="DEHYDRATION" to="MALNUTRITION">
    <attribute name="TEXT" value="1" />
  </edge>
  <edge from="DEMENTIA" to="PATIENTS">
    <attribute name="TEXT" value="3" />
  </edge>
  <edge from="DEMENTIA-BASED" to="ADMISSION">
    <attribute name="TEXT" value="1" />
  </edge>
  <edge from="DENY" to="DEMENTIA">
    <attribute name="TEXT" value="1" />
  </edge>
  <edge from="DIRECT" to="TERMINAL">
    <attribute name="TEXT" value="1" />
  </edge>
  <edge from="DISEASE" to="INVOLVES">
    <attribute name="TEXT" value="1" />
  </edge>
  <edge from="ELDERLY" to="INDIVIDUALS">
    <attribute name="TEXT" value="1" />
  </edge>
  <edge from="ESSENTIAL" to="FUNCTION">
    <attribute name="TEXT" value="1" />
  </edge>
  <edge from="EXPERTS" to="CONTEND">
    <attribute name="TEXT" value="1" />
  </edge>
  <edge from="FEED" to="ONESELF">
    <attribute name="TEXT" value="1" />
  </edge>
  <edge from="FEWER" to="HEALTH">
    <attribute name="TEXT" value="1" />
  </edge>
  <edge from="FIGHT" to="CANCER">
    <attribute name="TEXT" value="2" />
    <attribute name="LINKS" value="2" />
  </edge>
  <edge from="FIGHT" to="CANCER">
    <attribute name="TEXT" value="2" />
    <attribute name="LINKS" value="2" />
  </edge>
  <edge from="FINAL" to="STAGE">
    <attribute name="TEXT" value="1" />
  </edge>
  <edge from="FORTH" to="DEMENTIA-BASED">
    <attribute name="TEXT" value="1" />
  </edge>
  <edge from="FUNCTION" to="OUTSTRIPS">
    <attribute name="TEXT" value="1" />
  </edge>
  <edge from="FUNCTION" to="REQUIRED">
    <attribute name="TEXT" value="1" />
  </edge>
  <edge from="FUNCTIONAL" to="ABILITIES">
    <attribute name="TEXT" value="1" />
  </edge>
  <edge from="GERIATRIC" to="SOCIETY">
    <attribute name="TEXT" value="2" />
  </edge>
  <edge from="GUIDELINES" to="ORIGINALLY">
    <attribute name="TEXT" value="1" />
  </edge>
  <edge from="HEALTH" to="CARE">
    <attribute name="TEXT" value="1" />
  </edge>
  <edge from="HEALTH" to="STORIES">
    <attribute name="TEXT" value="1" />
  </edge>
  <edge from="HOSPICE" to="ADMISSION">
    <attribute name="TEXT" value="3" />
  </edge>
  <edge from="HOSPICE" to="CARE">
    <attribute name="TEXT" value="4" />
    <attribute name="KEYWORDS" value="1" />
  </edge>
  <edge from="HOSPICE" to="CARE">
    <attribute name="TEXT" value="4" />
    <attribute name="KEYWORDS" value="1" />
  </edge>
  <edge from="HOSPICE" to="NONETHELESS">
    <attribute name="TEXT" value="1" />
  </edge>
  <edge from="HOSPICE" to="ORGANIZATION">
    <attribute name="TEXT" value="1" />
  </edge>
  <edge from="HOSPICE" to="POPULATION">
    <attribute name="TEXT" value="1" />
  </edge>
  <edge from="HOSPICE" to="SERVICE">
    <attribute name="TEXT" value="1" />
  </edge>
  <edge from="HOSPICE" to="STAFF">
    <attribute name="TEXT" value="1" />
  </edge>
  <edge from="HOSPICE-ENTRY" to="GUIDELINES">
    <attribute name="TEXT" value="1" />
  </edge>
  <edge from="INAPPROPRIATE" to="DEPRIVING">
    <attribute name="TEXT" value="1" />
  </edge>
  <edge from="INCLUDED" to="AILMENTS">
    <attribute name="TEXT" value="1" />
  </edge>
  <edge from="LADISLAV" to="VOLICER">
    <attribute name="TEXT" value="1" />
  </edge>
  <edge from="LIFE" to="EXPECTANCY">
    <attribute name="TEXT" value="1" />
  </edge>
  <edge from="LIMITED" to="LIFE">
    <attribute name="TEXT" value="1" />
  </edge>
  <edge from="LONGER" to="PERIOD">
    <attribute name="TEXT" value="1" />
  </edge>
  <edge from="MEDIAN" to="SURVIVAL">
    <attribute name="TEXT" value="1" />
  </edge>
  <edge from="MEDICAL" to="COMPLICATIONS">
    <attribute name="TEXT" value="1" />
  </edge>
  <edge from="MEDICAL" to="PROGNOSIS">
    <attribute name="TEXT" value="1" />
  </edge>
  <edge from="MEDICAL" to="TREATMENT">
    <attribute name="TEXT" value="1" />
  </edge>
  <edge from="MEDICARE" to="BENEFIT">
    <attribute name="TEXT" value="1" />
  </edge>
  <edge from="MONDAY" to="SEPTEMBER">
    <attribute name="TEXT" value="1" />
  </edge>
  <edge from="MONTH" to="JOURNAL">
    <attribute name="TEXT" value="1" />
  </edge>
  <edge from="NATION" to="HOSPICE">
    <attribute name="TEXT" value="1" />
  </edge>
  <edge from="NATIONAL" to="HOSPICE">
    <attribute name="TEXT" value="1" />
  </edge>
  <edge from="NEUROLOGICAL" to="ORIGIN">
    <attribute name="TEXT" value="1" />
  </edge>
  <edge from="ONESELF" to="WALK">
    <attribute name="TEXT" value="1" />
  </edge>
  <edge from="ORIGINALLY" to="CREATED">
    <attribute name="TEXT" value="1" />
  </edge>
  <edge from="ORIGINALLY" to="MEANT">
    <attribute name="TEXT" value="1" />
  </edge>
  <edge from="PATIENTS" to="DISPLAYED">
    <attribute name="TEXT" value="1" />
  </edge>
  <edge from="PATIENTS" to="ELIGIBILITY">
    <attribute name="TEXT" value="1" />
  </edge>
  <edge from="PATIENTS" to="SURVIVAL">
    <attribute name="TEXT" value="1" />
  </edge>
  <edge from="PAWPAW" to="COMPOUND">
    <attribute name="TEXT" value="4" />
    <attribute name="LINKS" value="4" />
  </edge>
  <edge from="PAWPAW" to="COMPOUND">
    <attribute name="TEXT" value="4" />
    <attribute name="LINKS" value="4" />
  </edge>
  <edge from="PHYSICAL" to="DECLINE">
    <attribute name="TEXT" value="1" />
  </edge>
  <edge from="PM" to="EDT">
    <attribute name="TEXT" value="1" />
  </edge>
  <edge from="POPULATION" to="INDICATING">
    <attribute name="TEXT" value="1" />
  </edge>
  <edge from="PREDICT" to="PATIENTS">
    <attribute name="TEXT" value="1" />
  </edge>
  <edge from="PROGRESSIVE" to="DEMENTIA">
    <attribute name="TEXT" value="1" />
  </edge>
  <edge from="PUBLISHING" to="STUDY">
    <attribute name="TEXT" value="1" />
  </edge>
  <edge from="PUT" to="FORTH">
    <attribute name="TEXT" value="1" />
  </edge>
  <edge from="REDUCE" to="ASTHMA">
    <attribute name="TEXT" value="4" />
    <attribute name="LINKS" value="4" />
  </edge>
  <edge from="REDUCE" to="ASTHMA">
    <attribute name="TEXT" value="4" />
    <attribute name="LINKS" value="4" />
  </edge>
  <edge from="REQUIRE" to="MEDICAL">
    <attribute name="TEXT" value="1" />
  </edge>
  <edge from="REQUIRED" to="ASSISTANCE">
    <attribute name="TEXT" value="1" />
  </edge>
  <edge from="RESEARCH" to="PUBLISHED">
    <attribute name="TEXT" value="1" />
  </edge>
  <edge from="RESEARCHERS" to="ADMITTED">
    <attribute name="TEXT" value="1" />
  </edge>
  <edge from="RESEARCHERS" to="DISCOVERED">
    <attribute name="TEXT" value="1" />
  </edge>
  <edge from="RESEARCHERS" to="PUBLISHING">
    <attribute name="TEXT" value="1" />
  </edge>
  <edge from="RESEARCHERS" to="SOUGHT">
    <attribute name="TEXT" value="1" />
  </edge>
  <edge from="REUTERS" to="LIMITED">
    <attribute name="TEXT" value="1" />
  </edge>
  <edge from="SEVERELY" to="IMPAIRED">
    <attribute name="TEXT" value="1" />
  </edge>
  <edge from="SOCIETY" to="POINT">
    <attribute name="TEXT" value="1" />
  </edge>
  <edge from="SOLID" to="DATA">
    <attribute name="TEXT" value="1" />
  </edge>
  <edge from="SPOKEN" to="COMMUNICATIONS">
    <attribute name="TEXT" value="1" />
  </edge>
  <edge from="STAFF" to="INTERVIEWED">
    <attribute name="TEXT" value="1" />
  </edge>
  <edge from="STORIES" to="DEMENTIA">
    <attribute name="TEXT" value="1" />
  </edge>
  <edge from="SURVIVAL" to="TIMES">
    <attribute name="TEXT" value="1" />
  </edge>
  <edge from="SWALLOWING" to="DEHYDRATION">
    <attribute name="TEXT" value="1" />
  </edge>
  <edge from="SYMPTOM-BASED" to="MEANS">
    <attribute name="TEXT" value="1" />
  </edge>
  <edge from="TERMINAL" to="ALZHEIMER">
    <attribute name="TEXT" value="1" />
  </edge>
  <edge from="TERMINAL" to="CANCER">
    <attribute name="TEXT" value="1" />
  </edge>
  <edge from="TERRIBLE" to="BURDEN">
    <attribute name="TEXT" value="1" />
  </edge>
  <edge from="TEXT" to="HEADLINES">
    <attribute name="TEXT" value="1" />
  </edge>
  <edge from="ULCERS" to="PROBLEMS">
    <attribute name="TEXT" value="1" />
  </edge>
  <edge from="UNIVERSITY" to="SCHOOL">
    <attribute name="TEXT" value="1" />
  </edge>
  <edge from="VOLICER" to="POINT">
    <attribute name="TEXT" value="1" />
  </edge>
</graph>
