<graph>
  <node id="ACCOMPANYING">
    <attribute name="FREQUENCY" value="1" />
  </node>
  <node id="ADULTHOOD">
    <attribute name="FREQUENCY" value="1" />
  </node>
  <node id="ALLOWED">
    <attribute name="FREQUENCY" value="1" />
  </node>
  <node id="ANALYSIS">
    <attribute name="FREQUENCY" value="1" />
  </node>
  <node id="AVERAGE">
    <attribute name="FREQUENCY" value="1" />
  </node>
  <node id="BIRTH">
    <attribute name="FREQUENCY" value="2" />
  </node>
  <node id="BIRTHWEIGHT">
    <attribute name="FREQUENCY" value="1" />
  </node>
  <node id="BIZ">
    <attribute name="FREQUENCY" value="4" />
  </node>
  <node id="BMI">
    <attribute name="FREQUENCY" value="2" />
  </node>
  <node id="BODY">
    <attribute name="FREQUENCY" value="1" />
  </node>
  <node id="BORN">
    <attribute name="FREQUENCY" value="1" />
  </node>
  <node id="BRITISH">
    <attribute name="FREQUENCY" value="2" />
  </node>
  <node id="CANCER">
    <attribute name="FREQUENCY" value="8" />
  </node>
  <node id="CHD">
    <attribute name="FREQUENCY" value="4" />
  </node>
  <node id="CHRONICALLY">
    <attribute name="FREQUENCY" value="1" />
  </node>
  <node id="COLLEAGUES">
    <attribute name="FREQUENCY" value="1" />
  </node>
  <node id="COMMENTS">
    <attribute name="FREQUENCY" value="2" />
  </node>
  <node id="CONDUCTED">
    <attribute name="FREQUENCY" value="1" />
  </node>
  <node id="CONSISTENT">
    <attribute name="FREQUENCY" value="1" />
  </node>
  <node id="CONSTRAINTS">
    <attribute name="FREQUENCY" value="1" />
  </node>
  <node id="CONTINUE">
    <attribute name="FREQUENCY" value="1" />
  </node>
  <node id="CONTRIBUTE">
    <attribute name="FREQUENCY" value="1" />
  </node>
  <node id="CORONARY">
    <attribute name="FREQUENCY" value="4" />
  </node>
  <node id="DEATH">
    <attribute name="FREQUENCY" value="1" />
  </node>
  <node id="DECLINE">
    <attribute name="FREQUENCY" value="1" />
  </node>
  <node id="DEPRESSED">
    <attribute name="FREQUENCY" value="4" />
  </node>
  <node id="DETERMINE">
    <attribute name="FREQUENCY" value="1" />
  </node>
  <node id="DEVELOP">
    <attribute name="FREQUENCY" value="1" />
  </node>
  <node id="DIMINISH">
    <attribute name="FREQUENCY" value="1" />
  </node>
  <node id="DISEASE">
    <attribute name="FREQUENCY" value="6" />
  </node>
  <node id="EDT">
    <attribute name="FREQUENCY" value="1" />
  </node>
  <node id="EFFECT">
    <attribute name="FREQUENCY" value="2" />
  </node>
  <node id="ENTERTAIN">
    <attribute name="FREQUENCY" value="4" />
  </node>
  <node id="EPIDEMIC">
    <attribute name="FREQUENCY" value="1" />
  </node>
  <node id="EVIDENT">
    <attribute name="FREQUENCY" value="1" />
  </node>
  <node id="EXPLANATION">
    <attribute name="FREQUENCY" value="1" />
  </node>
  <node id="FACTORS">
    <attribute name="FREQUENCY" value="3" />
  </node>
  <node id="FAT">
    <attribute name="FREQUENCY" value="1" />
  </node>
  <node id="FATNESS">
    <attribute name="FREQUENCY" value="1" />
  </node>
  <node id="FIGHT">
    <attribute name="FREQUENCY" value="4" />
  </node>
  <node id="FINDINGS">
    <attribute name="FREQUENCY" value="1" />
  </node>
  <node id="FINLAND">
    <attribute name="FREQUENCY" value="2" />
  </node>
  <node id="FOLLOW-UP">
    <attribute name="FREQUENCY" value="1" />
  </node>
  <node id="FORSEN">
    <attribute name="FREQUENCY" value="1" />
  </node>
  <node id="FRIDAY">
    <attribute name="FREQUENCY" value="1" />
  </node>
  <node id="GAIN">
    <attribute name="FREQUENCY" value="1" />
  </node>
  <node id="GENERATION">
    <attribute name="FREQUENCY" value="1" />
  </node>
  <node id="GROWTH">
    <attribute name="FREQUENCY" value="1" />
  </node>
  <node id="HEADLINES">
    <attribute name="FREQUENCY" value="1" />
  </node>
  <node id="HEALTH">
    <attribute name="FREQUENCY" value="5" />
  </node>
  <node id="HEART">
    <attribute name="FREQUENCY" value="7" />
  </node>
  <node id="HEAVIER">
    <attribute name="FREQUENCY" value="1" />
  </node>
  <node id="HEIGHT">
    <attribute name="FREQUENCY" value="1" />
  </node>
  <node id="HELSINKI">
    <attribute name="FREQUENCY" value="3" />
  </node>
  <node id="HIGH">
    <attribute name="FREQUENCY" value="2" />
  </node>
  <node id="HIGHEST">
    <attribute name="FREQUENCY" value="1" />
  </node>
  <node id="HIGHLY">
    <attribute name="FREQUENCY" value="1" />
  </node>
  <node id="HTML">
    <attribute name="FREQUENCY" value="1" />
  </node>
  <node id="IMPROVE">
    <attribute name="FREQUENCY" value="1" />
  </node>
  <node id="IMPROVEMENT">
    <attribute name="FREQUENCY" value="1" />
  </node>
  <node id="INCREASE">
    <attribute name="FREQUENCY" value="2" />
  </node>
  <node id="INFLUENCE">
    <attribute name="FREQUENCY" value="1" />
  </node>
  <node id="INFO">
    <attribute name="FREQUENCY" value="2" />
  </node>
  <node id="INSTITUTE">
    <attribute name="FREQUENCY" value="1" />
  </node>
  <node id="INVESTIGATORS">
    <attribute name="FREQUENCY" value="2" />
  </node>
  <node id="JOURNAL">
    <attribute name="FREQUENCY" value="2" />
  </node>
  <node id="LARGE">
    <attribute name="FREQUENCY" value="1" />
  </node>
  <node id="LIMITED">
    <attribute name="FREQUENCY" value="1" />
  </node>
  <node id="LONGER">
    <attribute name="FREQUENCY" value="1" />
  </node>
  <node id="LOW">
    <attribute name="FREQUENCY" value="2" />
  </node>
  <node id="MALNOURISHED">
    <attribute name="FREQUENCY" value="1" />
  </node>
  <node id="MASS">
    <attribute name="FREQUENCY" value="1" />
  </node>
  <node id="MATERNAL">
    <attribute name="FREQUENCY" value="2" />
  </node>
  <node id="MEDICAL">
    <attribute name="FREQUENCY" value="2" />
  </node>
  <node id="MEN">
    <attribute name="FREQUENCY" value="2" />
  </node>
  <node id="MOTHER">
    <attribute name="FREQUENCY" value="1" />
  </node>
  <node id="NATIONAL">
    <attribute name="FREQUENCY" value="1" />
  </node>
  <node id="NEWS">
    <attribute name="FREQUENCY" value="4" />
  </node>
  <node id="NOTES">
    <attribute name="FREQUENCY" value="1" />
  </node>
  <node id="NUTRITION">
    <attribute name="FREQUENCY" value="1" />
  </node>
  <node id="NUTRITIONAL">
    <attribute name="FREQUENCY" value="1" />
  </node>
  <node id="OCTOBER">
    <attribute name="FREQUENCY" value="1" />
  </node>
  <node id="OFFSPRING">
    <attribute name="FREQUENCY" value="1" />
  </node>
  <node id="OLDEST">
    <attribute name="FREQUENCY" value="4" />
  </node>
  <node id="PLACENTAL">
    <attribute name="FREQUENCY" value="2" />
  </node>
  <node id="PM">
    <attribute name="FREQUENCY" value="1" />
  </node>
  <node id="POLITIC">
    <attribute name="FREQUENCY" value="4" />
  </node>
  <node id="PREGNANCY">
    <attribute name="FREQUENCY" value="3" />
  </node>
  <node id="PRIOR">
    <attribute name="FREQUENCY" value="1" />
  </node>
  <node id="PUBLIC">
    <attribute name="FREQUENCY" value="1" />
  </node>
  <node id="PUBLISHED">
    <attribute name="FREQUENCY" value="1" />
  </node>
  <node id="QUESTIONS">
    <attribute name="FREQUENCY" value="2" />
  </node>
  <node id="RATE">
    <attribute name="FREQUENCY" value="2" />
  </node>
  <node id="RECORD">
    <attribute name="FREQUENCY" value="1" />
  </node>
  <node id="REFLECT">
    <attribute name="FREQUENCY" value="1" />
  </node>
  <node id="REMAIN">
    <attribute name="FREQUENCY" value="1" />
  </node>
  <node id="REPORT">
    <attribute name="FREQUENCY" value="1" />
  </node>
  <node id="RESEARCHERS">
    <attribute name="FREQUENCY" value="2" />
  </node>
  <node id="RESTRICTED">
    <attribute name="FREQUENCY" value="1" />
  </node>
  <node id="RESULTS">
    <attribute name="FREQUENCY" value="1" />
  </node>
  <node id="REUTERS">
    <attribute name="FREQUENCY" value="2" />
  </node>
  <node id="RISK">
    <attribute name="FREQUENCY" value="3" />
  </node>
  <node id="SCENARIO">
    <attribute name="FREQUENCY" value="1" />
  </node>
  <node id="SCOREBOARD">
    <attribute name="FREQUENCY" value="4" />
  </node>
  <node id="SHORT">
    <attribute name="FREQUENCY" value="2" />
  </node>
  <node id="SOCIETIES">
    <attribute name="FREQUENCY" value="1" />
  </node>
  <node id="SOURCE">
    <attribute name="FREQUENCY" value="1" />
  </node>
  <node id="SPORT">
    <attribute name="FREQUENCY" value="4" />
  </node>
  <node id="STATURE">
    <attribute name="FREQUENCY" value="1" />
  </node>
  <node id="STEEP">
    <attribute name="FREQUENCY" value="1" />
  </node>
  <node id="STORIES">
    <attribute name="FREQUENCY" value="1" />
  </node>
  <node id="STORY">
    <attribute name="FREQUENCY" value="4" />
  </node>
  <node id="STUDIES">
    <attribute name="FREQUENCY" value="1" />
  </node>
  <node id="STUDY">
    <attribute name="FREQUENCY" value="2" />
  </node>
  <node id="TALLER">
    <attribute name="FREQUENCY" value="1" />
  </node>
  <node id="TEAM">
    <attribute name="FREQUENCY" value="1" />
  </node>
  <node id="TECH">
    <attribute name="FREQUENCY" value="4" />
  </node>
  <node id="TEXT">
    <attribute name="FREQUENCY" value="1" />
  </node>
  <node id="THIN">
    <attribute name="FREQUENCY" value="3" />
  </node>
  <node id="TIED">
    <attribute name="FREQUENCY" value="2" />
  </node>
  <node id="TODAY">
    <attribute name="FREQUENCY" value="1" />
  </node>
  <node id="UTERO">
    <attribute name="FREQUENCY" value="1" />
  </node>
  <node id="WEIGHT">
    <attribute name="FREQUENCY" value="1" />
  </node>
  <node id="WESTERNISATION">
    <attribute name="FREQUENCY" value="1" />
  </node>
  <node id="WESTPORT">
    <attribute name="FREQUENCY" value="1" />
  </node>
  <node id="WHETHER">
    <attribute name="FREQUENCY" value="1" />
  </node>
  <node id="WOMEN">
    <attribute name="FREQUENCY" value="4" />
  </node>
  <node id="WRITE">
    <attribute name="FREQUENCY" value="2" />
  </node>
  <node id="YAHOO">
    <attribute name="FREQUENCY" value="4" />
  </node>
  <edge from="ACCOMPANYING" to="WESTERNISATION">
    <attribute name="TEXT" value="1" />
  </edge>
  <edge from="AVERAGE" to="HEIGHT">
    <attribute name="TEXT" value="1" />
  </edge>
  <edge from="BIRTH" to="RECORD">
    <attribute name="TEXT" value="1" />
  </edge>
  <edge from="BODY" to="MASS">
    <attribute name="TEXT" value="1" />
  </edge>
  <edge from="BRITISH" to="MEDICAL">
    <attribute name="TEXT" value="2" />
  </edge>
  <edge from="CHD" to="RISK">
    <attribute name="TEXT" value="1" />
  </edge>
  <edge from="CHRONICALLY" to="MALNOURISHED">
    <attribute name="TEXT" value="1" />
  </edge>
  <edge from="CONDUCTED" to="FOLLOW-UP">
    <attribute name="TEXT" value="1" />
  </edge>
  <edge from="CONTINUE" to="NUTRITIONAL">
    <attribute name="TEXT" value="1" />
  </edge>
  <edge from="CORONARY" to="HEART">
    <attribute name="TEXT" value="4" />
  </edge>
  <edge from="DEATH" to="RATE">
    <attribute name="TEXT" value="1" />
  </edge>
  <edge from="DETERMINE" to="WHETHER">
    <attribute name="TEXT" value="1" />
  </edge>
  <edge from="DEVELOP" to="SOCIETIES">
    <attribute name="TEXT" value="1" />
  </edge>
  <edge from="FACTORS" to="TIED">
    <attribute name="TEXT" value="1" />
    <attribute name="KEYWORDS" value="1" />
  </edge>
  <edge from="FACTORS" to="TIED">
    <attribute name="TEXT" value="1" />
    <attribute name="KEYWORDS" value="1" />
  </edge>
  <edge from="FIGHT" to="CANCER">
    <attribute name="TEXT" value="2" />
    <attribute name="LINKS" value="2" />
  </edge>
  <edge from="FIGHT" to="CANCER">
    <attribute name="TEXT" value="2" />
    <attribute name="LINKS" value="2" />
  </edge>
  <edge from="FINDINGS" to="REFLECT">
    <attribute name="TEXT" value="1" />
  </edge>
  <edge from="FOLLOW-UP" to="STUDY">
    <attribute name="TEXT" value="1" />
  </edge>
  <edge from="FRIDAY" to="OCTOBER">
    <attribute name="TEXT" value="1" />
  </edge>
  <edge from="GAIN" to="FAT">
    <attribute name="TEXT" value="1" />
  </edge>
  <edge from="GROWTH" to="DIMINISH">
    <attribute name="TEXT" value="1" />
  </edge>
  <edge from="HEALTH" to="INSTITUTE">
    <attribute name="TEXT" value="1" />
  </edge>
  <edge from="HEALTH" to="STORIES">
    <attribute name="TEXT" value="1" />
  </edge>
  <edge from="HEART" to="DISEASE">
    <attribute name="TEXT" value="5" />
    <attribute name="KEYWORDS" value="1" />
  </edge>
  <edge from="HEART" to="DISEASE">
    <attribute name="TEXT" value="5" />
    <attribute name="KEYWORDS" value="1" />
  </edge>
  <edge from="HEAVIER" to="CONSTRAINTS">
    <attribute name="TEXT" value="1" />
  </edge>
  <edge from="HELSINKI" to="FINLAND">
    <attribute name="TEXT" value="1" />
  </edge>
  <edge from="HIGH" to="BODY">
    <attribute name="TEXT" value="1" />
  </edge>
  <edge from="HIGH" to="RATE">
    <attribute name="TEXT" value="1" />
  </edge>
  <edge from="IMPROVE" to="WOMEN">
    <attribute name="TEXT" value="1" />
  </edge>
  <edge from="IMPROVEMENT" to="WOMEN">
    <attribute name="TEXT" value="1" />
  </edge>
  <edge from="INFLUENCE" to="CONTRIBUTE">
    <attribute name="TEXT" value="1" />
  </edge>
  <edge from="LONGER" to="INCREASE">
    <attribute name="TEXT" value="1" />
  </edge>
  <edge from="LOW" to="BIRTHWEIGHT">
    <attribute name="TEXT" value="1" />
  </edge>
  <edge from="LOW" to="PLACENTAL">
    <attribute name="TEXT" value="1" />
  </edge>
  <edge from="MATERNAL" to="BMI">
    <attribute name="TEXT" value="1" />
  </edge>
  <edge from="MATERNAL" to="FATNESS">
    <attribute name="TEXT" value="1" />
  </edge>
  <edge from="MEDICAL" to="JOURNAL">
    <attribute name="TEXT" value="2" />
  </edge>
  <edge from="MEN" to="BORN">
    <attribute name="TEXT" value="1" />
  </edge>
  <edge from="NATIONAL" to="PUBLIC">
    <attribute name="TEXT" value="1" />
  </edge>
  <edge from="NUTRITION" to="IMPROVE">
    <attribute name="TEXT" value="1" />
  </edge>
  <edge from="NUTRITIONAL" to="IMPROVEMENT">
    <attribute name="TEXT" value="1" />
  </edge>
  <edge from="PLACENTAL" to="GROWTH">
    <attribute name="TEXT" value="1" />
  </edge>
  <edge from="PLACENTAL" to="WEIGHT">
    <attribute name="TEXT" value="1" />
  </edge>
  <edge from="PM" to="EDT">
    <attribute name="TEXT" value="1" />
  </edge>
  <edge from="PREGNANCY" to="FACTORS">
    <attribute name="TEXT" value="1" />
    <attribute name="KEYWORDS" value="1" />
  </edge>
  <edge from="PREGNANCY" to="FACTORS">
    <attribute name="TEXT" value="1" />
    <attribute name="KEYWORDS" value="1" />
  </edge>
  <edge from="PRIOR" to="STUDIES">
    <attribute name="TEXT" value="1" />
  </edge>
  <edge from="PUBLIC" to="HEALTH">
    <attribute name="TEXT" value="1" />
  </edge>
  <edge from="PUBLISHED" to="TODAY">
    <attribute name="TEXT" value="1" />
  </edge>
  <edge from="RECORD" to="ALLOWED">
    <attribute name="TEXT" value="1" />
  </edge>
  <edge from="REMAIN" to="SHORT">
    <attribute name="TEXT" value="1" />
  </edge>
  <edge from="REUTERS" to="LIMITED">
    <attribute name="TEXT" value="1" />
  </edge>
  <edge from="RISK" to="FACTORS">
    <attribute name="TEXT" value="1" />
  </edge>
  <edge from="SCENARIO" to="EVIDENT">
    <attribute name="TEXT" value="1" />
  </edge>
  <edge from="STEEP" to="INCREASE">
    <attribute name="TEXT" value="1" />
  </edge>
  <edge from="STORIES" to="HEART">
    <attribute name="TEXT" value="1" />
  </edge>
  <edge from="STUDY" to="PUBLISHED">
    <attribute name="TEXT" value="1" />
  </edge>
  <edge from="TEAM" to="REPORT">
    <attribute name="TEXT" value="1" />
  </edge>
  <edge from="TEXT" to="HEADLINES">
    <attribute name="TEXT" value="1" />
  </edge>
  <edge from="UTERO" to="INFLUENCE">
    <attribute name="TEXT" value="1" />
  </edge>
  <edge from="WOMEN" to="GAIN">
    <attribute name="TEXT" value="1" />
  </edge>
</graph>
