<graph>
  <node id="ADULTS">
    <attribute name="FREQUENCY" value="1" />
  </node>
  <node id="AGE">
    <attribute name="FREQUENCY" value="4" />
  </node>
  <node id="AGRICULTURE">
    <attribute name="FREQUENCY" value="1" />
  </node>
  <node id="AUTHOR">
    <attribute name="FREQUENCY" value="1" />
  </node>
  <node id="BEGAN">
    <attribute name="FREQUENCY" value="1" />
  </node>
  <node id="BESS">
    <attribute name="FREQUENCY" value="1" />
  </node>
  <node id="BETHESDA">
    <attribute name="FREQUENCY" value="1" />
  </node>
  <node id="BIZ">
    <attribute name="FREQUENCY" value="4" />
  </node>
  <node id="BONE">
    <attribute name="FREQUENCY" value="14" />
  </node>
  <node id="BONE-THINNING">
    <attribute name="FREQUENCY" value="2" />
  </node>
  <node id="BOSTON">
    <attribute name="FREQUENCY" value="1" />
  </node>
  <node id="BROKEN">
    <attribute name="FREQUENCY" value="1" />
  </node>
  <node id="CALCIUM">
    <attribute name="FREQUENCY" value="16" />
  </node>
  <node id="CANCER">
    <attribute name="FREQUENCY" value="4" />
  </node>
  <node id="CENTER">
    <attribute name="FREQUENCY" value="1" />
  </node>
  <node id="CERVICAL">
    <attribute name="FREQUENCY" value="4" />
  </node>
  <node id="CLOSER">
    <attribute name="FREQUENCY" value="1" />
  </node>
  <node id="CLOTS">
    <attribute name="FREQUENCY" value="4" />
  </node>
  <node id="COMMENTS">
    <attribute name="FREQUENCY" value="2" />
  </node>
  <node id="COMMUNITY">
    <attribute name="FREQUENCY" value="1" />
  </node>
  <node id="COMPARED">
    <attribute name="FREQUENCY" value="3" />
  </node>
  <node id="CONCLUDED">
    <attribute name="FREQUENCY" value="1" />
  </node>
  <node id="CONCLUSION">
    <attribute name="FREQUENCY" value="1" />
  </node>
  <node id="CONSIDERABLE">
    <attribute name="FREQUENCY" value="1" />
  </node>
  <node id="CONSIDERED">
    <attribute name="FREQUENCY" value="1" />
  </node>
  <node id="CONSUME">
    <attribute name="FREQUENCY" value="1" />
  </node>
  <node id="DAILY">
    <attribute name="FREQUENCY" value="1" />
  </node>
  <node id="DAIRY">
    <attribute name="FREQUENCY" value="1" />
  </node>
  <node id="DAWSON-HUGHES">
    <attribute name="FREQUENCY" value="2" />
  </node>
  <node id="DAY">
    <attribute name="FREQUENCY" value="4" />
  </node>
  <node id="DEATH">
    <attribute name="FREQUENCY" value="1" />
  </node>
  <node id="DENSITY">
    <attribute name="FREQUENCY" value="2" />
  </node>
  <node id="DEPARTMENT">
    <attribute name="FREQUENCY" value="1" />
  </node>
  <node id="DIET">
    <attribute name="FREQUENCY" value="2" />
  </node>
  <node id="DIRECTOR">
    <attribute name="FREQUENCY" value="1" />
  </node>
  <node id="DISABILITY">
    <attribute name="FREQUENCY" value="1" />
  </node>
  <node id="DISEASE">
    <attribute name="FREQUENCY" value="1" />
  </node>
  <node id="EDT">
    <attribute name="FREQUENCY" value="1" />
  </node>
  <node id="ENGLAND">
    <attribute name="FREQUENCY" value="2" />
  </node>
  <node id="ENTERTAIN">
    <attribute name="FREQUENCY" value="4" />
  </node>
  <node id="EXPERIENCE">
    <attribute name="FREQUENCY" value="1" />
  </node>
  <node id="EXPOSURE">
    <attribute name="FREQUENCY" value="1" />
  </node>
  <node id="FEWER">
    <attribute name="FREQUENCY" value="1" />
  </node>
  <node id="FOOD">
    <attribute name="FREQUENCY" value="2" />
  </node>
  <node id="FORM">
    <attribute name="FREQUENCY" value="4" />
  </node>
  <node id="FRACTURE">
    <attribute name="FREQUENCY" value="4" />
  </node>
  <node id="GAIN">
    <attribute name="FREQUENCY" value="1" />
  </node>
  <node id="GAINED">
    <attribute name="FREQUENCY" value="1" />
  </node>
  <node id="GREEN">
    <attribute name="FREQUENCY" value="1" />
  </node>
  <node id="HALF">
    <attribute name="FREQUENCY" value="1" />
  </node>
  <node id="HEADLINES">
    <attribute name="FREQUENCY" value="1" />
  </node>
  <node id="HEALTH">
    <attribute name="FREQUENCY" value="4" />
  </node>
  <node id="HEPARIN">
    <attribute name="FREQUENCY" value="4" />
  </node>
  <node id="HPV">
    <attribute name="FREQUENCY" value="4" />
  </node>
  <node id="HTML">
    <attribute name="FREQUENCY" value="1" />
  </node>
  <node id="HUMAN">
    <attribute name="FREQUENCY" value="1" />
  </node>
  <node id="IMPACT">
    <attribute name="FREQUENCY" value="1" />
  </node>
  <node id="IMPORTANT">
    <attribute name="FREQUENCY" value="1" />
  </node>
  <node id="INACTIVE">
    <attribute name="FREQUENCY" value="1" />
  </node>
  <node id="INCREASE">
    <attribute name="FREQUENCY" value="2" />
  </node>
  <node id="INFO">
    <attribute name="FREQUENCY" value="2" />
  </node>
  <node id="INSTANCE">
    <attribute name="FREQUENCY" value="1" />
  </node>
  <node id="INSTITUTE">
    <attribute name="FREQUENCY" value="1" />
  </node>
  <node id="INTAKE">
    <attribute name="FREQUENCY" value="4" />
  </node>
  <node id="INTERNATIONAL">
    <attribute name="FREQUENCY" value="1" />
  </node>
  <node id="IU">
    <attribute name="FREQUENCY" value="1" />
  </node>
  <node id="JEAN">
    <attribute name="FREQUENCY" value="1" />
  </node>
  <node id="JOURNAL">
    <attribute name="FREQUENCY" value="2" />
  </node>
  <node id="LEAD">
    <attribute name="FREQUENCY" value="2" />
  </node>
  <node id="LEAFY">
    <attribute name="FREQUENCY" value="1" />
  </node>
  <node id="LEGUMES">
    <attribute name="FREQUENCY" value="1" />
  </node>
  <node id="LIFELONG">
    <attribute name="FREQUENCY" value="1" />
  </node>
  <node id="LIMITED">
    <attribute name="FREQUENCY" value="1" />
  </node>
  <node id="LIVE">
    <attribute name="FREQUENCY" value="2" />
  </node>
  <node id="LONGER">
    <attribute name="FREQUENCY" value="1" />
  </node>
  <node id="LOS">
    <attribute name="FREQUENCY" value="7" />
  </node>
  <node id="LOST">
    <attribute name="FREQUENCY" value="1" />
  </node>
  <node id="LOWER">
    <attribute name="FREQUENCY" value="1" />
  </node>
  <node id="MARYLAND">
    <attribute name="FREQUENCY" value="1" />
  </node>
  <node id="MAYER">
    <attribute name="FREQUENCY" value="1" />
  </node>
  <node id="MEASURED">
    <attribute name="FREQUENCY" value="1" />
  </node>
  <node id="MEDICATION">
    <attribute name="FREQUENCY" value="1" />
  </node>
  <node id="MEDICINE">
    <attribute name="FREQUENCY" value="2" />
  </node>
  <node id="MEN">
    <attribute name="FREQUENCY" value="9" />
  </node>
  <node id="MG">
    <attribute name="FREQUENCY" value="4" />
  </node>
  <node id="MILLIGRAMS">
    <attribute name="FREQUENCY" value="1" />
  </node>
  <node id="MINERAL">
    <attribute name="FREQUENCY" value="3" />
  </node>
  <node id="MODERATE">
    <attribute name="FREQUENCY" value="2" />
  </node>
  <node id="MONTH">
    <attribute name="FREQUENCY" value="2" />
  </node>
  <node id="NATIONAL">
    <attribute name="FREQUENCY" value="1" />
  </node>
  <node id="NEWS">
    <attribute name="FREQUENCY" value="4" />
  </node>
  <node id="NONVERTEBRAL">
    <attribute name="FREQUENCY" value="1" />
  </node>
  <node id="NUTRIENTS">
    <attribute name="FREQUENCY" value="1" />
  </node>
  <node id="NUTRITION">
    <attribute name="FREQUENCY" value="1" />
  </node>
  <node id="OLDER">
    <attribute name="FREQUENCY" value="4" />
  </node>
  <node id="OSTEOPOROSIS">
    <attribute name="FREQUENCY" value="3" />
  </node>
  <node id="PAIN">
    <attribute name="FREQUENCY" value="1" />
  </node>
  <node id="PART">
    <attribute name="FREQUENCY" value="1" />
  </node>
  <node id="PARTICIPANTS">
    <attribute name="FREQUENCY" value="1" />
  </node>
  <node id="PARTICIPATED">
    <attribute name="FREQUENCY" value="1" />
  </node>
  <node id="PEOPLE">
    <attribute name="FREQUENCY" value="3" />
  </node>
  <node id="PLACEBO">
    <attribute name="FREQUENCY" value="4" />
  </node>
  <node id="PM">
    <attribute name="FREQUENCY" value="1" />
  </node>
  <node id="POLITIC">
    <attribute name="FREQUENCY" value="4" />
  </node>
  <node id="PREVENT">
    <attribute name="FREQUENCY" value="1" />
  </node>
  <node id="PROBLEMS">
    <attribute name="FREQUENCY" value="1" />
  </node>
  <node id="PRODUCTS">
    <attribute name="FREQUENCY" value="1" />
  </node>
  <node id="QUESTIONS">
    <attribute name="FREQUENCY" value="2" />
  </node>
  <node id="RECENTLY">
    <attribute name="FREQUENCY" value="1" />
  </node>
  <node id="RECOMMENDATIONS">
    <attribute name="FREQUENCY" value="1" />
  </node>
  <node id="RECOMMENDED">
    <attribute name="FREQUENCY" value="2" />
  </node>
  <node id="REDUCE">
    <attribute name="FREQUENCY" value="1" />
  </node>
  <node id="REDUCTION">
    <attribute name="FREQUENCY" value="2" />
  </node>
  <node id="RELEASED">
    <attribute name="FREQUENCY" value="1" />
  </node>
  <node id="REPLACE">
    <attribute name="FREQUENCY" value="1" />
  </node>
  <node id="REPORT">
    <attribute name="FREQUENCY" value="1" />
  </node>
  <node id="RESEARCH">
    <attribute name="FREQUENCY" value="3" />
  </node>
  <node id="RESEARCHERS">
    <attribute name="FREQUENCY" value="1" />
  </node>
  <node id="REUTERS">
    <attribute name="FREQUENCY" value="2" />
  </node>
  <node id="RISK">
    <attribute name="FREQUENCY" value="3" />
  </node>
  <node id="ROUGHLY">
    <attribute name="FREQUENCY" value="1" />
  </node>
  <node id="SCOREBOARD">
    <attribute name="FREQUENCY" value="4" />
  </node>
  <node id="SEPTEMBER">
    <attribute name="FREQUENCY" value="1" />
  </node>
  <node id="SEX">
    <attribute name="FREQUENCY" value="1" />
  </node>
  <node id="SHERMAN">
    <attribute name="FREQUENCY" value="2" />
  </node>
  <node id="SHERRY">
    <attribute name="FREQUENCY" value="1" />
  </node>
  <node id="SLOW">
    <attribute name="FREQUENCY" value="2" />
  </node>
  <node id="SOMETIMES">
    <attribute name="FREQUENCY" value="1" />
  </node>
  <node id="SOURCE">
    <attribute name="FREQUENCY" value="1" />
  </node>
  <node id="SPORT">
    <attribute name="FREQUENCY" value="4" />
  </node>
  <node id="STORIES">
    <attribute name="FREQUENCY" value="1" />
  </node>
  <node id="STORY">
    <attribute name="FREQUENCY" value="4" />
  </node>
  <node id="STRATEGY">
    <attribute name="FREQUENCY" value="1" />
  </node>
  <node id="STUDY">
    <attribute name="FREQUENCY" value="9" />
  </node>
  <node id="SUBSTANTIALLY">
    <attribute name="FREQUENCY" value="1" />
  </node>
  <node id="SUFFERED">
    <attribute name="FREQUENCY" value="1" />
  </node>
  <node id="SUFFERING">
    <attribute name="FREQUENCY" value="1" />
  </node>
  <node id="SUGGESTS">
    <attribute name="FREQUENCY" value="1" />
  </node>
  <node id="SUN">
    <attribute name="FREQUENCY" value="1" />
  </node>
  <node id="SUPPLEMENTAL">
    <attribute name="FREQUENCY" value="2" />
  </node>
  <node id="SUPPLEMENTATION">
    <attribute name="FREQUENCY" value="1" />
  </node>
  <node id="SUPPLEMENTS">
    <attribute name="FREQUENCY" value="4" />
  </node>
  <node id="TAKING">
    <attribute name="FREQUENCY" value="9" />
  </node>
  <node id="TAMKINS">
    <attribute name="FREQUENCY" value="1" />
  </node>
  <node id="TECH">
    <attribute name="FREQUENCY" value="4" />
  </node>
  <node id="TEXT">
    <attribute name="FREQUENCY" value="1" />
  </node>
  <node id="THERESA">
    <attribute name="FREQUENCY" value="1" />
  </node>
  <node id="THIGH">
    <attribute name="FREQUENCY" value="1" />
  </node>
  <node id="THREE-YEAR">
    <attribute name="FREQUENCY" value="1" />
  </node>
  <node id="TREAT">
    <attribute name="FREQUENCY" value="4" />
  </node>
  <node id="TUFTS">
    <attribute name="FREQUENCY" value="1" />
  </node>
  <node id="UNIT">
    <attribute name="FREQUENCY" value="1" />
  </node>
  <node id="UNIVERSITY">
    <attribute name="FREQUENCY" value="1" />
  </node>
  <node id="UPPER">
    <attribute name="FREQUENCY" value="1" />
  </node>
  <node id="VEGETABLES">
    <attribute name="FREQUENCY" value="1" />
  </node>
  <node id="VITAMIN">
    <attribute name="FREQUENCY" value="9" />
  </node>
  <node id="WEDNESDAY">
    <attribute name="FREQUENCY" value="1" />
  </node>
  <node id="WOMAN">
    <attribute name="FREQUENCY" value="1" />
  </node>
  <node id="WOMEN">
    <attribute name="FREQUENCY" value="6" />
  </node>
  <node id="WRITE">
    <attribute name="FREQUENCY" value="2" />
  </node>
  <node id="YAHOO">
    <attribute name="FREQUENCY" value="4" />
  </node>
  <node id="YEAR">
    <attribute name="FREQUENCY" value="1" />
  </node>
  <node id="YORK">
    <attribute name="FREQUENCY" value="1" />
  </node>
  <edge from="AGRICULTURE" to="HUMAN">
    <attribute name="TEXT" value="1" />
  </edge>
  <edge from="BEGAN" to="CONSUME">
    <attribute name="TEXT" value="1" />
  </edge>
  <edge from="BESS" to="DAWSON-HUGHES">
    <attribute name="TEXT" value="1" />
  </edge>
  <edge from="BETHESDA" to="MARYLAND">
    <attribute name="TEXT" value="1" />
  </edge>
  <edge from="BONE" to="DENSITY">
    <attribute name="TEXT" value="2" />
  </edge>
  <edge from="BONE" to="FRACTURE">
    <attribute name="TEXT" value="2" />
  </edge>
  <edge from="BONE" to="LOS">
    <attribute name="TEXT" value="8" />
    <attribute name="KEYWORDS" value="2" />
  </edge>
  <edge from="BONE" to="LOS">
    <attribute name="TEXT" value="8" />
    <attribute name="KEYWORDS" value="2" />
  </edge>
  <edge from="BONE" to="MINERAL">
    <attribute name="TEXT" value="3" />
  </edge>
  <edge from="BONE-THINNING" to="DISEASE">
    <attribute name="TEXT" value="1" />
  </edge>
  <edge from="BROKEN" to="BONE">
    <attribute name="TEXT" value="1" />
  </edge>
  <edge from="CALCIUM" to="DAILY">
    <attribute name="TEXT" value="1" />
  </edge>
  <edge from="CALCIUM" to="DAY">
    <attribute name="TEXT" value="2" />
  </edge>
  <edge from="CALCIUM" to="SUPPLEMENTS">
    <attribute name="TEXT" value="1" />
  </edge>
  <edge from="CALCIUM" to="VITAMIN">
    <attribute name="TEXT" value="1" />
  </edge>
  <edge from="CERVICAL" to="CANCER">
    <attribute name="TEXT" value="2" />
    <attribute name="LINKS" value="2" />
  </edge>
  <edge from="CERVICAL" to="CANCER">
    <attribute name="TEXT" value="2" />
    <attribute name="LINKS" value="2" />
  </edge>
  <edge from="CONCLUDED" to="LEAD">
    <attribute name="TEXT" value="1" />
  </edge>
  <edge from="CONCLUSION" to="CALCIUM">
    <attribute name="TEXT" value="1" />
  </edge>
  <edge from="CONSIDERABLE" to="BONE">
    <attribute name="TEXT" value="1" />
  </edge>
  <edge from="DAILY" to="INTAKE">
    <attribute name="TEXT" value="1" />
  </edge>
  <edge from="DAIRY" to="PRODUCTS">
    <attribute name="TEXT" value="1" />
  </edge>
  <edge from="DENSITY" to="MEASURED">
    <attribute name="TEXT" value="1" />
  </edge>
  <edge from="DISEASE" to="OSTEOPOROSIS">
    <attribute name="TEXT" value="1" />
  </edge>
  <edge from="ENGLAND" to="JOURNAL">
    <attribute name="TEXT" value="2" />
  </edge>
  <edge from="EXPERIENCE" to="CONSIDERABLE">
    <attribute name="TEXT" value="1" />
  </edge>
  <edge from="FEWER" to="BONE">
    <attribute name="TEXT" value="1" />
  </edge>
  <edge from="GAINED" to="ROUGHLY">
    <attribute name="TEXT" value="1" />
  </edge>
  <edge from="GREEN" to="VEGETABLES">
    <attribute name="TEXT" value="1" />
  </edge>
  <edge from="HEALTH" to="STORIES">
    <attribute name="TEXT" value="1" />
  </edge>
  <edge from="HEPARIN" to="TREAT">
    <attribute name="TEXT" value="4" />
    <attribute name="LINKS" value="4" />
  </edge>
  <edge from="HEPARIN" to="TREAT">
    <attribute name="TEXT" value="4" />
    <attribute name="LINKS" value="4" />
  </edge>
  <edge from="HUMAN" to="NUTRITION">
    <attribute name="TEXT" value="1" />
  </edge>
  <edge from="IMPORTANT" to="LIFELONG">
    <attribute name="TEXT" value="1" />
  </edge>
  <edge from="INACTIVE" to="MEDICATION">
    <attribute name="TEXT" value="1" />
  </edge>
  <edge from="INTERNATIONAL" to="UNIT">
    <attribute name="TEXT" value="1" />
  </edge>
  <edge from="JEAN" to="MAYER">
    <attribute name="TEXT" value="1" />
  </edge>
  <edge from="LEAD" to="STUDY">
    <attribute name="TEXT" value="1" />
  </edge>
  <edge from="LEAFY" to="GREEN">
    <attribute name="TEXT" value="1" />
  </edge>
  <edge from="LIFELONG" to="STRATEGY">
    <attribute name="TEXT" value="1" />
  </edge>
  <edge from="LIVE" to="LONGER">
    <attribute name="TEXT" value="1" />
  </edge>
  <edge from="MEN" to="TAKING">
    <attribute name="TEXT" value="1" />
  </edge>
  <edge from="MINERAL" to="LOS">
    <attribute name="TEXT" value="2" />
  </edge>
  <edge from="MODERATE" to="REDUCTION">
    <attribute name="TEXT" value="2" />
  </edge>
  <edge from="MONTH" to="REPLACE">
    <attribute name="TEXT" value="1" />
  </edge>
  <edge from="NATIONAL" to="INSTITUTE">
    <attribute name="TEXT" value="1" />
  </edge>
  <edge from="NONVERTEBRAL" to="FRACTURE">
    <attribute name="TEXT" value="1" />
  </edge>
  <edge from="NUTRITION" to="RESEARCH">
    <attribute name="TEXT" value="1" />
  </edge>
  <edge from="OLDER" to="MEN">
    <attribute name="TEXT" value="1" />
  </edge>
  <edge from="OLDER" to="PEOPLE">
    <attribute name="TEXT" value="2" />
  </edge>
  <edge from="OSTEOPOROSIS" to="INCREASE">
    <attribute name="TEXT" value="1" />
  </edge>
  <edge from="OSTEOPOROSIS" to="RESEARCH">
    <attribute name="TEXT" value="1" />
  </edge>
  <edge from="PAIN" to="DISABILITY">
    <attribute name="TEXT" value="1" />
  </edge>
  <edge from="PEOPLE" to="LIVE">
    <attribute name="TEXT" value="1" />
  </edge>
  <edge from="PLACEBO" to="LOST">
    <attribute name="TEXT" value="1" />
  </edge>
  <edge from="PLACEBO" to="SUFFERED">
    <attribute name="TEXT" value="1" />
  </edge>
  <edge from="PM" to="EDT">
    <attribute name="TEXT" value="1" />
  </edge>
  <edge from="PREVENT" to="BONE">
    <attribute name="TEXT" value="1" />
  </edge>
  <edge from="PRODUCTS" to="LEAFY">
    <attribute name="TEXT" value="1" />
  </edge>
  <edge from="RECENTLY" to="OSTEOPOROSIS">
    <attribute name="TEXT" value="1" />
  </edge>
  <edge from="RECOMMENDATIONS" to="RELEASED">
    <attribute name="TEXT" value="1" />
  </edge>
  <edge from="RECOMMENDED" to="CALCIUM">
    <attribute name="TEXT" value="1" />
  </edge>
  <edge from="RECOMMENDED" to="INTAKE">
    <attribute name="TEXT" value="1" />
  </edge>
  <edge from="RESEARCH" to="CENTER">
    <attribute name="TEXT" value="1" />
  </edge>
  <edge from="REUTERS" to="LIMITED">
    <attribute name="TEXT" value="1" />
  </edge>
  <edge from="SHERMAN" to="DIRECTOR">
    <attribute name="TEXT" value="1" />
  </edge>
  <edge from="SHERRY" to="SHERMAN">
    <attribute name="TEXT" value="1" />
  </edge>
  <edge from="SLOW" to="BONE">
    <attribute name="TEXT" value="2" />
    <attribute name="KEYWORDS" value="2" />
  </edge>
  <edge from="SLOW" to="BONE">
    <attribute name="TEXT" value="2" />
    <attribute name="KEYWORDS" value="2" />
  </edge>
  <edge from="SOMETIMES" to="CALCIUM">
    <attribute name="TEXT" value="1" />
  </edge>
  <edge from="STORIES" to="CALCIUM">
    <attribute name="TEXT" value="1" />
  </edge>
  <edge from="STUDY" to="AUTHOR">
    <attribute name="TEXT" value="1" />
  </edge>
  <edge from="STUDY" to="BEGAN">
    <attribute name="TEXT" value="1" />
  </edge>
  <edge from="STUDY" to="COMPARED">
    <attribute name="TEXT" value="1" />
  </edge>
  <edge from="STUDY" to="PARTICIPANTS">
    <attribute name="TEXT" value="1" />
  </edge>
  <edge from="STUDY" to="SUGGESTS">
    <attribute name="TEXT" value="1" />
  </edge>
  <edge from="SUBSTANTIALLY" to="REDUCE">
    <attribute name="TEXT" value="1" />
  </edge>
  <edge from="SUFFERED" to="FRACTURE">
    <attribute name="TEXT" value="1" />
  </edge>
  <edge from="SUN" to="EXPOSURE">
    <attribute name="TEXT" value="1" />
  </edge>
  <edge from="SUPPLEMENTAL" to="CALCIUM">
    <attribute name="TEXT" value="2" />
  </edge>
  <edge from="SUPPLEMENTATION" to="LEAD">
    <attribute name="TEXT" value="1" />
  </edge>
  <edge from="SUPPLEMENTS" to="COMPARED">
    <attribute name="TEXT" value="1" />
  </edge>
  <edge from="SUPPLEMENTS" to="GAINED">
    <attribute name="TEXT" value="1" />
  </edge>
  <edge from="TAKING" to="CALCIUM">
    <attribute name="TEXT" value="1" />
  </edge>
  <edge from="TAKING" to="PLACEBO">
    <attribute name="TEXT" value="3" />
  </edge>
  <edge from="TAKING" to="SUPPLEMENTAL">
    <attribute name="TEXT" value="1" />
  </edge>
  <edge from="TAKING" to="SUPPLEMENTS">
    <attribute name="TEXT" value="2" />
  </edge>
  <edge from="TEXT" to="HEADLINES">
    <attribute name="TEXT" value="1" />
  </edge>
  <edge from="THERESA" to="TAMKINS">
    <attribute name="TEXT" value="1" />
  </edge>
  <edge from="THIGH" to="BONE">
    <attribute name="TEXT" value="1" />
  </edge>
  <edge from="THREE-YEAR" to="STUDY">
    <attribute name="TEXT" value="1" />
  </edge>
  <edge from="TREAT" to="CLOTS">
    <attribute name="TEXT" value="4" />
    <attribute name="LINKS" value="4" />
  </edge>
  <edge from="TREAT" to="CLOTS">
    <attribute name="TEXT" value="4" />
    <attribute name="LINKS" value="4" />
  </edge>
  <edge from="TUFTS" to="UNIVERSITY">
    <attribute name="TEXT" value="1" />
  </edge>
  <edge from="UPPER" to="THIGH">
    <attribute name="TEXT" value="1" />
  </edge>
  <edge from="VITAMIN" to="INTAKE">
    <attribute name="TEXT" value="1" />
  </edge>
  <edge from="VITAMIN" to="SLOW">
    <attribute name="TEXT" value="2" />
    <attribute name="KEYWORDS" value="2" />
  </edge>
  <edge from="VITAMIN" to="SLOW">
    <attribute name="TEXT" value="2" />
    <attribute name="KEYWORDS" value="2" />
  </edge>
  <edge from="VITAMIN" to="SUPPLEMENTATION">
    <attribute name="TEXT" value="1" />
  </edge>
  <edge from="VITAMIN" to="SUPPLEMENTS">
    <attribute name="TEXT" value="1" />
  </edge>
  <edge from="WEDNESDAY" to="SEPTEMBER">
    <attribute name="TEXT" value="1" />
  </edge>
  <edge from="WOMAN" to="PROBLEMS">
    <attribute name="TEXT" value="1" />
  </edge>
  <edge from="WOMEN" to="TAKING">
    <attribute name="TEXT" value="1" />
  </edge>
</graph>
