<graph>
  <node id="ABILITY">
    <attribute name="FREQUENCY" value="1" />
  </node>
  <node id="ACCELERATE">
    <attribute name="FREQUENCY" value="1" />
  </node>
  <node id="ACCELERATED">
    <attribute name="FREQUENCY" value="1" />
  </node>
  <node id="ADD">
    <attribute name="FREQUENCY" value="1" />
  </node>
  <node id="ADVERSE">
    <attribute name="FREQUENCY" value="1" />
  </node>
  <node id="AFFECT">
    <attribute name="FREQUENCY" value="2" />
  </node>
  <node id="ALTERNATIVE">
    <attribute name="FREQUENCY" value="4" />
  </node>
  <node id="AMERICAN">
    <attribute name="FREQUENCY" value="1" />
  </node>
  <node id="ARTERIAL">
    <attribute name="FREQUENCY" value="2" />
  </node>
  <node id="ARTERIES">
    <attribute name="FREQUENCY" value="7" />
  </node>
  <node id="ARTERIOSCLEROSIS">
    <attribute name="FREQUENCY" value="2" />
  </node>
  <node id="ARTERY">
    <attribute name="FREQUENCY" value="2" />
  </node>
  <node id="ASKED">
    <attribute name="FREQUENCY" value="1" />
  </node>
  <node id="ASSOCIATION">
    <attribute name="FREQUENCY" value="1" />
  </node>
  <node id="ATHEROSCLEROSIS">
    <attribute name="FREQUENCY" value="7" />
  </node>
  <node id="AUGUST">
    <attribute name="FREQUENCY" value="1" />
  </node>
  <node id="AUTHOR">
    <attribute name="FREQUENCY" value="1" />
  </node>
  <node id="BATTERY">
    <attribute name="FREQUENCY" value="1" />
  </node>
  <node id="BELIEF">
    <attribute name="FREQUENCY" value="1" />
  </node>
  <node id="BERKELEY">
    <attribute name="FREQUENCY" value="1" />
  </node>
  <node id="BIOLOGY">
    <attribute name="FREQUENCY" value="2" />
  </node>
  <node id="BIZ">
    <attribute name="FREQUENCY" value="4" />
  </node>
  <node id="BLOCK">
    <attribute name="FREQUENCY" value="1" />
  </node>
  <node id="BLOOD">
    <attribute name="FREQUENCY" value="3" />
  </node>
  <node id="BODY">
    <attribute name="FREQUENCY" value="1" />
  </node>
  <node id="BRAIN">
    <attribute name="FREQUENCY" value="2" />
  </node>
  <node id="BURDEN">
    <attribute name="FREQUENCY" value="1" />
  </node>
  <node id="CALCIUM">
    <attribute name="FREQUENCY" value="1" />
  </node>
  <node id="CALIFORNIA">
    <attribute name="FREQUENCY" value="1" />
  </node>
  <node id="CANCER">
    <attribute name="FREQUENCY" value="4" />
  </node>
  <node id="CAROTID">
    <attribute name="FREQUENCY" value="9" />
  </node>
  <node id="CARRY">
    <attribute name="FREQUENCY" value="1" />
  </node>
  <node id="CELLULAR">
    <attribute name="FREQUENCY" value="1" />
  </node>
  <node id="CFC">
    <attribute name="FREQUENCY" value="4" />
  </node>
  <node id="CHANGE">
    <attribute name="FREQUENCY" value="1" />
  </node>
  <node id="CHOLESTEROL">
    <attribute name="FREQUENCY" value="1" />
  </node>
  <node id="CHRONICALLY">
    <attribute name="FREQUENCY" value="1" />
  </node>
  <node id="CLOSE">
    <attribute name="FREQUENCY" value="1" />
  </node>
  <node id="COLLECT">
    <attribute name="FREQUENCY" value="1" />
  </node>
  <node id="COLORECTAL">
    <attribute name="FREQUENCY" value="4" />
  </node>
  <node id="COMMENTS">
    <attribute name="FREQUENCY" value="2" />
  </node>
  <node id="COMPARE">
    <attribute name="FREQUENCY" value="1" />
  </node>
  <node id="COMPARED">
    <attribute name="FREQUENCY" value="1" />
  </node>
  <node id="CONCLUDE">
    <attribute name="FREQUENCY" value="1" />
  </node>
  <node id="CONTRIBUTE">
    <attribute name="FREQUENCY" value="1" />
  </node>
  <node id="DAMAGE">
    <attribute name="FREQUENCY" value="4" />
  </node>
  <node id="DEATH">
    <attribute name="FREQUENCY" value="2" />
  </node>
  <node id="DEFINED">
    <attribute name="FREQUENCY" value="1" />
  </node>
  <node id="DELIVER">
    <attribute name="FREQUENCY" value="1" />
  </node>
  <node id="DETRIMENTAL">
    <attribute name="FREQUENCY" value="1" />
  </node>
  <node id="DEVELOPED">
    <attribute name="FREQUENCY" value="1" />
  </node>
  <node id="DEVELOPMENT">
    <attribute name="FREQUENCY" value="1" />
  </node>
  <node id="DISEASE">
    <attribute name="FREQUENCY" value="8" />
  </node>
  <node id="EARLY">
    <attribute name="FREQUENCY" value="1" />
  </node>
  <node id="EASTERN">
    <attribute name="FREQUENCY" value="2" />
  </node>
  <node id="EDT">
    <attribute name="FREQUENCY" value="1" />
  </node>
  <node id="EFFECT">
    <attribute name="FREQUENCY" value="2" />
  </node>
  <node id="EMOTION">
    <attribute name="FREQUENCY" value="1" />
  </node>
  <node id="ENTER">
    <attribute name="FREQUENCY" value="4" />
  </node>
  <node id="ENTERTAIN">
    <attribute name="FREQUENCY" value="4" />
  </node>
  <node id="ENTRY">
    <attribute name="FREQUENCY" value="1" />
  </node>
  <node id="EVERSON">
    <attribute name="FREQUENCY" value="2" />
  </node>
  <node id="EVIDENCE">
    <attribute name="FREQUENCY" value="1" />
  </node>
  <node id="EXPECTATIONS">
    <attribute name="FREQUENCY" value="1" />
  </node>
  <node id="FACTORS">
    <attribute name="FREQUENCY" value="1" />
  </node>
  <node id="FASTER">
    <attribute name="FREQUENCY" value="2" />
  </node>
  <node id="FAT">
    <attribute name="FREQUENCY" value="1" />
  </node>
  <node id="FEEL">
    <attribute name="FREQUENCY" value="1" />
  </node>
  <node id="FEELINGS">
    <attribute name="FREQUENCY" value="3" />
  </node>
  <node id="FINDINGS">
    <attribute name="FREQUENCY" value="2" />
  </node>
  <node id="FINLAND">
    <attribute name="FREQUENCY" value="3" />
  </node>
  <node id="FLOW">
    <attribute name="FREQUENCY" value="1" />
  </node>
  <node id="FOUR-YEAR">
    <attribute name="FREQUENCY" value="1" />
  </node>
  <node id="FUTURE">
    <attribute name="FREQUENCY" value="2" />
  </node>
  <node id="GENE">
    <attribute name="FREQUENCY" value="4" />
  </node>
  <node id="GOAL">
    <attribute name="FREQUENCY" value="1" />
  </node>
  <node id="GREATER">
    <attribute name="FREQUENCY" value="1" />
  </node>
  <node id="HARD">
    <attribute name="FREQUENCY" value="1" />
  </node>
  <node id="HEADLINES">
    <attribute name="FREQUENCY" value="1" />
  </node>
  <node id="HEALTH">
    <attribute name="FREQUENCY" value="7" />
  </node>
  <node id="HEART">
    <attribute name="FREQUENCY" value="3" />
  </node>
  <node id="HEART-RELATED">
    <attribute name="FREQUENCY" value="1" />
  </node>
  <node id="HIGH">
    <attribute name="FREQUENCY" value="4" />
  </node>
  <node id="HOPE">
    <attribute name="FREQUENCY" value="3" />
  </node>
  <node id="HOPELESS">
    <attribute name="FREQUENCY" value="1" />
  </node>
  <node id="HOPELESSNESS">
    <attribute name="FREQUENCY" value="10" />
  </node>
  <node id="HTML">
    <attribute name="FREQUENCY" value="1" />
  </node>
  <node id="IDENTIFY">
    <attribute name="FREQUENCY" value="1" />
  </node>
  <node id="IMPACT">
    <attribute name="FREQUENCY" value="1" />
  </node>
  <node id="IMPAIR">
    <attribute name="FREQUENCY" value="1" />
  </node>
  <node id="IMPOSSIBLE">
    <attribute name="FREQUENCY" value="1" />
  </node>
  <node id="INCREASE">
    <attribute name="FREQUENCY" value="2" />
  </node>
  <node id="INCREASED">
    <attribute name="FREQUENCY" value="1" />
  </node>
  <node id="INFO">
    <attribute name="FREQUENCY" value="2" />
  </node>
  <node id="INSTITUTE">
    <attribute name="FREQUENCY" value="1" />
  </node>
  <node id="INTERIOR">
    <attribute name="FREQUENCY" value="1" />
  </node>
  <node id="ITEMS">
    <attribute name="FREQUENCY" value="2" />
  </node>
  <node id="JOURNAL">
    <attribute name="FREQUENCY" value="1" />
  </node>
  <node id="KIDS">
    <attribute name="FREQUENCY" value="4" />
  </node>
  <node id="LACK">
    <attribute name="FREQUENCY" value="1" />
  </node>
  <node id="LARGE">
    <attribute name="FREQUENCY" value="1" />
  </node>
  <node id="LEAD">
    <attribute name="FREQUENCY" value="1" />
  </node>
  <node id="LEFT">
    <attribute name="FREQUENCY" value="1" />
  </node>
  <node id="LEND">
    <attribute name="FREQUENCY" value="1" />
  </node>
  <node id="LEVELS">
    <attribute name="FREQUENCY" value="4" />
  </node>
  <node id="LIDS">
    <attribute name="FREQUENCY" value="4" />
  </node>
  <node id="LIMITED">
    <attribute name="FREQUENCY" value="1" />
  </node>
  <node id="LINE">
    <attribute name="FREQUENCY" value="1" />
  </node>
  <node id="LINKED">
    <attribute name="FREQUENCY" value="1" />
  </node>
  <node id="LIVE">
    <attribute name="FREQUENCY" value="1" />
  </node>
  <node id="LIVER">
    <attribute name="FREQUENCY" value="4" />
  </node>
  <node id="LONG-HELD">
    <attribute name="FREQUENCY" value="1" />
  </node>
  <node id="LONG-TERM">
    <attribute name="FREQUENCY" value="1" />
  </node>
  <node id="LOS">
    <attribute name="FREQUENCY" value="2" />
  </node>
  <node id="LOW">
    <attribute name="FREQUENCY" value="1" />
  </node>
  <node id="LOWER">
    <attribute name="FREQUENCY" value="1" />
  </node>
  <node id="MAGNITUDE">
    <attribute name="FREQUENCY" value="1" />
  </node>
  <node id="MEASURE">
    <attribute name="FREQUENCY" value="1" />
  </node>
  <node id="MEN">
    <attribute name="FREQUENCY" value="7" />
  </node>
  <node id="MESSAGE">
    <attribute name="FREQUENCY" value="1" />
  </node>
  <node id="MIDDLE-AGED">
    <attribute name="FREQUENCY" value="2" />
  </node>
  <node id="MODERATE">
    <attribute name="FREQUENCY" value="1" />
  </node>
  <node id="MONDAY">
    <attribute name="FREQUENCY" value="2" />
  </node>
  <node id="NECK">
    <attribute name="FREQUENCY" value="1" />
  </node>
  <node id="NEGATIVE">
    <attribute name="FREQUENCY" value="3" />
  </node>
  <node id="NEWS">
    <attribute name="FREQUENCY" value="4" />
  </node>
  <node id="NONSMOKERS">
    <attribute name="FREQUENCY" value="1" />
  </node>
  <node id="ONESELF">
    <attribute name="FREQUENCY" value="1" />
  </node>
  <node id="ONGOING">
    <attribute name="FREQUENCY" value="1" />
  </node>
  <node id="ORGAN">
    <attribute name="FREQUENCY" value="1" />
  </node>
  <node id="OUTCOME">
    <attribute name="FREQUENCY" value="1" />
  </node>
  <node id="OXYGENATED">
    <attribute name="FREQUENCY" value="1" />
  </node>
  <node id="PACK-A-DAY">
    <attribute name="FREQUENCY" value="1" />
  </node>
  <node id="PARTIALLY">
    <attribute name="FREQUENCY" value="1" />
  </node>
  <node id="PARTICIPANTS">
    <attribute name="FREQUENCY" value="2" />
  </node>
  <node id="PATHOGENIC">
    <attribute name="FREQUENCY" value="1" />
  </node>
  <node id="PEOPLE">
    <attribute name="FREQUENCY" value="1" />
  </node>
  <node id="PHYSICIANS">
    <attribute name="FREQUENCY" value="1" />
  </node>
  <node id="PM">
    <attribute name="FREQUENCY" value="1" />
  </node>
  <node id="POINT">
    <attribute name="FREQUENCY" value="1" />
  </node>
  <node id="POLITIC">
    <attribute name="FREQUENCY" value="4" />
  </node>
  <node id="PRODUCTS">
    <attribute name="FREQUENCY" value="1" />
  </node>
  <node id="PROGRESSION">
    <attribute name="FREQUENCY" value="2" />
  </node>
  <node id="PROGRESSIVE">
    <attribute name="FREQUENCY" value="1" />
  </node>
  <node id="PRONOUNCED">
    <attribute name="FREQUENCY" value="2" />
  </node>
  <node id="PSYCHOLOGICAL">
    <attribute name="FREQUENCY" value="1" />
  </node>
  <node id="PUBLIC">
    <attribute name="FREQUENCY" value="1" />
  </node>
  <node id="PUBLISHED">
    <attribute name="FREQUENCY" value="1" />
  </node>
  <node id="QUESTIONS">
    <attribute name="FREQUENCY" value="2" />
  </node>
  <node id="RATE">
    <attribute name="FREQUENCY" value="2" />
  </node>
  <node id="REACH">
    <attribute name="FREQUENCY" value="1" />
  </node>
  <node id="REALIZE">
    <attribute name="FREQUENCY" value="1" />
  </node>
  <node id="RECORDED">
    <attribute name="FREQUENCY" value="1" />
  </node>
  <node id="REGION">
    <attribute name="FREQUENCY" value="1" />
  </node>
  <node id="REPEAT">
    <attribute name="FREQUENCY" value="1" />
  </node>
  <node id="REPORTED">
    <attribute name="FREQUENCY" value="1" />
  </node>
  <node id="RESEARCHERS">
    <attribute name="FREQUENCY" value="3" />
  </node>
  <node id="RESPONSE">
    <attribute name="FREQUENCY" value="1" />
  </node>
  <node id="REUTERS">
    <attribute name="FREQUENCY" value="2" />
  </node>
  <node id="RISK">
    <attribute name="FREQUENCY" value="3" />
  </node>
  <node id="ROUGHNESS">
    <attribute name="FREQUENCY" value="1" />
  </node>
  <node id="SCALE">
    <attribute name="FREQUENCY" value="1" />
  </node>
  <node id="SCANS">
    <attribute name="FREQUENCY" value="1" />
  </node>
  <node id="SCIENTIFIC">
    <attribute name="FREQUENCY" value="1" />
  </node>
  <node id="SCORE">
    <attribute name="FREQUENCY" value="1" />
  </node>
  <node id="SCOREBOARD">
    <attribute name="FREQUENCY" value="4" />
  </node>
  <node id="SEARCHES">
    <attribute name="FREQUENCY" value="1" />
  </node>
  <node id="SEES">
    <attribute name="FREQUENCY" value="1" />
  </node>
  <node id="SETTING">
    <attribute name="FREQUENCY" value="1" />
  </node>
  <node id="SIGNS">
    <attribute name="FREQUENCY" value="1" />
  </node>
  <node id="SMOKERS">
    <attribute name="FREQUENCY" value="1" />
  </node>
  <node id="SOURCE">
    <attribute name="FREQUENCY" value="1" />
  </node>
  <node id="SPEED">
    <attribute name="FREQUENCY" value="2" />
  </node>
  <node id="SPORT">
    <attribute name="FREQUENCY" value="4" />
  </node>
  <node id="STAGE">
    <attribute name="FREQUENCY" value="1" />
  </node>
  <node id="STORIES">
    <attribute name="FREQUENCY" value="1" />
  </node>
  <node id="STORY">
    <attribute name="FREQUENCY" value="4" />
  </node>
  <node id="STRIVE">
    <attribute name="FREQUENCY" value="1" />
  </node>
  <node id="STROKE">
    <attribute name="FREQUENCY" value="2" />
  </node>
  <node id="STUDY">
    <attribute name="FREQUENCY" value="7" />
  </node>
  <node id="SUPPORT">
    <attribute name="FREQUENCY" value="1" />
  </node>
  <node id="SURFACE">
    <attribute name="FREQUENCY" value="1" />
  </node>
  <node id="SUSAN">
    <attribute name="FREQUENCY" value="1" />
  </node>
  <node id="SWEEPSTAKES">
    <attribute name="FREQUENCY" value="4" />
  </node>
  <node id="TAKE-HOME">
    <attribute name="FREQUENCY" value="1" />
  </node>
  <node id="TECH">
    <attribute name="FREQUENCY" value="4" />
  </node>
  <node id="TEST">
    <attribute name="FREQUENCY" value="2" />
  </node>
  <node id="TEXT">
    <attribute name="FREQUENCY" value="1" />
  </node>
  <node id="THICKENING">
    <attribute name="FREQUENCY" value="1" />
  </node>
  <node id="THICKNESS">
    <attribute name="FREQUENCY" value="1" />
  </node>
  <node id="THINGS">
    <attribute name="FREQUENCY" value="1" />
  </node>
  <node id="THROMBOSIS">
    <attribute name="FREQUENCY" value="2" />
  </node>
  <node id="TISSUE">
    <attribute name="FREQUENCY" value="1" />
  </node>
  <node id="ULTRASOUND">
    <attribute name="FREQUENCY" value="2" />
  </node>
  <node id="UNDERWENT">
    <attribute name="FREQUENCY" value="1" />
  </node>
  <node id="UNESTABLISHED">
    <attribute name="FREQUENCY" value="1" />
  </node>
  <node id="VASCULAR">
    <attribute name="FREQUENCY" value="2" />
  </node>
  <node id="WALL">
    <attribute name="FREQUENCY" value="2" />
  </node>
  <node id="WASTE">
    <attribute name="FREQUENCY" value="1" />
  </node>
  <node id="WRITE">
    <attribute name="FREQUENCY" value="3" />
  </node>
  <node id="YAHOO">
    <attribute name="FREQUENCY" value="4" />
  </node>
  <node id="YEAR">
    <attribute name="FREQUENCY" value="1" />
  </node>
  <node id="YORK">
    <attribute name="FREQUENCY" value="1" />
  </node>
  <edge from="ACCELERATED" to="PROGRESSION">
    <attribute name="TEXT" value="1" />
  </edge>
  <edge from="ADVERSE" to="HEALTH">
    <attribute name="TEXT" value="1" />
  </edge>
  <edge from="AFFECT" to="BLOOD">
    <attribute name="TEXT" value="1" />
  </edge>
  <edge from="AMERICAN" to="HEART">
    <attribute name="TEXT" value="1" />
  </edge>
  <edge from="ARTERIAL" to="DISEASE">
    <attribute name="TEXT" value="1" />
    <attribute name="KEYWORDS" value="1" />
  </edge>
  <edge from="ARTERIAL" to="DISEASE">
    <attribute name="TEXT" value="1" />
    <attribute name="KEYWORDS" value="1" />
  </edge>
  <edge from="ARTERIES" to="AFFECT">
    <attribute name="TEXT" value="1" />
  </edge>
  <edge from="ARTERIES" to="PARTIALLY">
    <attribute name="TEXT" value="1" />
  </edge>
  <edge from="ARTERIOSCLEROSIS" to="THROMBOSIS">
    <attribute name="TEXT" value="2" />
  </edge>
  <edge from="ARTERY" to="DISEASE">
    <attribute name="TEXT" value="1" />
  </edge>
  <edge from="ARTERY" to="WALL">
    <attribute name="TEXT" value="1" />
  </edge>
  <edge from="ASSOCIATION" to="JOURNAL">
    <attribute name="TEXT" value="1" />
  </edge>
  <edge from="ATHEROSCLEROSIS" to="COMPARED">
    <attribute name="TEXT" value="1" />
  </edge>
  <edge from="ATHEROSCLEROSIS" to="HEART">
    <attribute name="TEXT" value="1" />
  </edge>
  <edge from="BERKELEY" to="CALIFORNIA">
    <attribute name="TEXT" value="1" />
  </edge>
  <edge from="BLOOD" to="FLOW">
    <attribute name="TEXT" value="1" />
  </edge>
  <edge from="BODY" to="ORGAN">
    <attribute name="TEXT" value="1" />
  </edge>
  <edge from="CALCIUM" to="COLLECT">
    <attribute name="TEXT" value="1" />
  </edge>
  <edge from="CANCER" to="GENE">
    <attribute name="TEXT" value="2" />
    <attribute name="LINKS" value="2" />
  </edge>
  <edge from="CANCER" to="GENE">
    <attribute name="TEXT" value="2" />
    <attribute name="LINKS" value="2" />
  </edge>
  <edge from="CAROTID" to="ARTERIES">
    <attribute name="TEXT" value="5" />
  </edge>
  <edge from="CAROTID" to="ARTERY">
    <attribute name="TEXT" value="1" />
  </edge>
  <edge from="CAROTID" to="ATHEROSCLEROSIS">
    <attribute name="TEXT" value="3" />
  </edge>
  <edge from="CARRY" to="BLOOD">
    <attribute name="TEXT" value="1" />
  </edge>
  <edge from="CELLULAR" to="WASTE">
    <attribute name="TEXT" value="1" />
  </edge>
  <edge from="CFC" to="ALTERNATIVE">
    <attribute name="TEXT" value="4" />
    <attribute name="LINKS" value="4" />
  </edge>
  <edge from="CFC" to="ALTERNATIVE">
    <attribute name="TEXT" value="4" />
    <attribute name="LINKS" value="4" />
  </edge>
  <edge from="CHOLESTEROL" to="CELLULAR">
    <attribute name="TEXT" value="1" />
  </edge>
  <edge from="CHRONICALLY" to="HIGH">
    <attribute name="TEXT" value="1" />
  </edge>
  <edge from="COLORECTAL" to="CANCER">
    <attribute name="TEXT" value="2" />
    <attribute name="LINKS" value="2" />
  </edge>
  <edge from="COLORECTAL" to="CANCER">
    <attribute name="TEXT" value="2" />
    <attribute name="LINKS" value="2" />
  </edge>
  <edge from="COMPARE" to="PACK-A-DAY">
    <attribute name="TEXT" value="1" />
  </edge>
  <edge from="DELIVER" to="OXYGENATED">
    <attribute name="TEXT" value="1" />
  </edge>
  <edge from="DEVELOPED" to="THICKENING">
    <attribute name="TEXT" value="1" />
  </edge>
  <edge from="DISEASE" to="AFFECT">
    <attribute name="TEXT" value="1" />
  </edge>
  <edge from="DISEASE" to="DEATH">
    <attribute name="TEXT" value="1" />
  </edge>
  <edge from="EARLY" to="EVIDENCE">
    <attribute name="TEXT" value="1" />
  </edge>
  <edge from="EASTERN" to="FINLAND">
    <attribute name="TEXT" value="2" />
  </edge>
  <edge from="FASTER" to="PROGRESSION">
    <attribute name="TEXT" value="1" />
  </edge>
  <edge from="FAT" to="CHOLESTEROL">
    <attribute name="TEXT" value="1" />
  </edge>
  <edge from="FINLAND" to="LINKED">
    <attribute name="TEXT" value="1" />
  </edge>
  <edge from="FOUR-YEAR" to="STUDY">
    <attribute name="TEXT" value="1" />
  </edge>
  <edge from="GREATER" to="INCREASE">
    <attribute name="TEXT" value="1" />
  </edge>
  <edge from="HEALTH" to="EFFECT">
    <attribute name="TEXT" value="1" />
  </edge>
  <edge from="HEALTH" to="INSTITUTE">
    <attribute name="TEXT" value="1" />
  </edge>
  <edge from="HEALTH" to="OUTCOME">
    <attribute name="TEXT" value="1" />
  </edge>
  <edge from="HEALTH" to="STORIES">
    <attribute name="TEXT" value="1" />
  </edge>
  <edge from="HEART" to="ASSOCIATION">
    <attribute name="TEXT" value="1" />
  </edge>
  <edge from="HEART" to="DISEASE">
    <attribute name="TEXT" value="2" />
  </edge>
  <edge from="HEART-RELATED" to="DEATH">
    <attribute name="TEXT" value="1" />
  </edge>
  <edge from="HIGH" to="LEVELS">
    <attribute name="TEXT" value="3" />
  </edge>
  <edge from="HIGH" to="RATE">
    <attribute name="TEXT" value="1" />
  </edge>
  <edge from="HOPE" to="SPEED">
    <attribute name="TEXT" value="2" />
    <attribute name="KEYWORDS" value="2" />
  </edge>
  <edge from="HOPE" to="SPEED">
    <attribute name="TEXT" value="2" />
    <attribute name="KEYWORDS" value="2" />
  </edge>
  <edge from="HOPELESSNESS" to="CONTRIBUTE">
    <attribute name="TEXT" value="1" />
  </edge>
  <edge from="HOPELESSNESS" to="DEVELOPED">
    <attribute name="TEXT" value="1" />
  </edge>
  <edge from="IDENTIFY" to="SIGNS">
    <attribute name="TEXT" value="1" />
  </edge>
  <edge from="INCREASED" to="RISK">
    <attribute name="TEXT" value="1" />
  </edge>
  <edge from="INTERIOR" to="SURFACE">
    <attribute name="TEXT" value="1" />
  </edge>
  <edge from="JOURNAL" to="ARTERIOSCLEROSIS">
    <attribute name="TEXT" value="1" />
  </edge>
  <edge from="KIDS" to="SWEEPSTAKES">
    <attribute name="TEXT" value="2" />
    <attribute name="LINKS" value="2" />
  </edge>
  <edge from="KIDS" to="SWEEPSTAKES">
    <attribute name="TEXT" value="2" />
    <attribute name="LINKS" value="2" />
  </edge>
  <edge from="LARGE" to="ARTERIES">
    <attribute name="TEXT" value="1" />
  </edge>
  <edge from="LEAD" to="AUTHOR">
    <attribute name="TEXT" value="1" />
  </edge>
  <edge from="LEND" to="SCIENTIFIC">
    <attribute name="TEXT" value="1" />
  </edge>
  <edge from="LINKED" to="HOPELESSNESS">
    <attribute name="TEXT" value="1" />
  </edge>
  <edge from="LIVER" to="DAMAGE">
    <attribute name="TEXT" value="2" />
    <attribute name="LINKS" value="2" />
  </edge>
  <edge from="LIVER" to="DAMAGE">
    <attribute name="TEXT" value="2" />
    <attribute name="LINKS" value="2" />
  </edge>
  <edge from="LONG-HELD" to="BELIEF">
    <attribute name="TEXT" value="1" />
  </edge>
  <edge from="LONG-TERM" to="PRONOUNCED">
    <attribute name="TEXT" value="1" />
  </edge>
  <edge from="LOS" to="HOPE">
    <attribute name="TEXT" value="2" />
    <attribute name="KEYWORDS" value="2" />
  </edge>
  <edge from="LOS" to="HOPE">
    <attribute name="TEXT" value="2" />
    <attribute name="KEYWORDS" value="2" />
  </edge>
  <edge from="LOWER" to="RECORDED">
    <attribute name="TEXT" value="1" />
  </edge>
  <edge from="MIDDLE-AGED" to="MEN">
    <attribute name="TEXT" value="2" />
  </edge>
  <edge from="MODERATE" to="SCORE">
    <attribute name="TEXT" value="1" />
  </edge>
  <edge from="MONDAY" to="AUGUST">
    <attribute name="TEXT" value="1" />
  </edge>
  <edge from="NEGATIVE" to="EMOTION">
    <attribute name="TEXT" value="1" />
  </edge>
  <edge from="NEGATIVE" to="EXPECTATIONS">
    <attribute name="TEXT" value="1" />
  </edge>
  <edge from="NEGATIVE" to="IMPACT">
    <attribute name="TEXT" value="1" />
  </edge>
  <edge from="ONGOING" to="STUDY">
    <attribute name="TEXT" value="1" />
  </edge>
  <edge from="OXYGENATED" to="BLOOD">
    <attribute name="TEXT" value="1" />
  </edge>
  <edge from="PACK-A-DAY" to="SMOKERS">
    <attribute name="TEXT" value="1" />
  </edge>
  <edge from="PARTIALLY" to="BLOCK">
    <attribute name="TEXT" value="1" />
  </edge>
  <edge from="PARTICIPANTS" to="UNDERWENT">
    <attribute name="TEXT" value="1" />
  </edge>
  <edge from="PEOPLE" to="LIVE">
    <attribute name="TEXT" value="1" />
  </edge>
  <edge from="PM" to="EDT">
    <attribute name="TEXT" value="1" />
  </edge>
  <edge from="POINT" to="SCALE">
    <attribute name="TEXT" value="1" />
  </edge>
  <edge from="PROGRESSIVE" to="DISEASE">
    <attribute name="TEXT" value="1" />
  </edge>
  <edge from="PRONOUNCED" to="FEELINGS">
    <attribute name="TEXT" value="1" />
  </edge>
  <edge from="PSYCHOLOGICAL" to="TEST">
    <attribute name="TEXT" value="1" />
  </edge>
  <edge from="PUBLIC" to="HEALTH">
    <attribute name="TEXT" value="1" />
  </edge>
  <edge from="PUBLISHED" to="MONDAY">
    <attribute name="TEXT" value="1" />
  </edge>
  <edge from="RECORDED" to="LEVELS">
    <attribute name="TEXT" value="1" />
  </edge>
  <edge from="REPEAT" to="ULTRASOUND">
    <attribute name="TEXT" value="1" />
  </edge>
  <edge from="REPORTED" to="HIGH">
    <attribute name="TEXT" value="1" />
  </edge>
  <edge from="RESEARCHERS" to="CONCLUDE">
    <attribute name="TEXT" value="1" />
  </edge>
  <edge from="REUTERS" to="LIMITED">
    <attribute name="TEXT" value="1" />
  </edge>
  <edge from="RISK" to="FACTORS">
    <attribute name="TEXT" value="1" />
  </edge>
  <edge from="SCIENTIFIC" to="SUPPORT">
    <attribute name="TEXT" value="1" />
  </edge>
  <edge from="SPEED" to="ARTERIAL">
    <attribute name="TEXT" value="2" />
    <attribute name="KEYWORDS" value="2" />
  </edge>
  <edge from="SPEED" to="ARTERIAL">
    <attribute name="TEXT" value="2" />
    <attribute name="KEYWORDS" value="2" />
  </edge>
  <edge from="STORIES" to="HARD">
    <attribute name="TEXT" value="1" />
  </edge>
  <edge from="STUDY" to="LEND">
    <attribute name="TEXT" value="1" />
  </edge>
  <edge from="STUDY" to="PARTICIPANTS">
    <attribute name="TEXT" value="2" />
  </edge>
  <edge from="STUDY" to="PUBLISHED">
    <attribute name="TEXT" value="1" />
  </edge>
  <edge from="SURFACE" to="ROUGHNESS">
    <attribute name="TEXT" value="1" />
  </edge>
  <edge from="SUSAN" to="EVERSON">
    <attribute name="TEXT" value="1" />
  </edge>
  <edge from="TAKE-HOME" to="MESSAGE">
    <attribute name="TEXT" value="1" />
  </edge>
  <edge from="TEXT" to="HEADLINES">
    <attribute name="TEXT" value="1" />
  </edge>
  <edge from="ULTRASOUND" to="SCANS">
    <attribute name="TEXT" value="1" />
  </edge>
  <edge from="ULTRASOUND" to="TEST">
    <attribute name="TEXT" value="1" />
  </edge>
  <edge from="UNDERWENT" to="ULTRASOUND">
    <attribute name="TEXT" value="1" />
  </edge>
  <edge from="VASCULAR" to="BIOLOGY">
    <attribute name="TEXT" value="2" />
  </edge>
  <edge from="WALL" to="THICKNESS">
    <attribute name="TEXT" value="1" />
  </edge>
  <edge from="WASTE" to="PRODUCTS">
    <attribute name="TEXT" value="1" />
  </edge>
</graph>
