<graph>
  <node id="AFFECT">
    <attribute name="FREQUENCY" value="1" />
  </node>
  <node id="AFFLUENT">
    <attribute name="FREQUENCY" value="1" />
  </node>
  <node id="AGE">
    <attribute name="FREQUENCY" value="1" />
  </node>
  <node id="AMERICA">
    <attribute name="FREQUENCY" value="1" />
  </node>
  <node id="ANTIBIOTICS">
    <attribute name="FREQUENCY" value="1" />
  </node>
  <node id="AUSTRALIA">
    <attribute name="FREQUENCY" value="1" />
  </node>
  <node id="BIZ">
    <attribute name="FREQUENCY" value="4" />
  </node>
  <node id="BLOOD">
    <attribute name="FREQUENCY" value="2" />
  </node>
  <node id="BOUGHT">
    <attribute name="FREQUENCY" value="4" />
  </node>
  <node id="BRITAIN">
    <attribute name="FREQUENCY" value="2" />
  </node>
  <node id="CANCER">
    <attribute name="FREQUENCY" value="6" />
  </node>
  <node id="CARTWRIGHT">
    <attribute name="FREQUENCY" value="4" />
  </node>
  <node id="CASE">
    <attribute name="FREQUENCY" value="3" />
  </node>
  <node id="CAUCASIAN">
    <attribute name="FREQUENCY" value="1" />
  </node>
  <node id="CAUSATIVE">
    <attribute name="FREQUENCY" value="1" />
  </node>
  <node id="CELLS">
    <attribute name="FREQUENCY" value="1" />
  </node>
  <node id="CENTURY">
    <attribute name="FREQUENCY" value="1" />
  </node>
  <node id="CITED">
    <attribute name="FREQUENCY" value="1" />
  </node>
  <node id="CLINICAL">
    <attribute name="FREQUENCY" value="1" />
  </node>
  <node id="COMBUSTION">
    <attribute name="FREQUENCY" value="1" />
  </node>
  <node id="COMMENTS">
    <attribute name="FREQUENCY" value="2" />
  </node>
  <node id="COMMONEST">
    <attribute name="FREQUENCY" value="1" />
  </node>
  <node id="CONFIRM">
    <attribute name="FREQUENCY" value="1" />
  </node>
  <node id="CONFUSION">
    <attribute name="FREQUENCY" value="4" />
  </node>
  <node id="CONTINUE">
    <attribute name="FREQUENCY" value="1" />
  </node>
  <node id="DAILY">
    <attribute name="FREQUENCY" value="2" />
  </node>
  <node id="DATA">
    <attribute name="FREQUENCY" value="1" />
  </node>
  <node id="DEVELOPMENT">
    <attribute name="FREQUENCY" value="1" />
  </node>
  <node id="DIAGNOSIS">
    <attribute name="FREQUENCY" value="1" />
  </node>
  <node id="DIRECTOR">
    <attribute name="FREQUENCY" value="1" />
  </node>
  <node id="DISEASE">
    <attribute name="FREQUENCY" value="1" />
  </node>
  <node id="EARLY">
    <attribute name="FREQUENCY" value="1" />
  </node>
  <node id="EDT">
    <attribute name="FREQUENCY" value="1" />
  </node>
  <node id="ENGINE">
    <attribute name="FREQUENCY" value="1" />
  </node>
  <node id="ENGLAND">
    <attribute name="FREQUENCY" value="1" />
  </node>
  <node id="ENTERTAIN">
    <attribute name="FREQUENCY" value="4" />
  </node>
  <node id="EPIDEMIC">
    <attribute name="FREQUENCY" value="1" />
  </node>
  <node id="EPIDEMIOLOGIC">
    <attribute name="FREQUENCY" value="1" />
  </node>
  <node id="EPIDEMIOLOGY">
    <attribute name="FREQUENCY" value="1" />
  </node>
  <node id="EUROPE">
    <attribute name="FREQUENCY" value="1" />
  </node>
  <node id="EVIDENCE">
    <attribute name="FREQUENCY" value="1" />
  </node>
  <node id="EXAMINED">
    <attribute name="FREQUENCY" value="1" />
  </node>
  <node id="EXPOSE">
    <attribute name="FREQUENCY" value="1" />
  </node>
  <node id="EXPOSED">
    <attribute name="FREQUENCY" value="1" />
  </node>
  <node id="EXPOSURE">
    <attribute name="FREQUENCY" value="6" />
  </node>
  <node id="FACTORS">
    <attribute name="FREQUENCY" value="3" />
  </node>
  <node id="FARMERS">
    <attribute name="FREQUENCY" value="1" />
  </node>
  <node id="FAVORITE">
    <attribute name="FREQUENCY" value="1" />
  </node>
  <node id="FINDINGS">
    <attribute name="FREQUENCY" value="1" />
  </node>
  <node id="FUND">
    <attribute name="FREQUENCY" value="2" />
  </node>
  <node id="GENE">
    <attribute name="FREQUENCY" value="4" />
  </node>
  <node id="GREATER">
    <attribute name="FREQUENCY" value="1" />
  </node>
  <node id="GREATEST">
    <attribute name="FREQUENCY" value="1" />
  </node>
  <node id="HEADLINES">
    <attribute name="FREQUENCY" value="1" />
  </node>
  <node id="HEALTH">
    <attribute name="FREQUENCY" value="4" />
  </node>
  <node id="HEMATOLOGIC">
    <attribute name="FREQUENCY" value="1" />
  </node>
  <node id="HOLIDAY">
    <attribute name="FREQUENCY" value="1" />
  </node>
  <node id="HTML">
    <attribute name="FREQUENCY" value="1" />
  </node>
  <node id="IMMUNE">
    <attribute name="FREQUENCY" value="1" />
  </node>
  <node id="INCIDENCE">
    <attribute name="FREQUENCY" value="2" />
  </node>
  <node id="INCREASE">
    <attribute name="FREQUENCY" value="9" />
  </node>
  <node id="INCREASED">
    <attribute name="FREQUENCY" value="2" />
  </node>
  <node id="INFO">
    <attribute name="FREQUENCY" value="2" />
  </node>
  <node id="INTERNAL">
    <attribute name="FREQUENCY" value="1" />
  </node>
  <node id="INTERVIEW">
    <attribute name="FREQUENCY" value="1" />
  </node>
  <node id="INVESTIGATION">
    <attribute name="FREQUENCY" value="1" />
  </node>
  <node id="ISSUED">
    <attribute name="FREQUENCY" value="1" />
  </node>
  <node id="LARGEST">
    <attribute name="FREQUENCY" value="1" />
  </node>
  <node id="LED">
    <attribute name="FREQUENCY" value="1" />
  </node>
  <node id="LEEDS">
    <attribute name="FREQUENCY" value="1" />
  </node>
  <node id="LEUKAEMIA">
    <attribute name="FREQUENCY" value="2" />
  </node>
  <node id="LEUKEMIA">
    <attribute name="FREQUENCY" value="3" />
  </node>
  <node id="LIGHT">
    <attribute name="FREQUENCY" value="2" />
  </node>
  <node id="LIMITED">
    <attribute name="FREQUENCY" value="1" />
  </node>
  <node id="LINKED">
    <attribute name="FREQUENCY" value="2" />
  </node>
  <node id="LYMPHOMAS">
    <attribute name="FREQUENCY" value="13" />
  </node>
  <node id="MALIGNANCIES">
    <attribute name="FREQUENCY" value="1" />
  </node>
  <node id="MARKED">
    <attribute name="FREQUENCY" value="1" />
  </node>
  <node id="MEANS">
    <attribute name="FREQUENCY" value="1" />
  </node>
  <node id="MILLION">
    <attribute name="FREQUENCY" value="1" />
  </node>
  <node id="NEWS">
    <attribute name="FREQUENCY" value="4" />
  </node>
  <node id="NON-HODGKIN">
    <attribute name="FREQUENCY" value="8" />
  </node>
  <node id="NORTH">
    <attribute name="FREQUENCY" value="1" />
  </node>
  <node id="OCCUPATION">
    <attribute name="FREQUENCY" value="1" />
  </node>
  <node id="OFFICIALS">
    <attribute name="FREQUENCY" value="1" />
  </node>
  <node id="OIL">
    <attribute name="FREQUENCY" value="4" />
  </node>
  <node id="PART">
    <attribute name="FREQUENCY" value="2" />
  </node>
  <node id="PATTERN">
    <attribute name="FREQUENCY" value="1" />
  </node>
  <node id="PEOPLE">
    <attribute name="FREQUENCY" value="3" />
  </node>
  <node id="PM">
    <attribute name="FREQUENCY" value="1" />
  </node>
  <node id="POLITIC">
    <attribute name="FREQUENCY" value="4" />
  </node>
  <node id="POLLUTION">
    <attribute name="FREQUENCY" value="1" />
  </node>
  <node id="POPULATION">
    <attribute name="FREQUENCY" value="4" />
  </node>
  <node id="POSSIBLY">
    <attribute name="FREQUENCY" value="1" />
  </node>
  <node id="POST-OP">
    <attribute name="FREQUENCY" value="4" />
  </node>
  <node id="PREVALENCE">
    <attribute name="FREQUENCY" value="1" />
  </node>
  <node id="QUESTIONS">
    <attribute name="FREQUENCY" value="2" />
  </node>
  <node id="RAY">
    <attribute name="FREQUENCY" value="1" />
  </node>
  <node id="REAL">
    <attribute name="FREQUENCY" value="1" />
  </node>
  <node id="RELATED">
    <attribute name="FREQUENCY" value="1" />
  </node>
  <node id="REPORT">
    <attribute name="FREQUENCY" value="2" />
  </node>
  <node id="REPORTED">
    <attribute name="FREQUENCY" value="2" />
  </node>
  <node id="RESEARCH">
    <attribute name="FREQUENCY" value="2" />
  </node>
  <node id="RESEARCHERS">
    <attribute name="FREQUENCY" value="1" />
  </node>
  <node id="REUTERS">
    <attribute name="FREQUENCY" value="2" />
  </node>
  <node id="RISK">
    <attribute name="FREQUENCY" value="1" />
  </node>
  <node id="ROOTS">
    <attribute name="FREQUENCY" value="1" />
  </node>
  <node id="ROUGHLY">
    <attribute name="FREQUENCY" value="1" />
  </node>
  <node id="SCANDINAVIA">
    <attribute name="FREQUENCY" value="1" />
  </node>
  <node id="SCOREBOARD">
    <attribute name="FREQUENCY" value="4" />
  </node>
  <node id="SEPTEMBER">
    <attribute name="FREQUENCY" value="2" />
  </node>
  <node id="SKIN">
    <attribute name="FREQUENCY" value="4" />
  </node>
  <node id="SOURCE">
    <attribute name="FREQUENCY" value="2" />
  </node>
  <node id="SOUTH">
    <attribute name="FREQUENCY" value="1" />
  </node>
  <node id="SOUTHWEST">
    <attribute name="FREQUENCY" value="1" />
  </node>
  <node id="SPECULATE">
    <attribute name="FREQUENCY" value="1" />
  </node>
  <node id="SPORT">
    <attribute name="FREQUENCY" value="4" />
  </node>
  <node id="SPOT">
    <attribute name="FREQUENCY" value="1" />
  </node>
  <node id="STARTLING">
    <attribute name="FREQUENCY" value="1" />
  </node>
  <node id="STORIES">
    <attribute name="FREQUENCY" value="1" />
  </node>
  <node id="STORY">
    <attribute name="FREQUENCY" value="5" />
  </node>
  <node id="STUDY">
    <attribute name="FREQUENCY" value="1" />
  </node>
  <node id="SUN">
    <attribute name="FREQUENCY" value="9" />
  </node>
  <node id="SUNLIGHT">
    <attribute name="FREQUENCY" value="1" />
  </node>
  <node id="SUPPORT">
    <attribute name="FREQUENCY" value="1" />
  </node>
  <node id="SYSTEM">
    <attribute name="FREQUENCY" value="1" />
  </node>
  <node id="TECH">
    <attribute name="FREQUENCY" value="4" />
  </node>
  <node id="TELEGRAPH">
    <attribute name="FREQUENCY" value="3" />
  </node>
  <node id="TERMS">
    <attribute name="FREQUENCY" value="1" />
  </node>
  <node id="TEXT">
    <attribute name="FREQUENCY" value="1" />
  </node>
  <node id="TH">
    <attribute name="FREQUENCY" value="1" />
  </node>
  <node id="THEORIES">
    <attribute name="FREQUENCY" value="1" />
  </node>
  <node id="THEORY">
    <attribute name="FREQUENCY" value="2" />
  </node>
  <node id="THURSDAY">
    <attribute name="FREQUENCY" value="1" />
  </node>
  <node id="TIED">
    <attribute name="FREQUENCY" value="4" />
  </node>
  <node id="TOXIC">
    <attribute name="FREQUENCY" value="4" />
  </node>
  <node id="TRAVEL">
    <attribute name="FREQUENCY" value="1" />
  </node>
  <node id="TUESDAY">
    <attribute name="FREQUENCY" value="1" />
  </node>
  <node id="ULTRAVIOLET">
    <attribute name="FREQUENCY" value="2" />
  </node>
  <node id="UNIT">
    <attribute name="FREQUENCY" value="1" />
  </node>
  <node id="UNIVERSITY">
    <attribute name="FREQUENCY" value="1" />
  </node>
  <node id="VESSEL">
    <attribute name="FREQUENCY" value="1" />
  </node>
  <node id="WALES">
    <attribute name="FREQUENCY" value="1" />
  </node>
  <node id="WEAKEN">
    <attribute name="FREQUENCY" value="1" />
  </node>
  <node id="WEEK">
    <attribute name="FREQUENCY" value="1" />
  </node>
  <node id="WRITE">
    <attribute name="FREQUENCY" value="2" />
  </node>
  <node id="YAHOO">
    <attribute name="FREQUENCY" value="4" />
  </node>
  <node id="YEAR">
    <attribute name="FREQUENCY" value="4" />
  </node>
  <node id="YORK">
    <attribute name="FREQUENCY" value="1" />
  </node>
  <edge from="AFFECT" to="BLOOD">
    <attribute name="TEXT" value="1" />
  </edge>
  <edge from="AFFLUENT" to="POPULATION">
    <attribute name="TEXT" value="1" />
  </edge>
  <edge from="AGE" to="POPULATION">
    <attribute name="TEXT" value="1" />
  </edge>
  <edge from="BLOOD" to="CELLS">
    <attribute name="TEXT" value="1" />
  </edge>
  <edge from="BLOOD" to="VESSEL">
    <attribute name="TEXT" value="1" />
  </edge>
  <edge from="CANCER" to="POSSIBLY">
    <attribute name="TEXT" value="1" />
  </edge>
  <edge from="CARTWRIGHT" to="DIRECTOR">
    <attribute name="TEXT" value="1" />
  </edge>
  <edge from="CAUCASIAN" to="OFFICIALS">
    <attribute name="TEXT" value="1" />
  </edge>
  <edge from="CAUSATIVE" to="FACTORS">
    <attribute name="TEXT" value="1" />
  </edge>
  <edge from="CLINICAL" to="EPIDEMIOLOGY">
    <attribute name="TEXT" value="1" />
  </edge>
  <edge from="COMBUSTION" to="ENGINE">
    <attribute name="TEXT" value="1" />
  </edge>
  <edge from="COMMONEST" to="CANCER">
    <attribute name="TEXT" value="1" />
  </edge>
  <edge from="CONFIRM" to="PATTERN">
    <attribute name="TEXT" value="1" />
  </edge>
  <edge from="DAILY" to="TELEGRAPH">
    <attribute name="TEXT" value="2" />
  </edge>
  <edge from="DATA" to="CONFIRM">
    <attribute name="TEXT" value="1" />
  </edge>
  <edge from="EPIDEMIOLOGIC" to="INVESTIGATION">
    <attribute name="TEXT" value="1" />
  </edge>
  <edge from="EPIDEMIOLOGY" to="UNIT">
    <attribute name="TEXT" value="1" />
  </edge>
  <edge from="EUROPE" to="NORTH">
    <attribute name="TEXT" value="1" />
  </edge>
  <edge from="EXPOSURE" to="LINKED">
    <attribute name="TEXT" value="1" />
    <attribute name="KEYWORDS" value="1" />
  </edge>
  <edge from="EXPOSURE" to="LINKED">
    <attribute name="TEXT" value="1" />
    <attribute name="KEYWORDS" value="1" />
  </edge>
  <edge from="FUND" to="CLINICAL">
    <attribute name="TEXT" value="1" />
  </edge>
  <edge from="FUND" to="REPORTED">
    <attribute name="TEXT" value="1" />
  </edge>
  <edge from="GENE" to="TIED">
    <attribute name="TEXT" value="2" />
    <attribute name="LINKS" value="2" />
  </edge>
  <edge from="GENE" to="TIED">
    <attribute name="TEXT" value="2" />
    <attribute name="LINKS" value="2" />
  </edge>
  <edge from="HEALTH" to="STORIES">
    <attribute name="TEXT" value="1" />
  </edge>
  <edge from="HEMATOLOGIC" to="MALIGNANCIES">
    <attribute name="TEXT" value="1" />
  </edge>
  <edge from="IMMUNE" to="SYSTEM">
    <attribute name="TEXT" value="1" />
  </edge>
  <edge from="INCREASE" to="EVIDENCE">
    <attribute name="TEXT" value="1" />
  </edge>
  <edge from="INCREASE" to="POLLUTION">
    <attribute name="TEXT" value="1" />
  </edge>
  <edge from="INCREASE" to="YEAR">
    <attribute name="TEXT" value="1" />
  </edge>
  <edge from="INCREASED" to="EXPOSURE">
    <attribute name="TEXT" value="1" />
  </edge>
  <edge from="INTERNAL" to="COMBUSTION">
    <attribute name="TEXT" value="1" />
  </edge>
  <edge from="LARGEST" to="EPIDEMIOLOGIC">
    <attribute name="TEXT" value="1" />
  </edge>
  <edge from="LEEDS" to="UNIVERSITY">
    <attribute name="TEXT" value="1" />
  </edge>
  <edge from="LEUKAEMIA" to="RESEARCH">
    <attribute name="TEXT" value="2" />
  </edge>
  <edge from="LEUKEMIA" to="LYMPHOMAS">
    <attribute name="TEXT" value="1" />
  </edge>
  <edge from="LYMPHOMAS" to="EPIDEMIC">
    <attribute name="TEXT" value="1" />
  </edge>
  <edge from="LYMPHOMAS" to="LEUKEMIA">
    <attribute name="TEXT" value="1" />
  </edge>
  <edge from="MARKED" to="INCREASE">
    <attribute name="TEXT" value="1" />
  </edge>
  <edge from="MILLION" to="PEOPLE">
    <attribute name="TEXT" value="1" />
  </edge>
  <edge from="NON-HODGKIN" to="LYMPHOMAS">
    <attribute name="TEXT" value="14" />
    <attribute name="KEYWORDS" value="2" />
  </edge>
  <edge from="NON-HODGKIN" to="LYMPHOMAS">
    <attribute name="TEXT" value="14" />
    <attribute name="KEYWORDS" value="2" />
  </edge>
  <edge from="NORTH" to="AMERICA">
    <attribute name="TEXT" value="1" />
  </edge>
  <edge from="OCCUPATION" to="EXPOSE">
    <attribute name="TEXT" value="1" />
  </edge>
  <edge from="OIL" to="BOUGHT">
    <attribute name="TEXT" value="2" />
    <attribute name="LINKS" value="2" />
  </edge>
  <edge from="OIL" to="BOUGHT">
    <attribute name="TEXT" value="2" />
    <attribute name="LINKS" value="2" />
  </edge>
  <edge from="PM" to="EDT">
    <attribute name="TEXT" value="1" />
  </edge>
  <edge from="POST-OP" to="CONFUSION">
    <attribute name="TEXT" value="2" />
    <attribute name="LINKS" value="2" />
  </edge>
  <edge from="POST-OP" to="CONFUSION">
    <attribute name="TEXT" value="2" />
    <attribute name="LINKS" value="2" />
  </edge>
  <edge from="RAY" to="CARTWRIGHT">
    <attribute name="TEXT" value="1" />
  </edge>
  <edge from="REAL" to="TERMS">
    <attribute name="TEXT" value="1" />
  </edge>
  <edge from="RELATED" to="DISEASE">
    <attribute name="TEXT" value="1" />
  </edge>
  <edge from="REPORT" to="ISSUED">
    <attribute name="TEXT" value="1" />
  </edge>
  <edge from="REPORTED" to="CASE">
    <attribute name="TEXT" value="1" />
  </edge>
  <edge from="REPORTED" to="TUESDAY">
    <attribute name="TEXT" value="1" />
  </edge>
  <edge from="RESEARCH" to="FUND">
    <attribute name="TEXT" value="2" />
  </edge>
  <edge from="RESEARCHERS" to="SPECULATE">
    <attribute name="TEXT" value="1" />
  </edge>
  <edge from="REUTERS" to="LIMITED">
    <attribute name="TEXT" value="1" />
  </edge>
  <edge from="SKIN" to="CANCER">
    <attribute name="TEXT" value="3" />
  </edge>
  <edge from="STARTLING" to="TH">
    <attribute name="TEXT" value="1" />
  </edge>
  <edge from="STORIES" to="SUN">
    <attribute name="TEXT" value="1" />
  </edge>
  <edge from="STUDY" to="EXAMINED">
    <attribute name="TEXT" value="1" />
  </edge>
  <edge from="SUN" to="AFFECT">
    <attribute name="TEXT" value="1" />
  </edge>
  <edge from="SUN" to="EXPOSURE">
    <attribute name="TEXT" value="3" />
    <attribute name="KEYWORDS" value="1" />
  </edge>
  <edge from="SUN" to="EXPOSURE">
    <attribute name="TEXT" value="3" />
    <attribute name="KEYWORDS" value="1" />
  </edge>
  <edge from="SUN" to="SPOT">
    <attribute name="TEXT" value="1" />
  </edge>
  <edge from="TELEGRAPH" to="REPORT">
    <attribute name="TEXT" value="1" />
  </edge>
  <edge from="TEXT" to="HEADLINES">
    <attribute name="TEXT" value="1" />
  </edge>
  <edge from="THURSDAY" to="SEPTEMBER">
    <attribute name="TEXT" value="1" />
  </edge>
  <edge from="TOXIC" to="OIL">
    <attribute name="TEXT" value="2" />
    <attribute name="LINKS" value="2" />
  </edge>
  <edge from="TOXIC" to="OIL">
    <attribute name="TEXT" value="2" />
    <attribute name="LINKS" value="2" />
  </edge>
  <edge from="ULTRAVIOLET" to="LIGHT">
    <attribute name="TEXT" value="2" />
  </edge>
  <edge from="WALES" to="INCREASED">
    <attribute name="TEXT" value="1" />
  </edge>
</graph>
