<graph>
  <node id="ABLE">
    <attribute name="FREQUENCY" value="1" />
  </node>
  <node id="ADDED">
    <attribute name="FREQUENCY" value="1" />
  </node>
  <node id="ALTER">
    <attribute name="FREQUENCY" value="1" />
  </node>
  <node id="AMOUNT">
    <attribute name="FREQUENCY" value="6" />
  </node>
  <node id="ANDSUPPORT">
    <attribute name="FREQUENCY" value="2" />
  </node>
  <node id="ANN">
    <attribute name="FREQUENCY" value="1" />
  </node>
  <node id="ASSISTING">
    <attribute name="FREQUENCY" value="1" />
  </node>
  <node id="ATTEMPT">
    <attribute name="FREQUENCY" value="1" />
  </node>
  <node id="AVERAGE">
    <attribute name="FREQUENCY" value="1" />
  </node>
  <node id="AVERAGE-WEIGHT">
    <attribute name="FREQUENCY" value="1" />
  </node>
  <node id="AVOID">
    <attribute name="FREQUENCY" value="1" />
  </node>
  <node id="BIRTH">
    <attribute name="FREQUENCY" value="3" />
  </node>
  <node id="BIZ">
    <attribute name="FREQUENCY" value="4" />
  </node>
  <node id="BODY">
    <attribute name="FREQUENCY" value="7" />
  </node>
  <node id="BREASTFEEDING">
    <attribute name="FREQUENCY" value="2" />
  </node>
  <node id="CAUTION">
    <attribute name="FREQUENCY" value="1" />
  </node>
  <node id="CHANGE">
    <attribute name="FREQUENCY" value="1" />
  </node>
  <node id="CHILD">
    <attribute name="FREQUENCY" value="1" />
  </node>
  <node id="CHOICE">
    <attribute name="FREQUENCY" value="1" />
  </node>
  <node id="COLLEAGUES">
    <attribute name="FREQUENCY" value="2" />
  </node>
  <node id="COLUMBIA">
    <attribute name="FREQUENCY" value="1" />
  </node>
  <node id="COMMENTS">
    <attribute name="FREQUENCY" value="2" />
  </node>
  <node id="CONSIDERED">
    <attribute name="FREQUENCY" value="1" />
  </node>
  <node id="CONTINUE">
    <attribute name="FREQUENCY" value="1" />
  </node>
  <node id="CPR">
    <attribute name="FREQUENCY" value="4" />
  </node>
  <node id="CRASH">
    <attribute name="FREQUENCY" value="1" />
  </node>
  <node id="DELIVERY">
    <attribute name="FREQUENCY" value="1" />
  </node>
  <node id="DEVELOP">
    <attribute name="FREQUENCY" value="1" />
  </node>
  <node id="DIET">
    <attribute name="FREQUENCY" value="2" />
  </node>
  <node id="DIFFICULTIES">
    <attribute name="FREQUENCY" value="1" />
  </node>
  <node id="DOCTORS">
    <attribute name="FREQUENCY" value="1" />
  </node>
  <node id="EATING">
    <attribute name="FREQUENCY" value="1" />
  </node>
  <node id="EDT">
    <attribute name="FREQUENCY" value="1" />
  </node>
  <node id="ENCOUNTERED">
    <attribute name="FREQUENCY" value="1" />
  </node>
  <node id="ENCOURAGE">
    <attribute name="FREQUENCY" value="1" />
  </node>
  <node id="ENTERTAIN">
    <attribute name="FREQUENCY" value="4" />
  </node>
  <node id="EXCESSIVE">
    <attribute name="FREQUENCY" value="3" />
  </node>
  <node id="FACTORS">
    <attribute name="FREQUENCY" value="1" />
  </node>
  <node id="FAT">
    <attribute name="FREQUENCY" value="5" />
  </node>
  <node id="FATNESS">
    <attribute name="FREQUENCY" value="1" />
  </node>
  <node id="FEAR">
    <attribute name="FREQUENCY" value="1" />
  </node>
  <node id="FINDINGS">
    <attribute name="FREQUENCY" value="2" />
  </node>
  <node id="FOCUS">
    <attribute name="FREQUENCY" value="1" />
  </node>
  <node id="FOOD">
    <attribute name="FREQUENCY" value="1" />
  </node>
  <node id="FUTURE">
    <attribute name="FREQUENCY" value="2" />
  </node>
  <node id="GAIN">
    <attribute name="FREQUENCY" value="14" />
  </node>
  <node id="GAINED">
    <attribute name="FREQUENCY" value="10" />
  </node>
  <node id="GYNECOLOGY">
    <attribute name="FREQUENCY" value="1" />
  </node>
  <node id="HABITS">
    <attribute name="FREQUENCY" value="1" />
  </node>
  <node id="HAND">
    <attribute name="FREQUENCY" value="4" />
  </node>
  <node id="HEADLINES">
    <attribute name="FREQUENCY" value="1" />
  </node>
  <node id="HEALTH">
    <attribute name="FREQUENCY" value="5" />
  </node>
  <node id="HEALTHY">
    <attribute name="FREQUENCY" value="6" />
  </node>
  <node id="HEART">
    <attribute name="FREQUENCY" value="8" />
  </node>
  <node id="HELD">
    <attribute name="FREQUENCY" value="1" />
  </node>
  <node id="HELPING">
    <attribute name="FREQUENCY" value="4" />
  </node>
  <node id="HTML">
    <attribute name="FREQUENCY" value="1" />
  </node>
  <node id="IDENTIFY">
    <attribute name="FREQUENCY" value="1" />
  </node>
  <node id="IMPAIR">
    <attribute name="FREQUENCY" value="1" />
  </node>
  <node id="IMPORTANT">
    <attribute name="FREQUENCY" value="1" />
  </node>
  <node id="INFO">
    <attribute name="FREQUENCY" value="2" />
  </node>
  <node id="INSTITUTE">
    <attribute name="FREQUENCY" value="2" />
  </node>
  <node id="INVOLVED">
    <attribute name="FREQUENCY" value="1" />
  </node>
  <node id="ISSUE">
    <attribute name="FREQUENCY" value="2" />
  </node>
  <node id="LEAD">
    <attribute name="FREQUENCY" value="1" />
  </node>
  <node id="LEDERMAN">
    <attribute name="FREQUENCY" value="3" />
  </node>
  <node id="LESSONS">
    <attribute name="FREQUENCY" value="2" />
  </node>
  <node id="LESSONSANDSUPPORT">
    <attribute name="FREQUENCY" value="2" />
  </node>
  <node id="LIFETIME">
    <attribute name="FREQUENCY" value="1" />
  </node>
  <node id="LIMIT">
    <attribute name="FREQUENCY" value="2" />
  </node>
  <node id="LIMITED">
    <attribute name="FREQUENCY" value="1" />
  </node>
  <node id="MAINTAIN">
    <attribute name="FREQUENCY" value="1" />
  </node>
  <node id="MAJORITY">
    <attribute name="FREQUENCY" value="1" />
  </node>
  <node id="MEASURED">
    <attribute name="FREQUENCY" value="1" />
  </node>
  <node id="MEDICINE">
    <attribute name="FREQUENCY" value="2" />
  </node>
  <node id="METHOD">
    <attribute name="FREQUENCY" value="1" />
  </node>
  <node id="MODEST">
    <attribute name="FREQUENCY" value="1" />
  </node>
  <node id="NEEDED">
    <attribute name="FREQUENCY" value="1" />
  </node>
  <node id="NEWS">
    <attribute name="FREQUENCY" value="4" />
  </node>
  <node id="NORMAL">
    <attribute name="FREQUENCY" value="2" />
  </node>
  <node id="OBESE">
    <attribute name="FREQUENCY" value="2" />
  </node>
  <node id="OBESITY">
    <attribute name="FREQUENCY" value="4" />
  </node>
  <node id="OBSTETRICSAND">
    <attribute name="FREQUENCY" value="1" />
  </node>
  <node id="OBSTETRICSANDGYNECOLOGY">
    <attribute name="FREQUENCY" value="1" />
  </node>
  <node id="OCTOBER">
    <attribute name="FREQUENCY" value="2" />
  </node>
  <node id="ONSET">
    <attribute name="FREQUENCY" value="1" />
  </node>
  <node id="OVERWEIGHT">
    <attribute name="FREQUENCY" value="4" />
  </node>
  <node id="PATIENTS">
    <attribute name="FREQUENCY" value="4" />
  </node>
  <node id="PHYSICIANS">
    <attribute name="FREQUENCY" value="1" />
  </node>
  <node id="PM">
    <attribute name="FREQUENCY" value="1" />
  </node>
  <node id="POLITIC">
    <attribute name="FREQUENCY" value="4" />
  </node>
  <node id="POSTPARTUM">
    <attribute name="FREQUENCY" value="2" />
  </node>
  <node id="POUNDS">
    <attribute name="FREQUENCY" value="6" />
  </node>
  <node id="PRE-PREGNANCY">
    <attribute name="FREQUENCY" value="1" />
  </node>
  <node id="PREDISPOSE">
    <attribute name="FREQUENCY" value="1" />
  </node>
  <node id="PREGNANCY">
    <attribute name="FREQUENCY" value="16" />
  </node>
  <node id="PREGNANT">
    <attribute name="FREQUENCY" value="2" />
  </node>
  <node id="PREVENT">
    <attribute name="FREQUENCY" value="2" />
  </node>
  <node id="PUBLIC">
    <attribute name="FREQUENCY" value="1" />
  </node>
  <node id="QUESTIONS">
    <attribute name="FREQUENCY" value="2" />
  </node>
  <node id="REASON">
    <attribute name="FREQUENCY" value="2" />
  </node>
  <node id="RECOMMEND">
    <attribute name="FREQUENCY" value="1" />
  </node>
  <node id="RECOMMENDATIONS">
    <attribute name="FREQUENCY" value="1" />
  </node>
  <node id="RECOMMENDED">
    <attribute name="FREQUENCY" value="8" />
  </node>
  <node id="REPORTED">
    <attribute name="FREQUENCY" value="1" />
  </node>
  <node id="RESEARCH">
    <attribute name="FREQUENCY" value="1" />
  </node>
  <node id="RESEARCHERS">
    <attribute name="FREQUENCY" value="2" />
  </node>
  <node id="RETURN">
    <attribute name="FREQUENCY" value="1" />
  </node>
  <node id="REUTERS">
    <attribute name="FREQUENCY" value="2" />
  </node>
  <node id="RISK">
    <attribute name="FREQUENCY" value="2" />
  </node>
  <node id="SALLY">
    <attribute name="FREQUENCY" value="1" />
  </node>
  <node id="SCHOOL">
    <attribute name="FREQUENCY" value="1" />
  </node>
  <node id="SCOREBOARD">
    <attribute name="FREQUENCY" value="4" />
  </node>
  <node id="SOURCE">
    <attribute name="FREQUENCY" value="1" />
  </node>
  <node id="SPORT">
    <attribute name="FREQUENCY" value="4" />
  </node>
  <node id="STAY">
    <attribute name="FREQUENCY" value="1" />
  </node>
  <node id="STORIES">
    <attribute name="FREQUENCY" value="1" />
  </node>
  <node id="STORY">
    <attribute name="FREQUENCY" value="4" />
  </node>
  <node id="STUDY">
    <attribute name="FREQUENCY" value="3" />
  </node>
  <node id="TECH">
    <attribute name="FREQUENCY" value="4" />
  </node>
  <node id="TECHNIQUE">
    <attribute name="FREQUENCY" value="1" />
  </node>
  <node id="TEXT">
    <attribute name="FREQUENCY" value="1" />
  </node>
  <node id="TOTAL">
    <attribute name="FREQUENCY" value="1" />
  </node>
  <node id="TRUE">
    <attribute name="FREQUENCY" value="1" />
  </node>
  <node id="TURN">
    <attribute name="FREQUENCY" value="1" />
  </node>
  <node id="UNDERWEIGHT">
    <attribute name="FREQUENCY" value="3" />
  </node>
  <node id="UNDESIRABLE">
    <attribute name="FREQUENCY" value="1" />
  </node>
  <node id="UNIVERSITY">
    <attribute name="FREQUENCY" value="1" />
  </node>
  <node id="UNSURE">
    <attribute name="FREQUENCY" value="1" />
  </node>
  <node id="WEDNESDAY">
    <attribute name="FREQUENCY" value="1" />
  </node>
  <node id="WEEK">
    <attribute name="FREQUENCY" value="3" />
  </node>
  <node id="WEIGHT">
    <attribute name="FREQUENCY" value="23" />
  </node>
  <node id="WOMEN">
    <attribute name="FREQUENCY" value="20" />
  </node>
  <node id="WORRY">
    <attribute name="FREQUENCY" value="1" />
  </node>
  <node id="WRITE">
    <attribute name="FREQUENCY" value="2" />
  </node>
  <node id="WROTE">
    <attribute name="FREQUENCY" value="2" />
  </node>
  <node id="YAHOO">
    <attribute name="FREQUENCY" value="4" />
  </node>
  <node id="YORK">
    <attribute name="FREQUENCY" value="2" />
  </node>
  <edge from="ANN" to="LEDERMAN">
    <attribute name="TEXT" value="1" />
  </edge>
  <edge from="AVERAGE" to="WEIGHT">
    <attribute name="TEXT" value="1" />
  </edge>
  <edge from="AVERAGE-WEIGHT" to="WOMEN">
    <attribute name="TEXT" value="1" />
  </edge>
  <edge from="BODY" to="FAT">
    <attribute name="TEXT" value="3" />
  </edge>
  <edge from="BODY" to="WEIGHT">
    <attribute name="TEXT" value="4" />
  </edge>
  <edge from="COLUMBIA" to="UNIVERSITY">
    <attribute name="TEXT" value="1" />
  </edge>
  <edge from="CONSIDERED" to="UNDERWEIGHT">
    <attribute name="TEXT" value="1" />
  </edge>
  <edge from="CPR" to="LESSONS">
    <attribute name="LINKS" value="2" />
  </edge>
  <edge from="CPR" to="LESSONSANDSUPPORT">
    <attribute name="TEXT" value="2" />
  </edge>
  <edge from="EATING" to="HABITS">
    <attribute name="TEXT" value="1" />
  </edge>
  <edge from="ENCOUNTERED" to="DIFFICULTIES">
    <attribute name="TEXT" value="1" />
  </edge>
  <edge from="ENCOURAGE" to="WOMEN">
    <attribute name="TEXT" value="1" />
  </edge>
  <edge from="EXCESSIVE" to="FATNESS">
    <attribute name="TEXT" value="1" />
  </edge>
  <edge from="EXCESSIVE" to="WEIGHT">
    <attribute name="TEXT" value="2" />
  </edge>
  <edge from="FACTORS" to="PREDISPOSE">
    <attribute name="TEXT" value="1" />
  </edge>
  <edge from="FEAR" to="GAIN">
    <attribute name="TEXT" value="1" />
  </edge>
  <edge from="FINDINGS" to="HELD">
    <attribute name="TEXT" value="1" />
  </edge>
  <edge from="FOOD" to="CHOICE">
    <attribute name="TEXT" value="1" />
  </edge>
  <edge from="FUTURE" to="OBESITY">
    <attribute name="TEXT" value="1" />
  </edge>
  <edge from="FUTURE" to="RESEARCH">
    <attribute name="TEXT" value="1" />
  </edge>
  <edge from="GAIN" to="POSTPARTUM">
    <attribute name="TEXT" value="1" />
  </edge>
  <edge from="GAIN" to="WEIGHT">
    <attribute name="TEXT" value="1" />
  </edge>
  <edge from="HEALTH" to="STORIES">
    <attribute name="TEXT" value="1" />
  </edge>
  <edge from="HEALTHY" to="DIET">
    <attribute name="TEXT" value="1" />
  </edge>
  <edge from="HEALTHY" to="PREGNANCY">
    <attribute name="TEXT" value="1" />
  </edge>
  <edge from="HEART" to="HEALTHY">
    <attribute name="TEXT" value="4" />
    <attribute name="LINKS" value="4" />
  </edge>
  <edge from="HEART" to="HEALTHY">
    <attribute name="TEXT" value="4" />
    <attribute name="LINKS" value="4" />
  </edge>
  <edge from="HEART" to="PATIENTS">
    <attribute name="TEXT" value="2" />
    <attribute name="LINKS" value="2" />
  </edge>
  <edge from="HEART" to="PATIENTS">
    <attribute name="TEXT" value="2" />
    <attribute name="LINKS" value="2" />
  </edge>
  <edge from="HELD" to="TRUE">
    <attribute name="TEXT" value="1" />
  </edge>
  <edge from="HELPING" to="HAND">
    <attribute name="TEXT" value="4" />
    <attribute name="LINKS" value="4" />
  </edge>
  <edge from="HELPING" to="HAND">
    <attribute name="TEXT" value="4" />
    <attribute name="LINKS" value="4" />
  </edge>
  <edge from="IDENTIFY" to="METHOD">
    <attribute name="TEXT" value="1" />
  </edge>
  <edge from="IMPAIR" to="BREASTFEEDING">
    <attribute name="TEXT" value="1" />
  </edge>
  <edge from="IMPORTANT" to="ISSUE">
    <attribute name="TEXT" value="1" />
  </edge>
  <edge from="LEDERMAN" to="WROTE">
    <attribute name="TEXT" value="1" />
  </edge>
  <edge from="LIMIT" to="FOOD">
    <attribute name="TEXT" value="1" />
  </edge>
  <edge from="LIMIT" to="WEIGHT">
    <attribute name="TEXT" value="1" />
  </edge>
  <edge from="MAINTAIN" to="HEALTHY">
    <attribute name="TEXT" value="1" />
  </edge>
  <edge from="MEDICINE" to="RECOMMEND">
    <attribute name="TEXT" value="1" />
  </edge>
  <edge from="MODEST" to="AMOUNT">
    <attribute name="TEXT" value="1" />
  </edge>
  <edge from="NORMAL" to="BODY">
    <attribute name="TEXT" value="1" />
  </edge>
  <edge from="NORMAL" to="WEIGHT">
    <attribute name="TEXT" value="1" />
  </edge>
  <edge from="OBESE" to="WOMEN">
    <attribute name="TEXT" value="2" />
  </edge>
  <edge from="OBESITY" to="RISK">
    <attribute name="TEXT" value="1" />
    <attribute name="KEYWORDS" value="1" />
  </edge>
  <edge from="OBESITY" to="RISK">
    <attribute name="TEXT" value="1" />
    <attribute name="KEYWORDS" value="1" />
  </edge>
  <edge from="OBSTETRICSAND" to="GYNECOLOGY">
    <attribute name="TEXT" value="1" />
  </edge>
  <edge from="OCTOBER" to="ISSUE">
    <attribute name="TEXT" value="1" />
  </edge>
  <edge from="OVERWEIGHT" to="WOMEN">
    <attribute name="TEXT" value="1" />
  </edge>
  <edge from="PATIENTS" to="CPR">
    <attribute name="TEXT" value="2" />
  </edge>
  <edge from="PM" to="EDT">
    <attribute name="TEXT" value="1" />
  </edge>
  <edge from="POSTPARTUM" to="WEEK">
    <attribute name="TEXT" value="1" />
  </edge>
  <edge from="POUNDS" to="ENCOUNTERED">
    <attribute name="TEXT" value="1" />
  </edge>
  <edge from="PRE-PREGNANCY" to="BODY">
    <attribute name="TEXT" value="1" />
  </edge>
  <edge from="PREDISPOSE" to="PREGNANT">
    <attribute name="TEXT" value="1" />
  </edge>
  <edge from="PREGNANCY" to="WEIGHT">
    <attribute name="TEXT" value="2" />
    <attribute name="KEYWORDS" value="1" />
  </edge>
  <edge from="PREGNANCY" to="WEIGHT">
    <attribute name="TEXT" value="2" />
    <attribute name="KEYWORDS" value="1" />
  </edge>
  <edge from="PREGNANT" to="WOMEN">
    <attribute name="TEXT" value="1" />
  </edge>
  <edge from="PREVENT" to="FUTURE">
    <attribute name="TEXT" value="1" />
  </edge>
  <edge from="PREVENT" to="UNDESIRABLE">
    <attribute name="TEXT" value="1" />
  </edge>
  <edge from="PUBLIC" to="HEALTH">
    <attribute name="TEXT" value="1" />
  </edge>
  <edge from="RECOMMEND" to="PREGNANCY">
    <attribute name="TEXT" value="1" />
  </edge>
  <edge from="RECOMMENDED" to="AMOUNT">
    <attribute name="TEXT" value="3" />
  </edge>
  <edge from="RESEARCHERS" to="REPORTED">
    <attribute name="TEXT" value="1" />
  </edge>
  <edge from="REUTERS" to="LIMITED">
    <attribute name="TEXT" value="1" />
  </edge>
  <edge from="SALLY" to="ANN">
    <attribute name="TEXT" value="1" />
  </edge>
  <edge from="STORIES" to="FAT">
    <attribute name="TEXT" value="1" />
  </edge>
  <edge from="STUDY" to="INVOLVED">
    <attribute name="TEXT" value="1" />
  </edge>
  <edge from="TEXT" to="HEADLINES">
    <attribute name="TEXT" value="1" />
  </edge>
  <edge from="TOTAL" to="BODY">
    <attribute name="TEXT" value="1" />
  </edge>
  <edge from="UNDERWEIGHT" to="WOMEN">
    <attribute name="TEXT" value="1" />
  </edge>
  <edge from="UNDESIRABLE" to="WEIGHT">
    <attribute name="TEXT" value="1" />
  </edge>
  <edge from="UNIVERSITY" to="SCHOOL">
    <attribute name="TEXT" value="1" />
  </edge>
  <edge from="WEDNESDAY" to="OCTOBER">
    <attribute name="TEXT" value="1" />
  </edge>
  <edge from="WEIGHT" to="GAIN">
    <attribute name="TEXT" value="7" />
    <attribute name="KEYWORDS" value="1" />
  </edge>
  <edge from="WEIGHT" to="GAIN">
    <attribute name="TEXT" value="7" />
    <attribute name="KEYWORDS" value="1" />
  </edge>
  <edge from="WEIGHT" to="RECOMMENDED">
    <attribute name="TEXT" value="2" />
  </edge>
  <edge from="WOMEN" to="GAINED">
    <attribute name="TEXT" value="2" />
  </edge>
  <edge from="YORK" to="RESEARCHERS">
    <attribute name="TEXT" value="1" />
  </edge>
</graph>
