<graph>
  <node id="A-RICH">
    <attribute name="FREQUENCY" value="1" />
  </node>
  <node id="ABLE">
    <attribute name="FREQUENCY" value="1" />
  </node>
  <node id="ADEQUATE">
    <attribute name="FREQUENCY" value="2" />
  </node>
  <node id="AIDS">
    <attribute name="FREQUENCY" value="4" />
  </node>
  <node id="AMERICAN">
    <attribute name="FREQUENCY" value="2" />
  </node>
  <node id="AMOUNT">
    <attribute name="FREQUENCY" value="1" />
  </node>
  <node id="APPARENT">
    <attribute name="FREQUENCY" value="1" />
  </node>
  <node id="APPEARS">
    <attribute name="FREQUENCY" value="1" />
  </node>
  <node id="ASSISTANT">
    <attribute name="FREQUENCY" value="1" />
  </node>
  <node id="ATE">
    <attribute name="FREQUENCY" value="1" />
  </node>
  <node id="BIZ">
    <attribute name="FREQUENCY" value="4" />
  </node>
  <node id="BREAST">
    <attribute name="FREQUENCY" value="2" />
  </node>
  <node id="BROWN">
    <attribute name="FREQUENCY" value="1" />
  </node>
  <node id="CALIFORNIA">
    <attribute name="FREQUENCY" value="1" />
  </node>
  <node id="CANCER">
    <attribute name="FREQUENCY" value="6" />
  </node>
  <node id="CANCER-FIGHTING">
    <attribute name="FREQUENCY" value="1" />
  </node>
  <node id="CAPSULES">
    <attribute name="FREQUENCY" value="1" />
  </node>
  <node id="CELLS">
    <attribute name="FREQUENCY" value="4" />
  </node>
  <node id="CO-AUTHOR">
    <attribute name="FREQUENCY" value="1" />
  </node>
  <node id="COMMENTS">
    <attribute name="FREQUENCY" value="2" />
  </node>
  <node id="COMPARISON">
    <attribute name="FREQUENCY" value="2" />
  </node>
  <node id="DAY">
    <attribute name="FREQUENCY" value="2" />
  </node>
  <node id="DEADLY">
    <attribute name="FREQUENCY" value="1" />
  </node>
  <node id="DEAL">
    <attribute name="FREQUENCY" value="1" />
  </node>
  <node id="DEFICIENCY">
    <attribute name="FREQUENCY" value="1" />
  </node>
  <node id="DETERMINE">
    <attribute name="FREQUENCY" value="1" />
  </node>
  <node id="DEVELOP">
    <attribute name="FREQUENCY" value="1" />
  </node>
  <node id="DEVELOPED">
    <attribute name="FREQUENCY" value="4" />
  </node>
  <node id="DIAGNOSED">
    <attribute name="FREQUENCY" value="1" />
  </node>
  <node id="DIES">
    <attribute name="FREQUENCY" value="1" />
  </node>
  <node id="DIET">
    <attribute name="FREQUENCY" value="5" />
  </node>
  <node id="DISEASE">
    <attribute name="FREQUENCY" value="1" />
  </node>
  <node id="DOSE">
    <attribute name="FREQUENCY" value="5" />
  </node>
  <node id="DRAMATIC">
    <attribute name="FREQUENCY" value="1" />
  </node>
  <node id="DYSPLASTIC">
    <attribute name="FREQUENCY" value="1" />
  </node>
  <node id="EARLIER">
    <attribute name="FREQUENCY" value="1" />
  </node>
  <node id="EDT">
    <attribute name="FREQUENCY" value="1" />
  </node>
  <node id="EFFECT">
    <attribute name="FREQUENCY" value="3" />
  </node>
  <node id="EFFECTIVE">
    <attribute name="FREQUENCY" value="1" />
  </node>
  <node id="ENCAPSULATION">
    <attribute name="FREQUENCY" value="1" />
  </node>
  <node id="ENCOURAGE">
    <attribute name="FREQUENCY" value="2" />
  </node>
  <node id="ENSURE">
    <attribute name="FREQUENCY" value="1" />
  </node>
  <node id="ENTERTAIN">
    <attribute name="FREQUENCY" value="4" />
  </node>
  <node id="EPIDEMIC">
    <attribute name="FREQUENCY" value="4" />
  </node>
  <node id="FACT">
    <attribute name="FREQUENCY" value="1" />
  </node>
  <node id="FACTORS">
    <attribute name="FREQUENCY" value="4" />
  </node>
  <node id="FAILS">
    <attribute name="FREQUENCY" value="1" />
  </node>
  <node id="FED">
    <attribute name="FREQUENCY" value="5" />
  </node>
  <node id="FETUS">
    <attribute name="FREQUENCY" value="4" />
  </node>
  <node id="FEWER">
    <attribute name="FREQUENCY" value="1" />
  </node>
  <node id="FIGHT">
    <attribute name="FREQUENCY" value="6" />
  </node>
  <node id="FORM">
    <attribute name="FREQUENCY" value="1" />
  </node>
  <node id="FRANCISCO">
    <attribute name="FREQUENCY" value="1" />
  </node>
  <node id="GRAY">
    <attribute name="FREQUENCY" value="4" />
  </node>
  <node id="GREAT">
    <attribute name="FREQUENCY" value="1" />
  </node>
  <node id="GROUP">
    <attribute name="FREQUENCY" value="3" />
  </node>
  <node id="GROWTH">
    <attribute name="FREQUENCY" value="1" />
  </node>
  <node id="HEADLINES">
    <attribute name="FREQUENCY" value="1" />
  </node>
  <node id="HEALTH">
    <attribute name="FREQUENCY" value="4" />
  </node>
  <node id="HELPS">
    <attribute name="FREQUENCY" value="1" />
  </node>
  <node id="HIGH">
    <attribute name="FREQUENCY" value="4" />
  </node>
  <node id="HIGHER">
    <attribute name="FREQUENCY" value="1" />
  </node>
  <node id="HTML">
    <attribute name="FREQUENCY" value="1" />
  </node>
  <node id="HUMAN">
    <attribute name="FREQUENCY" value="2" />
  </node>
  <node id="HYPERVITAMINOSIS">
    <attribute name="FREQUENCY" value="1" />
  </node>
  <node id="IMMEDIATELY">
    <attribute name="FREQUENCY" value="1" />
  </node>
  <node id="INCLUDING">
    <attribute name="FREQUENCY" value="1" />
  </node>
  <node id="INFO">
    <attribute name="FREQUENCY" value="2" />
  </node>
  <node id="INJECTED">
    <attribute name="FREQUENCY" value="2" />
  </node>
  <node id="INJECTION">
    <attribute name="FREQUENCY" value="1" />
  </node>
  <node id="INOCULATION">
    <attribute name="FREQUENCY" value="1" />
  </node>
  <node id="INTAKE">
    <attribute name="FREQUENCY" value="3" />
  </node>
  <node id="INTERFERON">
    <attribute name="FREQUENCY" value="1" />
  </node>
  <node id="INTERNATIONAL">
    <attribute name="FREQUENCY" value="1" />
  </node>
  <node id="ISLAND">
    <attribute name="FREQUENCY" value="1" />
  </node>
  <node id="IU">
    <attribute name="FREQUENCY" value="1" />
  </node>
  <node id="LARGER">
    <attribute name="FREQUENCY" value="1" />
  </node>
  <node id="LETHAL">
    <attribute name="FREQUENCY" value="1" />
  </node>
  <node id="LIMITED">
    <attribute name="FREQUENCY" value="1" />
  </node>
  <node id="LONG-TERM">
    <attribute name="FREQUENCY" value="1" />
  </node>
  <node id="LUNG">
    <attribute name="FREQUENCY" value="2" />
  </node>
  <node id="MALIGNANT">
    <attribute name="FREQUENCY" value="3" />
  </node>
  <node id="MEETING">
    <attribute name="FREQUENCY" value="1" />
  </node>
  <node id="MELANOMA">
    <attribute name="FREQUENCY" value="10" />
  </node>
  <node id="MICE">
    <attribute name="FREQUENCY" value="12" />
  </node>
  <node id="MOLES">
    <attribute name="FREQUENCY" value="1" />
  </node>
  <node id="MON">
    <attribute name="FREQUENCY" value="1" />
  </node>
  <node id="NECESSARILY">
    <attribute name="FREQUENCY" value="1" />
  </node>
  <node id="NEEDED">
    <attribute name="FREQUENCY" value="1" />
  </node>
  <node id="NEVI">
    <attribute name="FREQUENCY" value="1" />
  </node>
  <node id="NEWS">
    <attribute name="FREQUENCY" value="4" />
  </node>
  <node id="NORMAL">
    <attribute name="FREQUENCY" value="3" />
  </node>
  <node id="NOTED">
    <attribute name="FREQUENCY" value="1" />
  </node>
  <node id="OFFER">
    <attribute name="FREQUENCY" value="1" />
  </node>
  <node id="PEOPLE">
    <attribute name="FREQUENCY" value="1" />
  </node>
  <node id="PICK">
    <attribute name="FREQUENCY" value="1" />
  </node>
  <node id="PLASTIC">
    <attribute name="FREQUENCY" value="2" />
  </node>
  <node id="PM">
    <attribute name="FREQUENCY" value="2" />
  </node>
  <node id="POLITIC">
    <attribute name="FREQUENCY" value="4" />
  </node>
  <node id="PREDISPOSITION">
    <attribute name="FREQUENCY" value="1" />
  </node>
  <node id="PREGNANCY">
    <attribute name="FREQUENCY" value="4" />
  </node>
  <node id="PRESENTED">
    <attribute name="FREQUENCY" value="1" />
  </node>
  <node id="PREVENT">
    <attribute name="FREQUENCY" value="2" />
  </node>
  <node id="PROFESSOR">
    <attribute name="FREQUENCY" value="1" />
  </node>
  <node id="PROGRESS">
    <attribute name="FREQUENCY" value="1" />
  </node>
  <node id="PROMOTE">
    <attribute name="FREQUENCY" value="2" />
  </node>
  <node id="PROPERTIES">
    <attribute name="FREQUENCY" value="1" />
  </node>
  <node id="PROTECT">
    <attribute name="FREQUENCY" value="4" />
  </node>
  <node id="PROVIDENCE">
    <attribute name="FREQUENCY" value="1" />
  </node>
  <node id="QUESTIONS">
    <attribute name="FREQUENCY" value="2" />
  </node>
  <node id="RAPIDLY">
    <attribute name="FREQUENCY" value="1" />
  </node>
  <node id="RAREST">
    <attribute name="FREQUENCY" value="1" />
  </node>
  <node id="RATE">
    <attribute name="FREQUENCY" value="1" />
  </node>
  <node id="RECEIVE">
    <attribute name="FREQUENCY" value="1" />
  </node>
  <node id="RECOMMEND">
    <attribute name="FREQUENCY" value="1" />
  </node>
  <node id="RECONSTRUCTIVE">
    <attribute name="FREQUENCY" value="1" />
  </node>
  <node id="RELATED">
    <attribute name="FREQUENCY" value="1" />
  </node>
  <node id="RESEARCHERS">
    <attribute name="FREQUENCY" value="1" />
  </node>
  <node id="REUTERS">
    <attribute name="FREQUENCY" value="2" />
  </node>
  <node id="RHODE">
    <attribute name="FREQUENCY" value="1" />
  </node>
  <node id="RICHARD">
    <attribute name="FREQUENCY" value="1" />
  </node>
  <node id="RISK">
    <attribute name="FREQUENCY" value="1" />
  </node>
  <node id="RODENTS">
    <attribute name="FREQUENCY" value="1" />
  </node>
  <node id="SAFE">
    <attribute name="FREQUENCY" value="2" />
  </node>
  <node id="SALUTARY">
    <attribute name="FREQUENCY" value="1" />
  </node>
  <node id="SAN">
    <attribute name="FREQUENCY" value="1" />
  </node>
  <node id="SCHEDULED">
    <attribute name="FREQUENCY" value="1" />
  </node>
  <node id="SCOREBOARD">
    <attribute name="FREQUENCY" value="4" />
  </node>
  <node id="SEP">
    <attribute name="FREQUENCY" value="1" />
  </node>
  <node id="SEPTEMBER">
    <attribute name="FREQUENCY" value="1" />
  </node>
  <node id="SERIES">
    <attribute name="FREQUENCY" value="1" />
  </node>
  <node id="SIGNIFICANCE">
    <attribute name="FREQUENCY" value="1" />
  </node>
  <node id="SKIN">
    <attribute name="FREQUENCY" value="2" />
  </node>
  <node id="SLOW">
    <attribute name="FREQUENCY" value="1" />
  </node>
  <node id="SOCIETY">
    <attribute name="FREQUENCY" value="2" />
  </node>
  <node id="SPECIFICALLY">
    <attribute name="FREQUENCY" value="1" />
  </node>
  <node id="SPLIT">
    <attribute name="FREQUENCY" value="1" />
  </node>
  <node id="SPORT">
    <attribute name="FREQUENCY" value="4" />
  </node>
  <node id="START">
    <attribute name="FREQUENCY" value="1" />
  </node>
  <node id="STORIES">
    <attribute name="FREQUENCY" value="2" />
  </node>
  <node id="STORY">
    <attribute name="FREQUENCY" value="4" />
  </node>
  <node id="STRONG">
    <attribute name="FREQUENCY" value="1" />
  </node>
  <node id="STUDY">
    <attribute name="FREQUENCY" value="8" />
  </node>
  <node id="SUGGESTIONS">
    <attribute name="FREQUENCY" value="1" />
  </node>
  <node id="SUGGESTS">
    <attribute name="FREQUENCY" value="1" />
  </node>
  <node id="SURGEON">
    <attribute name="FREQUENCY" value="1" />
  </node>
  <node id="SURGERY">
    <attribute name="FREQUENCY" value="1" />
  </node>
  <node id="SURVIVAL">
    <attribute name="FREQUENCY" value="1" />
  </node>
  <node id="SURVIVE">
    <attribute name="FREQUENCY" value="1" />
  </node>
  <node id="SURVIVED">
    <attribute name="FREQUENCY" value="3" />
  </node>
  <node id="TAMKINS">
    <attribute name="FREQUENCY" value="1" />
  </node>
  <node id="TECH">
    <attribute name="FREQUENCY" value="4" />
  </node>
  <node id="TERMS">
    <attribute name="FREQUENCY" value="1" />
  </node>
  <node id="TEXT">
    <attribute name="FREQUENCY" value="1" />
  </node>
  <node id="THERAPY">
    <attribute name="FREQUENCY" value="1" />
  </node>
  <node id="THERESA">
    <attribute name="FREQUENCY" value="1" />
  </node>
  <node id="TIMES">
    <attribute name="FREQUENCY" value="2" />
  </node>
  <node id="TOXIC">
    <attribute name="FREQUENCY" value="1" />
  </node>
  <node id="TREATMENT">
    <attribute name="FREQUENCY" value="1" />
  </node>
  <node id="TUESDAY">
    <attribute name="FREQUENCY" value="1" />
  </node>
  <node id="TUMOR">
    <attribute name="FREQUENCY" value="9" />
  </node>
  <node id="TYPE">
    <attribute name="FREQUENCY" value="2" />
  </node>
  <node id="UNIT">
    <attribute name="FREQUENCY" value="1" />
  </node>
  <node id="UNIVERSITY">
    <attribute name="FREQUENCY" value="1" />
  </node>
  <node id="UNUSUAL">
    <attribute name="FREQUENCY" value="1" />
  </node>
  <node id="VITAMIN">
    <attribute name="FREQUENCY" value="21" />
  </node>
  <node id="WEEK">
    <attribute name="FREQUENCY" value="1" />
  </node>
  <node id="WOUND-HEALING">
    <attribute name="FREQUENCY" value="1" />
  </node>
  <node id="WRITE">
    <attribute name="FREQUENCY" value="2" />
  </node>
  <node id="YAHOO">
    <attribute name="FREQUENCY" value="4" />
  </node>
  <node id="YEAR">
    <attribute name="FREQUENCY" value="1" />
  </node>
  <node id="YORK">
    <attribute name="FREQUENCY" value="1" />
  </node>
  <node id="ZIENOWICZ">
    <attribute name="FREQUENCY" value="4" />
  </node>
  <edge from="A-RICH" to="DIET">
    <attribute name="TEXT" value="1" />
  </edge>
  <edge from="ADEQUATE" to="AMOUNT">
    <attribute name="TEXT" value="1" />
  </edge>
  <edge from="ADEQUATE" to="INTAKE">
    <attribute name="TEXT" value="1" />
  </edge>
  <edge from="AIDS" to="EPIDEMIC">
    <attribute name="TEXT" value="2" />
    <attribute name="LINKS" value="2" />
  </edge>
  <edge from="AIDS" to="EPIDEMIC">
    <attribute name="TEXT" value="2" />
    <attribute name="LINKS" value="2" />
  </edge>
  <edge from="AMERICAN" to="CANCER">
    <attribute name="TEXT" value="1" />
  </edge>
  <edge from="AMERICAN" to="SOCIETY">
    <attribute name="TEXT" value="1" />
  </edge>
  <edge from="APPARENT" to="TOXIC">
    <attribute name="TEXT" value="1" />
  </edge>
  <edge from="ASSISTANT" to="PROFESSOR">
    <attribute name="TEXT" value="1" />
  </edge>
  <edge from="BROWN" to="UNIVERSITY">
    <attribute name="TEXT" value="1" />
  </edge>
  <edge from="CANCER" to="CELLS">
    <attribute name="TEXT" value="2" />
  </edge>
  <edge from="CANCER" to="SOCIETY">
    <attribute name="TEXT" value="1" />
  </edge>
  <edge from="CANCER-FIGHTING" to="PROPERTIES">
    <attribute name="TEXT" value="1" />
  </edge>
  <edge from="CELLS" to="INJECTION">
    <attribute name="TEXT" value="1" />
  </edge>
  <edge from="CELLS" to="SLOW">
    <attribute name="TEXT" value="1" />
  </edge>
  <edge from="DEVELOP" to="TUMOR">
    <attribute name="TEXT" value="1" />
  </edge>
  <edge from="DEVELOPED" to="TUMOR">
    <attribute name="TEXT" value="4" />
  </edge>
  <edge from="DIET" to="DEVELOPED">
    <attribute name="TEXT" value="1" />
  </edge>
  <edge from="DIET" to="START">
    <attribute name="TEXT" value="1" />
  </edge>
  <edge from="DYSPLASTIC" to="NEVI">
    <attribute name="TEXT" value="1" />
  </edge>
  <edge from="EARLIER" to="RELATED">
    <attribute name="TEXT" value="1" />
  </edge>
  <edge from="FACTORS" to="PROTECT">
    <attribute name="TEXT" value="8" />
    <attribute name="LINKS" value="8" />
  </edge>
  <edge from="FACTORS" to="PROTECT">
    <attribute name="TEXT" value="8" />
    <attribute name="LINKS" value="8" />
  </edge>
  <edge from="FED" to="NORMAL">
    <attribute name="TEXT" value="2" />
  </edge>
  <edge from="FED" to="VITAMIN">
    <attribute name="TEXT" value="1" />
  </edge>
  <edge from="FEWER" to="SURVIVED">
    <attribute name="TEXT" value="1" />
  </edge>
  <edge from="FIGHT" to="BREAST">
    <attribute name="TEXT" value="1" />
  </edge>
  <edge from="FIGHT" to="MALIGNANT">
    <attribute name="TEXT" value="1" />
  </edge>
  <edge from="FIGHT" to="MELANOMA">
    <attribute name="TEXT" value="2" />
    <attribute name="LINKS" value="1" />
    <attribute name="KEYWORDS" value="1" />
  </edge>
  <edge from="FIGHT" to="MELANOMA">
    <attribute name="TEXT" value="2" />
    <attribute name="LINKS" value="1" />
    <attribute name="KEYWORDS" value="1" />
  </edge>
  <edge from="FIGHT" to="MELANOMA">
    <attribute name="TEXT" value="2" />
    <attribute name="LINKS" value="1" />
    <attribute name="KEYWORDS" value="1" />
  </edge>
  <edge from="FRANCISCO" to="CALIFORNIA">
    <attribute name="TEXT" value="1" />
  </edge>
  <edge from="GREAT" to="DEAL">
    <attribute name="TEXT" value="1" />
  </edge>
  <edge from="HEALTH" to="STORIES">
    <attribute name="TEXT" value="1" />
  </edge>
  <edge from="HIGH" to="DOSE">
    <attribute name="TEXT" value="4" />
  </edge>
  <edge from="INCLUDING" to="FIGHT">
    <attribute name="TEXT" value="1" />
  </edge>
  <edge from="INOCULATION" to="DEVELOPED">
    <attribute name="TEXT" value="1" />
  </edge>
  <edge from="INTERFERON" to="THERAPY">
    <attribute name="TEXT" value="1" />
  </edge>
  <edge from="INTERNATIONAL" to="UNIT">
    <attribute name="TEXT" value="1" />
  </edge>
  <edge from="LARGER" to="SERIES">
    <attribute name="TEXT" value="1" />
  </edge>
  <edge from="LETHAL" to="EFFECT">
    <attribute name="TEXT" value="1" />
  </edge>
  <edge from="LONG-TERM" to="SURVIVAL">
    <attribute name="TEXT" value="1" />
  </edge>
  <edge from="LUNG" to="TUMOR">
    <attribute name="TEXT" value="2" />
  </edge>
  <edge from="MALIGNANT" to="MELANOMA">
    <attribute name="TEXT" value="3" />
  </edge>
  <edge from="MELANOMA" to="CELLS">
    <attribute name="TEXT" value="1" />
  </edge>
  <edge from="MICE" to="BREAST">
    <attribute name="TEXT" value="1" />
  </edge>
  <edge from="MICE" to="DEVELOPED">
    <attribute name="TEXT" value="1" />
  </edge>
  <edge from="MICE" to="FED">
    <attribute name="TEXT" value="2" />
  </edge>
  <edge from="MICE" to="INCLUDING">
    <attribute name="TEXT" value="1" />
  </edge>
  <edge from="MICE" to="SUGGESTS">
    <attribute name="TEXT" value="1" />
  </edge>
  <edge from="MICE" to="SURVIVED">
    <attribute name="TEXT" value="1" />
  </edge>
  <edge from="MON" to="SEP">
    <attribute name="TEXT" value="1" />
  </edge>
  <edge from="NECESSARILY" to="SAFE">
    <attribute name="TEXT" value="1" />
  </edge>
  <edge from="NORMAL" to="DIET">
    <attribute name="TEXT" value="2" />
  </edge>
  <edge from="NORMAL" to="INTAKE">
    <attribute name="TEXT" value="1" />
  </edge>
  <edge from="PLASTIC" to="SURGERY">
    <attribute name="TEXT" value="1" />
  </edge>
  <edge from="PM" to="EDT">
    <attribute name="TEXT" value="1" />
  </edge>
  <edge from="PREGNANCY" to="FACTORS">
    <attribute name="TEXT" value="4" />
    <attribute name="LINKS" value="4" />
  </edge>
  <edge from="PREGNANCY" to="FACTORS">
    <attribute name="TEXT" value="4" />
    <attribute name="LINKS" value="4" />
  </edge>
  <edge from="PREVENT" to="DISEASE">
    <attribute name="TEXT" value="1" />
  </edge>
  <edge from="PREVENT" to="VITAMIN">
    <attribute name="TEXT" value="1" />
  </edge>
  <edge from="PROMOTE" to="CAPSULES">
    <attribute name="TEXT" value="1" />
  </edge>
  <edge from="PROMOTE" to="WOUND-HEALING">
    <attribute name="TEXT" value="1" />
  </edge>
  <edge from="PROTECT" to="FETUS">
    <attribute name="TEXT" value="4" />
    <attribute name="LINKS" value="4" />
  </edge>
  <edge from="PROTECT" to="FETUS">
    <attribute name="TEXT" value="4" />
    <attribute name="LINKS" value="4" />
  </edge>
  <edge from="PROVIDENCE" to="RHODE">
    <attribute name="TEXT" value="1" />
  </edge>
  <edge from="RAREST" to="TYPE">
    <attribute name="TEXT" value="1" />
  </edge>
  <edge from="RECEIVE" to="ADEQUATE">
    <attribute name="TEXT" value="1" />
  </edge>
  <edge from="RECONSTRUCTIVE" to="SURGEON">
    <attribute name="TEXT" value="1" />
  </edge>
  <edge from="RELATED" to="STORIES">
    <attribute name="TEXT" value="1" />
  </edge>
  <edge from="RESEARCHERS" to="NOTED">
    <attribute name="TEXT" value="1" />
  </edge>
  <edge from="REUTERS" to="LIMITED">
    <attribute name="TEXT" value="1" />
  </edge>
  <edge from="RHODE" to="ISLAND">
    <attribute name="TEXT" value="1" />
  </edge>
  <edge from="RICHARD" to="ZIENOWICZ">
    <attribute name="TEXT" value="1" />
  </edge>
  <edge from="RODENTS" to="DEVELOPED">
    <attribute name="TEXT" value="1" />
  </edge>
  <edge from="SALUTARY" to="EFFECT">
    <attribute name="TEXT" value="1" />
  </edge>
  <edge from="SAN" to="FRANCISCO">
    <attribute name="TEXT" value="1" />
  </edge>
  <edge from="SKIN" to="CANCER">
    <attribute name="TEXT" value="2" />
  </edge>
  <edge from="START" to="IMMEDIATELY">
    <attribute name="TEXT" value="1" />
  </edge>
  <edge from="STORIES" to="VITAMIN">
    <attribute name="TEXT" value="1" />
  </edge>
  <edge from="STRONG" to="SUGGESTIONS">
    <attribute name="TEXT" value="1" />
  </edge>
  <edge from="STUDY" to="CO-AUTHOR">
    <attribute name="TEXT" value="1" />
  </edge>
  <edge from="STUDY" to="SCHEDULED">
    <attribute name="TEXT" value="1" />
  </edge>
  <edge from="SURGEON" to="MEETING">
    <attribute name="TEXT" value="1" />
  </edge>
  <edge from="SURVIVAL" to="RATE">
    <attribute name="TEXT" value="1" />
  </edge>
  <edge from="TEXT" to="HEADLINES">
    <attribute name="TEXT" value="1" />
  </edge>
  <edge from="THERESA" to="TAMKINS">
    <attribute name="TEXT" value="1" />
  </edge>
  <edge from="TOXIC" to="EFFECT">
    <attribute name="TEXT" value="1" />
  </edge>
  <edge from="TUESDAY" to="SEPTEMBER">
    <attribute name="TEXT" value="1" />
  </edge>
  <edge from="TUMOR" to="CELLS">
    <attribute name="TEXT" value="1" />
  </edge>
  <edge from="TUMOR" to="SPECIFICALLY">
    <attribute name="TEXT" value="1" />
  </edge>
  <edge from="UNUSUAL" to="MOLES">
    <attribute name="TEXT" value="1" />
  </edge>
  <edge from="VITAMIN" to="A-RICH">
    <attribute name="TEXT" value="1" />
  </edge>
  <edge from="VITAMIN" to="APPEARS">
    <attribute name="TEXT" value="1" />
  </edge>
  <edge from="VITAMIN" to="DEFICIENCY">
    <attribute name="TEXT" value="1" />
  </edge>
  <edge from="VITAMIN" to="DIET">
    <attribute name="TEXT" value="1" />
  </edge>
</graph>
