<graph>
  <node id="ABLE">
    <attribute name="FREQUENCY" value="1" />
  </node>
  <node id="ACTINOBACILLUS">
    <attribute name="FREQUENCY" value="1" />
  </node>
  <node id="ACTINOMYCETEMCOMITANS">
    <attribute name="FREQUENCY" value="4" />
  </node>
  <node id="ACTUAL">
    <attribute name="FREQUENCY" value="1" />
  </node>
  <node id="ADULTS">
    <attribute name="FREQUENCY" value="1" />
  </node>
  <node id="AFFECT">
    <attribute name="FREQUENCY" value="1" />
  </node>
  <node id="AGAINST">
    <attribute name="FREQUENCY" value="1" />
  </node>
  <node id="AGE">
    <attribute name="FREQUENCY" value="2" />
  </node>
  <node id="AMERICAN">
    <attribute name="FREQUENCY" value="3" />
  </node>
  <node id="APPEARS">
    <attribute name="FREQUENCY" value="1" />
  </node>
  <node id="ASIKAINEN">
    <attribute name="FREQUENCY" value="1" />
  </node>
  <node id="ASSOCIATION">
    <attribute name="FREQUENCY" value="2" />
  </node>
  <node id="AUTHOR">
    <attribute name="FREQUENCY" value="1" />
  </node>
  <node id="BACTERIA">
    <attribute name="FREQUENCY" value="4" />
  </node>
  <node id="BACTERIAL">
    <attribute name="FREQUENCY" value="1" />
  </node>
  <node id="BACTERIUM">
    <attribute name="FREQUENCY" value="2" />
  </node>
  <node id="BASED">
    <attribute name="FREQUENCY" value="1" />
  </node>
  <node id="BEGIN">
    <attribute name="FREQUENCY" value="2" />
  </node>
  <node id="BELIEVED">
    <attribute name="FREQUENCY" value="1" />
  </node>
  <node id="BIOLOGICAL">
    <attribute name="FREQUENCY" value="1" />
  </node>
  <node id="BIZ">
    <attribute name="FREQUENCY" value="4" />
  </node>
  <node id="BLEEDING">
    <attribute name="FREQUENCY" value="1" />
  </node>
  <node id="BRING">
    <attribute name="FREQUENCY" value="1" />
  </node>
  <node id="BRUSH">
    <attribute name="FREQUENCY" value="1" />
  </node>
  <node id="CANCER">
    <attribute name="FREQUENCY" value="4" />
  </node>
  <node id="CASE">
    <attribute name="FREQUENCY" value="2" />
  </node>
  <node id="CAVITY">
    <attribute name="FREQUENCY" value="1" />
  </node>
  <node id="CHARACTERIZE">
    <attribute name="FREQUENCY" value="1" />
  </node>
  <node id="CHECK-UPS">
    <attribute name="FREQUENCY" value="1" />
  </node>
  <node id="CHILD">
    <attribute name="FREQUENCY" value="1" />
  </node>
  <node id="CHILDREN">
    <attribute name="FREQUENCY" value="2" />
  </node>
  <node id="COLONIZATION">
    <attribute name="FREQUENCY" value="2" />
  </node>
  <node id="COMMENTS">
    <attribute name="FREQUENCY" value="2" />
  </node>
  <node id="COMMON">
    <attribute name="FREQUENCY" value="2" />
  </node>
  <node id="COMMONLY">
    <attribute name="FREQUENCY" value="1" />
  </node>
  <node id="CONCLUSION">
    <attribute name="FREQUENCY" value="1" />
  </node>
  <node id="CULPRIT">
    <attribute name="FREQUENCY" value="1" />
  </node>
  <node id="CUT">
    <attribute name="FREQUENCY" value="5" />
  </node>
  <node id="DECADES">
    <attribute name="FREQUENCY" value="1" />
  </node>
  <node id="DECREASE">
    <attribute name="FREQUENCY" value="1" />
  </node>
  <node id="DEFENSE">
    <attribute name="FREQUENCY" value="1" />
  </node>
  <node id="DENTAL">
    <attribute name="FREQUENCY" value="5" />
  </node>
  <node id="DEPENDING">
    <attribute name="FREQUENCY" value="1" />
  </node>
  <node id="DISEASE">
    <attribute name="FREQUENCY" value="6" />
  </node>
  <node id="EDT">
    <attribute name="FREQUENCY" value="1" />
  </node>
  <node id="ENTERTAIN">
    <attribute name="FREQUENCY" value="4" />
  </node>
  <node id="ESTIMATES">
    <attribute name="FREQUENCY" value="1" />
  </node>
  <node id="EVERYDAY">
    <attribute name="FREQUENCY" value="2" />
  </node>
  <node id="EXPERTS">
    <attribute name="FREQUENCY" value="2" />
  </node>
  <node id="EXPOSURE">
    <attribute name="FREQUENCY" value="1" />
  </node>
  <node id="FACTORS">
    <attribute name="FREQUENCY" value="1" />
  </node>
  <node id="FAMILIES">
    <attribute name="FREQUENCY" value="4" />
  </node>
  <node id="FAMILY">
    <attribute name="FREQUENCY" value="3" />
  </node>
  <node id="FINGERPRINTING">
    <attribute name="FREQUENCY" value="1" />
  </node>
  <node id="FINNISH-AMERICAN">
    <attribute name="FREQUENCY" value="1" />
  </node>
  <node id="FLOSS">
    <attribute name="FREQUENCY" value="1" />
  </node>
  <node id="FOCUSED">
    <attribute name="FREQUENCY" value="1" />
  </node>
  <node id="FORM">
    <attribute name="FREQUENCY" value="1" />
  </node>
  <node id="FREQUENCY">
    <attribute name="FREQUENCY" value="1" />
  </node>
  <node id="FULL-BLOWN">
    <attribute name="FREQUENCY" value="1" />
  </node>
  <node id="GENE">
    <attribute name="FREQUENCY" value="4" />
  </node>
  <node id="GENETIC">
    <attribute name="FREQUENCY" value="1" />
  </node>
  <node id="GINGIVALIS">
    <attribute name="FREQUENCY" value="3" />
  </node>
  <node id="GUM">
    <attribute name="FREQUENCY" value="6" />
  </node>
  <node id="HABITS">
    <attribute name="FREQUENCY" value="1" />
  </node>
  <node id="HEADLINES">
    <attribute name="FREQUENCY" value="1" />
  </node>
  <node id="HEALTH">
    <attribute name="FREQUENCY" value="5" />
  </node>
  <node id="HELSINKI">
    <attribute name="FREQUENCY" value="1" />
  </node>
  <node id="HOLD">
    <attribute name="FREQUENCY" value="1" />
  </node>
  <node id="HTML">
    <attribute name="FREQUENCY" value="1" />
  </node>
  <node id="IMMEDIATELY">
    <attribute name="FREQUENCY" value="1" />
  </node>
  <node id="IMMUNOLOGICAL">
    <attribute name="FREQUENCY" value="1" />
  </node>
  <node id="INDISTINGUISHABLE">
    <attribute name="FREQUENCY" value="1" />
  </node>
  <node id="INDIVIDUALS">
    <attribute name="FREQUENCY" value="1" />
  </node>
  <node id="INFECTION">
    <attribute name="FREQUENCY" value="5" />
  </node>
  <node id="INFECTIOUS">
    <attribute name="FREQUENCY" value="1" />
  </node>
  <node id="INFLAMED">
    <attribute name="FREQUENCY" value="1" />
  </node>
  <node id="INFO">
    <attribute name="FREQUENCY" value="2" />
  </node>
  <node id="INSTITUTE">
    <attribute name="FREQUENCY" value="1" />
  </node>
  <node id="INTRA-FAMILY">
    <attribute name="FREQUENCY" value="1" />
  </node>
  <node id="INTRODUCTION">
    <attribute name="FREQUENCY" value="1" />
  </node>
  <node id="INVESTIGATORS">
    <attribute name="FREQUENCY" value="2" />
  </node>
  <node id="JADA">
    <attribute name="FREQUENCY" value="1" />
  </node>
  <node id="JOINT">
    <attribute name="FREQUENCY" value="1" />
  </node>
  <node id="JOURNAL">
    <attribute name="FREQUENCY" value="2" />
  </node>
  <node id="LATEST">
    <attribute name="FREQUENCY" value="1" />
  </node>
  <node id="LEAD">
    <attribute name="FREQUENCY" value="1" />
  </node>
  <node id="LED">
    <attribute name="FREQUENCY" value="1" />
  </node>
  <node id="LIFE">
    <attribute name="FREQUENCY" value="1" />
  </node>
  <node id="LIKELIHOOD">
    <attribute name="FREQUENCY" value="1" />
  </node>
  <node id="LIMITED">
    <attribute name="FREQUENCY" value="1" />
  </node>
  <node id="LINE">
    <attribute name="FREQUENCY" value="1" />
  </node>
  <node id="LIVER">
    <attribute name="FREQUENCY" value="4" />
  </node>
  <node id="LYME">
    <attribute name="FREQUENCY" value="4" />
  </node>
  <node id="MAINTAIN">
    <attribute name="FREQUENCY" value="1" />
  </node>
  <node id="MAJOR">
    <attribute name="FREQUENCY" value="1" />
  </node>
  <node id="MEMBERS">
    <attribute name="FREQUENCY" value="1" />
  </node>
  <node id="MICROBE">
    <attribute name="FREQUENCY" value="2" />
  </node>
  <node id="MONTH">
    <attribute name="FREQUENCY" value="1" />
  </node>
  <node id="MOUTH">
    <attribute name="FREQUENCY" value="2" />
  </node>
  <node id="MOUTH-TO-MOUTH">
    <attribute name="FREQUENCY" value="1" />
  </node>
  <node id="NATIONAL">
    <attribute name="FREQUENCY" value="1" />
  </node>
  <node id="NEGATIVE">
    <attribute name="FREQUENCY" value="1" />
  </node>
  <node id="NEWS">
    <attribute name="FREQUENCY" value="4" />
  </node>
  <node id="NUMBERS">
    <attribute name="FREQUENCY" value="1" />
  </node>
  <node id="OCCUR">
    <attribute name="FREQUENCY" value="1" />
  </node>
  <node id="ORAL">
    <attribute name="FREQUENCY" value="2" />
  </node>
  <node id="PARENTS">
    <attribute name="FREQUENCY" value="4" />
  </node>
  <node id="PASSED">
    <attribute name="FREQUENCY" value="1" />
  </node>
  <node id="PATHOGENS">
    <attribute name="FREQUENCY" value="1" />
  </node>
  <node id="PEDIATRICS">
    <attribute name="FREQUENCY" value="1" />
  </node>
  <node id="PEOPLE">
    <attribute name="FREQUENCY" value="1" />
  </node>
  <node id="PERIODONTAL">
    <attribute name="FREQUENCY" value="5" />
  </node>
  <node id="PERIODONTITIS">
    <attribute name="FREQUENCY" value="1" />
  </node>
  <node id="PM">
    <attribute name="FREQUENCY" value="1" />
  </node>
  <node id="POINT">
    <attribute name="FREQUENCY" value="4" />
  </node>
  <node id="POLITIC">
    <attribute name="FREQUENCY" value="4" />
  </node>
  <node id="PORPHYROMONAS">
    <attribute name="FREQUENCY" value="1" />
  </node>
  <node id="POSITIVE">
    <attribute name="FREQUENCY" value="1" />
  </node>
  <node id="PROMISE">
    <attribute name="FREQUENCY" value="4" />
  </node>
  <node id="PUBERTY">
    <attribute name="FREQUENCY" value="1" />
  </node>
  <node id="QUESTIONS">
    <attribute name="FREQUENCY" value="2" />
  </node>
  <node id="REDUCE">
    <attribute name="FREQUENCY" value="1" />
  </node>
  <node id="RESEARCH">
    <attribute name="FREQUENCY" value="2" />
  </node>
  <node id="RESEARCHERS">
    <attribute name="FREQUENCY" value="4" />
  </node>
  <node id="REUTERS">
    <attribute name="FREQUENCY" value="2" />
  </node>
  <node id="REVIEW">
    <attribute name="FREQUENCY" value="1" />
  </node>
  <node id="RISK">
    <attribute name="FREQUENCY" value="3" />
  </node>
  <node id="ROUTE">
    <attribute name="FREQUENCY" value="2" />
  </node>
  <node id="SALIVA">
    <attribute name="FREQUENCY" value="3" />
  </node>
  <node id="SALIVARY">
    <attribute name="FREQUENCY" value="1" />
  </node>
  <node id="SAMPLES">
    <attribute name="FREQUENCY" value="1" />
  </node>
  <node id="SCOREBOARD">
    <attribute name="FREQUENCY" value="4" />
  </node>
  <node id="SEPARATELY-TESTED">
    <attribute name="FREQUENCY" value="1" />
  </node>
  <node id="SEPTEMBER">
    <attribute name="FREQUENCY" value="1" />
  </node>
  <node id="SIRKKA">
    <attribute name="FREQUENCY" value="1" />
  </node>
  <node id="SOURCE">
    <attribute name="FREQUENCY" value="2" />
  </node>
  <node id="SPECIES">
    <attribute name="FREQUENCY" value="1" />
  </node>
  <node id="SPORT">
    <attribute name="FREQUENCY" value="4" />
  </node>
  <node id="STEP">
    <attribute name="FREQUENCY" value="1" />
  </node>
  <node id="STORIES">
    <attribute name="FREQUENCY" value="1" />
  </node>
  <node id="STORY">
    <attribute name="FREQUENCY" value="4" />
  </node>
  <node id="STRAIN">
    <attribute name="FREQUENCY" value="1" />
  </node>
  <node id="STUDY">
    <attribute name="FREQUENCY" value="5" />
  </node>
  <node id="SUFFERING">
    <attribute name="FREQUENCY" value="1" />
  </node>
  <node id="SUSCEPTIBILITY">
    <attribute name="FREQUENCY" value="1" />
  </node>
  <node id="SUSCEPTIBLE">
    <attribute name="FREQUENCY" value="1" />
  </node>
  <node id="SUSPECTED">
    <attribute name="FREQUENCY" value="1" />
  </node>
  <node id="TECH">
    <attribute name="FREQUENCY" value="4" />
  </node>
  <node id="TESTED">
    <attribute name="FREQUENCY" value="2" />
  </node>
  <node id="TEXT">
    <attribute name="FREQUENCY" value="1" />
  </node>
  <node id="TRANSMISSION">
    <attribute name="FREQUENCY" value="3" />
  </node>
  <node id="UNIVERSITY">
    <attribute name="FREQUENCY" value="1" />
  </node>
  <node id="VACCINE">
    <attribute name="FREQUENCY" value="4" />
  </node>
  <node id="VIRULENCE">
    <attribute name="FREQUENCY" value="1" />
  </node>
  <node id="VIRUS">
    <attribute name="FREQUENCY" value="4" />
  </node>
  <node id="WEDNESDAY">
    <attribute name="FREQUENCY" value="1" />
  </node>
  <node id="WRITE">
    <attribute name="FREQUENCY" value="2" />
  </node>
  <node id="YAHOO">
    <attribute name="FREQUENCY" value="4" />
  </node>
  <node id="YEAR">
    <attribute name="FREQUENCY" value="1" />
  </node>
  <node id="YORK">
    <attribute name="FREQUENCY" value="1" />
  </node>
  <edge from="ACTINOBACILLUS" to="ACTINOMYCETEMCOMITANS">
    <attribute name="TEXT" value="1" />
  </edge>
  <edge from="ACTINOMYCETEMCOMITANS" to="BACTERIA">
    <attribute name="TEXT" value="1" />
  </edge>
  <edge from="ACTINOMYCETEMCOMITANS" to="INFECTION">
    <attribute name="TEXT" value="1" />
  </edge>
  <edge from="ACTUAL" to="INFECTION">
    <attribute name="TEXT" value="1" />
  </edge>
  <edge from="AGAINST" to="INFECTION">
    <attribute name="TEXT" value="1" />
  </edge>
  <edge from="AMERICAN" to="DENTAL">
    <attribute name="TEXT" value="2" />
  </edge>
  <edge from="BACTERIA" to="SPECIES">
    <attribute name="TEXT" value="1" />
  </edge>
  <edge from="BACTERIAL" to="STRAIN">
    <attribute name="TEXT" value="1" />
  </edge>
  <edge from="BIOLOGICAL" to="FACTORS">
    <attribute name="TEXT" value="1" />
  </edge>
  <edge from="BLEEDING" to="GUM">
    <attribute name="TEXT" value="1" />
  </edge>
  <edge from="BRUSH" to="FLOSS">
    <attribute name="TEXT" value="1" />
  </edge>
  <edge from="CHARACTERIZE" to="PERIODONTITIS">
    <attribute name="TEXT" value="1" />
  </edge>
  <edge from="COMMON" to="SOURCE">
    <attribute name="TEXT" value="1" />
  </edge>
  <edge from="COMMONLY" to="OCCUR">
    <attribute name="TEXT" value="1" />
  </edge>
  <edge from="CUT" to="GENE">
    <attribute name="TEXT" value="4" />
    <attribute name="LINKS" value="4" />
  </edge>
  <edge from="CUT" to="GENE">
    <attribute name="TEXT" value="4" />
    <attribute name="LINKS" value="4" />
  </edge>
  <edge from="CUT" to="TRANSMISSION">
    <attribute name="TEXT" value="1" />
  </edge>
  <edge from="DEFENSE" to="AGAINST">
    <attribute name="TEXT" value="1" />
  </edge>
  <edge from="DENTAL" to="ASSOCIATION">
    <attribute name="TEXT" value="2" />
  </edge>
  <edge from="DENTAL" to="CHECK-UPS">
    <attribute name="TEXT" value="1" />
  </edge>
  <edge from="DENTAL" to="EXPERTS">
    <attribute name="TEXT" value="1" />
  </edge>
  <edge from="DENTAL" to="RESEARCH">
    <attribute name="TEXT" value="1" />
  </edge>
  <edge from="DISEASE" to="BEGIN">
    <attribute name="TEXT" value="2" />
    <attribute name="KEYWORDS" value="2" />
  </edge>
  <edge from="DISEASE" to="BEGIN">
    <attribute name="TEXT" value="2" />
    <attribute name="KEYWORDS" value="2" />
  </edge>
  <edge from="EVERYDAY" to="FAMILY">
    <attribute name="TEXT" value="1" />
  </edge>
  <edge from="EVERYDAY" to="HABITS">
    <attribute name="TEXT" value="1" />
  </edge>
  <edge from="FAMILY" to="LIFE">
    <attribute name="TEXT" value="1" />
  </edge>
  <edge from="FAMILY" to="MEMBERS">
    <attribute name="TEXT" value="1" />
  </edge>
  <edge from="FINNISH-AMERICAN" to="STUDY">
    <attribute name="TEXT" value="1" />
  </edge>
  <edge from="FLOSS" to="DENTAL">
    <attribute name="TEXT" value="1" />
  </edge>
  <edge from="FULL-BLOWN" to="GUM">
    <attribute name="TEXT" value="1" />
  </edge>
  <edge from="GINGIVALIS" to="PEOPLE">
    <attribute name="TEXT" value="1" />
  </edge>
  <edge from="GUM" to="DISEASE">
    <attribute name="TEXT" value="3" />
    <attribute name="KEYWORDS" value="1" />
  </edge>
  <edge from="GUM" to="DISEASE">
    <attribute name="TEXT" value="3" />
    <attribute name="KEYWORDS" value="1" />
  </edge>
  <edge from="HEALTH" to="STORIES">
    <attribute name="TEXT" value="1" />
  </edge>
  <edge from="IMMEDIATELY" to="LEAD">
    <attribute name="TEXT" value="1" />
  </edge>
  <edge from="IMMUNOLOGICAL" to="SUSCEPTIBILITY">
    <attribute name="TEXT" value="1" />
  </edge>
  <edge from="INDIVIDUALS" to="IMMUNOLOGICAL">
    <attribute name="TEXT" value="1" />
  </edge>
  <edge from="INFECTION" to="DEPENDING">
    <attribute name="TEXT" value="1" />
  </edge>
  <edge from="INFECTIOUS" to="SALIVA">
    <attribute name="TEXT" value="1" />
  </edge>
  <edge from="INFLAMED" to="BLEEDING">
    <attribute name="TEXT" value="1" />
  </edge>
  <edge from="INTRA-FAMILY" to="TRANSMISSION">
    <attribute name="TEXT" value="1" />
  </edge>
  <edge from="INVESTIGATORS" to="FOCUSED">
    <attribute name="TEXT" value="1" />
  </edge>
  <edge from="INVESTIGATORS" to="POINT">
    <attribute name="TEXT" value="1" />
  </edge>
  <edge from="JADA" to="INVESTIGATORS">
    <attribute name="TEXT" value="1" />
  </edge>
  <edge from="JOINT" to="FINNISH-AMERICAN">
    <attribute name="TEXT" value="1" />
  </edge>
  <edge from="LATEST" to="RESEARCH">
    <attribute name="TEXT" value="1" />
  </edge>
  <edge from="LIVER" to="CANCER">
    <attribute name="TEXT" value="2" />
    <attribute name="LINKS" value="2" />
  </edge>
  <edge from="LIVER" to="CANCER">
    <attribute name="TEXT" value="2" />
    <attribute name="LINKS" value="2" />
  </edge>
  <edge from="LYME" to="VACCINE">
    <attribute name="TEXT" value="4" />
    <attribute name="LINKS" value="4" />
  </edge>
  <edge from="LYME" to="VACCINE">
    <attribute name="TEXT" value="4" />
    <attribute name="LINKS" value="4" />
  </edge>
  <edge from="MAJOR" to="CULPRIT">
    <attribute name="TEXT" value="1" />
  </edge>
  <edge from="MONTH" to="JOURNAL">
    <attribute name="TEXT" value="1" />
  </edge>
  <edge from="MOUTH-TO-MOUTH" to="TRANSMISSION">
    <attribute name="TEXT" value="1" />
  </edge>
  <edge from="NATIONAL" to="INSTITUTE">
    <attribute name="TEXT" value="1" />
  </edge>
  <edge from="ORAL" to="CAVITY">
    <attribute name="TEXT" value="1" />
  </edge>
  <edge from="ORAL" to="COLONIZATION">
    <attribute name="TEXT" value="1" />
  </edge>
  <edge from="PARENTS" to="CHILD">
    <attribute name="TEXT" value="1" />
  </edge>
  <edge from="PEDIATRICS" to="CASE">
    <attribute name="TEXT" value="1" />
  </edge>
  <edge from="PERIODONTAL" to="BACTERIA">
    <attribute name="TEXT" value="1" />
  </edge>
  <edge from="PERIODONTAL" to="DISEASE">
    <attribute name="TEXT" value="1" />
  </edge>
  <edge from="PERIODONTAL" to="HEALTH">
    <attribute name="TEXT" value="1" />
  </edge>
  <edge from="PM" to="EDT">
    <attribute name="TEXT" value="1" />
  </edge>
  <edge from="PORPHYROMONAS" to="GINGIVALIS">
    <attribute name="TEXT" value="1" />
  </edge>
  <edge from="RESEARCHERS" to="BASED">
    <attribute name="TEXT" value="1" />
  </edge>
  <edge from="RESEARCHERS" to="POINT">
    <attribute name="TEXT" value="2" />
  </edge>
  <edge from="REUTERS" to="LIMITED">
    <attribute name="TEXT" value="1" />
  </edge>
  <edge from="SEPARATELY-TESTED" to="SAMPLES">
    <attribute name="TEXT" value="1" />
  </edge>
  <edge from="SIRKKA" to="ASIKAINEN">
    <attribute name="TEXT" value="1" />
  </edge>
  <edge from="SPECIES" to="BELIEVED">
    <attribute name="TEXT" value="1" />
  </edge>
  <edge from="STEP" to="FAMILIES">
    <attribute name="TEXT" value="1" />
  </edge>
  <edge from="STORIES" to="PERIODONTAL">
    <attribute name="TEXT" value="1" />
  </edge>
  <edge from="STUDY" to="APPEARS">
    <attribute name="TEXT" value="1" />
  </edge>
  <edge from="STUDY" to="AUTHOR">
    <attribute name="TEXT" value="1" />
  </edge>
  <edge from="STUDY" to="LED">
    <attribute name="TEXT" value="1" />
  </edge>
  <edge from="TESTED" to="NEGATIVE">
    <attribute name="TEXT" value="1" />
  </edge>
  <edge from="TESTED" to="POSITIVE">
    <attribute name="TEXT" value="1" />
  </edge>
  <edge from="TEXT" to="HEADLINES">
    <attribute name="TEXT" value="1" />
  </edge>
  <edge from="TRANSMISSION" to="RISK">
    <attribute name="TEXT" value="1" />
  </edge>
  <edge from="VIRUS" to="CUT">
    <attribute name="TEXT" value="4" />
    <attribute name="LINKS" value="4" />
  </edge>
  <edge from="VIRUS" to="CUT">
    <attribute name="TEXT" value="4" />
    <attribute name="LINKS" value="4" />
  </edge>
  <edge from="WEDNESDAY" to="SEPTEMBER">
    <attribute name="TEXT" value="1" />
  </edge>
</graph>
