<graph>
  <node id="ADRENAL">
    <attribute name="FREQUENCY" value="2" />
  </node>
  <node id="ADULTHOOD">
    <attribute name="FREQUENCY" value="3" />
  </node>
  <node id="ADULTS">
    <attribute name="FREQUENCY" value="5" />
  </node>
  <node id="AGAINST">
    <attribute name="FREQUENCY" value="1" />
  </node>
  <node id="AIDS">
    <attribute name="FREQUENCY" value="4" />
  </node>
  <node id="ANIMALS">
    <attribute name="FREQUENCY" value="2" />
  </node>
  <node id="APPEARS">
    <attribute name="FREQUENCY" value="1" />
  </node>
  <node id="AREA">
    <attribute name="FREQUENCY" value="1" />
  </node>
  <node id="ATTENTIVE">
    <attribute name="FREQUENCY" value="1" />
  </node>
  <node id="BABIES">
    <attribute name="FREQUENCY" value="4" />
  </node>
  <node id="BEHAVIOR">
    <attribute name="FREQUENCY" value="1" />
  </node>
  <node id="BENEFIT">
    <attribute name="FREQUENCY" value="1" />
  </node>
  <node id="BIND">
    <attribute name="FREQUENCY" value="1" />
  </node>
  <node id="BIZ">
    <attribute name="FREQUENCY" value="4" />
  </node>
  <node id="BLOOD">
    <attribute name="FREQUENCY" value="1" />
  </node>
  <node id="BRAIN">
    <attribute name="FREQUENCY" value="3" />
  </node>
  <node id="BROUGHT">
    <attribute name="FREQUENCY" value="2" />
  </node>
  <node id="CALMED">
    <attribute name="FREQUENCY" value="1" />
  </node>
  <node id="CANADIAN">
    <attribute name="FREQUENCY" value="1" />
  </node>
  <node id="CARESS">
    <attribute name="FREQUENCY" value="1" />
  </node>
  <node id="CASE">
    <attribute name="FREQUENCY" value="1" />
  </node>
  <node id="CHILDHOOD">
    <attribute name="FREQUENCY" value="3" />
  </node>
  <node id="CHILDREN">
    <attribute name="FREQUENCY" value="2" />
  </node>
  <node id="COMMENTS">
    <attribute name="FREQUENCY" value="2" />
  </node>
  <node id="COMPARED">
    <attribute name="FREQUENCY" value="1" />
  </node>
  <node id="CONDITIONING">
    <attribute name="FREQUENCY" value="1" />
  </node>
  <node id="CONDITIONS">
    <attribute name="FREQUENCY" value="1" />
  </node>
  <node id="CONDUCTED">
    <attribute name="FREQUENCY" value="1" />
  </node>
  <node id="CONSISTED">
    <attribute name="FREQUENCY" value="1" />
  </node>
  <node id="CONTROL">
    <attribute name="FREQUENCY" value="1" />
  </node>
  <node id="COP">
    <attribute name="FREQUENCY" value="1" />
  </node>
  <node id="CORTICOSTERONE">
    <attribute name="FREQUENCY" value="3" />
  </node>
  <node id="CORTICOSTERONE-RECEPTORS">
    <attribute name="FREQUENCY" value="1" />
  </node>
  <node id="CORTISOL">
    <attribute name="FREQUENCY" value="2" />
  </node>
  <node id="CRIBS">
    <attribute name="FREQUENCY" value="1" />
  </node>
  <node id="CUDDLED">
    <attribute name="FREQUENCY" value="4" />
  </node>
  <node id="DARLENE">
    <attribute name="FREQUENCY" value="1" />
  </node>
  <node id="DAY">
    <attribute name="FREQUENCY" value="1" />
  </node>
  <node id="DEATH">
    <attribute name="FREQUENCY" value="8" />
  </node>
  <node id="DETERMINE">
    <attribute name="FREQUENCY" value="1" />
  </node>
  <node id="DEVELOPMENT">
    <attribute name="FREQUENCY" value="4" />
  </node>
  <node id="DIFFICULTY">
    <attribute name="FREQUENCY" value="1" />
  </node>
  <node id="DISCOVERED">
    <attribute name="FREQUENCY" value="2" />
  </node>
  <node id="DISTANT">
    <attribute name="FREQUENCY" value="1" />
  </node>
  <node id="DOCUMENTED">
    <attribute name="FREQUENCY" value="1" />
  </node>
  <node id="EARLIER">
    <attribute name="FREQUENCY" value="1" />
  </node>
  <node id="EARLY">
    <attribute name="FREQUENCY" value="1" />
  </node>
  <node id="EDT">
    <attribute name="FREQUENCY" value="1" />
  </node>
  <node id="EFFECT">
    <attribute name="FREQUENCY" value="2" />
  </node>
  <node id="EFFECTIVELY">
    <attribute name="FREQUENCY" value="1" />
  </node>
  <node id="EFFICIENT">
    <attribute name="FREQUENCY" value="1" />
  </node>
  <node id="EMOTIONAL">
    <attribute name="FREQUENCY" value="1" />
  </node>
  <node id="ENDED">
    <attribute name="FREQUENCY" value="1" />
  </node>
  <node id="ENSUED">
    <attribute name="FREQUENCY" value="1" />
  </node>
  <node id="ENTERTAIN">
    <attribute name="FREQUENCY" value="4" />
  </node>
  <node id="EXAMINED">
    <attribute name="FREQUENCY" value="1" />
  </node>
  <node id="EXPERIMENTS">
    <attribute name="FREQUENCY" value="1" />
  </node>
  <node id="EXPERTS">
    <attribute name="FREQUENCY" value="1" />
  </node>
  <node id="EXPLAINED">
    <attribute name="FREQUENCY" value="2" />
  </node>
  <node id="FALL">
    <attribute name="FREQUENCY" value="4" />
  </node>
  <node id="FALLEN">
    <attribute name="FREQUENCY" value="1" />
  </node>
  <node id="FAMILY">
    <attribute name="FREQUENCY" value="1" />
  </node>
  <node id="FARM">
    <attribute name="FREQUENCY" value="4" />
  </node>
  <node id="FASTER">
    <attribute name="FREQUENCY" value="1" />
  </node>
  <node id="FINDINGS">
    <attribute name="FREQUENCY" value="3" />
  </node>
  <node id="FINISHED">
    <attribute name="FREQUENCY" value="1" />
  </node>
  <node id="FIXED">
    <attribute name="FREQUENCY" value="1" />
  </node>
  <node id="FOND">
    <attribute name="FREQUENCY" value="1" />
  </node>
  <node id="FOSTER">
    <attribute name="FREQUENCY" value="1" />
  </node>
  <node id="FRANCIS">
    <attribute name="FREQUENCY" value="9" />
  </node>
  <node id="FRIDAY">
    <attribute name="FREQUENCY" value="2" />
  </node>
  <node id="FUTURE">
    <attribute name="FREQUENCY" value="1" />
  </node>
  <node id="GLANDS">
    <attribute name="FREQUENCY" value="2" />
  </node>
  <node id="GROOM">
    <attribute name="FREQUENCY" value="3" />
  </node>
  <node id="GROOMED">
    <attribute name="FREQUENCY" value="1" />
  </node>
  <node id="GROUP">
    <attribute name="FREQUENCY" value="1" />
  </node>
  <node id="HANDLED">
    <attribute name="FREQUENCY" value="1" />
  </node>
  <node id="HARVARD">
    <attribute name="FREQUENCY" value="2" />
  </node>
  <node id="HEADLINES">
    <attribute name="FREQUENCY" value="1" />
  </node>
  <node id="HEALTH">
    <attribute name="FREQUENCY" value="4" />
  </node>
  <node id="HELD">
    <attribute name="FREQUENCY" value="1" />
  </node>
  <node id="HIGH">
    <attribute name="FREQUENCY" value="2" />
  </node>
  <node id="HIGHLY-STRESSED">
    <attribute name="FREQUENCY" value="1" />
  </node>
  <node id="HIKE">
    <attribute name="FREQUENCY" value="4" />
  </node>
  <node id="HIPPOCAMPUS">
    <attribute name="FREQUENCY" value="4" />
  </node>
  <node id="HOLD">
    <attribute name="FREQUENCY" value="1" />
  </node>
  <node id="HOMES">
    <attribute name="FREQUENCY" value="1" />
  </node>
  <node id="HOMO">
    <attribute name="FREQUENCY" value="1" />
  </node>
  <node id="HORMONAL">
    <attribute name="FREQUENCY" value="1" />
  </node>
  <node id="HORMONE">
    <attribute name="FREQUENCY" value="6" />
  </node>
  <node id="HOURS">
    <attribute name="FREQUENCY" value="1" />
  </node>
  <node id="HTML">
    <attribute name="FREQUENCY" value="1" />
  </node>
  <node id="HUMAN">
    <attribute name="FREQUENCY" value="7" />
  </node>
  <node id="INFO">
    <attribute name="FREQUENCY" value="2" />
  </node>
  <node id="INSULAR">
    <attribute name="FREQUENCY" value="1" />
  </node>
  <node id="INTERACTION">
    <attribute name="FREQUENCY" value="2" />
  </node>
  <node id="INVESTIGATORS">
    <attribute name="FREQUENCY" value="1" />
  </node>
  <node id="INVOLVED">
    <attribute name="FREQUENCY" value="1" />
  </node>
  <node id="JOURNAL">
    <attribute name="FREQUENCY" value="1" />
  </node>
  <node id="KIND">
    <attribute name="FREQUENCY" value="1" />
  </node>
  <node id="LATEST">
    <attribute name="FREQUENCY" value="1" />
  </node>
  <node id="LEFT">
    <attribute name="FREQUENCY" value="1" />
  </node>
  <node id="LEGACY">
    <attribute name="FREQUENCY" value="1" />
  </node>
  <node id="LESS-STRESSED">
    <attribute name="FREQUENCY" value="4" />
  </node>
  <node id="LEVELS">
    <attribute name="FREQUENCY" value="2" />
  </node>
  <node id="LICK">
    <attribute name="FREQUENCY" value="3" />
  </node>
  <node id="LICKED">
    <attribute name="FREQUENCY" value="1" />
  </node>
  <node id="LICKING-AND-GROOMING">
    <attribute name="FREQUENCY" value="2" />
  </node>
  <node id="LIFE">
    <attribute name="FREQUENCY" value="3" />
  </node>
  <node id="LIFETIME">
    <attribute name="FREQUENCY" value="1" />
  </node>
  <node id="LIKENED">
    <attribute name="FREQUENCY" value="1" />
  </node>
  <node id="LIMITED">
    <attribute name="FREQUENCY" value="1" />
  </node>
  <node id="LONG-TERM">
    <attribute name="FREQUENCY" value="1" />
  </node>
  <node id="LOWER">
    <attribute name="FREQUENCY" value="1" />
  </node>
  <node id="LOWERED">
    <attribute name="FREQUENCY" value="1" />
  </node>
  <node id="MALLEABLE">
    <attribute name="FREQUENCY" value="1" />
  </node>
  <node id="MATERNAL">
    <attribute name="FREQUENCY" value="1" />
  </node>
  <node id="MCGILL">
    <attribute name="FREQUENCY" value="1" />
  </node>
  <node id="MEANS">
    <attribute name="FREQUENCY" value="1" />
  </node>
  <node id="MEASURE">
    <attribute name="FREQUENCY" value="2" />
  </node>
  <node id="MEASUREMENTS">
    <attribute name="FREQUENCY" value="1" />
  </node>
  <node id="MEDIATE">
    <attribute name="FREQUENCY" value="1" />
  </node>
  <node id="MINUTES">
    <attribute name="FREQUENCY" value="1" />
  </node>
  <node id="MIRRORED">
    <attribute name="FREQUENCY" value="1" />
  </node>
  <node id="MODEL">
    <attribute name="FREQUENCY" value="2" />
  </node>
  <node id="MODULATE">
    <attribute name="FREQUENCY" value="1" />
  </node>
  <node id="MOM">
    <attribute name="FREQUENCY" value="1" />
  </node>
  <node id="MONTREAL">
    <attribute name="FREQUENCY" value="3" />
  </node>
  <node id="MOTHER">
    <attribute name="FREQUENCY" value="10" />
  </node>
  <node id="MOTHER-AND-CHILD">
    <attribute name="FREQUENCY" value="1" />
  </node>
  <node id="MUNDELL">
    <attribute name="FREQUENCY" value="1" />
  </node>
  <node id="NEGATIVE">
    <attribute name="FREQUENCY" value="1" />
  </node>
  <node id="NEGLECTED">
    <attribute name="FREQUENCY" value="1" />
  </node>
  <node id="NEWBORN">
    <attribute name="FREQUENCY" value="3" />
  </node>
  <node id="NEWS">
    <attribute name="FREQUENCY" value="4" />
  </node>
  <node id="NON-CUDDLING">
    <attribute name="FREQUENCY" value="1" />
  </node>
  <node id="NORMAL">
    <attribute name="FREQUENCY" value="2" />
  </node>
  <node id="NOTES">
    <attribute name="FREQUENCY" value="1" />
  </node>
  <node id="OBSERVED">
    <attribute name="FREQUENCY" value="1" />
  </node>
  <node id="OCCUR">
    <attribute name="FREQUENCY" value="1" />
  </node>
  <node id="ORPHANS">
    <attribute name="FREQUENCY" value="2" />
  </node>
  <node id="PARALLEL">
    <attribute name="FREQUENCY" value="1" />
  </node>
  <node id="PARENTS">
    <attribute name="FREQUENCY" value="1" />
  </node>
  <node id="PARTIALLY-RAISED">
    <attribute name="FREQUENCY" value="1" />
  </node>
  <node id="PATTERN">
    <attribute name="FREQUENCY" value="1" />
  </node>
  <node id="PERIOD">
    <attribute name="FREQUENCY" value="2" />
  </node>
  <node id="PLACE">
    <attribute name="FREQUENCY" value="1" />
  </node>
  <node id="PLANS">
    <attribute name="FREQUENCY" value="1" />
  </node>
  <node id="PLAYPENS">
    <attribute name="FREQUENCY" value="1" />
  </node>
  <node id="PLIGHT">
    <attribute name="FREQUENCY" value="1" />
  </node>
  <node id="PM">
    <attribute name="FREQUENCY" value="2" />
  </node>
  <node id="POLITIC">
    <attribute name="FREQUENCY" value="4" />
  </node>
  <node id="POSITIVE">
    <attribute name="FREQUENCY" value="1" />
  </node>
  <node id="PRESUMING">
    <attribute name="FREQUENCY" value="1" />
  </node>
  <node id="PRODUCTION">
    <attribute name="FREQUENCY" value="2" />
  </node>
  <node id="PROGRAMMED">
    <attribute name="FREQUENCY" value="1" />
  </node>
  <node id="PROTECTIVE">
    <attribute name="FREQUENCY" value="1" />
  </node>
  <node id="PROVIDED">
    <attribute name="FREQUENCY" value="1" />
  </node>
  <node id="PUP">
    <attribute name="FREQUENCY" value="9" />
  </node>
  <node id="QUESTIONS">
    <attribute name="FREQUENCY" value="2" />
  </node>
  <node id="RATS">
    <attribute name="FREQUENCY" value="7" />
  </node>
  <node id="REACHED">
    <attribute name="FREQUENCY" value="1" />
  </node>
  <node id="RECEIVE">
    <attribute name="FREQUENCY" value="1" />
  </node>
  <node id="RECEIVED">
    <attribute name="FREQUENCY" value="1" />
  </node>
  <node id="RECENTLY">
    <attribute name="FREQUENCY" value="1" />
  </node>
  <node id="RECEPTORS">
    <attribute name="FREQUENCY" value="3" />
  </node>
  <node id="REGIME">
    <attribute name="FREQUENCY" value="1" />
  </node>
  <node id="RELATED">
    <attribute name="FREQUENCY" value="1" />
  </node>
  <node id="RELEASE">
    <attribute name="FREQUENCY" value="1" />
  </node>
  <node id="REMOVE">
    <attribute name="FREQUENCY" value="1" />
  </node>
  <node id="REPEATED">
    <attribute name="FREQUENCY" value="1" />
  </node>
  <node id="REPORT">
    <attribute name="FREQUENCY" value="1" />
  </node>
  <node id="RESEARCH">
    <attribute name="FREQUENCY" value="1" />
  </node>
  <node id="RESEARCHERS">
    <attribute name="FREQUENCY" value="8" />
  </node>
  <node id="RESPONDED">
    <attribute name="FREQUENCY" value="1" />
  </node>
  <node id="RESPONSE">
    <attribute name="FREQUENCY" value="4" />
  </node>
  <node id="RETURN">
    <attribute name="FREQUENCY" value="2" />
  </node>
  <node id="REUTERS">
    <attribute name="FREQUENCY" value="2" />
  </node>
  <node id="ROLLOVERS">
    <attribute name="FREQUENCY" value="4" />
  </node>
  <node id="ROMANIAN">
    <attribute name="FREQUENCY" value="1" />
  </node>
  <node id="SAD">
    <attribute name="FREQUENCY" value="1" />
  </node>
  <node id="SAPIENS">
    <attribute name="FREQUENCY" value="1" />
  </node>
  <node id="SCIENCE">
    <attribute name="FREQUENCY" value="2" />
  </node>
  <node id="SCIENTISTS">
    <attribute name="FREQUENCY" value="1" />
  </node>
  <node id="SCORE">
    <attribute name="FREQUENCY" value="1" />
  </node>
  <node id="SCOREBOARD">
    <attribute name="FREQUENCY" value="4" />
  </node>
  <node id="SECRETE">
    <attribute name="FREQUENCY" value="1" />
  </node>
  <node id="SECRETED">
    <attribute name="FREQUENCY" value="1" />
  </node>
  <node id="SEND">
    <attribute name="FREQUENCY" value="1" />
  </node>
  <node id="SENSITIVE">
    <attribute name="FREQUENCY" value="1" />
  </node>
  <node id="SEP">
    <attribute name="FREQUENCY" value="1" />
  </node>
  <node id="SEPARATION">
    <attribute name="FREQUENCY" value="2" />
  </node>
  <node id="SEPTEMBER">
    <attribute name="FREQUENCY" value="1" />
  </node>
  <node id="SET">
    <attribute name="FREQUENCY" value="1" />
  </node>
  <node id="SHUT">
    <attribute name="FREQUENCY" value="1" />
  </node>
  <node id="SIGNAL">
    <attribute name="FREQUENCY" value="2" />
  </node>
  <node id="SIMILAR">
    <attribute name="FREQUENCY" value="3" />
  </node>
  <node id="SIMILARLY-AGED">
    <attribute name="FREQUENCY" value="1" />
  </node>
  <node id="SIMPLY">
    <attribute name="FREQUENCY" value="3" />
  </node>
  <node id="SITUATION">
    <attribute name="FREQUENCY" value="1" />
  </node>
  <node id="SORT">
    <attribute name="FREQUENCY" value="1" />
  </node>
  <node id="SOURCE">
    <attribute name="FREQUENCY" value="1" />
  </node>
  <node id="SPECIFICALLY">
    <attribute name="FREQUENCY" value="1" />
  </node>
  <node id="SPORT">
    <attribute name="FREQUENCY" value="4" />
  </node>
  <node id="SQUEALING">
    <attribute name="FREQUENCY" value="1" />
  </node>
  <node id="STIMULATION">
    <attribute name="FREQUENCY" value="1" />
  </node>
  <node id="STOP">
    <attribute name="FREQUENCY" value="1" />
  </node>
  <node id="STORIES">
    <attribute name="FREQUENCY" value="2" />
  </node>
  <node id="STORY">
    <attribute name="FREQUENCY" value="4" />
  </node>
  <node id="STRESS">
    <attribute name="FREQUENCY" value="9" />
  </node>
  <node id="STRESS-REACTIONS">
    <attribute name="FREQUENCY" value="1" />
  </node>
  <node id="STRESS-RESPONSE">
    <attribute name="FREQUENCY" value="1" />
  </node>
  <node id="STRESSFUL">
    <attribute name="FREQUENCY" value="1" />
  </node>
  <node id="STUDIES">
    <attribute name="FREQUENCY" value="3" />
  </node>
  <node id="STUDY">
    <attribute name="FREQUENCY" value="1" />
  </node>
  <node id="SURFACE">
    <attribute name="FREQUENCY" value="1" />
  </node>
  <node id="SWITCH">
    <attribute name="FREQUENCY" value="1" />
  </node>
  <node id="TACTILE">
    <attribute name="FREQUENCY" value="1" />
  </node>
  <node id="TECH">
    <attribute name="FREQUENCY" value="4" />
  </node>
  <node id="TELLING">
    <attribute name="FREQUENCY" value="1" />
  </node>
  <node id="TEMPORARY">
    <attribute name="FREQUENCY" value="1" />
  </node>
  <node id="TEXT">
    <attribute name="FREQUENCY" value="1" />
  </node>
  <node id="THOUGHT">
    <attribute name="FREQUENCY" value="1" />
  </node>
  <node id="THU">
    <attribute name="FREQUENCY" value="1" />
  </node>
  <node id="TIME-SPECIFIC">
    <attribute name="FREQUENCY" value="1" />
  </node>
  <node id="TIMES">
    <attribute name="FREQUENCY" value="1" />
  </node>
  <node id="TOUCH">
    <attribute name="FREQUENCY" value="4" />
  </node>
  <node id="TOUCHED">
    <attribute name="FREQUENCY" value="1" />
  </node>
  <node id="TRACTOR">
    <attribute name="FREQUENCY" value="4" />
  </node>
  <node id="UNDERWENT">
    <attribute name="FREQUENCY" value="1" />
  </node>
  <node id="UNIVERSITY">
    <attribute name="FREQUENCY" value="1" />
  </node>
  <node id="VERIFY">
    <attribute name="FREQUENCY" value="1" />
  </node>
  <node id="WEEK">
    <attribute name="FREQUENCY" value="1" />
  </node>
  <node id="WELL-FONDLED">
    <attribute name="FREQUENCY" value="1" />
  </node>
  <node id="WRITE">
    <attribute name="FREQUENCY" value="2" />
  </node>
  <node id="YAHOO">
    <attribute name="FREQUENCY" value="4" />
  </node>
  <node id="YEAR">
    <attribute name="FREQUENCY" value="3" />
  </node>
  <node id="YORK">
    <attribute name="FREQUENCY" value="1" />
  </node>
  <edge from="ADRENAL" to="GLANDS">
    <attribute name="TEXT" value="2" />
  </edge>
  <edge from="ADULTS" to="LIFE">
    <attribute name="TEXT" value="1" />
  </edge>
  <edge from="AIDS" to="DEATH">
    <attribute name="TEXT" value="4" />
    <attribute name="LINKS" value="4" />
  </edge>
  <edge from="AIDS" to="DEATH">
    <attribute name="TEXT" value="4" />
    <attribute name="LINKS" value="4" />
  </edge>
  <edge from="APPEARS" to="FRIDAY">
    <attribute name="TEXT" value="1" />
  </edge>
  <edge from="BABIES" to="LESS-STRESSED">
    <attribute name="TEXT" value="2" />
  </edge>
  <edge from="BEHAVIOR" to="CONSISTED">
    <attribute name="TEXT" value="1" />
  </edge>
  <edge from="BENEFIT" to="AGAINST">
    <attribute name="TEXT" value="1" />
  </edge>
  <edge from="BRAIN" to="THOUGHT">
    <attribute name="TEXT" value="1" />
  </edge>
  <edge from="CANADIAN" to="RESEARCHERS">
    <attribute name="TEXT" value="1" />
  </edge>
  <edge from="CHILDHOOD" to="LICKING-AND-GROOMING">
    <attribute name="TEXT" value="1" />
  </edge>
  <edge from="CHILDREN" to="BROUGHT">
    <attribute name="TEXT" value="1" />
  </edge>
  <edge from="CONDITIONING" to="BROUGHT">
    <attribute name="TEXT" value="1" />
  </edge>
  <edge from="CORTICOSTERONE" to="RELEASE">
    <attribute name="TEXT" value="1" />
  </edge>
  <edge from="CORTISOL" to="MEASURE">
    <attribute name="TEXT" value="1" />
  </edge>
  <edge from="CUDDLED" to="BABIES">
    <attribute name="TEXT" value="2" />
    <attribute name="LINKS" value="1" />
    <attribute name="KEYWORDS" value="1" />
  </edge>
  <edge from="CUDDLED" to="BABIES">
    <attribute name="TEXT" value="2" />
    <attribute name="LINKS" value="1" />
    <attribute name="KEYWORDS" value="1" />
  </edge>
  <edge from="CUDDLED" to="BABIES">
    <attribute name="TEXT" value="2" />
    <attribute name="LINKS" value="1" />
    <attribute name="KEYWORDS" value="1" />
  </edge>
  <edge from="DARLENE" to="FRANCIS">
    <attribute name="TEXT" value="1" />
  </edge>
  <edge from="DEATH" to="FALL">
    <attribute name="TEXT" value="4" />
    <attribute name="LINKS" value="4" />
  </edge>
  <edge from="DEATH" to="FALL">
    <attribute name="TEXT" value="4" />
    <attribute name="LINKS" value="4" />
  </edge>
  <edge from="DEVELOPMENT" to="EFFECT">
    <attribute name="TEXT" value="1" />
  </edge>
  <edge from="DIFFICULTY" to="COP">
    <attribute name="TEXT" value="1" />
  </edge>
  <edge from="DISTANT" to="HIGHLY-STRESSED">
    <attribute name="TEXT" value="1" />
  </edge>
  <edge from="EARLIER" to="RELATED">
    <attribute name="TEXT" value="1" />
  </edge>
  <edge from="EARLY" to="CHILDHOOD">
    <attribute name="TEXT" value="1" />
  </edge>
  <edge from="EFFECTIVELY" to="TELLING">
    <attribute name="TEXT" value="1" />
  </edge>
  <edge from="EMOTIONAL" to="CONDITIONING">
    <attribute name="TEXT" value="1" />
  </edge>
  <edge from="FALLEN" to="REGIME">
    <attribute name="TEXT" value="1" />
  </edge>
  <edge from="FAMILY" to="HOMES">
    <attribute name="TEXT" value="1" />
  </edge>
  <edge from="FARM" to="DEATH">
    <attribute name="TEXT" value="4" />
    <attribute name="LINKS" value="4" />
  </edge>
  <edge from="FARM" to="DEATH">
    <attribute name="TEXT" value="4" />
    <attribute name="LINKS" value="4" />
  </edge>
  <edge from="FINDINGS" to="APPEARS">
    <attribute name="TEXT" value="1" />
  </edge>
  <edge from="FINDINGS" to="SIMILAR">
    <attribute name="TEXT" value="1" />
  </edge>
  <edge from="FRANCIS" to="EXPLAINED">
    <attribute name="TEXT" value="2" />
  </edge>
  <edge from="FRIDAY" to="SEPTEMBER">
    <attribute name="TEXT" value="1" />
  </edge>
  <edge from="FUTURE" to="STUDIES">
    <attribute name="TEXT" value="1" />
  </edge>
  <edge from="GLANDS" to="EFFECTIVELY">
    <attribute name="TEXT" value="1" />
  </edge>
  <edge from="HANDLED" to="ANIMALS">
    <attribute name="TEXT" value="1" />
  </edge>
  <edge from="HARVARD" to="RESEARCHERS">
    <attribute name="TEXT" value="2" />
  </edge>
  <edge from="HEALTH" to="STORIES">
    <attribute name="TEXT" value="1" />
  </edge>
  <edge from="HIGH" to="LICKING-AND-GROOMING">
    <attribute name="TEXT" value="1" />
  </edge>
  <edge from="HIGHLY-STRESSED" to="INSULAR">
    <attribute name="TEXT" value="1" />
  </edge>
  <edge from="HIKE" to="FARM">
    <attribute name="TEXT" value="2" />
    <attribute name="LINKS" value="2" />
  </edge>
  <edge from="HIKE" to="FARM">
    <attribute name="TEXT" value="2" />
    <attribute name="LINKS" value="2" />
  </edge>
  <edge from="HOMO" to="SAPIENS">
    <attribute name="TEXT" value="1" />
  </edge>
  <edge from="HORMONAL" to="LEVELS">
    <attribute name="TEXT" value="1" />
  </edge>
  <edge from="HORMONE" to="BIND">
    <attribute name="TEXT" value="1" />
  </edge>
  <edge from="HORMONE" to="CORTICOSTERONE">
    <attribute name="TEXT" value="1" />
  </edge>
  <edge from="HUMAN" to="CONDITIONS">
    <attribute name="TEXT" value="1" />
  </edge>
  <edge from="HUMAN" to="DEVELOPMENT">
    <attribute name="TEXT" value="1" />
  </edge>
  <edge from="HUMAN" to="INTERACTION">
    <attribute name="TEXT" value="1" />
  </edge>
  <edge from="HUMAN" to="MODEL">
    <attribute name="TEXT" value="1" />
  </edge>
  <edge from="HUMAN" to="PARENTS">
    <attribute name="TEXT" value="1" />
  </edge>
  <edge from="HUMAN" to="SECRETE">
    <attribute name="TEXT" value="1" />
  </edge>
  <edge from="INSULAR" to="CHILDREN">
    <attribute name="TEXT" value="1" />
  </edge>
  <edge from="INVESTIGATORS" to="DISCOVERED">
    <attribute name="TEXT" value="1" />
  </edge>
  <edge from="JOURNAL" to="SCIENCE">
    <attribute name="TEXT" value="1" />
  </edge>
  <edge from="LATEST" to="RESEARCH">
    <attribute name="TEXT" value="1" />
  </edge>
  <edge from="LESS-STRESSED" to="ADULTS">
    <attribute name="TEXT" value="2" />
    <attribute name="LINKS" value="1" />
    <attribute name="KEYWORDS" value="1" />
  </edge>
  <edge from="LESS-STRESSED" to="ADULTS">
    <attribute name="TEXT" value="2" />
    <attribute name="LINKS" value="1" />
    <attribute name="KEYWORDS" value="1" />
  </edge>
  <edge from="LESS-STRESSED" to="ADULTS">
    <attribute name="TEXT" value="2" />
    <attribute name="LINKS" value="1" />
    <attribute name="KEYWORDS" value="1" />
  </edge>
  <edge from="LICK" to="GROOM">
    <attribute name="TEXT" value="1" />
  </edge>
  <edge from="LICKING-AND-GROOMING" to="ANIMALS">
    <attribute name="TEXT" value="1" />
  </edge>
  <edge from="LIFETIME" to="EXPERTS">
    <attribute name="TEXT" value="1" />
  </edge>
  <edge from="LONG-TERM" to="EMOTIONAL">
    <attribute name="TEXT" value="1" />
  </edge>
  <edge from="LOWER" to="LEVELS">
    <attribute name="TEXT" value="1" />
  </edge>
  <edge from="LOWERED" to="STRESS">
    <attribute name="TEXT" value="1" />
  </edge>
  <edge from="MATERNAL" to="TOUCH">
    <attribute name="TEXT" value="1" />
  </edge>
  <edge from="MCGILL" to="UNIVERSITY">
    <attribute name="TEXT" value="1" />
  </edge>
  <edge from="MINUTES" to="PERIOD">
    <attribute name="TEXT" value="1" />
  </edge>
  <edge from="MONTREAL" to="MCGILL">
    <attribute name="TEXT" value="1" />
  </edge>
  <edge from="MONTREAL" to="RESEARCHERS">
    <attribute name="TEXT" value="2" />
  </edge>
  <edge from="MOTHER" to="LICK">
    <attribute name="TEXT" value="1" />
  </edge>
  <edge from="MOTHER" to="LICKED">
    <attribute name="TEXT" value="1" />
  </edge>
  <edge from="MOTHER-AND-CHILD" to="BEHAVIOR">
    <attribute name="TEXT" value="1" />
  </edge>
  <edge from="NEGATIVE" to="EFFECT">
    <attribute name="TEXT" value="1" />
  </edge>
  <edge from="NON-CUDDLING" to="MOTHER">
    <attribute name="TEXT" value="1" />
  </edge>
  <edge from="NORMAL" to="FASTER">
    <attribute name="TEXT" value="1" />
  </edge>
  <edge from="PLANS" to="FUTURE">
    <attribute name="TEXT" value="1" />
  </edge>
  <edge from="PM" to="EDT">
    <attribute name="TEXT" value="1" />
  </edge>
  <edge from="POSITIVE" to="STRESS-RESPONSE">
    <attribute name="TEXT" value="1" />
  </edge>
  <edge from="PROTECTIVE" to="BENEFIT">
    <attribute name="TEXT" value="1" />
  </edge>
  <edge from="PROVIDED" to="SCIENTISTS">
    <attribute name="TEXT" value="1" />
  </edge>
  <edge from="PUP" to="CALMED">
    <attribute name="TEXT" value="1" />
  </edge>
  <edge from="PUP" to="HIPPOCAMPUS">
    <attribute name="TEXT" value="1" />
  </edge>
  <edge from="PUP" to="PARTIALLY-RAISED">
    <attribute name="TEXT" value="1" />
  </edge>
  <edge from="RATS" to="CONDUCTED">
    <attribute name="TEXT" value="1" />
  </edge>
  <edge from="RATS" to="DEVELOPMENT">
    <attribute name="TEXT" value="1" />
  </edge>
  <edge from="RATS" to="MEANS">
    <attribute name="TEXT" value="1" />
  </edge>
  <edge from="RATS" to="MOTHER-AND-CHILD">
    <attribute name="TEXT" value="1" />
  </edge>
  <edge from="REACHED" to="ADULTHOOD">
    <attribute name="TEXT" value="1" />
  </edge>
  <edge from="RECEIVE" to="REPEATED">
    <attribute name="TEXT" value="1" />
  </edge>
  <edge from="RECEPTORS" to="RESPONDED">
    <attribute name="TEXT" value="1" />
  </edge>
  <edge from="RELATED" to="STORIES">
    <attribute name="TEXT" value="1" />
  </edge>
  <edge from="REMOVE" to="PUP">
    <attribute name="TEXT" value="1" />
  </edge>
  <edge from="REPEATED" to="TOUCH">
    <attribute name="TEXT" value="1" />
  </edge>
  <edge from="RESEARCH" to="SEPARATION">
    <attribute name="TEXT" value="1" />
  </edge>
  <edge from="RESEARCHERS" to="DISCOVERED">
    <attribute name="TEXT" value="1" />
  </edge>
  <edge from="RESEARCHERS" to="PLANS">
    <attribute name="TEXT" value="1" />
  </edge>
  <edge from="RESEARCHERS" to="REMOVE">
    <attribute name="TEXT" value="1" />
  </edge>
  <edge from="RESPONDED" to="SPECIFICALLY">
    <attribute name="TEXT" value="1" />
  </edge>
  <edge from="REUTERS" to="LIMITED">
    <attribute name="TEXT" value="1" />
  </edge>
  <edge from="ROLLOVERS" to="HIKE">
    <attribute name="TEXT" value="2" />
    <attribute name="LINKS" value="2" />
  </edge>
  <edge from="ROLLOVERS" to="HIKE">
    <attribute name="TEXT" value="2" />
    <attribute name="LINKS" value="2" />
  </edge>
  <edge from="ROMANIAN" to="ORPHANS">
    <attribute name="TEXT" value="1" />
  </edge>
  <edge from="SAD" to="LEGACY">
    <attribute name="TEXT" value="1" />
  </edge>
  <edge from="SECRETE" to="CORTISOL">
    <attribute name="TEXT" value="1" />
  </edge>
  <edge from="SEPARATION" to="ENDED">
    <attribute name="TEXT" value="1" />
  </edge>
  <edge from="SIMILAR" to="MEASURE">
    <attribute name="TEXT" value="1" />
  </edge>
  <edge from="SIMILARLY-AGED" to="CHILDREN">
    <attribute name="TEXT" value="1" />
  </edge>
  <edge from="SIMPLY" to="OBSERVED">
    <attribute name="TEXT" value="1" />
  </edge>
  <edge from="SQUEALING" to="ENSUED">
    <attribute name="TEXT" value="1" />
  </edge>
  <edge from="STORIES" to="TOUCH">
    <attribute name="TEXT" value="1" />
  </edge>
  <edge from="STRESS" to="CONTROL">
    <attribute name="TEXT" value="1" />
  </edge>
  <edge from="STRESS" to="HORMONE">
    <attribute name="TEXT" value="1" />
  </edge>
  <edge from="STRESS" to="RESPONSE">
    <attribute name="TEXT" value="4" />
  </edge>
  <edge from="STRESS-RESPONSE" to="PATTERN">
    <attribute name="TEXT" value="1" />
  </edge>
  <edge from="STRESSFUL" to="SITUATION">
    <attribute name="TEXT" value="1" />
  </edge>
  <edge from="TEMPORARY" to="SEPARATION">
    <attribute name="TEXT" value="1" />
  </edge>
  <edge from="TEXT" to="HEADLINES">
    <attribute name="TEXT" value="1" />
  </edge>
  <edge from="THU" to="SEP">
    <attribute name="TEXT" value="1" />
  </edge>
  <edge from="TOUCH" to="LICK">
    <attribute name="TEXT" value="1" />
  </edge>
  <edge from="TRACTOR" to="ROLLOVERS">
    <attribute name="TEXT" value="2" />
    <attribute name="LINKS" value="2" />
  </edge>
  <edge from="TRACTOR" to="ROLLOVERS">
    <attribute name="TEXT" value="2" />
    <attribute name="LINKS" value="2" />
  </edge>
</graph>
