<graph>
  <node id="ABLE">
    <attribute name="FREQUENCY" value="1" />
  </node>
  <node id="ACETOGENINS">
    <attribute name="FREQUENCY" value="1" />
  </node>
  <node id="ACTIVITY">
    <attribute name="FREQUENCY" value="1" />
  </node>
  <node id="ADENOSINE">
    <attribute name="FREQUENCY" value="1" />
  </node>
  <node id="ADRIAMYCIN">
    <attribute name="FREQUENCY" value="1" />
  </node>
  <node id="AGAINST">
    <attribute name="FREQUENCY" value="4" />
  </node>
  <node id="AGENT">
    <attribute name="FREQUENCY" value="4" />
  </node>
  <node id="ALZHEIMER">
    <attribute name="FREQUENCY" value="4" />
  </node>
  <node id="AMERICAN">
    <attribute name="FREQUENCY" value="1" />
  </node>
  <node id="AMOUNT">
    <attribute name="FREQUENCY" value="2" />
  </node>
  <node id="ANIMALS">
    <attribute name="FREQUENCY" value="1" />
  </node>
  <node id="ANNONACEOUS">
    <attribute name="FREQUENCY" value="1" />
  </node>
  <node id="ANTI-CANCER">
    <attribute name="FREQUENCY" value="4" />
  </node>
  <node id="APPEARED">
    <attribute name="FREQUENCY" value="1" />
  </node>
  <node id="APPLIED">
    <attribute name="FREQUENCY" value="1" />
  </node>
  <node id="ATP">
    <attribute name="FREQUENCY" value="4" />
  </node>
  <node id="BARK">
    <attribute name="FREQUENCY" value="1" />
  </node>
  <node id="BIZ">
    <attribute name="FREQUENCY" value="4" />
  </node>
  <node id="BLOCKED">
    <attribute name="FREQUENCY" value="1" />
  </node>
  <node id="BLOCKERS">
    <attribute name="FREQUENCY" value="1" />
  </node>
  <node id="BLOOD">
    <attribute name="FREQUENCY" value="2" />
  </node>
  <node id="BODY">
    <attribute name="FREQUENCY" value="1" />
  </node>
  <node id="BREAST">
    <attribute name="FREQUENCY" value="1" />
  </node>
  <node id="BULLATACIN">
    <attribute name="FREQUENCY" value="2" />
  </node>
  <node id="BUSY">
    <attribute name="FREQUENCY" value="1" />
  </node>
  <node id="BYPASS">
    <attribute name="FREQUENCY" value="1" />
  </node>
  <node id="CALLED">
    <attribute name="FREQUENCY" value="1" />
  </node>
  <node id="CANCER">
    <attribute name="FREQUENCY" value="16" />
  </node>
  <node id="CAPABLE">
    <attribute name="FREQUENCY" value="1" />
  </node>
  <node id="CARE">
    <attribute name="FREQUENCY" value="4" />
  </node>
  <node id="CAREER">
    <attribute name="FREQUENCY" value="2" />
  </node>
  <node id="CAUSED">
    <attribute name="FREQUENCY" value="1" />
  </node>
  <node id="CELEBS">
    <attribute name="FREQUENCY" value="2" />
  </node>
  <node id="CELLS">
    <attribute name="FREQUENCY" value="24" />
  </node>
  <node id="CHEMICAL">
    <attribute name="FREQUENCY" value="1" />
  </node>
  <node id="CHEMISTRY">
    <attribute name="FREQUENCY" value="3" />
  </node>
  <node id="CHEMOTHERAPY">
    <attribute name="FREQUENCY" value="1" />
  </node>
  <node id="CHIEF">
    <attribute name="FREQUENCY" value="1" />
  </node>
  <node id="COLLEAGUES">
    <attribute name="FREQUENCY" value="2" />
  </node>
  <node id="COMMENTS">
    <attribute name="FREQUENCY" value="2" />
  </node>
  <node id="COMPOUND">
    <attribute name="FREQUENCY" value="9" />
  </node>
  <node id="COMPUTER">
    <attribute name="FREQUENCY" value="2" />
  </node>
  <node id="CREATE">
    <attribute name="FREQUENCY" value="1" />
  </node>
  <node id="CUSTARD-APPLE">
    <attribute name="FREQUENCY" value="1" />
  </node>
  <node id="DEAL">
    <attribute name="FREQUENCY" value="1" />
  </node>
  <node id="DESTROY">
    <attribute name="FREQUENCY" value="1" />
  </node>
  <node id="DEVELOP">
    <attribute name="FREQUENCY" value="4" />
  </node>
  <node id="DEVELOPED">
    <attribute name="FREQUENCY" value="2" />
  </node>
  <node id="DOSE">
    <attribute name="FREQUENCY" value="1" />
  </node>
  <node id="DRUG">
    <attribute name="FREQUENCY" value="4" />
  </node>
  <node id="DRUG-RESISTANT">
    <attribute name="FREQUENCY" value="1" />
  </node>
  <node id="EASTERN">
    <attribute name="FREQUENCY" value="1" />
  </node>
  <node id="EDIBLE">
    <attribute name="FREQUENCY" value="1" />
  </node>
  <node id="EDT">
    <attribute name="FREQUENCY" value="1" />
  </node>
  <node id="EDUCATION">
    <attribute name="FREQUENCY" value="2" />
  </node>
  <node id="EFFECT">
    <attribute name="FREQUENCY" value="3" />
  </node>
  <node id="EFFECTIVE">
    <attribute name="FREQUENCY" value="1" />
  </node>
  <node id="ENERGY">
    <attribute name="FREQUENCY" value="6" />
  </node>
  <node id="ENERGY-CARRYING">
    <attribute name="FREQUENCY" value="1" />
  </node>
  <node id="ENTER">
    <attribute name="FREQUENCY" value="1" />
  </node>
  <node id="ENTERTAIN">
    <attribute name="FREQUENCY" value="4" />
  </node>
  <node id="ENTERTAINMENT">
    <attribute name="FREQUENCY" value="2" />
  </node>
  <node id="ESSENTIALLY">
    <attribute name="FREQUENCY" value="1" />
  </node>
  <node id="EVENTUALLY">
    <attribute name="FREQUENCY" value="1" />
  </node>
  <node id="EXPAND">
    <attribute name="FREQUENCY" value="1" />
  </node>
  <node id="EXPERIMENTS">
    <attribute name="FREQUENCY" value="1" />
  </node>
  <node id="EXPLAINS">
    <attribute name="FREQUENCY" value="1" />
  </node>
  <node id="EXTRA">
    <attribute name="FREQUENCY" value="1" />
  </node>
  <node id="EXTRUDE">
    <attribute name="FREQUENCY" value="1" />
  </node>
  <node id="FAMILY">
    <attribute name="FREQUENCY" value="1" />
  </node>
  <node id="FASHIONANDBEAUTY">
    <attribute name="FREQUENCY" value="2" />
  </node>
  <node id="FATAL">
    <attribute name="FREQUENCY" value="1" />
  </node>
  <node id="FIGHT">
    <attribute name="FREQUENCY" value="2" />
  </node>
  <node id="FINDINGS">
    <attribute name="FREQUENCY" value="1" />
  </node>
  <node id="FLOWERS">
    <attribute name="FREQUENCY" value="1" />
  </node>
  <node id="FOODANDWINE">
    <attribute name="FREQUENCY" value="2" />
  </node>
  <node id="FRUITS">
    <attribute name="FREQUENCY" value="1" />
  </node>
  <node id="GAS-HAULING">
    <attribute name="FREQUENCY" value="4" />
  </node>
  <node id="GOOD">
    <attribute name="FREQUENCY" value="2" />
  </node>
  <node id="GROWING">
    <attribute name="FREQUENCY" value="2" />
  </node>
  <node id="HEADLINES">
    <attribute name="FREQUENCY" value="1" />
  </node>
  <node id="HEALTH">
    <attribute name="FREQUENCY" value="4" />
  </node>
  <node id="HEALTHANDNUTRITION">
    <attribute name="FREQUENCY" value="2" />
  </node>
  <node id="HOPED">
    <attribute name="FREQUENCY" value="1" />
  </node>
  <node id="HOROSCOPES">
    <attribute name="FREQUENCY" value="2" />
  </node>
  <node id="HOSPICE">
    <attribute name="FREQUENCY" value="4" />
  </node>
  <node id="HTML">
    <attribute name="FREQUENCY" value="1" />
  </node>
  <node id="HUMAN">
    <attribute name="FREQUENCY" value="2" />
  </node>
  <node id="IDEA">
    <attribute name="FREQUENCY" value="1" />
  </node>
  <node id="IMPLANTED">
    <attribute name="FREQUENCY" value="1" />
  </node>
  <node id="IMPROVEMENT">
    <attribute name="FREQUENCY" value="2" />
  </node>
  <node id="INFO">
    <attribute name="FREQUENCY" value="2" />
  </node>
  <node id="INHIBIT">
    <attribute name="FREQUENCY" value="1" />
  </node>
  <node id="ISSUE">
    <attribute name="FREQUENCY" value="2" />
  </node>
  <node id="JERRY">
    <attribute name="FREQUENCY" value="1" />
  </node>
  <node id="JOURNAL">
    <attribute name="FREQUENCY" value="4" />
  </node>
  <node id="JUNE">
    <attribute name="FREQUENCY" value="2" />
  </node>
  <node id="KEEPING">
    <attribute name="FREQUENCY" value="1" />
  </node>
  <node id="KILL">
    <attribute name="FREQUENCY" value="3" />
  </node>
  <node id="KILLED">
    <attribute name="FREQUENCY" value="1" />
  </node>
  <node id="LA">
    <attribute name="FREQUENCY" value="1" />
  </node>
  <node id="LABORATORY">
    <attribute name="FREQUENCY" value="3" />
  </node>
  <node id="LETTER">
    <attribute name="FREQUENCY" value="3" />
  </node>
  <node id="LEUKEMIA">
    <attribute name="FREQUENCY" value="1" />
  </node>
  <node id="LIMITED">
    <attribute name="FREQUENCY" value="1" />
  </node>
  <node id="LOS">
    <attribute name="FREQUENCY" value="1" />
  </node>
  <node id="MASSIVE">
    <attribute name="FREQUENCY" value="1" />
  </node>
  <node id="MAXIMIZE">
    <attribute name="FREQUENCY" value="1" />
  </node>
  <node id="MCLAUGHLIN">
    <attribute name="FREQUENCY" value="6" />
  </node>
  <node id="MDR">
    <attribute name="FREQUENCY" value="1" />
  </node>
  <node id="MEDIATED">
    <attribute name="FREQUENCY" value="1" />
  </node>
  <node id="MEDICINAL">
    <attribute name="FREQUENCY" value="3" />
  </node>
  <node id="MEETING">
    <attribute name="FREQUENCY" value="1" />
  </node>
  <node id="MESS">
    <attribute name="FREQUENCY" value="1" />
  </node>
  <node id="MICE">
    <attribute name="FREQUENCY" value="1" />
  </node>
  <node id="MINIMIZE">
    <attribute name="FREQUENCY" value="1" />
  </node>
  <node id="MONDAY">
    <attribute name="FREQUENCY" value="1" />
  </node>
  <node id="MONEY">
    <attribute name="FREQUENCY" value="2" />
  </node>
  <node id="MOUSE">
    <attribute name="FREQUENCY" value="2" />
  </node>
  <node id="MULTI-DRUG">
    <attribute name="FREQUENCY" value="4" />
  </node>
  <node id="MUSIC">
    <attribute name="FREQUENCY" value="2" />
  </node>
  <node id="NATIONAL">
    <attribute name="FREQUENCY" value="1" />
  </node>
  <node id="NATIVE">
    <attribute name="FREQUENCY" value="1" />
  </node>
  <node id="NEEDED">
    <attribute name="FREQUENCY" value="1" />
  </node>
  <node id="NEVADA">
    <attribute name="FREQUENCY" value="1" />
  </node>
  <node id="NEWS">
    <attribute name="FREQUENCY" value="4" />
  </node>
  <node id="NEWSANDPOLITICS">
    <attribute name="FREQUENCY" value="2" />
  </node>
  <node id="NORMAL">
    <attribute name="FREQUENCY" value="3" />
  </node>
  <node id="ORIGINALLY">
    <attribute name="FREQUENCY" value="1" />
  </node>
  <node id="OVARIAN">
    <attribute name="FREQUENCY" value="1" />
  </node>
  <node id="P-GLYCOPROTEIN">
    <attribute name="FREQUENCY" value="1" />
  </node>
  <node id="PAPAW">
    <attribute name="FREQUENCY" value="1" />
  </node>
  <node id="PART">
    <attribute name="FREQUENCY" value="1" />
  </node>
  <node id="PATIENTS">
    <attribute name="FREQUENCY" value="4" />
  </node>
  <node id="PAWPAW">
    <attribute name="FREQUENCY" value="7" />
  </node>
  <node id="PERCENTAGE">
    <attribute name="FREQUENCY" value="1" />
  </node>
  <node id="PERSON">
    <attribute name="FREQUENCY" value="1" />
  </node>
  <node id="PHARMACOLOGIST">
    <attribute name="FREQUENCY" value="1" />
  </node>
  <node id="PHENOMENON">
    <attribute name="FREQUENCY" value="1" />
  </node>
  <node id="PLUG">
    <attribute name="FREQUENCY" value="1" />
  </node>
  <node id="PM">
    <attribute name="FREQUENCY" value="1" />
  </node>
  <node id="POLITIC">
    <attribute name="FREQUENCY" value="4" />
  </node>
  <node id="POPULATION">
    <attribute name="FREQUENCY" value="1" />
  </node>
  <node id="POSSESSES">
    <attribute name="FREQUENCY" value="1" />
  </node>
  <node id="POTENT">
    <attribute name="FREQUENCY" value="1" />
  </node>
  <node id="POTENTIALLY">
    <attribute name="FREQUENCY" value="1" />
  </node>
  <node id="PREFERENTIALLY">
    <attribute name="FREQUENCY" value="1" />
  </node>
  <node id="PRESENTED">
    <attribute name="FREQUENCY" value="1" />
  </node>
  <node id="PRESSURE">
    <attribute name="FREQUENCY" value="2" />
  </node>
  <node id="PRETTY">
    <attribute name="FREQUENCY" value="1" />
  </node>
  <node id="PRODUCTION">
    <attribute name="FREQUENCY" value="2" />
  </node>
  <node id="PROMISE">
    <attribute name="FREQUENCY" value="1" />
  </node>
  <node id="PROPERTIES">
    <attribute name="FREQUENCY" value="1" />
  </node>
  <node id="PULL">
    <attribute name="FREQUENCY" value="1" />
  </node>
  <node id="PUMP">
    <attribute name="FREQUENCY" value="7" />
  </node>
  <node id="PUMP-RUNNING">
    <attribute name="FREQUENCY" value="1" />
  </node>
  <node id="PURDUE">
    <attribute name="FREQUENCY" value="4" />
  </node>
  <node id="PURPLE">
    <attribute name="FREQUENCY" value="1" />
  </node>
  <node id="PUSH">
    <attribute name="FREQUENCY" value="1" />
  </node>
  <node id="QUESTIONS">
    <attribute name="FREQUENCY" value="2" />
  </node>
  <node id="RELATIONSHIP">
    <attribute name="FREQUENCY" value="2" />
  </node>
  <node id="REPORT">
    <attribute name="FREQUENCY" value="4" />
  </node>
  <node id="REPORTED">
    <attribute name="FREQUENCY" value="1" />
  </node>
  <node id="REQUIRE">
    <attribute name="FREQUENCY" value="2" />
  </node>
  <node id="RESEARCHERS">
    <attribute name="FREQUENCY" value="2" />
  </node>
  <node id="RESISTANCE">
    <attribute name="FREQUENCY" value="5" />
  </node>
  <node id="RESISTANT">
    <attribute name="FREQUENCY" value="4" />
  </node>
  <node id="REUTERS">
    <attribute name="FREQUENCY" value="2" />
  </node>
  <node id="RUN">
    <attribute name="FREQUENCY" value="1" />
  </node>
  <node id="SCOREBOARD">
    <attribute name="FREQUENCY" value="4" />
  </node>
  <node id="SELDOM">
    <attribute name="FREQUENCY" value="1" />
  </node>
  <node id="SEPTEMBER">
    <attribute name="FREQUENCY" value="1" />
  </node>
  <node id="SHOPPING">
    <attribute name="FREQUENCY" value="2" />
  </node>
  <node id="SIDE">
    <attribute name="FREQUENCY" value="1" />
  </node>
  <node id="SMALL">
    <attribute name="FREQUENCY" value="2" />
  </node>
  <node id="SOCIETY">
    <attribute name="FREQUENCY" value="1" />
  </node>
  <node id="SOURCE">
    <attribute name="FREQUENCY" value="2" />
  </node>
  <node id="SPORT">
    <attribute name="FREQUENCY" value="4" />
  </node>
  <node id="SPORTSANDFITNESS">
    <attribute name="FREQUENCY" value="2" />
  </node>
  <node id="STANDARD">
    <attribute name="FREQUENCY" value="1" />
  </node>
  <node id="STATEMENT">
    <attribute name="FREQUENCY" value="1" />
  </node>
  <node id="STORIES">
    <attribute name="FREQUENCY" value="1" />
  </node>
  <node id="STORY">
    <attribute name="FREQUENCY" value="4" />
  </node>
  <node id="STUDIES">
    <attribute name="FREQUENCY" value="2" />
  </node>
  <node id="STUDY">
    <attribute name="FREQUENCY" value="2" />
  </node>
  <node id="STUFF">
    <attribute name="FREQUENCY" value="2" />
  </node>
  <node id="SUMMER">
    <attribute name="FREQUENCY" value="1" />
  </node>
  <node id="SUPPLY">
    <attribute name="FREQUENCY" value="1" />
  </node>
  <node id="SURVIVE">
    <attribute name="FREQUENCY" value="1" />
  </node>
  <node id="SYMPTOMS">
    <attribute name="FREQUENCY" value="4" />
  </node>
  <node id="TAXED">
    <attribute name="FREQUENCY" value="1" />
  </node>
  <node id="TECH">
    <attribute name="FREQUENCY" value="6" />
  </node>
  <node id="TELLS">
    <attribute name="FREQUENCY" value="1" />
  </node>
  <node id="TERMS">
    <attribute name="FREQUENCY" value="1" />
  </node>
  <node id="TEXT">
    <attribute name="FREQUENCY" value="1" />
  </node>
  <node id="THINGS">
    <attribute name="FREQUENCY" value="1" />
  </node>
  <node id="TIPS">
    <attribute name="FREQUENCY" value="2" />
  </node>
  <node id="TRAVEL">
    <attribute name="FREQUENCY" value="2" />
  </node>
  <node id="TREE">
    <attribute name="FREQUENCY" value="3" />
  </node>
  <node id="TREMENDOUS">
    <attribute name="FREQUENCY" value="1" />
  </node>
  <node id="TRIPHOSPHATE">
    <attribute name="FREQUENCY" value="1" />
  </node>
  <node id="TRUCKERS">
    <attribute name="FREQUENCY" value="4" />
  </node>
  <node id="TUMOR">
    <attribute name="FREQUENCY" value="2" />
  </node>
  <node id="UNRELATED">
    <attribute name="FREQUENCY" value="1" />
  </node>
  <node id="VAST">
    <attribute name="FREQUENCY" value="1" />
  </node>
  <node id="VEGAS">
    <attribute name="FREQUENCY" value="1" />
  </node>
  <node id="VERAPAMIL">
    <attribute name="FREQUENCY" value="1" />
  </node>
  <node id="WEEK">
    <attribute name="FREQUENCY" value="1" />
  </node>
  <node id="WRITE">
    <attribute name="FREQUENCY" value="2" />
  </node>
  <node id="YAHOO">
    <attribute name="FREQUENCY" value="4" />
  </node>
  <node id="YELLOW">
    <attribute name="FREQUENCY" value="1" />
  </node>
  <node id="YORK">
    <attribute name="FREQUENCY" value="1" />
  </node>
  <edge from="ADENOSINE" to="TRIPHOSPHATE">
    <attribute name="TEXT" value="1" />
  </edge>
  <edge from="AGAINST" to="HUMAN">
    <attribute name="TEXT" value="2" />
  </edge>
  <edge from="AGAINST" to="MOUSE">
    <attribute name="TEXT" value="1" />
  </edge>
  <edge from="AGENT" to="ORIGINALLY">
    <attribute name="TEXT" value="1" />
  </edge>
  <edge from="AGENT" to="VERAPAMIL">
    <attribute name="TEXT" value="1" />
  </edge>
  <edge from="ALZHEIMER" to="PATIENTS">
    <attribute name="TEXT" value="2" />
    <attribute name="LINKS" value="2" />
  </edge>
  <edge from="ALZHEIMER" to="PATIENTS">
    <attribute name="TEXT" value="2" />
    <attribute name="LINKS" value="2" />
  </edge>
  <edge from="AMERICAN" to="CHEMICAL">
    <attribute name="TEXT" value="1" />
  </edge>
  <edge from="ANNONACEOUS" to="ACETOGENINS">
    <attribute name="TEXT" value="1" />
  </edge>
  <edge from="ANTI-CANCER" to="AGENT">
    <attribute name="TEXT" value="2" />
  </edge>
  <edge from="ANTI-CANCER" to="DRUG">
    <attribute name="TEXT" value="1" />
  </edge>
  <edge from="ANTI-CANCER" to="PROPERTIES">
    <attribute name="TEXT" value="1" />
  </edge>
  <edge from="ATP" to="BLOCKERS">
    <attribute name="TEXT" value="1" />
  </edge>
  <edge from="ATP" to="PRODUCTION">
    <attribute name="TEXT" value="1" />
  </edge>
  <edge from="BLOCKED" to="PRODUCTION">
    <attribute name="TEXT" value="1" />
  </edge>
  <edge from="BLOOD" to="PRESSURE">
    <attribute name="TEXT" value="2" />
  </edge>
  <edge from="BREAST" to="CANCER">
    <attribute name="TEXT" value="1" />
  </edge>
  <edge from="BULLATACIN" to="PREFERENTIALLY">
    <attribute name="TEXT" value="1" />
  </edge>
  <edge from="CALLED" to="ANNONACEOUS">
    <attribute name="TEXT" value="1" />
  </edge>
  <edge from="CANCER" to="CELLS">
    <attribute name="TEXT" value="10" />
  </edge>
  <edge from="CANCER" to="DRUG">
    <attribute name="TEXT" value="1" />
  </edge>
  <edge from="CANCER" to="LETTER">
    <attribute name="TEXT" value="3" />
  </edge>
  <edge from="CAUSED" to="POTENTIALLY">
    <attribute name="TEXT" value="1" />
  </edge>
  <edge from="CELLS" to="IMPLANTED">
    <attribute name="TEXT" value="1" />
  </edge>
  <edge from="CELLS" to="POSSESSES">
    <attribute name="TEXT" value="1" />
  </edge>
  <edge from="CELLS" to="REQUIRE">
    <attribute name="TEXT" value="1" />
  </edge>
  <edge from="CELLS" to="SELDOM">
    <attribute name="TEXT" value="1" />
  </edge>
  <edge from="CHEMICAL" to="SOCIETY">
    <attribute name="TEXT" value="1" />
  </edge>
  <edge from="CHEMISTRY" to="MCLAUGHLIN">
    <attribute name="TEXT" value="1" />
  </edge>
  <edge from="CHIEF" to="ENERGY-CARRYING">
    <attribute name="TEXT" value="1" />
  </edge>
  <edge from="COMPOUND" to="BULLATACIN">
    <attribute name="TEXT" value="1" />
  </edge>
  <edge from="COMPOUND" to="CALLED">
    <attribute name="TEXT" value="1" />
  </edge>
  <edge from="COMPOUND" to="FIGHT">
    <attribute name="TEXT" value="2" />
    <attribute name="KEYWORDS" value="2" />
  </edge>
  <edge from="COMPOUND" to="FIGHT">
    <attribute name="TEXT" value="2" />
    <attribute name="KEYWORDS" value="2" />
  </edge>
  <edge from="CREATE" to="DRUG-RESISTANT">
    <attribute name="TEXT" value="1" />
  </edge>
  <edge from="CUSTARD-APPLE" to="FAMILY">
    <attribute name="TEXT" value="1" />
  </edge>
  <edge from="DEVELOP" to="RESISTANCE">
    <attribute name="TEXT" value="1" />
  </edge>
  <edge from="DEVELOPED" to="RESISTANCE">
    <attribute name="TEXT" value="2" />
  </edge>
  <edge from="DRUG" to="ADRIAMYCIN">
    <attribute name="TEXT" value="1" />
  </edge>
  <edge from="DRUG-RESISTANT" to="TUMOR">
    <attribute name="TEXT" value="1" />
  </edge>
  <edge from="EDIBLE" to="FRUITS">
    <attribute name="TEXT" value="1" />
  </edge>
  <edge from="ENERGY" to="NEEDED">
    <attribute name="TEXT" value="1" />
  </edge>
  <edge from="ENERGY" to="SOURCE">
    <attribute name="TEXT" value="1" />
  </edge>
  <edge from="ENERGY" to="SUPPLY">
    <attribute name="TEXT" value="1" />
  </edge>
  <edge from="ENERGY-CARRYING" to="COMPOUND">
    <attribute name="TEXT" value="1" />
  </edge>
  <edge from="ESSENTIALLY" to="PULL">
    <attribute name="TEXT" value="1" />
  </edge>
  <edge from="EVENTUALLY" to="GROWING">
    <attribute name="TEXT" value="1" />
  </edge>
  <edge from="EXTRA" to="ENERGY">
    <attribute name="TEXT" value="1" />
  </edge>
  <edge from="EXTRUDE" to="THINGS">
    <attribute name="TEXT" value="1" />
  </edge>
  <edge from="FATAL" to="SIDE">
    <attribute name="TEXT" value="1" />
  </edge>
  <edge from="FIGHT" to="CANCER">
    <attribute name="TEXT" value="1" />
    <attribute name="KEYWORDS" value="1" />
  </edge>
  <edge from="FIGHT" to="CANCER">
    <attribute name="TEXT" value="1" />
    <attribute name="KEYWORDS" value="1" />
  </edge>
  <edge from="GAS-HAULING" to="TRUCKERS">
    <attribute name="TEXT" value="2" />
    <attribute name="LINKS" value="2" />
  </edge>
  <edge from="GAS-HAULING" to="TRUCKERS">
    <attribute name="TEXT" value="2" />
    <attribute name="LINKS" value="2" />
  </edge>
  <edge from="GOOD" to="DEAL">
    <attribute name="TEXT" value="1" />
  </edge>
  <edge from="GOOD" to="IDEA">
    <attribute name="TEXT" value="1" />
  </edge>
  <edge from="HEALTH" to="STORIES">
    <attribute name="TEXT" value="1" />
  </edge>
  <edge from="HOSPICE" to="CARE">
    <attribute name="TEXT" value="2" />
    <attribute name="LINKS" value="2" />
  </edge>
  <edge from="HOSPICE" to="CARE">
    <attribute name="TEXT" value="2" />
    <attribute name="LINKS" value="2" />
  </edge>
  <edge from="HUMAN" to="BREAST">
    <attribute name="TEXT" value="1" />
  </edge>
  <edge from="HUMAN" to="OVARIAN">
    <attribute name="TEXT" value="1" />
  </edge>
  <edge from="INHIBIT" to="ATP">
    <attribute name="TEXT" value="1" />
  </edge>
  <edge from="JERRY" to="MCLAUGHLIN">
    <attribute name="TEXT" value="1" />
  </edge>
  <edge from="JOURNAL" to="CANCER">
    <attribute name="TEXT" value="1" />
  </edge>
  <edge from="JUNE" to="ISSUE">
    <attribute name="TEXT" value="2" />
  </edge>
  <edge from="KILL" to="CANCER">
    <attribute name="TEXT" value="1" />
  </edge>
  <edge from="KILLED" to="MULTI-DRUG">
    <attribute name="TEXT" value="1" />
  </edge>
  <edge from="LA" to="VEGAS">
    <attribute name="TEXT" value="1" />
  </edge>
  <edge from="LABORATORY" to="MICE">
    <attribute name="TEXT" value="1" />
  </edge>
  <edge from="LABORATORY" to="STUDIES">
    <attribute name="TEXT" value="1" />
  </edge>
  <edge from="LEUKEMIA" to="CELLS">
    <attribute name="TEXT" value="1" />
  </edge>
  <edge from="MASSIVE" to="DOSE">
    <attribute name="TEXT" value="1" />
  </edge>
  <edge from="MEDIATED" to="PUMP">
    <attribute name="TEXT" value="1" />
  </edge>
  <edge from="MEDICINAL" to="CHEMISTRY">
    <attribute name="TEXT" value="3" />
  </edge>
  <edge from="MONDAY" to="SEPTEMBER">
    <attribute name="TEXT" value="1" />
  </edge>
  <edge from="MOUSE" to="CELLS">
    <attribute name="TEXT" value="1" />
  </edge>
  <edge from="MOUSE" to="LEUKEMIA">
    <attribute name="TEXT" value="1" />
  </edge>
  <edge from="MULTI-DRUG" to="RESISTANCE">
    <attribute name="TEXT" value="1" />
  </edge>
  <edge from="MULTI-DRUG" to="RESISTANT">
    <attribute name="TEXT" value="3" />
  </edge>
  <edge from="NATIONAL" to="MEETING">
    <attribute name="TEXT" value="1" />
  </edge>
  <edge from="NORMAL" to="CELLS">
    <attribute name="TEXT" value="3" />
  </edge>
  <edge from="OVARIAN" to="CANCER">
    <attribute name="TEXT" value="1" />
  </edge>
  <edge from="P-GLYCOPROTEIN" to="MEDIATED">
    <attribute name="TEXT" value="1" />
  </edge>
  <edge from="PAPAW" to="TREE">
    <attribute name="TEXT" value="1" />
  </edge>
  <edge from="PAWPAW" to="COMPOUND">
    <attribute name="TEXT" value="6" />
    <attribute name="KEYWORDS" value="2" />
  </edge>
  <edge from="PAWPAW" to="COMPOUND">
    <attribute name="TEXT" value="6" />
    <attribute name="KEYWORDS" value="2" />
  </edge>
  <edge from="PAWPAW" to="TREE">
    <attribute name="TEXT" value="1" />
  </edge>
  <edge from="PM" to="EDT">
    <attribute name="TEXT" value="1" />
  </edge>
  <edge from="POTENT" to="ATP">
    <attribute name="TEXT" value="1" />
  </edge>
  <edge from="POTENTIALLY" to="FATAL">
    <attribute name="TEXT" value="1" />
  </edge>
  <edge from="PREFERENTIALLY" to="KILLED">
    <attribute name="TEXT" value="1" />
  </edge>
  <edge from="PRESSURE" to="AGENT">
    <attribute name="TEXT" value="1" />
  </edge>
  <edge from="PRETTY" to="GOOD">
    <attribute name="TEXT" value="1" />
  </edge>
  <edge from="PROMISE" to="AGAINST">
    <attribute name="TEXT" value="1" />
  </edge>
  <edge from="PUMP-RUNNING" to="CELLS">
    <attribute name="TEXT" value="1" />
  </edge>
  <edge from="PURDUE" to="PHARMACOLOGIST">
    <attribute name="TEXT" value="1" />
  </edge>
  <edge from="PURDUE" to="RESEARCHERS">
    <attribute name="TEXT" value="2" />
  </edge>
  <edge from="PURPLE" to="FLOWERS">
    <attribute name="TEXT" value="1" />
  </edge>
  <edge from="PUSH" to="ANTI-CANCER">
    <attribute name="TEXT" value="1" />
  </edge>
  <edge from="REPORT" to="SYMPTOMS">
    <attribute name="TEXT" value="2" />
    <attribute name="LINKS" value="2" />
  </edge>
  <edge from="REPORT" to="SYMPTOMS">
    <attribute name="TEXT" value="2" />
    <attribute name="LINKS" value="2" />
  </edge>
  <edge from="REQUIRE" to="TREMENDOUS">
    <attribute name="TEXT" value="1" />
  </edge>
  <edge from="REQUIRE" to="VAST">
    <attribute name="TEXT" value="1" />
  </edge>
  <edge from="RESEARCHERS" to="REPORTED">
    <attribute name="TEXT" value="1" />
  </edge>
  <edge from="RESISTANCE" to="DEVELOP">
    <attribute name="TEXT" value="1" />
  </edge>
  <edge from="RESISTANT" to="CANCER">
    <attribute name="TEXT" value="1" />
  </edge>
  <edge from="RESISTANT" to="CELLS">
    <attribute name="TEXT" value="2" />
  </edge>
  <edge from="RESISTANT" to="TUMOR">
    <attribute name="TEXT" value="1" />
  </edge>
  <edge from="REUTERS" to="LIMITED">
    <attribute name="TEXT" value="1" />
  </edge>
  <edge from="SELDOM" to="DEVELOP">
    <attribute name="TEXT" value="1" />
  </edge>
  <edge from="SIDE" to="EFFECT">
    <attribute name="TEXT" value="1" />
  </edge>
  <edge from="SMALL" to="PERCENTAGE">
    <attribute name="TEXT" value="1" />
  </edge>
  <edge from="SMALL" to="TREE">
    <attribute name="TEXT" value="1" />
  </edge>
  <edge from="SOCIETY" to="NATIONAL">
    <attribute name="TEXT" value="1" />
  </edge>
  <edge from="STANDARD" to="CANCER">
    <attribute name="TEXT" value="1" />
  </edge>
  <edge from="STORIES" to="PAWPAW">
    <attribute name="TEXT" value="1" />
  </edge>
  <edge from="STUDY" to="TELLS">
    <attribute name="TEXT" value="1" />
  </edge>
  <edge from="SURVIVE" to="CHEMOTHERAPY">
    <attribute name="TEXT" value="1" />
  </edge>
  <edge from="TECH" to="TIPS">
    <attribute name="TEXT" value="2" />
  </edge>
  <edge from="TERMS" to="MULTI-DRUG">
    <attribute name="TEXT" value="1" />
  </edge>
  <edge from="TEXT" to="HEADLINES">
    <attribute name="TEXT" value="1" />
  </edge>
  <edge from="TREMENDOUS" to="AMOUNT">
    <attribute name="TEXT" value="1" />
  </edge>
  <edge from="TRIPHOSPHATE" to="ATP">
    <attribute name="TEXT" value="1" />
  </edge>
  <edge from="TRUCKERS" to="REPORT">
    <attribute name="TEXT" value="2" />
    <attribute name="LINKS" value="2" />
  </edge>
  <edge from="TRUCKERS" to="REPORT">
    <attribute name="TEXT" value="2" />
    <attribute name="LINKS" value="2" />
  </edge>
  <edge from="UNRELATED" to="DRUG">
    <attribute name="TEXT" value="1" />
  </edge>
  <edge from="VAST" to="AMOUNT">
    <attribute name="TEXT" value="1" />
  </edge>
  <edge from="VEGAS" to="NEVADA">
    <attribute name="TEXT" value="1" />
  </edge>
  <edge from="YELLOW" to="EDIBLE">
    <attribute name="TEXT" value="1" />
  </edge>
</graph>
