<graph>
  <node id="AIDS">
    <attribute name="FREQUENCY" value="4" />
  </node>
  <node id="AMERICAN">
    <attribute name="FREQUENCY" value="1" />
  </node>
  <node id="AMOUNT">
    <attribute name="FREQUENCY" value="1" />
  </node>
  <node id="ANEURYSM">
    <attribute name="FREQUENCY" value="19" />
  </node>
  <node id="AORTA">
    <attribute name="FREQUENCY" value="3" />
  </node>
  <node id="AORTIC">
    <attribute name="FREQUENCY" value="4" />
  </node>
  <node id="APPARENTLY">
    <attribute name="FREQUENCY" value="1" />
  </node>
  <node id="ARTERIES">
    <attribute name="FREQUENCY" value="1" />
  </node>
  <node id="ASSOCIATION">
    <attribute name="FREQUENCY" value="1" />
  </node>
  <node id="AVOID">
    <attribute name="FREQUENCY" value="1" />
  </node>
  <node id="BALLOON-LIKE">
    <attribute name="FREQUENCY" value="1" />
  </node>
  <node id="BATH">
    <attribute name="FREQUENCY" value="4" />
  </node>
  <node id="BIZ">
    <attribute name="FREQUENCY" value="4" />
  </node>
  <node id="BRAIN">
    <attribute name="FREQUENCY" value="1" />
  </node>
  <node id="BREAK">
    <attribute name="FREQUENCY" value="1" />
  </node>
  <node id="BREAKDOWN">
    <attribute name="FREQUENCY" value="1" />
  </node>
  <node id="BURST">
    <attribute name="FREQUENCY" value="1" />
  </node>
  <node id="CELLULAR">
    <attribute name="FREQUENCY" value="1" />
  </node>
  <node id="CENTIMETERS">
    <attribute name="FREQUENCY" value="4" />
  </node>
  <node id="CHANCE">
    <attribute name="FREQUENCY" value="1" />
  </node>
  <node id="CHARACTERISTICS">
    <attribute name="FREQUENCY" value="1" />
  </node>
  <node id="CHICAGO">
    <attribute name="FREQUENCY" value="1" />
  </node>
  <node id="CIRCULATION">
    <attribute name="FREQUENCY" value="2" />
  </node>
  <node id="CLINTON">
    <attribute name="FREQUENCY" value="4" />
  </node>
  <node id="CLUES">
    <attribute name="FREQUENCY" value="1" />
  </node>
  <node id="COLLAGEN">
    <attribute name="FREQUENCY" value="2" />
  </node>
  <node id="COLLEAGUES">
    <attribute name="FREQUENCY" value="1" />
  </node>
  <node id="COLLEGE">
    <attribute name="FREQUENCY" value="1" />
  </node>
  <node id="COLUMBIA">
    <attribute name="FREQUENCY" value="1" />
  </node>
  <node id="COMMENTS">
    <attribute name="FREQUENCY" value="2" />
  </node>
  <node id="DESIGNED">
    <attribute name="FREQUENCY" value="1" />
  </node>
  <node id="DEVELOPMENT">
    <attribute name="FREQUENCY" value="1" />
  </node>
  <node id="DIAMETER">
    <attribute name="FREQUENCY" value="3" />
  </node>
  <node id="DIES">
    <attribute name="FREQUENCY" value="1" />
  </node>
  <node id="DISCOVERED">
    <attribute name="FREQUENCY" value="1" />
  </node>
  <node id="DISCREPANT">
    <attribute name="FREQUENCY" value="1" />
  </node>
  <node id="EARLIER">
    <attribute name="FREQUENCY" value="1" />
  </node>
  <node id="EDT">
    <attribute name="FREQUENCY" value="1" />
  </node>
  <node id="ENTERTAIN">
    <attribute name="FREQUENCY" value="4" />
  </node>
  <node id="ENZYME">
    <attribute name="FREQUENCY" value="2" />
  </node>
  <node id="EXPANSION">
    <attribute name="FREQUENCY" value="3" />
  </node>
  <node id="EXPLAINS">
    <attribute name="FREQUENCY" value="1" />
  </node>
  <node id="EXPLOITED">
    <attribute name="FREQUENCY" value="1" />
  </node>
  <node id="EXPRESSION">
    <attribute name="FREQUENCY" value="2" />
  </node>
  <node id="FINDINGS">
    <attribute name="FREQUENCY" value="1" />
  </node>
  <node id="GENETIC">
    <attribute name="FREQUENCY" value="1" />
  </node>
  <node id="GREATER">
    <attribute name="FREQUENCY" value="1" />
  </node>
  <node id="HEADLINES">
    <attribute name="FREQUENCY" value="1" />
  </node>
  <node id="HEALTH">
    <attribute name="FREQUENCY" value="4" />
  </node>
  <node id="HEAR">
    <attribute name="FREQUENCY" value="4" />
  </node>
  <node id="HIGH">
    <attribute name="FREQUENCY" value="3" />
  </node>
  <node id="HIGHER">
    <attribute name="FREQUENCY" value="1" />
  </node>
  <node id="HTML">
    <attribute name="FREQUENCY" value="1" />
  </node>
  <node id="IDENTIFIED">
    <attribute name="FREQUENCY" value="1" />
  </node>
  <node id="ILLINOIS">
    <attribute name="FREQUENCY" value="1" />
  </node>
  <node id="INCH">
    <attribute name="FREQUENCY" value="2" />
  </node>
  <node id="INCREASE">
    <attribute name="FREQUENCY" value="2" />
  </node>
  <node id="INFANT">
    <attribute name="FREQUENCY" value="4" />
  </node>
  <node id="INFO">
    <attribute name="FREQUENCY" value="2" />
  </node>
  <node id="JOURNAL">
    <attribute name="FREQUENCY" value="2" />
  </node>
  <node id="LARGE">
    <attribute name="FREQUENCY" value="1" />
  </node>
  <node id="LED">
    <attribute name="FREQUENCY" value="1" />
  </node>
  <node id="LEVELS">
    <attribute name="FREQUENCY" value="5" />
  </node>
  <node id="LIFE-THREATENING">
    <attribute name="FREQUENCY" value="1" />
  </node>
  <node id="LIMITED">
    <attribute name="FREQUENCY" value="1" />
  </node>
  <node id="LIVE">
    <attribute name="FREQUENCY" value="4" />
  </node>
  <node id="MECHANICAL">
    <attribute name="FREQUENCY" value="1" />
  </node>
  <node id="MEDICAL">
    <attribute name="FREQUENCY" value="1" />
  </node>
  <node id="METALLOPROTEINASE">
    <attribute name="FREQUENCY" value="1" />
  </node>
  <node id="MMP">
    <attribute name="FREQUENCY" value="9" />
  </node>
  <node id="MODERATE">
    <attribute name="FREQUENCY" value="2" />
  </node>
  <node id="MODERATE-SIZE">
    <attribute name="FREQUENCY" value="1" />
  </node>
  <node id="MODERATE-SIZED">
    <attribute name="FREQUENCY" value="1" />
  </node>
  <node id="MON">
    <attribute name="FREQUENCY" value="1" />
  </node>
  <node id="MONDAY">
    <attribute name="FREQUENCY" value="1" />
  </node>
  <node id="MONTH">
    <attribute name="FREQUENCY" value="1" />
  </node>
  <node id="NEEDED">
    <attribute name="FREQUENCY" value="1" />
  </node>
  <node id="NEUROSURGERY">
    <attribute name="FREQUENCY" value="1" />
  </node>
  <node id="NEWS">
    <attribute name="FREQUENCY" value="4" />
  </node>
  <node id="NORTHWESTERN">
    <attribute name="FREQUENCY" value="2" />
  </node>
  <node id="OCT">
    <attribute name="FREQUENCY" value="1" />
  </node>
  <node id="OCTOBER">
    <attribute name="FREQUENCY" value="1" />
  </node>
  <node id="PATIENTS">
    <attribute name="FREQUENCY" value="1" />
  </node>
  <node id="PEARCE">
    <attribute name="FREQUENCY" value="3" />
  </node>
  <node id="PM">
    <attribute name="FREQUENCY" value="2" />
  </node>
  <node id="POLITIC">
    <attribute name="FREQUENCY" value="4" />
  </node>
  <node id="PRESENT">
    <attribute name="FREQUENCY" value="1" />
  </node>
  <node id="PREVENT">
    <attribute name="FREQUENCY" value="1" />
  </node>
  <node id="PROFESSOR">
    <attribute name="FREQUENCY" value="1" />
  </node>
  <node id="PROPOSING">
    <attribute name="FREQUENCY" value="1" />
  </node>
  <node id="PROTEIN">
    <attribute name="FREQUENCY" value="6" />
  </node>
  <node id="PUBLISHED">
    <attribute name="FREQUENCY" value="2" />
  </node>
  <node id="PUT">
    <attribute name="FREQUENCY" value="1" />
  </node>
  <node id="QUESTIONS">
    <attribute name="FREQUENCY" value="2" />
  </node>
  <node id="RAPID">
    <attribute name="FREQUENCY" value="1" />
  </node>
  <node id="RATE">
    <attribute name="FREQUENCY" value="1" />
  </node>
  <node id="RELATED">
    <attribute name="FREQUENCY" value="1" />
  </node>
  <node id="RELATIONSHIP">
    <attribute name="FREQUENCY" value="1" />
  </node>
  <node id="REPAIRED">
    <attribute name="FREQUENCY" value="1" />
  </node>
  <node id="REPORT">
    <attribute name="FREQUENCY" value="2" />
  </node>
  <node id="RESEARCHERS">
    <attribute name="FREQUENCY" value="5" />
  </node>
  <node id="RESPONSIBLE">
    <attribute name="FREQUENCY" value="1" />
  </node>
  <node id="REUTERS">
    <attribute name="FREQUENCY" value="2" />
  </node>
  <node id="RISK">
    <attribute name="FREQUENCY" value="9" />
  </node>
  <node id="RUPTURE">
    <attribute name="FREQUENCY" value="4" />
  </node>
  <node id="RUPTURED">
    <attribute name="FREQUENCY" value="1" />
  </node>
  <node id="SCAFFOLDING">
    <attribute name="FREQUENCY" value="1" />
  </node>
  <node id="SCHOOL">
    <attribute name="FREQUENCY" value="1" />
  </node>
  <node id="SCOREBOARD">
    <attribute name="FREQUENCY" value="4" />
  </node>
  <node id="SEATS">
    <attribute name="FREQUENCY" value="4" />
  </node>
  <node id="SIZE">
    <attribute name="FREQUENCY" value="2" />
  </node>
  <node id="SLOW">
    <attribute name="FREQUENCY" value="1" />
  </node>
  <node id="SMALLER">
    <attribute name="FREQUENCY" value="1" />
  </node>
  <node id="SOURCE">
    <attribute name="FREQUENCY" value="1" />
  </node>
  <node id="SPORT">
    <attribute name="FREQUENCY" value="4" />
  </node>
  <node id="SPOTLIGHT">
    <attribute name="FREQUENCY" value="1" />
  </node>
  <node id="STORIES">
    <attribute name="FREQUENCY" value="2" />
  </node>
  <node id="STORY">
    <attribute name="FREQUENCY" value="4" />
  </node>
  <node id="STRESS">
    <attribute name="FREQUENCY" value="1" />
  </node>
  <node id="STUDY">
    <attribute name="FREQUENCY" value="1" />
  </node>
  <node id="SURGERY">
    <attribute name="FREQUENCY" value="2" />
  </node>
  <node id="SURGICALLY">
    <attribute name="FREQUENCY" value="1" />
  </node>
  <node id="TECH">
    <attribute name="FREQUENCY" value="4" />
  </node>
  <node id="TEST">
    <attribute name="FREQUENCY" value="1" />
  </node>
  <node id="TEXT">
    <attribute name="FREQUENCY" value="1" />
  </node>
  <node id="THERAPIES">
    <attribute name="FREQUENCY" value="1" />
  </node>
  <node id="TIED">
    <attribute name="FREQUENCY" value="5" />
  </node>
  <node id="TIMES">
    <attribute name="FREQUENCY" value="2" />
  </node>
  <node id="TUESDAY">
    <attribute name="FREQUENCY" value="1" />
  </node>
  <node id="UNIVERSITY">
    <attribute name="FREQUENCY" value="2" />
  </node>
  <node id="UNKNOWN">
    <attribute name="FREQUENCY" value="1" />
  </node>
  <node id="WALL">
    <attribute name="FREQUENCY" value="4" />
  </node>
  <node id="WEARING">
    <attribute name="FREQUENCY" value="4" />
  </node>
  <node id="WILLIAM">
    <attribute name="FREQUENCY" value="1" />
  </node>
  <node id="WORK">
    <attribute name="FREQUENCY" value="1" />
  </node>
  <node id="WRITE">
    <attribute name="FREQUENCY" value="2" />
  </node>
  <node id="YAHOO">
    <attribute name="FREQUENCY" value="4" />
  </node>
  <node id="YEAR">
    <attribute name="FREQUENCY" value="1" />
  </node>
  <node id="YORK">
    <attribute name="FREQUENCY" value="2" />
  </node>
  <edge from="AMERICAN" to="DIES">
    <attribute name="TEXT" value="1" />
  </edge>
  <edge from="ANEURYSM" to="EXPANSION">
    <attribute name="TEXT" value="1" />
  </edge>
  <edge from="ANEURYSM" to="RISK">
    <attribute name="TEXT" value="2" />
    <attribute name="LINKS" value="1" />
    <attribute name="KEYWORDS" value="1" />
  </edge>
  <edge from="ANEURYSM" to="RISK">
    <attribute name="TEXT" value="2" />
    <attribute name="LINKS" value="1" />
    <attribute name="KEYWORDS" value="1" />
  </edge>
  <edge from="ANEURYSM" to="RISK">
    <attribute name="TEXT" value="2" />
    <attribute name="LINKS" value="1" />
    <attribute name="KEYWORDS" value="1" />
  </edge>
  <edge from="ANEURYSM" to="RUPTURE">
    <attribute name="TEXT" value="1" />
  </edge>
  <edge from="ANEURYSM" to="SIZE">
    <attribute name="TEXT" value="2" />
  </edge>
  <edge from="AORTA" to="BREAK">
    <attribute name="TEXT" value="1" />
  </edge>
  <edge from="AORTA" to="BURST">
    <attribute name="TEXT" value="1" />
  </edge>
  <edge from="AORTIC" to="ANEURYSM">
    <attribute name="TEXT" value="4" />
  </edge>
  <edge from="APPARENTLY" to="DISCREPANT">
    <attribute name="TEXT" value="1" />
  </edge>
  <edge from="BALLOON-LIKE" to="ANEURYSM">
    <attribute name="TEXT" value="1" />
  </edge>
  <edge from="BATH" to="SEATS">
    <attribute name="TEXT" value="2" />
    <attribute name="LINKS" value="2" />
  </edge>
  <edge from="BATH" to="SEATS">
    <attribute name="TEXT" value="2" />
    <attribute name="LINKS" value="2" />
  </edge>
  <edge from="BRAIN" to="ARTERIES">
    <attribute name="TEXT" value="1" />
  </edge>
  <edge from="CELLULAR" to="SCAFFOLDING">
    <attribute name="TEXT" value="1" />
  </edge>
  <edge from="CHARACTERISTICS" to="RAPID">
    <attribute name="TEXT" value="1" />
  </edge>
  <edge from="CHICAGO" to="ILLINOIS">
    <attribute name="TEXT" value="1" />
  </edge>
  <edge from="CIRCULATION" to="PUT">
    <attribute name="TEXT" value="1" />
  </edge>
  <edge from="COLLEAGUES" to="EXPLAINS">
    <attribute name="TEXT" value="1" />
  </edge>
  <edge from="COLUMBIA" to="UNIVERSITY">
    <attribute name="TEXT" value="1" />
  </edge>
  <edge from="DIAMETER" to="GREATER">
    <attribute name="TEXT" value="1" />
  </edge>
  <edge from="DISCOVERED" to="CLUES">
    <attribute name="TEXT" value="1" />
  </edge>
  <edge from="DISCREPANT" to="MMP">
    <attribute name="TEXT" value="1" />
  </edge>
  <edge from="EARLIER" to="RELATED">
    <attribute name="TEXT" value="1" />
  </edge>
  <edge from="GENETIC" to="EXPRESSION">
    <attribute name="TEXT" value="1" />
  </edge>
  <edge from="HEALTH" to="STORIES">
    <attribute name="TEXT" value="1" />
  </edge>
  <edge from="HEAR" to="AIDS">
    <attribute name="TEXT" value="4" />
    <attribute name="LINKS" value="4" />
  </edge>
  <edge from="HEAR" to="AIDS">
    <attribute name="TEXT" value="4" />
    <attribute name="LINKS" value="4" />
  </edge>
  <edge from="HIGH" to="LEVELS">
    <attribute name="TEXT" value="2" />
  </edge>
  <edge from="HIGH" to="RUPTURE">
    <attribute name="TEXT" value="1" />
  </edge>
  <edge from="HIGHER" to="MMP">
    <attribute name="TEXT" value="1" />
  </edge>
  <edge from="INFANT" to="LIVE">
    <attribute name="TEXT" value="4" />
    <attribute name="LINKS" value="4" />
  </edge>
  <edge from="INFANT" to="LIVE">
    <attribute name="TEXT" value="4" />
    <attribute name="LINKS" value="4" />
  </edge>
  <edge from="JOURNAL" to="CIRCULATION">
    <attribute name="TEXT" value="1" />
  </edge>
  <edge from="JOURNAL" to="NEUROSURGERY">
    <attribute name="TEXT" value="1" />
  </edge>
  <edge from="LARGE" to="ANEURYSM">
    <attribute name="TEXT" value="1" />
  </edge>
  <edge from="LIFE-THREATENING" to="RUPTURE">
    <attribute name="TEXT" value="1" />
  </edge>
  <edge from="MECHANICAL" to="STRESS">
    <attribute name="TEXT" value="1" />
  </edge>
  <edge from="MEDICAL" to="SCHOOL">
    <attribute name="TEXT" value="1" />
  </edge>
  <edge from="MMP" to="FINDINGS">
    <attribute name="TEXT" value="1" />
  </edge>
  <edge from="MODERATE" to="ANEURYSM">
    <attribute name="TEXT" value="1" />
  </edge>
  <edge from="MODERATE" to="AORTIC">
    <attribute name="TEXT" value="1" />
  </edge>
  <edge from="MODERATE-SIZE" to="ANEURYSM">
    <attribute name="TEXT" value="1" />
  </edge>
  <edge from="MODERATE-SIZED" to="AORTIC">
    <attribute name="TEXT" value="1" />
  </edge>
  <edge from="MON" to="OCT">
    <attribute name="TEXT" value="1" />
  </edge>
  <edge from="NORTHWESTERN" to="STUDY">
    <attribute name="TEXT" value="1" />
  </edge>
  <edge from="NORTHWESTERN" to="UNIVERSITY">
    <attribute name="TEXT" value="1" />
  </edge>
  <edge from="PEARCE" to="PROFESSOR">
    <attribute name="TEXT" value="1" />
  </edge>
  <edge from="PM" to="EDT">
    <attribute name="TEXT" value="1" />
  </edge>
  <edge from="PRESENT" to="RELATIONSHIP">
    <attribute name="TEXT" value="1" />
  </edge>
  <edge from="PREVENT" to="RUPTURE">
    <attribute name="TEXT" value="1" />
  </edge>
  <edge from="PROTEIN" to="METALLOPROTEINASE">
    <attribute name="TEXT" value="1" />
  </edge>
  <edge from="PROTEIN" to="TIED">
    <attribute name="TEXT" value="2" />
    <attribute name="LINKS" value="1" />
    <attribute name="KEYWORDS" value="1" />
  </edge>
  <edge from="PROTEIN" to="TIED">
    <attribute name="TEXT" value="2" />
    <attribute name="LINKS" value="1" />
    <attribute name="KEYWORDS" value="1" />
  </edge>
  <edge from="PROTEIN" to="TIED">
    <attribute name="TEXT" value="2" />
    <attribute name="LINKS" value="1" />
    <attribute name="KEYWORDS" value="1" />
  </edge>
  <edge from="PUBLISHED" to="MONDAY">
    <attribute name="TEXT" value="1" />
  </edge>
  <edge from="RAPID" to="EXPANSION">
    <attribute name="TEXT" value="1" />
  </edge>
  <edge from="RELATED" to="STORIES">
    <attribute name="TEXT" value="1" />
  </edge>
  <edge from="REPAIRED" to="IDENTIFIED">
    <attribute name="TEXT" value="1" />
  </edge>
  <edge from="REPORT" to="PUBLISHED">
    <attribute name="TEXT" value="2" />
  </edge>
  <edge from="RESEARCHERS" to="LED">
    <attribute name="TEXT" value="1" />
  </edge>
  <edge from="REUTERS" to="LIMITED">
    <attribute name="TEXT" value="1" />
  </edge>
  <edge from="RISK" to="INFANT">
    <attribute name="TEXT" value="2" />
    <attribute name="LINKS" value="2" />
  </edge>
  <edge from="RISK" to="INFANT">
    <attribute name="TEXT" value="2" />
    <attribute name="LINKS" value="2" />
  </edge>
  <edge from="RUPTURE" to="RATE">
    <attribute name="TEXT" value="1" />
  </edge>
  <edge from="RUPTURED" to="AORTIC">
    <attribute name="TEXT" value="1" />
  </edge>
  <edge from="SEATS" to="RISK">
    <attribute name="TEXT" value="2" />
    <attribute name="LINKS" value="2" />
  </edge>
  <edge from="SEATS" to="RISK">
    <attribute name="TEXT" value="2" />
    <attribute name="LINKS" value="2" />
  </edge>
  <edge from="SLOW" to="ANEURYSM">
    <attribute name="TEXT" value="1" />
  </edge>
  <edge from="SMALLER" to="ANEURYSM">
    <attribute name="TEXT" value="1" />
  </edge>
  <edge from="STORIES" to="PROTEIN">
    <attribute name="TEXT" value="1" />
  </edge>
  <edge from="SURGICALLY" to="REPAIRED">
    <attribute name="TEXT" value="1" />
  </edge>
  <edge from="TEST" to="MODERATE">
    <attribute name="TEXT" value="1" />
  </edge>
  <edge from="TEXT" to="HEADLINES">
    <attribute name="TEXT" value="1" />
  </edge>
  <edge from="THERAPIES" to="DESIGNED">
    <attribute name="TEXT" value="1" />
  </edge>
  <edge from="TIED" to="HIGH">
    <attribute name="TEXT" value="1" />
  </edge>
  <edge from="TUESDAY" to="OCTOBER">
    <attribute name="TEXT" value="1" />
  </edge>
  <edge from="UNIVERSITY" to="COLLEGE">
    <attribute name="TEXT" value="1" />
  </edge>
  <edge from="UNIVERSITY" to="MEDICAL">
    <attribute name="TEXT" value="1" />
  </edge>
  <edge from="UNKNOWN" to="MECHANICAL">
    <attribute name="TEXT" value="1" />
  </edge>
  <edge from="WEARING" to="HEAR">
    <attribute name="TEXT" value="8" />
    <attribute name="LINKS" value="8" />
  </edge>
  <edge from="WEARING" to="HEAR">
    <attribute name="TEXT" value="8" />
    <attribute name="LINKS" value="8" />
  </edge>
  <edge from="WILLIAM" to="PEARCE">
    <attribute name="TEXT" value="1" />
  </edge>
  <edge from="YORK" to="TIED">
    <attribute name="TEXT" value="1" />
  </edge>
</graph>
