<graph>
  <node id="ABILITIES">
    <attribute name="FREQUENCY" value="1" />
  </node>
  <node id="ACADEMY">
    <attribute name="FREQUENCY" value="2" />
  </node>
  <node id="ACCURACY">
    <attribute name="FREQUENCY" value="4" />
  </node>
  <node id="ADD">
    <attribute name="FREQUENCY" value="1" />
  </node>
  <node id="ADDITIONAL">
    <attribute name="FREQUENCY" value="1" />
  </node>
  <node id="ADEQUATELY">
    <attribute name="FREQUENCY" value="1" />
  </node>
  <node id="ADMINISTRATION">
    <attribute name="FREQUENCY" value="1" />
  </node>
  <node id="ADVANTAGE">
    <attribute name="FREQUENCY" value="1" />
  </node>
  <node id="AGAINST">
    <attribute name="FREQUENCY" value="3" />
  </node>
  <node id="ALFALFA">
    <attribute name="FREQUENCY" value="1" />
  </node>
  <node id="ALTERNATIVE">
    <attribute name="FREQUENCY" value="1" />
  </node>
  <node id="AMOUNT">
    <attribute name="FREQUENCY" value="1" />
  </node>
  <node id="ANIMALS">
    <attribute name="FREQUENCY" value="1" />
  </node>
  <node id="ANSWER">
    <attribute name="FREQUENCY" value="1" />
  </node>
  <node id="ASPECTS">
    <attribute name="FREQUENCY" value="1" />
  </node>
  <node id="ATTEMPTED">
    <attribute name="FREQUENCY" value="1" />
  </node>
  <node id="AVERAGE">
    <attribute name="FREQUENCY" value="1" />
  </node>
  <node id="BALTIMORE">
    <attribute name="FREQUENCY" value="1" />
  </node>
  <node id="BASED">
    <attribute name="FREQUENCY" value="1" />
  </node>
  <node id="BIZ">
    <attribute name="FREQUENCY" value="4" />
  </node>
  <node id="BLOCK">
    <attribute name="FREQUENCY" value="1" />
  </node>
  <node id="BODY">
    <attribute name="FREQUENCY" value="2" />
  </node>
  <node id="BOOST">
    <attribute name="FREQUENCY" value="1" />
  </node>
  <node id="BRAND">
    <attribute name="FREQUENCY" value="1" />
  </node>
  <node id="BRASSICA">
    <attribute name="FREQUENCY" value="1" />
  </node>
  <node id="BROCCOLI">
    <attribute name="FREQUENCY" value="17" />
  </node>
  <node id="BUY">
    <attribute name="FREQUENCY" value="1" />
  </node>
  <node id="CALCULATE">
    <attribute name="FREQUENCY" value="1" />
  </node>
  <node id="CANCER">
    <attribute name="FREQUENCY" value="12" />
  </node>
  <node id="CANCER-CAUSING">
    <attribute name="FREQUENCY" value="1" />
  </node>
  <node id="CARCINOGEN">
    <attribute name="FREQUENCY" value="3" />
  </node>
  <node id="CASCADE">
    <attribute name="FREQUENCY" value="1" />
  </node>
  <node id="CAUSING">
    <attribute name="FREQUENCY" value="1" />
  </node>
  <node id="CAUTION">
    <attribute name="FREQUENCY" value="1" />
  </node>
  <node id="CELLS">
    <attribute name="FREQUENCY" value="1" />
  </node>
  <node id="CELLULAR">
    <attribute name="FREQUENCY" value="1" />
  </node>
  <node id="CERTIFY">
    <attribute name="FREQUENCY" value="1" />
  </node>
  <node id="CHARACTERIZED">
    <attribute name="FREQUENCY" value="1" />
  </node>
  <node id="CHEMICAL">
    <attribute name="FREQUENCY" value="4" />
  </node>
  <node id="CHEMOPROTECTION">
    <attribute name="FREQUENCY" value="4" />
  </node>
  <node id="COLLEAGUES">
    <attribute name="FREQUENCY" value="2" />
  </node>
  <node id="COLON">
    <attribute name="FREQUENCY" value="1" />
  </node>
  <node id="COMMENTS">
    <attribute name="FREQUENCY" value="2" />
  </node>
  <node id="COMMERCIALLY">
    <attribute name="FREQUENCY" value="1" />
  </node>
  <node id="COMMON">
    <attribute name="FREQUENCY" value="1" />
  </node>
  <node id="COMPOUND">
    <attribute name="FREQUENCY" value="3" />
  </node>
  <node id="COMPUTER">
    <attribute name="FREQUENCY" value="4" />
  </node>
  <node id="CONCENTRATION">
    <attribute name="FREQUENCY" value="2" />
  </node>
  <node id="CONSIDERATION">
    <attribute name="FREQUENCY" value="1" />
  </node>
  <node id="CONTENT">
    <attribute name="FREQUENCY" value="1" />
  </node>
  <node id="CRUCIFEROUS">
    <attribute name="FREQUENCY" value="1" />
  </node>
  <node id="DAMAGE">
    <attribute name="FREQUENCY" value="1" />
  </node>
  <node id="DAY">
    <attribute name="FREQUENCY" value="1" />
  </node>
  <node id="DEFENSE">
    <attribute name="FREQUENCY" value="1" />
  </node>
  <node id="DEGREE">
    <attribute name="FREQUENCY" value="1" />
  </node>
  <node id="DELIBERATE">
    <attribute name="FREQUENCY" value="1" />
  </node>
  <node id="DELIVERED">
    <attribute name="FREQUENCY" value="1" />
  </node>
  <node id="DEMONSTRATED">
    <attribute name="FREQUENCY" value="1" />
  </node>
  <node id="DETERMINE">
    <attribute name="FREQUENCY" value="2" />
  </node>
  <node id="DETOXIFYING">
    <attribute name="FREQUENCY" value="1" />
  </node>
  <node id="DIAGNOSIS">
    <attribute name="FREQUENCY" value="4" />
  </node>
  <node id="DIET">
    <attribute name="FREQUENCY" value="1" />
  </node>
  <node id="DIRECTOR">
    <attribute name="FREQUENCY" value="1" />
  </node>
  <node id="DISCUSS">
    <attribute name="FREQUENCY" value="1" />
  </node>
  <node id="EARLIER">
    <attribute name="FREQUENCY" value="1" />
  </node>
  <node id="EATING">
    <attribute name="FREQUENCY" value="3" />
  </node>
  <node id="EDT">
    <attribute name="FREQUENCY" value="1" />
  </node>
  <node id="EFFECT">
    <attribute name="FREQUENCY" value="1" />
  </node>
  <node id="EFFORT">
    <attribute name="FREQUENCY" value="1" />
  </node>
  <node id="ENTERTAIN">
    <attribute name="FREQUENCY" value="4" />
  </node>
  <node id="ENZYME">
    <attribute name="FREQUENCY" value="2" />
  </node>
  <node id="ENZYME-INDUCING">
    <attribute name="FREQUENCY" value="1" />
  </node>
  <node id="EPIDEMIOLOGIC">
    <attribute name="FREQUENCY" value="1" />
  </node>
  <node id="EQUAL">
    <attribute name="FREQUENCY" value="1" />
  </node>
  <node id="ESTABLISH">
    <attribute name="FREQUENCY" value="1" />
  </node>
  <node id="EVIDENCE">
    <attribute name="FREQUENCY" value="1" />
  </node>
  <node id="EXCEPTIONALLY">
    <attribute name="FREQUENCY" value="1" />
  </node>
  <node id="EXPERIMENTS">
    <attribute name="FREQUENCY" value="1" />
  </node>
  <node id="EXPLAINS">
    <attribute name="FREQUENCY" value="2" />
  </node>
  <node id="EXTRACTS">
    <attribute name="FREQUENCY" value="1" />
  </node>
  <node id="FIGHT">
    <attribute name="FREQUENCY" value="4" />
  </node>
  <node id="FLOODED">
    <attribute name="FREQUENCY" value="1" />
  </node>
  <node id="FOOD">
    <attribute name="FREQUENCY" value="1" />
  </node>
  <node id="FORMATION">
    <attribute name="FREQUENCY" value="1" />
  </node>
  <node id="FOUNDATION">
    <attribute name="FREQUENCY" value="2" />
  </node>
  <node id="FRESH">
    <attribute name="FREQUENCY" value="3" />
  </node>
  <node id="FROZEN">
    <attribute name="FREQUENCY" value="1" />
  </node>
  <node id="GENERAL">
    <attribute name="FREQUENCY" value="1" />
  </node>
  <node id="GLUCORAPHANIN">
    <attribute name="FREQUENCY" value="3" />
  </node>
  <node id="GRAMS">
    <attribute name="FREQUENCY" value="2" />
  </node>
  <node id="GREATLY">
    <attribute name="FREQUENCY" value="1" />
  </node>
  <node id="GROWN">
    <attribute name="FREQUENCY" value="2" />
  </node>
  <node id="HEADLINES">
    <attribute name="FREQUENCY" value="1" />
  </node>
  <node id="HEALTH">
    <attribute name="FREQUENCY" value="4" />
  </node>
  <node id="HEART">
    <attribute name="FREQUENCY" value="4" />
  </node>
  <node id="HIGH-INDUCER">
    <attribute name="FREQUENCY" value="1" />
  </node>
  <node id="HOPKINS">
    <attribute name="FREQUENCY" value="3" />
  </node>
  <node id="HTML">
    <attribute name="FREQUENCY" value="1" />
  </node>
  <node id="IDEALLY">
    <attribute name="FREQUENCY" value="1" />
  </node>
  <node id="IDENTIFIED">
    <attribute name="FREQUENCY" value="2" />
  </node>
  <node id="IMPORTANT">
    <attribute name="FREQUENCY" value="1" />
  </node>
  <node id="IMPOSSIBLE">
    <attribute name="FREQUENCY" value="1" />
  </node>
  <node id="INCREASE">
    <attribute name="FREQUENCY" value="1" />
  </node>
  <node id="INDUCE">
    <attribute name="FREQUENCY" value="1" />
  </node>
  <node id="INDUCED">
    <attribute name="FREQUENCY" value="1" />
  </node>
  <node id="INDUCERS">
    <attribute name="FREQUENCY" value="1" />
  </node>
  <node id="INFO">
    <attribute name="FREQUENCY" value="2" />
  </node>
  <node id="INTEREST">
    <attribute name="FREQUENCY" value="1" />
  </node>
  <node id="JOHN">
    <attribute name="FREQUENCY" value="2" />
  </node>
  <node id="KNOWLEDGE">
    <attribute name="FREQUENCY" value="1" />
  </node>
  <node id="LAB">
    <attribute name="FREQUENCY" value="1" />
  </node>
  <node id="LABORATORY">
    <attribute name="FREQUENCY" value="2" />
  </node>
  <node id="LARGER">
    <attribute name="FREQUENCY" value="1" />
  </node>
  <node id="LIMITED">
    <attribute name="FREQUENCY" value="1" />
  </node>
  <node id="LOW-INDUCER">
    <attribute name="FREQUENCY" value="1" />
  </node>
  <node id="LOWER">
    <attribute name="FREQUENCY" value="1" />
  </node>
  <node id="MALIGNANCY">
    <attribute name="FREQUENCY" value="1" />
  </node>
  <node id="MAMMARY">
    <attribute name="FREQUENCY" value="1" />
  </node>
  <node id="MARKEDLY">
    <attribute name="FREQUENCY" value="1" />
  </node>
  <node id="MARKET">
    <attribute name="FREQUENCY" value="2" />
  </node>
  <node id="MARYLAND">
    <attribute name="FREQUENCY" value="1" />
  </node>
  <node id="MATURE">
    <attribute name="FREQUENCY" value="3" />
  </node>
  <node id="MEASUREMENTS">
    <attribute name="FREQUENCY" value="1" />
  </node>
  <node id="MECHANISM">
    <attribute name="FREQUENCY" value="1" />
  </node>
  <node id="MEETING">
    <attribute name="FREQUENCY" value="1" />
  </node>
  <node id="MOBILIZE">
    <attribute name="FREQUENCY" value="1" />
  </node>
  <node id="MOLECULAR">
    <attribute name="FREQUENCY" value="2" />
  </node>
  <node id="MON">
    <attribute name="FREQUENCY" value="1" />
  </node>
  <node id="MONDAY">
    <attribute name="FREQUENCY" value="1" />
  </node>
  <node id="MULTIPLE">
    <attribute name="FREQUENCY" value="1" />
  </node>
  <node id="NATIONAL">
    <attribute name="FREQUENCY" value="2" />
  </node>
  <node id="NATURAL">
    <attribute name="FREQUENCY" value="1" />
  </node>
  <node id="NEWS">
    <attribute name="FREQUENCY" value="4" />
  </node>
  <node id="NONPROFIT">
    <attribute name="FREQUENCY" value="1" />
  </node>
  <node id="NOTES">
    <attribute name="FREQUENCY" value="4" />
  </node>
  <node id="OFFER">
    <attribute name="FREQUENCY" value="1" />
  </node>
  <node id="ORDER">
    <attribute name="FREQUENCY" value="2" />
  </node>
  <node id="ORGAN-SPECIFIC">
    <attribute name="FREQUENCY" value="1" />
  </node>
  <node id="OUNCES">
    <attribute name="FREQUENCY" value="2" />
  </node>
  <node id="PAUL">
    <attribute name="FREQUENCY" value="1" />
  </node>
  <node id="PHARMACOLOGY">
    <attribute name="FREQUENCY" value="1" />
  </node>
  <node id="PM">
    <attribute name="FREQUENCY" value="2" />
  </node>
  <node id="POLITIC">
    <attribute name="FREQUENCY" value="4" />
  </node>
  <node id="POTENCY">
    <attribute name="FREQUENCY" value="1" />
  </node>
  <node id="POUNDS">
    <attribute name="FREQUENCY" value="1" />
  </node>
  <node id="PRECISELY">
    <attribute name="FREQUENCY" value="1" />
  </node>
  <node id="PRECURSOR">
    <attribute name="FREQUENCY" value="2" />
  </node>
  <node id="PRESENT">
    <attribute name="FREQUENCY" value="1" />
  </node>
  <node id="PRIMARY">
    <attribute name="FREQUENCY" value="1" />
  </node>
  <node id="PROCEEDINGS">
    <attribute name="FREQUENCY" value="2" />
  </node>
  <node id="PROCEEDS">
    <attribute name="FREQUENCY" value="1" />
  </node>
  <node id="PRODUCE">
    <attribute name="FREQUENCY" value="2" />
  </node>
  <node id="PROTECT">
    <attribute name="FREQUENCY" value="1" />
  </node>
  <node id="PROTECTION">
    <attribute name="FREQUENCY" value="3" />
  </node>
  <node id="PROTECTIVE">
    <attribute name="FREQUENCY" value="1" />
  </node>
  <node id="PROVEN">
    <attribute name="FREQUENCY" value="1" />
  </node>
  <node id="PUBLISHED">
    <attribute name="FREQUENCY" value="1" />
  </node>
  <node id="QUANTITIES">
    <attribute name="FREQUENCY" value="3" />
  </node>
  <node id="QUESTIONS">
    <attribute name="FREQUENCY" value="2" />
  </node>
  <node id="RATS">
    <attribute name="FREQUENCY" value="1" />
  </node>
  <node id="REDUCE">
    <attribute name="FREQUENCY" value="3" />
  </node>
  <node id="REDUCED">
    <attribute name="FREQUENCY" value="1" />
  </node>
  <node id="REFERS">
    <attribute name="FREQUENCY" value="1" />
  </node>
  <node id="RELATED">
    <attribute name="FREQUENCY" value="1" />
  </node>
  <node id="REPORT">
    <attribute name="FREQUENCY" value="2" />
  </node>
  <node id="RESEARCH">
    <attribute name="FREQUENCY" value="1" />
  </node>
  <node id="RESEARCHERS">
    <attribute name="FREQUENCY" value="4" />
  </node>
  <node id="RESOURCES">
    <attribute name="FREQUENCY" value="1" />
  </node>
  <node id="RESPECT">
    <attribute name="FREQUENCY" value="1" />
  </node>
  <node id="RETURNED">
    <attribute name="FREQUENCY" value="1" />
  </node>
  <node id="REUTERS">
    <attribute name="FREQUENCY" value="2" />
  </node>
  <node id="RICH">
    <attribute name="FREQUENCY" value="1" />
  </node>
  <node id="RISK">
    <attribute name="FREQUENCY" value="2" />
  </node>
  <node id="SAMPLES">
    <attribute name="FREQUENCY" value="1" />
  </node>
  <node id="SCIENCE">
    <attribute name="FREQUENCY" value="2" />
  </node>
  <node id="SCIENTIFIC">
    <attribute name="FREQUENCY" value="2" />
  </node>
  <node id="SCOREBOARD">
    <attribute name="FREQUENCY" value="4" />
  </node>
  <node id="SEED">
    <attribute name="FREQUENCY" value="1" />
  </node>
  <node id="SEES">
    <attribute name="FREQUENCY" value="1" />
  </node>
  <node id="SEP">
    <attribute name="FREQUENCY" value="1" />
  </node>
  <node id="SEPTEMBER">
    <attribute name="FREQUENCY" value="1" />
  </node>
  <node id="SIZE">
    <attribute name="FREQUENCY" value="1" />
  </node>
  <node id="SMALL">
    <attribute name="FREQUENCY" value="2" />
  </node>
  <node id="SOLD">
    <attribute name="FREQUENCY" value="1" />
  </node>
  <node id="SOPHISTICATED">
    <attribute name="FREQUENCY" value="1" />
  </node>
  <node id="SOURCE">
    <attribute name="FREQUENCY" value="3" />
  </node>
  <node id="SPORT">
    <attribute name="FREQUENCY" value="4" />
  </node>
  <node id="SPROUTS">
    <attribute name="FREQUENCY" value="15" />
  </node>
  <node id="STANDARD">
    <attribute name="FREQUENCY" value="1" />
  </node>
  <node id="STEP">
    <attribute name="FREQUENCY" value="3" />
  </node>
  <node id="STORIES">
    <attribute name="FREQUENCY" value="2" />
  </node>
  <node id="STORY">
    <attribute name="FREQUENCY" value="4" />
  </node>
  <node id="STRATEGIES">
    <attribute name="FREQUENCY" value="1" />
  </node>
  <node id="STUDIES">
    <attribute name="FREQUENCY" value="1" />
  </node>
  <node id="SUBSTANCE">
    <attribute name="FREQUENCY" value="1" />
  </node>
  <node id="SULFORAPHANE">
    <attribute name="FREQUENCY" value="3" />
  </node>
  <node id="SUPERVISING">
    <attribute name="FREQUENCY" value="1" />
  </node>
  <node id="SUPPORT">
    <attribute name="FREQUENCY" value="1" />
  </node>
  <node id="SUSCEPTIBILITY">
    <attribute name="FREQUENCY" value="1" />
  </node>
  <node id="TALALAY">
    <attribute name="FREQUENCY" value="9" />
  </node>
  <node id="TASTE">
    <attribute name="FREQUENCY" value="1" />
  </node>
  <node id="TECH">
    <attribute name="FREQUENCY" value="4" />
  </node>
  <node id="TEST">
    <attribute name="FREQUENCY" value="1" />
  </node>
  <node id="TEXT">
    <attribute name="FREQUENCY" value="1" />
  </node>
  <node id="TIMES">
    <attribute name="FREQUENCY" value="1" />
  </node>
  <node id="TUESDAY">
    <attribute name="FREQUENCY" value="1" />
  </node>
  <node id="TUMOR">
    <attribute name="FREQUENCY" value="1" />
  </node>
  <node id="UNIFORM">
    <attribute name="FREQUENCY" value="1" />
  </node>
  <node id="UNIVERSITY">
    <attribute name="FREQUENCY" value="2" />
  </node>
  <node id="UPS">
    <attribute name="FREQUENCY" value="4" />
  </node>
  <node id="VARIETIES">
    <attribute name="FREQUENCY" value="1" />
  </node>
  <node id="VARY">
    <attribute name="FREQUENCY" value="1" />
  </node>
  <node id="VEGETABLES">
    <attribute name="FREQUENCY" value="2" />
  </node>
  <node id="WEEK">
    <attribute name="FREQUENCY" value="1" />
  </node>
  <node id="WHETHER">
    <attribute name="FREQUENCY" value="1" />
  </node>
  <node id="WORK">
    <attribute name="FREQUENCY" value="1" />
  </node>
  <node id="WRITE">
    <attribute name="FREQUENCY" value="2" />
  </node>
  <node id="YAHOO">
    <attribute name="FREQUENCY" value="4" />
  </node>
  <node id="YEAR">
    <attribute name="FREQUENCY" value="1" />
  </node>
  <node id="YORK">
    <attribute name="FREQUENCY" value="1" />
  </node>
  <edge from="ADDITIONAL" to="ADVANTAGE">
    <attribute name="TEXT" value="1" />
  </edge>
  <edge from="ADEQUATELY" to="CHARACTERIZED">
    <attribute name="TEXT" value="1" />
  </edge>
  <edge from="AGAINST" to="CANCER">
    <attribute name="TEXT" value="2" />
  </edge>
  <edge from="AGAINST" to="MOLECULAR">
    <attribute name="TEXT" value="1" />
  </edge>
  <edge from="ALFALFA" to="SPROUTS">
    <attribute name="TEXT" value="1" />
  </edge>
  <edge from="ANIMALS" to="STUDIES">
    <attribute name="TEXT" value="1" />
  </edge>
  <edge from="AVERAGE" to="BROCCOLI">
    <attribute name="TEXT" value="1" />
  </edge>
  <edge from="BALTIMORE" to="MARYLAND">
    <attribute name="TEXT" value="1" />
  </edge>
  <edge from="BLOCK" to="MULTIPLE">
    <attribute name="TEXT" value="1" />
  </edge>
  <edge from="BODY" to="NATURAL">
    <attribute name="TEXT" value="1" />
  </edge>
  <edge from="BOOST" to="CELLS">
    <attribute name="TEXT" value="1" />
  </edge>
  <edge from="BRASSICA" to="FOUNDATION">
    <attribute name="TEXT" value="1" />
  </edge>
  <edge from="BROCCOLI" to="SPROUTS">
    <attribute name="TEXT" value="8" />
    <attribute name="LINKS" value="1" />
    <attribute name="KEYWORDS" value="1" />
  </edge>
  <edge from="BROCCOLI" to="SPROUTS">
    <attribute name="TEXT" value="8" />
    <attribute name="LINKS" value="1" />
    <attribute name="KEYWORDS" value="1" />
  </edge>
  <edge from="BROCCOLI" to="SPROUTS">
    <attribute name="TEXT" value="8" />
    <attribute name="LINKS" value="1" />
    <attribute name="KEYWORDS" value="1" />
  </edge>
  <edge from="BROCCOLI" to="VARY">
    <attribute name="TEXT" value="1" />
  </edge>
  <edge from="BROCCOLI" to="WEEK">
    <attribute name="TEXT" value="1" />
  </edge>
  <edge from="CANCER" to="BASED">
    <attribute name="TEXT" value="1" />
  </edge>
  <edge from="CANCER" to="CAUSING">
    <attribute name="TEXT" value="1" />
  </edge>
  <edge from="CANCER" to="FORMATION">
    <attribute name="TEXT" value="1" />
  </edge>
  <edge from="CANCER" to="PROTECTION">
    <attribute name="TEXT" value="2" />
  </edge>
  <edge from="CANCER" to="PROTECTIVE">
    <attribute name="TEXT" value="1" />
  </edge>
  <edge from="CANCER-CAUSING" to="CHEMICAL">
    <attribute name="TEXT" value="1" />
  </edge>
  <edge from="CAUSING" to="COMPOUND">
    <attribute name="TEXT" value="1" />
  </edge>
  <edge from="CELLS" to="ENZYME">
    <attribute name="TEXT" value="1" />
  </edge>
  <edge from="CELLULAR" to="ENZYME">
    <attribute name="TEXT" value="1" />
  </edge>
  <edge from="CERTIFY" to="SPROUTS">
    <attribute name="TEXT" value="1" />
  </edge>
  <edge from="CHEMICAL" to="CARCINOGEN">
    <attribute name="TEXT" value="2" />
  </edge>
  <edge from="CHEMICAL" to="PRECURSOR">
    <attribute name="TEXT" value="1" />
  </edge>
  <edge from="CHEMOPROTECTION" to="AGAINST">
    <attribute name="TEXT" value="1" />
  </edge>
  <edge from="CHEMOPROTECTION" to="PRODUCE">
    <attribute name="TEXT" value="1" />
  </edge>
  <edge from="CHEMOPROTECTION" to="STRATEGIES">
    <attribute name="TEXT" value="1" />
  </edge>
  <edge from="COLLEAGUES" to="BROCCOLI">
    <attribute name="TEXT" value="1" />
  </edge>
  <edge from="COLLEAGUES" to="NOTES">
    <attribute name="TEXT" value="1" />
  </edge>
  <edge from="COLON" to="CANCER">
    <attribute name="TEXT" value="1" />
  </edge>
  <edge from="COMPOUND" to="GLUCORAPHANIN">
    <attribute name="TEXT" value="1" />
  </edge>
  <edge from="COMPUTER" to="UPS">
    <attribute name="TEXT" value="2" />
    <attribute name="LINKS" value="2" />
  </edge>
  <edge from="COMPUTER" to="UPS">
    <attribute name="TEXT" value="2" />
    <attribute name="LINKS" value="2" />
  </edge>
  <edge from="CONCENTRATION" to="TALALAY">
    <attribute name="TEXT" value="1" />
  </edge>
  <edge from="CRUCIFEROUS" to="VEGETABLES">
    <attribute name="TEXT" value="1" />
  </edge>
  <edge from="DEFENSE" to="MECHANISM">
    <attribute name="TEXT" value="1" />
  </edge>
  <edge from="DELIBERATE" to="EFFORT">
    <attribute name="TEXT" value="1" />
  </edge>
  <edge from="DIAGNOSIS" to="ACCURACY">
    <attribute name="TEXT" value="2" />
    <attribute name="LINKS" value="2" />
  </edge>
  <edge from="DIAGNOSIS" to="ACCURACY">
    <attribute name="TEXT" value="2" />
    <attribute name="LINKS" value="2" />
  </edge>
  <edge from="EARLIER" to="RELATED">
    <attribute name="TEXT" value="1" />
  </edge>
  <edge from="ENZYME-INDUCING" to="ABILITIES">
    <attribute name="TEXT" value="1" />
  </edge>
  <edge from="EPIDEMIOLOGIC" to="EVIDENCE">
    <attribute name="TEXT" value="1" />
  </edge>
  <edge from="EXCEPTIONALLY" to="RICH">
    <attribute name="TEXT" value="1" />
  </edge>
  <edge from="EXPLAINS" to="ADD">
    <attribute name="TEXT" value="1" />
  </edge>
  <edge from="EXTRACTS" to="MARKEDLY">
    <attribute name="TEXT" value="1" />
  </edge>
  <edge from="FIGHT" to="CANCER">
    <attribute name="TEXT" value="2" />
    <attribute name="LINKS" value="1" />
    <attribute name="KEYWORDS" value="1" />
  </edge>
  <edge from="FIGHT" to="CANCER">
    <attribute name="TEXT" value="2" />
    <attribute name="LINKS" value="1" />
    <attribute name="KEYWORDS" value="1" />
  </edge>
  <edge from="FIGHT" to="CANCER">
    <attribute name="TEXT" value="2" />
    <attribute name="LINKS" value="1" />
    <attribute name="KEYWORDS" value="1" />
  </edge>
  <edge from="FOOD" to="MARKET">
    <attribute name="TEXT" value="1" />
  </edge>
  <edge from="FRESH" to="BROCCOLI">
    <attribute name="TEXT" value="2" />
  </edge>
  <edge from="FROZEN" to="MATURE">
    <attribute name="TEXT" value="1" />
  </edge>
  <edge from="GENERAL" to="CANCER">
    <attribute name="TEXT" value="1" />
  </edge>
  <edge from="GLUCORAPHANIN" to="EQUAL">
    <attribute name="TEXT" value="1" />
  </edge>
  <edge from="GROWN" to="COMMERCIALLY">
    <attribute name="TEXT" value="1" />
  </edge>
  <edge from="HEALTH" to="STORIES">
    <attribute name="TEXT" value="1" />
  </edge>
  <edge from="HEART" to="DIAGNOSIS">
    <attribute name="TEXT" value="2" />
    <attribute name="LINKS" value="2" />
  </edge>
  <edge from="HEART" to="DIAGNOSIS">
    <attribute name="TEXT" value="2" />
    <attribute name="LINKS" value="2" />
  </edge>
  <edge from="HOPKINS" to="RESEARCHERS">
    <attribute name="TEXT" value="1" />
  </edge>
  <edge from="HOPKINS" to="UNIVERSITY">
    <attribute name="TEXT" value="2" />
  </edge>
  <edge from="IDEALLY" to="DELIVERED">
    <attribute name="TEXT" value="1" />
  </edge>
  <edge from="IDENTIFIED" to="BROCCOLI">
    <attribute name="TEXT" value="1" />
  </edge>
  <edge from="IMPORTANT" to="PRIMARY">
    <attribute name="TEXT" value="1" />
  </edge>
  <edge from="INTEREST" to="ASPECTS">
    <attribute name="TEXT" value="1" />
  </edge>
  <edge from="JOHN" to="HOPKINS">
    <attribute name="TEXT" value="2" />
  </edge>
  <edge from="LARGER" to="AMOUNT">
    <attribute name="TEXT" value="1" />
  </edge>
  <edge from="LOWER" to="QUANTITIES">
    <attribute name="TEXT" value="1" />
  </edge>
  <edge from="MAMMARY" to="TUMOR">
    <attribute name="TEXT" value="1" />
  </edge>
  <edge from="MARKEDLY" to="REDUCED">
    <attribute name="TEXT" value="1" />
  </edge>
  <edge from="MATURE" to="BROCCOLI">
    <attribute name="TEXT" value="2" />
  </edge>
  <edge from="MATURE" to="VEGETABLES">
    <attribute name="TEXT" value="1" />
  </edge>
  <edge from="MOLECULAR" to="DAMAGE">
    <attribute name="TEXT" value="1" />
  </edge>
  <edge from="MOLECULAR" to="PHARMACOLOGY">
    <attribute name="TEXT" value="1" />
  </edge>
  <edge from="MON" to="SEP">
    <attribute name="TEXT" value="1" />
  </edge>
  <edge from="MULTIPLE" to="STEP">
    <attribute name="TEXT" value="1" />
  </edge>
  <edge from="NATIONAL" to="ACADEMY">
    <attribute name="TEXT" value="2" />
  </edge>
  <edge from="NATURAL" to="CANCER">
    <attribute name="TEXT" value="1" />
  </edge>
  <edge from="NONPROFIT" to="BRASSICA">
    <attribute name="TEXT" value="1" />
  </edge>
  <edge from="NOTES" to="BROCCOLI">
    <attribute name="TEXT" value="1" />
  </edge>
  <edge from="NOTES" to="OFFER">
    <attribute name="TEXT" value="1" />
  </edge>
  <edge from="PAUL" to="TALALAY">
    <attribute name="TEXT" value="1" />
  </edge>
  <edge from="PM" to="EDT">
    <attribute name="TEXT" value="1" />
  </edge>
  <edge from="PRECISELY" to="IDENTIFIED">
    <attribute name="TEXT" value="1" />
  </edge>
  <edge from="PRIMARY" to="CONSIDERATION">
    <attribute name="TEXT" value="1" />
  </edge>
  <edge from="PRODUCE" to="GENERAL">
    <attribute name="TEXT" value="1" />
  </edge>
  <edge from="PROTECT" to="AGAINST">
    <attribute name="TEXT" value="1" />
  </edge>
  <edge from="PROTECTION" to="AGAINST">
    <attribute name="TEXT" value="1" />
  </edge>
  <edge from="PROTECTION" to="RESOURCES">
    <attribute name="TEXT" value="1" />
  </edge>
  <edge from="PROTECTIVE" to="EFFECT">
    <attribute name="TEXT" value="1" />
  </edge>
  <edge from="PUBLISHED" to="MONDAY">
    <attribute name="TEXT" value="1" />
  </edge>
  <edge from="RATS" to="MAMMARY">
    <attribute name="TEXT" value="1" />
  </edge>
  <edge from="REDUCE" to="SUSCEPTIBILITY">
    <attribute name="TEXT" value="1" />
  </edge>
  <edge from="RELATED" to="STORIES">
    <attribute name="TEXT" value="1" />
  </edge>
  <edge from="REPORT" to="PUBLISHED">
    <attribute name="TEXT" value="1" />
  </edge>
  <edge from="REUTERS" to="LIMITED">
    <attribute name="TEXT" value="1" />
  </edge>
  <edge from="RICH" to="SOURCE">
    <attribute name="TEXT" value="1" />
  </edge>
  <edge from="SCIENTIFIC" to="MEASUREMENTS">
    <attribute name="TEXT" value="1" />
  </edge>
  <edge from="SCIENTIFIC" to="STANDARD">
    <attribute name="TEXT" value="1" />
  </edge>
  <edge from="SMALL" to="QUANTITIES">
    <attribute name="TEXT" value="2" />
  </edge>
  <edge from="SOPHISTICATED" to="SCIENTIFIC">
    <attribute name="TEXT" value="1" />
  </edge>
  <edge from="SPROUTS" to="EXTRACTS">
    <attribute name="TEXT" value="1" />
  </edge>
  <edge from="SPROUTS" to="FIGHT">
    <attribute name="TEXT" value="2" />
    <attribute name="LINKS" value="1" />
    <attribute name="KEYWORDS" value="1" />
  </edge>
  <edge from="SPROUTS" to="FIGHT">
    <attribute name="TEXT" value="2" />
    <attribute name="LINKS" value="1" />
    <attribute name="KEYWORDS" value="1" />
  </edge>
  <edge from="SPROUTS" to="FIGHT">
    <attribute name="TEXT" value="2" />
    <attribute name="LINKS" value="1" />
    <attribute name="KEYWORDS" value="1" />
  </edge>
  <edge from="SPROUTS" to="SEED">
    <attribute name="TEXT" value="1" />
  </edge>
  <edge from="STORIES" to="BROCCOLI">
    <attribute name="TEXT" value="1" />
  </edge>
  <edge from="SULFORAPHANE" to="PROVEN">
    <attribute name="TEXT" value="1" />
  </edge>
  <edge from="SUPERVISING" to="TEST">
    <attribute name="TEXT" value="1" />
  </edge>
  <edge from="TALALAY" to="CAUTION">
    <attribute name="TEXT" value="1" />
  </edge>
  <edge from="TALALAY" to="DIRECTOR">
    <attribute name="TEXT" value="1" />
  </edge>
  <edge from="TALALAY" to="NOTES">
    <attribute name="TEXT" value="1" />
  </edge>
  <edge from="TALALAY" to="REFERS">
    <attribute name="TEXT" value="1" />
  </edge>
  <edge from="TALALAY" to="REPORT">
    <attribute name="TEXT" value="1" />
  </edge>
  <edge from="TEST" to="LABORATORY">
    <attribute name="TEXT" value="1" />
  </edge>
  <edge from="TEXT" to="HEADLINES">
    <attribute name="TEXT" value="1" />
  </edge>
  <edge from="TIMES" to="LOWER">
    <attribute name="TEXT" value="1" />
  </edge>
  <edge from="TUESDAY" to="SEPTEMBER">
    <attribute name="TEXT" value="1" />
  </edge>
  <edge from="UNIVERSITY" to="DEMONSTRATED">
    <attribute name="TEXT" value="1" />
  </edge>
  <edge from="UPS" to="HEART">
    <attribute name="TEXT" value="2" />
    <attribute name="LINKS" value="2" />
  </edge>
  <edge from="UPS" to="HEART">
    <attribute name="TEXT" value="2" />
    <attribute name="LINKS" value="2" />
  </edge>
  <edge from="VARY" to="GREATLY">
    <attribute name="TEXT" value="1" />
  </edge>
  <edge from="VEGETABLES" to="SOLD">
    <attribute name="TEXT" value="1" />
  </edge>
  <edge from="WORK" to="TALALAY">
    <attribute name="TEXT" value="1" />
  </edge>
</graph>
