<graph>
  <node id="AASK">
    <attribute name="FREQUENCY" value="1" />
  </node>
  <node id="ACE">
    <attribute name="FREQUENCY" value="1" />
  </node>
  <node id="ACHIEVE">
    <attribute name="FREQUENCY" value="1" />
  </node>
  <node id="ADULTS">
    <attribute name="FREQUENCY" value="1" />
  </node>
  <node id="AFRICAN">
    <attribute name="FREQUENCY" value="4" />
  </node>
  <node id="AFRICAN-AMERICAN">
    <attribute name="FREQUENCY" value="2" />
  </node>
  <node id="AMERICAN">
    <attribute name="FREQUENCY" value="4" />
  </node>
  <node id="AUTOIMMUNE">
    <attribute name="FREQUENCY" value="1" />
  </node>
  <node id="BENEFICIAL">
    <attribute name="FREQUENCY" value="1" />
  </node>
  <node id="BETA">
    <attribute name="FREQUENCY" value="1" />
  </node>
  <node id="BIT">
    <attribute name="FREQUENCY" value="1" />
  </node>
  <node id="BIZ">
    <attribute name="FREQUENCY" value="4" />
  </node>
  <node id="BLACK">
    <attribute name="FREQUENCY" value="9" />
  </node>
  <node id="BLOCKERS">
    <attribute name="FREQUENCY" value="1" />
  </node>
  <node id="BLOOD">
    <attribute name="FREQUENCY" value="16" />
  </node>
  <node id="BP">
    <attribute name="FREQUENCY" value="4" />
  </node>
  <node id="CALLED">
    <attribute name="FREQUENCY" value="1" />
  </node>
  <node id="CAUSED">
    <attribute name="FREQUENCY" value="1" />
  </node>
  <node id="CENTER">
    <attribute name="FREQUENCY" value="1" />
  </node>
  <node id="CHRONIC">
    <attribute name="FREQUENCY" value="4" />
  </node>
  <node id="CLEAR">
    <attribute name="FREQUENCY" value="1" />
  </node>
  <node id="CO-AUTHOR">
    <attribute name="FREQUENCY" value="1" />
  </node>
  <node id="COIN">
    <attribute name="FREQUENCY" value="1" />
  </node>
  <node id="COLUMBUS">
    <attribute name="FREQUENCY" value="1" />
  </node>
  <node id="COMBINATION">
    <attribute name="FREQUENCY" value="1" />
  </node>
  <node id="COMMENTS">
    <attribute name="FREQUENCY" value="2" />
  </node>
  <node id="COMMON">
    <attribute name="FREQUENCY" value="1" />
  </node>
  <node id="COMMUNITY">
    <attribute name="FREQUENCY" value="1" />
  </node>
  <node id="CONDITIONS">
    <attribute name="FREQUENCY" value="1" />
  </node>
  <node id="CONSIDERED">
    <attribute name="FREQUENCY" value="1" />
  </node>
  <node id="CONTROL">
    <attribute name="FREQUENCY" value="7" />
  </node>
  <node id="CONTROLLED">
    <attribute name="FREQUENCY" value="1" />
  </node>
  <node id="CURRENT">
    <attribute name="FREQUENCY" value="1" />
  </node>
  <node id="CYST">
    <attribute name="FREQUENCY" value="1" />
  </node>
  <node id="DAMAGED">
    <attribute name="FREQUENCY" value="1" />
  </node>
  <node id="DECLINE">
    <attribute name="FREQUENCY" value="2" />
  </node>
  <node id="DEVELOP">
    <attribute name="FREQUENCY" value="1" />
  </node>
  <node id="DIALYSIS">
    <attribute name="FREQUENCY" value="1" />
  </node>
  <node id="DIET">
    <attribute name="FREQUENCY" value="2" />
  </node>
  <node id="DIRECTOR">
    <attribute name="FREQUENCY" value="1" />
  </node>
  <node id="DISEASE">
    <attribute name="FREQUENCY" value="9" />
  </node>
  <node id="DISORDER">
    <attribute name="FREQUENCY" value="1" />
  </node>
  <node id="DIURETICS">
    <attribute name="FREQUENCY" value="1" />
  </node>
  <node id="DIVISION">
    <attribute name="FREQUENCY" value="1" />
  </node>
  <node id="DRUG">
    <attribute name="FREQUENCY" value="2" />
  </node>
  <node id="DYSFUNCTION">
    <attribute name="FREQUENCY" value="1" />
  </node>
  <node id="EDT">
    <attribute name="FREQUENCY" value="1" />
  </node>
  <node id="EFFECT">
    <attribute name="FREQUENCY" value="2" />
  </node>
  <node id="END">
    <attribute name="FREQUENCY" value="1" />
  </node>
  <node id="ENLARGED">
    <attribute name="FREQUENCY" value="1" />
  </node>
  <node id="ENROLL">
    <attribute name="FREQUENCY" value="1" />
  </node>
  <node id="ENTERTAIN">
    <attribute name="FREQUENCY" value="4" />
  </node>
  <node id="EPIDEMIC">
    <attribute name="FREQUENCY" value="1" />
  </node>
  <node id="ESRD">
    <attribute name="FREQUENCY" value="2" />
  </node>
  <node id="FLIPPING">
    <attribute name="FREQUENCY" value="1" />
  </node>
  <node id="FUNCTION">
    <attribute name="FREQUENCY" value="2" />
  </node>
  <node id="FUNDED">
    <attribute name="FREQUENCY" value="1" />
  </node>
  <node id="GAIN">
    <attribute name="FREQUENCY" value="1" />
  </node>
  <node id="GAS-HAULING">
    <attribute name="FREQUENCY" value="4" />
  </node>
  <node id="GENERAL">
    <attribute name="FREQUENCY" value="1" />
  </node>
  <node id="GLOMERULAR">
    <attribute name="FREQUENCY" value="1" />
  </node>
  <node id="HEADLINES">
    <attribute name="FREQUENCY" value="1" />
  </node>
  <node id="HEALTH">
    <attribute name="FREQUENCY" value="5" />
  </node>
  <node id="HEBERT">
    <attribute name="FREQUENCY" value="3" />
  </node>
  <node id="HG">
    <attribute name="FREQUENCY" value="2" />
  </node>
  <node id="HIGH">
    <attribute name="FREQUENCY" value="6" />
  </node>
  <node id="HIKE">
    <attribute name="FREQUENCY" value="4" />
  </node>
  <node id="HTML">
    <attribute name="FREQUENCY" value="1" />
  </node>
  <node id="HYPERTENSION">
    <attribute name="FREQUENCY" value="5" />
  </node>
  <node id="IMPORTANT">
    <attribute name="FREQUENCY" value="1" />
  </node>
  <node id="INCLUDED">
    <attribute name="FREQUENCY" value="2" />
  </node>
  <node id="INFECTION">
    <attribute name="FREQUENCY" value="5" />
  </node>
  <node id="INFO">
    <attribute name="FREQUENCY" value="2" />
  </node>
  <node id="INFORMATION">
    <attribute name="FREQUENCY" value="1" />
  </node>
  <node id="INHIBITOR">
    <attribute name="FREQUENCY" value="1" />
  </node>
  <node id="INSTITUTE">
    <attribute name="FREQUENCY" value="1" />
  </node>
  <node id="INTRINSIC">
    <attribute name="FREQUENCY" value="1" />
  </node>
  <node id="ISSUE">
    <attribute name="FREQUENCY" value="1" />
  </node>
  <node id="KIDNEY">
    <attribute name="FREQUENCY" value="15" />
  </node>
  <node id="LEE">
    <attribute name="FREQUENCY" value="1" />
  </node>
  <node id="LEVELS">
    <attribute name="FREQUENCY" value="2" />
  </node>
  <node id="LIMITED">
    <attribute name="FREQUENCY" value="1" />
  </node>
  <node id="LOW-PROTEIN">
    <attribute name="FREQUENCY" value="1" />
  </node>
  <node id="LOW-SALT">
    <attribute name="FREQUENCY" value="1" />
  </node>
  <node id="LOWER">
    <attribute name="FREQUENCY" value="1" />
  </node>
  <node id="MAINTAIN">
    <attribute name="FREQUENCY" value="1" />
  </node>
  <node id="MAINTAINED">
    <attribute name="FREQUENCY" value="1" />
  </node>
  <node id="MANUFACTURERS">
    <attribute name="FREQUENCY" value="1" />
  </node>
  <node id="MDRD">
    <attribute name="FREQUENCY" value="1" />
  </node>
  <node id="MEDICATION">
    <attribute name="FREQUENCY" value="1" />
  </node>
  <node id="MODIFICATION">
    <attribute name="FREQUENCY" value="1" />
  </node>
  <node id="MONDAY">
    <attribute name="FREQUENCY" value="1" />
  </node>
  <node id="MULTICENTER">
    <attribute name="FREQUENCY" value="1" />
  </node>
  <node id="NATION">
    <attribute name="FREQUENCY" value="1" />
  </node>
  <node id="NATIONAL">
    <attribute name="FREQUENCY" value="1" />
  </node>
  <node id="NEPHROLOGY">
    <attribute name="FREQUENCY" value="1" />
  </node>
  <node id="NEWS">
    <attribute name="FREQUENCY" value="4" />
  </node>
  <node id="NORMAL">
    <attribute name="FREQUENCY" value="1" />
  </node>
  <node id="OHIO">
    <attribute name="FREQUENCY" value="1" />
  </node>
  <node id="PART">
    <attribute name="FREQUENCY" value="1" />
  </node>
  <node id="PATIENTS">
    <attribute name="FREQUENCY" value="2" />
  </node>
  <node id="PEOPLE">
    <attribute name="FREQUENCY" value="1" />
  </node>
  <node id="PERSON">
    <attribute name="FREQUENCY" value="1" />
  </node>
  <node id="PM">
    <attribute name="FREQUENCY" value="1" />
  </node>
  <node id="POINT">
    <attribute name="FREQUENCY" value="1" />
  </node>
  <node id="POLITIC">
    <attribute name="FREQUENCY" value="4" />
  </node>
  <node id="POLYCYSTIC">
    <attribute name="FREQUENCY" value="1" />
  </node>
  <node id="POPULATION">
    <attribute name="FREQUENCY" value="1" />
  </node>
  <node id="PRESSURE">
    <attribute name="FREQUENCY" value="16" />
  </node>
  <node id="PROBLEMS">
    <attribute name="FREQUENCY" value="3" />
  </node>
  <node id="PROGRESSION">
    <attribute name="FREQUENCY" value="1" />
  </node>
  <node id="PUBLISHED">
    <attribute name="FREQUENCY" value="1" />
  </node>
  <node id="QUESTIONS">
    <attribute name="FREQUENCY" value="2" />
  </node>
  <node id="RANDOMIZED">
    <attribute name="FREQUENCY" value="1" />
  </node>
  <node id="RATE">
    <attribute name="FREQUENCY" value="1" />
  </node>
  <node id="RECOMMENDED">
    <attribute name="FREQUENCY" value="1" />
  </node>
  <node id="RENAL">
    <attribute name="FREQUENCY" value="3" />
  </node>
  <node id="REPLACED">
    <attribute name="FREQUENCY" value="1" />
  </node>
  <node id="REPORT">
    <attribute name="FREQUENCY" value="4" />
  </node>
  <node id="REUTERS">
    <attribute name="FREQUENCY" value="2" />
  </node>
  <node id="REVEAL">
    <attribute name="FREQUENCY" value="1" />
  </node>
  <node id="RISK">
    <attribute name="FREQUENCY" value="4" />
  </node>
  <node id="SCOREBOARD">
    <attribute name="FREQUENCY" value="4" />
  </node>
  <node id="SEPTEMBER">
    <attribute name="FREQUENCY" value="1" />
  </node>
  <node id="SLOW">
    <attribute name="FREQUENCY" value="2" />
  </node>
  <node id="SOURCE">
    <attribute name="FREQUENCY" value="1" />
  </node>
  <node id="SPECIFICALLY">
    <attribute name="FREQUENCY" value="1" />
  </node>
  <node id="SPORT">
    <attribute name="FREQUENCY" value="4" />
  </node>
  <node id="STAGE">
    <attribute name="FREQUENCY" value="1" />
  </node>
  <node id="STATES">
    <attribute name="FREQUENCY" value="1" />
  </node>
  <node id="STORIES">
    <attribute name="FREQUENCY" value="1" />
  </node>
  <node id="STORY">
    <attribute name="FREQUENCY" value="4" />
  </node>
  <node id="STRICT">
    <attribute name="FREQUENCY" value="3" />
  </node>
  <node id="STRICTER">
    <attribute name="FREQUENCY" value="1" />
  </node>
  <node id="STROKE">
    <attribute name="FREQUENCY" value="4" />
  </node>
  <node id="STUDY">
    <attribute name="FREQUENCY" value="10" />
  </node>
  <node id="SUFFERING">
    <attribute name="FREQUENCY" value="1" />
  </node>
  <node id="SUGGESTS">
    <attribute name="FREQUENCY" value="1" />
  </node>
  <node id="SURPRISE">
    <attribute name="FREQUENCY" value="1" />
  </node>
  <node id="SURVIVE">
    <attribute name="FREQUENCY" value="1" />
  </node>
  <node id="SYMPTOMS">
    <attribute name="FREQUENCY" value="4" />
  </node>
  <node id="TAMKINS">
    <attribute name="FREQUENCY" value="1" />
  </node>
  <node id="TECH">
    <attribute name="FREQUENCY" value="4" />
  </node>
  <node id="TEXT">
    <attribute name="FREQUENCY" value="1" />
  </node>
  <node id="THERESA">
    <attribute name="FREQUENCY" value="1" />
  </node>
  <node id="TIMES">
    <attribute name="FREQUENCY" value="1" />
  </node>
  <node id="TISSUE">
    <attribute name="FREQUENCY" value="1" />
  </node>
  <node id="TRANSPLANT">
    <attribute name="FREQUENCY" value="1" />
  </node>
  <node id="TREAT">
    <attribute name="FREQUENCY" value="1" />
  </node>
  <node id="TRUCKERS">
    <attribute name="FREQUENCY" value="4" />
  </node>
  <node id="TWO-YEAR">
    <attribute name="FREQUENCY" value="1" />
  </node>
  <node id="UNDERWAY">
    <attribute name="FREQUENCY" value="1" />
  </node>
  <node id="UNIVERSITY">
    <attribute name="FREQUENCY" value="1" />
  </node>
  <node id="USUAL">
    <attribute name="FREQUENCY" value="1" />
  </node>
  <node id="VARIETY">
    <attribute name="FREQUENCY" value="1" />
  </node>
  <node id="WHITE">
    <attribute name="FREQUENCY" value="4" />
  </node>
  <node id="WRITE">
    <attribute name="FREQUENCY" value="2" />
  </node>
  <node id="YAHOO">
    <attribute name="FREQUENCY" value="4" />
  </node>
  <node id="YORK">
    <attribute name="FREQUENCY" value="1" />
  </node>
  <edge from="ACE" to="INHIBITOR">
    <attribute name="TEXT" value="1" />
  </edge>
  <edge from="ACHIEVE" to="STRICT">
    <attribute name="TEXT" value="1" />
  </edge>
  <edge from="ADULTS" to="BLACK">
    <attribute name="TEXT" value="1" />
  </edge>
  <edge from="AFRICAN" to="AMERICAN">
    <attribute name="TEXT" value="4" />
  </edge>
  <edge from="AFRICAN-AMERICAN" to="COMMUNITY">
    <attribute name="TEXT" value="1" />
  </edge>
  <edge from="AFRICAN-AMERICAN" to="STUDY">
    <attribute name="TEXT" value="1" />
  </edge>
  <edge from="AUTOIMMUNE" to="DISORDER">
    <attribute name="TEXT" value="1" />
  </edge>
  <edge from="BETA" to="BLOCKERS">
    <attribute name="TEXT" value="1" />
  </edge>
  <edge from="BLACK" to="SLOW">
    <attribute name="TEXT" value="1" />
  </edge>
  <edge from="BLOOD" to="PRESSURE">
    <attribute name="TEXT" value="16" />
  </edge>
  <edge from="CHRONIC" to="INFECTION">
    <attribute name="TEXT" value="4" />
    <attribute name="LINKS" value="4" />
  </edge>
  <edge from="CHRONIC" to="INFECTION">
    <attribute name="TEXT" value="4" />
    <attribute name="LINKS" value="4" />
  </edge>
  <edge from="CONTROL" to="AFRICAN">
    <attribute name="TEXT" value="1" />
  </edge>
  <edge from="CURRENT" to="ISSUE">
    <attribute name="TEXT" value="1" />
  </edge>
  <edge from="DEVELOP" to="HIGH">
    <attribute name="TEXT" value="1" />
  </edge>
  <edge from="DISEASE" to="STUDY">
    <attribute name="TEXT" value="1" />
  </edge>
  <edge from="DRUG" to="INFECTION">
    <attribute name="TEXT" value="1" />
  </edge>
  <edge from="END" to="STAGE">
    <attribute name="TEXT" value="1" />
  </edge>
  <edge from="FLIPPING" to="COIN">
    <attribute name="TEXT" value="1" />
  </edge>
  <edge from="GAS-HAULING" to="TRUCKERS">
    <attribute name="TEXT" value="2" />
    <attribute name="LINKS" value="2" />
  </edge>
  <edge from="GAS-HAULING" to="TRUCKERS">
    <attribute name="TEXT" value="2" />
    <attribute name="LINKS" value="2" />
  </edge>
  <edge from="GENERAL" to="POPULATION">
    <attribute name="TEXT" value="1" />
  </edge>
  <edge from="GLOMERULAR" to="DISEASE">
    <attribute name="TEXT" value="1" />
  </edge>
  <edge from="HEALTH" to="MODIFICATION">
    <attribute name="TEXT" value="1" />
  </edge>
  <edge from="HEALTH" to="STORIES">
    <attribute name="TEXT" value="1" />
  </edge>
  <edge from="HEBERT" to="CO-AUTHOR">
    <attribute name="TEXT" value="1" />
  </edge>
  <edge from="HEBERT" to="DIRECTOR">
    <attribute name="TEXT" value="1" />
  </edge>
  <edge from="HIGH" to="BLOOD">
    <attribute name="TEXT" value="6" />
  </edge>
  <edge from="HIKE" to="STROKE">
    <attribute name="TEXT" value="2" />
    <attribute name="LINKS" value="2" />
  </edge>
  <edge from="HIKE" to="STROKE">
    <attribute name="TEXT" value="2" />
    <attribute name="LINKS" value="2" />
  </edge>
  <edge from="HYPERTENSION" to="POLYCYSTIC">
    <attribute name="TEXT" value="1" />
  </edge>
  <edge from="INFECTION" to="HIKE">
    <attribute name="TEXT" value="4" />
    <attribute name="LINKS" value="4" />
  </edge>
  <edge from="INFECTION" to="HIKE">
    <attribute name="TEXT" value="4" />
    <attribute name="LINKS" value="4" />
  </edge>
  <edge from="INHIBITOR" to="BETA">
    <attribute name="TEXT" value="1" />
  </edge>
  <edge from="INTRINSIC" to="RENAL">
    <attribute name="TEXT" value="1" />
  </edge>
  <edge from="KIDNEY" to="DISEASE">
    <attribute name="TEXT" value="5" />
  </edge>
  <edge from="KIDNEY" to="DYSFUNCTION">
    <attribute name="TEXT" value="1" />
  </edge>
  <edge from="KIDNEY" to="FUNCTION">
    <attribute name="TEXT" value="2" />
  </edge>
  <edge from="KIDNEY" to="PROBLEMS">
    <attribute name="TEXT" value="2" />
  </edge>
  <edge from="KIDNEY" to="TRANSPLANT">
    <attribute name="TEXT" value="1" />
  </edge>
  <edge from="LEE" to="HEBERT">
    <attribute name="TEXT" value="1" />
  </edge>
  <edge from="LEVELS" to="BLACK">
    <attribute name="TEXT" value="1" />
  </edge>
  <edge from="LEVELS" to="LOWER">
    <attribute name="TEXT" value="1" />
  </edge>
  <edge from="LOW-PROTEIN" to="LOW-SALT">
    <attribute name="TEXT" value="1" />
  </edge>
  <edge from="LOW-SALT" to="DIET">
    <attribute name="TEXT" value="1" />
  </edge>
  <edge from="MAINTAIN" to="BLOOD">
    <attribute name="TEXT" value="1" />
  </edge>
  <edge from="MONDAY" to="SEPTEMBER">
    <attribute name="TEXT" value="1" />
  </edge>
  <edge from="MULTICENTER" to="STUDY">
    <attribute name="TEXT" value="1" />
  </edge>
  <edge from="NATIONAL" to="INSTITUTE">
    <attribute name="TEXT" value="1" />
  </edge>
  <edge from="NEPHROLOGY" to="DIVISION">
    <attribute name="TEXT" value="1" />
  </edge>
  <edge from="NORMAL" to="TISSUE">
    <attribute name="TEXT" value="1" />
  </edge>
  <edge from="OHIO" to="STATES">
    <attribute name="TEXT" value="1" />
  </edge>
  <edge from="PM" to="EDT">
    <attribute name="TEXT" value="1" />
  </edge>
  <edge from="POLYCYSTIC" to="KIDNEY">
    <attribute name="TEXT" value="1" />
  </edge>
  <edge from="PRESSURE" to="CONTROL">
    <attribute name="TEXT" value="4" />
  </edge>
  <edge from="RENAL" to="DISEASE">
    <attribute name="TEXT" value="3" />
  </edge>
  <edge from="REPORT" to="SYMPTOMS">
    <attribute name="TEXT" value="2" />
    <attribute name="LINKS" value="2" />
  </edge>
  <edge from="REPORT" to="SYMPTOMS">
    <attribute name="TEXT" value="2" />
    <attribute name="LINKS" value="2" />
  </edge>
  <edge from="REUTERS" to="LIMITED">
    <attribute name="TEXT" value="1" />
  </edge>
  <edge from="STAGE" to="RENAL">
    <attribute name="TEXT" value="1" />
  </edge>
  <edge from="STATES" to="UNIVERSITY">
    <attribute name="TEXT" value="1" />
  </edge>
  <edge from="STORIES" to="BP">
    <attribute name="TEXT" value="1" />
  </edge>
  <edge from="STRICT" to="BLOOD">
    <attribute name="TEXT" value="3" />
  </edge>
  <edge from="STRICTER" to="CONTROL">
    <attribute name="TEXT" value="1" />
  </edge>
  <edge from="STROKE" to="RISK">
    <attribute name="TEXT" value="2" />
    <attribute name="LINKS" value="2" />
  </edge>
  <edge from="STROKE" to="RISK">
    <attribute name="TEXT" value="2" />
    <attribute name="LINKS" value="2" />
  </edge>
  <edge from="STUDY" to="INCLUDED">
    <attribute name="TEXT" value="2" />
  </edge>
  <edge from="STUDY" to="PUBLISHED">
    <attribute name="TEXT" value="1" />
  </edge>
  <edge from="STUDY" to="SUGGESTS">
    <attribute name="TEXT" value="1" />
  </edge>
  <edge from="TEXT" to="HEADLINES">
    <attribute name="TEXT" value="1" />
  </edge>
  <edge from="THERESA" to="TAMKINS">
    <attribute name="TEXT" value="1" />
  </edge>
  <edge from="TREAT" to="HYPERTENSION">
    <attribute name="TEXT" value="1" />
  </edge>
  <edge from="TRUCKERS" to="REPORT">
    <attribute name="TEXT" value="2" />
    <attribute name="LINKS" value="2" />
  </edge>
  <edge from="TRUCKERS" to="REPORT">
    <attribute name="TEXT" value="2" />
    <attribute name="LINKS" value="2" />
  </edge>
  <edge from="TWO-YEAR" to="STUDY">
    <attribute name="TEXT" value="1" />
  </edge>
  <edge from="USUAL" to="BLOOD">
    <attribute name="TEXT" value="1" />
  </edge>
</graph>
