<graph>
  <node id="ABLE">
    <attribute name="FREQUENCY" value="2" />
  </node>
  <node id="ABUSE">
    <attribute name="FREQUENCY" value="2" />
  </node>
  <node id="ACCUMBENS">
    <attribute name="FREQUENCY" value="1" />
  </node>
  <node id="ACTIVATE">
    <attribute name="FREQUENCY" value="1" />
  </node>
  <node id="ACTIVATED">
    <attribute name="FREQUENCY" value="3" />
  </node>
  <node id="ACTIVATION">
    <attribute name="FREQUENCY" value="1" />
  </node>
  <node id="ACTIVITY">
    <attribute name="FREQUENCY" value="2" />
  </node>
  <node id="ADDICTION">
    <attribute name="FREQUENCY" value="4" />
  </node>
  <node id="ADDICTS">
    <attribute name="FREQUENCY" value="2" />
  </node>
  <node id="ALAN">
    <attribute name="FREQUENCY" value="1" />
  </node>
  <node id="ANIMALS">
    <attribute name="FREQUENCY" value="1" />
  </node>
  <node id="AREA">
    <attribute name="FREQUENCY" value="3" />
  </node>
  <node id="ASKED">
    <attribute name="FREQUENCY" value="1" />
  </node>
  <node id="ASPECTS">
    <attribute name="FREQUENCY" value="1" />
  </node>
  <node id="AUTHOR">
    <attribute name="FREQUENCY" value="1" />
  </node>
  <node id="BEHAVIOR">
    <attribute name="FREQUENCY" value="1" />
  </node>
  <node id="BEHAVIORAL">
    <attribute name="FREQUENCY" value="1" />
  </node>
  <node id="BIZ">
    <attribute name="FREQUENCY" value="4" />
  </node>
  <node id="BLOCK">
    <attribute name="FREQUENCY" value="1" />
  </node>
  <node id="BOSTON">
    <attribute name="FREQUENCY" value="1" />
  </node>
  <node id="BRAIN">
    <attribute name="FREQUENCY" value="16" />
  </node>
  <node id="BREITER">
    <attribute name="FREQUENCY" value="1" />
  </node>
  <node id="BROADER">
    <attribute name="FREQUENCY" value="1" />
  </node>
  <node id="CALLED">
    <attribute name="FREQUENCY" value="1" />
  </node>
  <node id="CHANGE">
    <attribute name="FREQUENCY" value="1" />
  </node>
  <node id="CHOICE">
    <attribute name="FREQUENCY" value="1" />
  </node>
  <node id="CIRCUIT">
    <attribute name="FREQUENCY" value="1" />
  </node>
  <node id="CIRCUITRY">
    <attribute name="FREQUENCY" value="1" />
  </node>
  <node id="COCAINE">
    <attribute name="FREQUENCY" value="12" />
  </node>
  <node id="COMMENTS">
    <attribute name="FREQUENCY" value="2" />
  </node>
  <node id="CONSCIOUS">
    <attribute name="FREQUENCY" value="1" />
  </node>
  <node id="CONTINUE">
    <attribute name="FREQUENCY" value="1" />
  </node>
  <node id="CORTEX">
    <attribute name="FREQUENCY" value="1" />
  </node>
  <node id="CRAVING">
    <attribute name="FREQUENCY" value="4" />
  </node>
  <node id="DEPRESSED">
    <attribute name="FREQUENCY" value="1" />
  </node>
  <node id="DETAILS">
    <attribute name="FREQUENCY" value="3" />
  </node>
  <node id="DEVELOP">
    <attribute name="FREQUENCY" value="1" />
  </node>
  <node id="DEVELOPMENT">
    <attribute name="FREQUENCY" value="1" />
  </node>
  <node id="DIABETES">
    <attribute name="FREQUENCY" value="4" />
  </node>
  <node id="DIRECTOR">
    <attribute name="FREQUENCY" value="1" />
  </node>
  <node id="DRUG">
    <attribute name="FREQUENCY" value="3" />
  </node>
  <node id="EARLIER">
    <attribute name="FREQUENCY" value="1" />
  </node>
  <node id="EDT">
    <attribute name="FREQUENCY" value="1" />
  </node>
  <node id="EFFECT">
    <attribute name="FREQUENCY" value="3" />
  </node>
  <node id="EMOTION">
    <attribute name="FREQUENCY" value="2" />
  </node>
  <node id="ENTERTAIN">
    <attribute name="FREQUENCY" value="4" />
  </node>
  <node id="EUPHORIA">
    <attribute name="FREQUENCY" value="1" />
  </node>
  <node id="EXPECTED">
    <attribute name="FREQUENCY" value="1" />
  </node>
  <node id="EXPERIENCE">
    <attribute name="FREQUENCY" value="4" />
  </node>
  <node id="EXQUISITE">
    <attribute name="FREQUENCY" value="1" />
  </node>
  <node id="FINDINGS">
    <attribute name="FREQUENCY" value="1" />
  </node>
  <node id="FINE">
    <attribute name="FREQUENCY" value="1" />
  </node>
  <node id="FMRI">
    <attribute name="FREQUENCY" value="1" />
  </node>
  <node id="FRIDAY">
    <attribute name="FREQUENCY" value="1" />
  </node>
  <node id="FUNCTIONAL">
    <attribute name="FREQUENCY" value="1" />
  </node>
  <node id="FUNDED">
    <attribute name="FREQUENCY" value="1" />
  </node>
  <node id="GENERAL">
    <attribute name="FREQUENCY" value="1" />
  </node>
  <node id="GOVERNING">
    <attribute name="FREQUENCY" value="1" />
  </node>
  <node id="HANS">
    <attribute name="FREQUENCY" value="1" />
  </node>
  <node id="HARVARD">
    <attribute name="FREQUENCY" value="1" />
  </node>
  <node id="HEADLINES">
    <attribute name="FREQUENCY" value="1" />
  </node>
  <node id="HEALTH">
    <attribute name="FREQUENCY" value="4" />
  </node>
  <node id="HEART">
    <attribute name="FREQUENCY" value="4" />
  </node>
  <node id="HIGH">
    <attribute name="FREQUENCY" value="2" />
  </node>
  <node id="HIKE">
    <attribute name="FREQUENCY" value="4" />
  </node>
  <node id="HOPE">
    <attribute name="FREQUENCY" value="1" />
  </node>
  <node id="HOSPITAL">
    <attribute name="FREQUENCY" value="2" />
  </node>
  <node id="HTML">
    <attribute name="FREQUENCY" value="1" />
  </node>
  <node id="HUMAN">
    <attribute name="FREQUENCY" value="1" />
  </node>
  <node id="IMAGE">
    <attribute name="FREQUENCY" value="2" />
  </node>
  <node id="IMPLICATED">
    <attribute name="FREQUENCY" value="1" />
  </node>
  <node id="INCENTIVES">
    <attribute name="FREQUENCY" value="1" />
  </node>
  <node id="INCREASE">
    <attribute name="FREQUENCY" value="1" />
  </node>
  <node id="INDIVIDUALS">
    <attribute name="FREQUENCY" value="1" />
  </node>
  <node id="INFO">
    <attribute name="FREQUENCY" value="2" />
  </node>
  <node id="INJECTED">
    <attribute name="FREQUENCY" value="1" />
  </node>
  <node id="INJECTION">
    <attribute name="FREQUENCY" value="1" />
  </node>
  <node id="INSTITUTE">
    <attribute name="FREQUENCY" value="1" />
  </node>
  <node id="INVOLVED">
    <attribute name="FREQUENCY" value="3" />
  </node>
  <node id="JOURNAL">
    <attribute name="FREQUENCY" value="1" />
  </node>
  <node id="KEY">
    <attribute name="FREQUENCY" value="1" />
  </node>
  <node id="LAY">
    <attribute name="FREQUENCY" value="1" />
  </node>
  <node id="LEAD">
    <attribute name="FREQUENCY" value="3" />
  </node>
  <node id="LEPTIN">
    <attribute name="FREQUENCY" value="4" />
  </node>
  <node id="LESHNER">
    <attribute name="FREQUENCY" value="2" />
  </node>
  <node id="LEVELS">
    <attribute name="FREQUENCY" value="2" />
  </node>
  <node id="LIMBIC">
    <attribute name="FREQUENCY" value="1" />
  </node>
  <node id="LIMITED">
    <attribute name="FREQUENCY" value="1" />
  </node>
  <node id="LONG">
    <attribute name="FREQUENCY" value="1" />
  </node>
  <node id="MAGNETIC">
    <attribute name="FREQUENCY" value="1" />
  </node>
  <node id="MASSACHUSETTS">
    <attribute name="FREQUENCY" value="1" />
  </node>
  <node id="MEDICAL">
    <attribute name="FREQUENCY" value="1" />
  </node>
  <node id="MEDICATION">
    <attribute name="FREQUENCY" value="1" />
  </node>
  <node id="MINUTES">
    <attribute name="FREQUENCY" value="2" />
  </node>
  <node id="MONITOR">
    <attribute name="FREQUENCY" value="2" />
  </node>
  <node id="MOTIVATION">
    <attribute name="FREQUENCY" value="1" />
  </node>
  <node id="NATIONAL">
    <attribute name="FREQUENCY" value="1" />
  </node>
  <node id="NEURONS">
    <attribute name="FREQUENCY" value="2" />
  </node>
  <node id="NEWS">
    <attribute name="FREQUENCY" value="4" />
  </node>
  <node id="NIDA">
    <attribute name="FREQUENCY" value="2" />
  </node>
  <node id="NUCLEUS">
    <attribute name="FREQUENCY" value="1" />
  </node>
  <node id="OUTERMOST">
    <attribute name="FREQUENCY" value="1" />
  </node>
  <node id="PART">
    <attribute name="FREQUENCY" value="1" />
  </node>
  <node id="PHASE">
    <attribute name="FREQUENCY" value="1" />
  </node>
  <node id="PLAY">
    <attribute name="FREQUENCY" value="1" />
  </node>
  <node id="PLEASURABLE">
    <attribute name="FREQUENCY" value="1" />
  </node>
  <node id="PM">
    <attribute name="FREQUENCY" value="2" />
  </node>
  <node id="POLITIC">
    <attribute name="FREQUENCY" value="4" />
  </node>
  <node id="PORTION">
    <attribute name="FREQUENCY" value="1" />
  </node>
  <node id="QUESTIONS">
    <attribute name="FREQUENCY" value="2" />
  </node>
  <node id="RATE">
    <attribute name="FREQUENCY" value="1" />
  </node>
  <node id="REACT">
    <attribute name="FREQUENCY" value="4" />
  </node>
  <node id="REGION">
    <attribute name="FREQUENCY" value="3" />
  </node>
  <node id="REINFORCEMENT">
    <attribute name="FREQUENCY" value="1" />
  </node>
  <node id="RELATED">
    <attribute name="FREQUENCY" value="1" />
  </node>
  <node id="RELEASED">
    <attribute name="FREQUENCY" value="2" />
  </node>
  <node id="REMAINED">
    <attribute name="FREQUENCY" value="1" />
  </node>
  <node id="REPORT">
    <attribute name="FREQUENCY" value="1" />
  </node>
  <node id="RESEARCHERS">
    <attribute name="FREQUENCY" value="2" />
  </node>
  <node id="RESONANCE">
    <attribute name="FREQUENCY" value="1" />
  </node>
  <node id="REUTERS">
    <attribute name="FREQUENCY" value="2" />
  </node>
  <node id="REVEAL">
    <attribute name="FREQUENCY" value="4" />
  </node>
  <node id="RISK">
    <attribute name="FREQUENCY" value="4" />
  </node>
  <node id="ROLE">
    <attribute name="FREQUENCY" value="1" />
  </node>
  <node id="RUSH">
    <attribute name="FREQUENCY" value="3" />
  </node>
  <node id="SALINE">
    <attribute name="FREQUENCY" value="1" />
  </node>
  <node id="SALT">
    <attribute name="FREQUENCY" value="1" />
  </node>
  <node id="SCANS">
    <attribute name="FREQUENCY" value="5" />
  </node>
  <node id="SCHOOL">
    <attribute name="FREQUENCY" value="1" />
  </node>
  <node id="SCOREBOARD">
    <attribute name="FREQUENCY" value="4" />
  </node>
  <node id="SECONDS">
    <attribute name="FREQUENCY" value="1" />
  </node>
  <node id="SEP">
    <attribute name="FREQUENCY" value="1" />
  </node>
  <node id="SEPTEMBER">
    <attribute name="FREQUENCY" value="1" />
  </node>
  <node id="SHORT-LIVED">
    <attribute name="FREQUENCY" value="1" />
  </node>
  <node id="SMOKERS">
    <attribute name="FREQUENCY" value="4" />
  </node>
  <node id="SOLUTION">
    <attribute name="FREQUENCY" value="1" />
  </node>
  <node id="SOURCE">
    <attribute name="FREQUENCY" value="1" />
  </node>
  <node id="SPECIFIC">
    <attribute name="FREQUENCY" value="1" />
  </node>
  <node id="SPORT">
    <attribute name="FREQUENCY" value="4" />
  </node>
  <node id="STATEMENT">
    <attribute name="FREQUENCY" value="2" />
  </node>
  <node id="STIMULATED">
    <attribute name="FREQUENCY" value="2" />
  </node>
  <node id="STORIES">
    <attribute name="FREQUENCY" value="2" />
  </node>
  <node id="STORY">
    <attribute name="FREQUENCY" value="4" />
  </node>
  <node id="STUDIES">
    <attribute name="FREQUENCY" value="1" />
  </node>
  <node id="STUDY">
    <attribute name="FREQUENCY" value="2" />
  </node>
  <node id="SUBJECT">
    <attribute name="FREQUENCY" value="2" />
  </node>
  <node id="SUGGESTS">
    <attribute name="FREQUENCY" value="1" />
  </node>
  <node id="SURPRISE">
    <attribute name="FREQUENCY" value="1" />
  </node>
  <node id="SYSTEM">
    <attribute name="FREQUENCY" value="1" />
  </node>
  <node id="TAKES">
    <attribute name="FREQUENCY" value="1" />
  </node>
  <node id="TARGETED">
    <attribute name="FREQUENCY" value="1" />
  </node>
  <node id="TECH">
    <attribute name="FREQUENCY" value="4" />
  </node>
  <node id="TECHNIQUE">
    <attribute name="FREQUENCY" value="1" />
  </node>
  <node id="TEXT">
    <attribute name="FREQUENCY" value="1" />
  </node>
  <node id="THOUGHT">
    <attribute name="FREQUENCY" value="3" />
  </node>
  <node id="THU">
    <attribute name="FREQUENCY" value="1" />
  </node>
  <node id="TREATMENT">
    <attribute name="FREQUENCY" value="6" />
  </node>
  <node id="UNDERSTAND">
    <attribute name="FREQUENCY" value="1" />
  </node>
  <node id="VERSUS">
    <attribute name="FREQUENCY" value="1" />
  </node>
  <node id="WINTER">
    <attribute name="FREQUENCY" value="4" />
  </node>
  <node id="WRITE">
    <attribute name="FREQUENCY" value="2" />
  </node>
  <node id="YAHOO">
    <attribute name="FREQUENCY" value="4" />
  </node>
  <node id="YORK">
    <attribute name="FREQUENCY" value="1" />
  </node>
  <edge from="ALAN" to="LESHNER">
    <attribute name="TEXT" value="1" />
  </edge>
  <edge from="BEHAVIORAL" to="EXPERIENCE">
    <attribute name="TEXT" value="1" />
  </edge>
  <edge from="BLOCK" to="INDIVIDUALS">
    <attribute name="TEXT" value="1" />
  </edge>
  <edge from="BRAIN" to="AREA">
    <attribute name="TEXT" value="1" />
  </edge>
  <edge from="BRAIN" to="GOVERNING">
    <attribute name="TEXT" value="1" />
  </edge>
  <edge from="BRAIN" to="IMAGE">
    <attribute name="TEXT" value="1" />
  </edge>
  <edge from="BRAIN" to="REACT">
    <attribute name="TEXT" value="6" />
    <attribute name="LINKS" value="3" />
    <attribute name="KEYWORDS" value="3" />
  </edge>
  <edge from="BRAIN" to="REACT">
    <attribute name="TEXT" value="6" />
    <attribute name="LINKS" value="3" />
    <attribute name="KEYWORDS" value="3" />
  </edge>
  <edge from="BRAIN" to="REACT">
    <attribute name="TEXT" value="6" />
    <attribute name="LINKS" value="3" />
    <attribute name="KEYWORDS" value="3" />
  </edge>
  <edge from="BRAIN" to="REGION">
    <attribute name="TEXT" value="1" />
  </edge>
  <edge from="BRAIN" to="SCANS">
    <attribute name="TEXT" value="1" />
  </edge>
  <edge from="BROADER" to="TREATMENT">
    <attribute name="TEXT" value="1" />
  </edge>
  <edge from="CALLED" to="FUNCTIONAL">
    <attribute name="TEXT" value="1" />
  </edge>
  <edge from="CHOICE" to="TAKES">
    <attribute name="TEXT" value="1" />
  </edge>
  <edge from="CIRCUITRY" to="IMPLICATED">
    <attribute name="TEXT" value="1" />
  </edge>
  <edge from="COCAINE" to="ABUSE">
    <attribute name="TEXT" value="1" />
  </edge>
  <edge from="COCAINE" to="ADDICTS">
    <attribute name="TEXT" value="2" />
  </edge>
  <edge from="COCAINE" to="EFFECT">
    <attribute name="TEXT" value="2" />
  </edge>
  <edge from="COCAINE" to="STIMULATED">
    <attribute name="TEXT" value="1" />
  </edge>
  <edge from="CONSCIOUS" to="THOUGHT">
    <attribute name="TEXT" value="1" />
  </edge>
  <edge from="CONTINUE" to="HIGH">
    <attribute name="TEXT" value="1" />
  </edge>
  <edge from="CRAVING" to="EXPERIENCE">
    <attribute name="TEXT" value="1" />
  </edge>
  <edge from="CRAVING" to="PHASE">
    <attribute name="TEXT" value="1" />
  </edge>
  <edge from="DEPRESSED" to="ACTIVITY">
    <attribute name="TEXT" value="1" />
  </edge>
  <edge from="DIABETES" to="TREATMENT">
    <attribute name="TEXT" value="2" />
    <attribute name="LINKS" value="2" />
  </edge>
  <edge from="DIABETES" to="TREATMENT">
    <attribute name="TEXT" value="2" />
    <attribute name="LINKS" value="2" />
  </edge>
  <edge from="DRUG" to="ABUSE">
    <attribute name="TEXT" value="1" />
  </edge>
  <edge from="DRUG" to="ACTIVATE">
    <attribute name="TEXT" value="1" />
  </edge>
  <edge from="EARLIER" to="RELATED">
    <attribute name="TEXT" value="1" />
  </edge>
  <edge from="EXPERIENCE" to="CRAVING">
    <attribute name="TEXT" value="1" />
  </edge>
  <edge from="EXQUISITE" to="DETAILS">
    <attribute name="TEXT" value="1" />
  </edge>
  <edge from="FINE" to="DETAILS">
    <attribute name="TEXT" value="1" />
  </edge>
  <edge from="FRIDAY" to="SEPTEMBER">
    <attribute name="TEXT" value="1" />
  </edge>
  <edge from="FUNCTIONAL" to="MAGNETIC">
    <attribute name="TEXT" value="1" />
  </edge>
  <edge from="GENERAL" to="HOSPITAL">
    <attribute name="TEXT" value="1" />
  </edge>
  <edge from="GOVERNING" to="CONSCIOUS">
    <attribute name="TEXT" value="1" />
  </edge>
  <edge from="HANS" to="BREITER">
    <attribute name="TEXT" value="1" />
  </edge>
  <edge from="HARVARD" to="MEDICAL">
    <attribute name="TEXT" value="1" />
  </edge>
  <edge from="HEALTH" to="STORIES">
    <attribute name="TEXT" value="1" />
  </edge>
  <edge from="HEART" to="RISK">
    <attribute name="TEXT" value="2" />
    <attribute name="LINKS" value="2" />
  </edge>
  <edge from="HEART" to="RISK">
    <attribute name="TEXT" value="2" />
    <attribute name="LINKS" value="2" />
  </edge>
  <edge from="HIGH" to="EXPERIENCE">
    <attribute name="TEXT" value="1" />
  </edge>
  <edge from="HIGH" to="LEVELS">
    <attribute name="TEXT" value="1" />
  </edge>
  <edge from="HIKE" to="SMOKERS">
    <attribute name="TEXT" value="8" />
    <attribute name="LINKS" value="8" />
  </edge>
  <edge from="HIKE" to="SMOKERS">
    <attribute name="TEXT" value="8" />
    <attribute name="LINKS" value="8" />
  </edge>
  <edge from="IMAGE" to="TECHNIQUE">
    <attribute name="TEXT" value="1" />
  </edge>
  <edge from="INDIVIDUALS" to="ASPECTS">
    <attribute name="TEXT" value="1" />
  </edge>
  <edge from="JOURNAL" to="NEURONS">
    <attribute name="TEXT" value="1" />
  </edge>
  <edge from="LEAD" to="AUTHOR">
    <attribute name="TEXT" value="1" />
  </edge>
  <edge from="LIMBIC" to="SYSTEM">
    <attribute name="TEXT" value="1" />
  </edge>
  <edge from="MAGNETIC" to="RESONANCE">
    <attribute name="TEXT" value="1" />
  </edge>
  <edge from="MASSACHUSETTS" to="GENERAL">
    <attribute name="TEXT" value="1" />
  </edge>
  <edge from="MEDICAL" to="SCHOOL">
    <attribute name="TEXT" value="1" />
  </edge>
  <edge from="MOTIVATION" to="LEAD">
    <attribute name="TEXT" value="1" />
  </edge>
  <edge from="NATIONAL" to="INSTITUTE">
    <attribute name="TEXT" value="1" />
  </edge>
  <edge from="NUCLEUS" to="ACCUMBENS">
    <attribute name="TEXT" value="1" />
  </edge>
  <edge from="OUTERMOST" to="PORTION">
    <attribute name="TEXT" value="1" />
  </edge>
  <edge from="PHASE" to="SUGGESTS">
    <attribute name="TEXT" value="1" />
  </edge>
  <edge from="PLAY" to="ROLE">
    <attribute name="TEXT" value="1" />
  </edge>
  <edge from="PLEASURABLE" to="RUSH">
    <attribute name="TEXT" value="1" />
  </edge>
  <edge from="PM" to="EDT">
    <attribute name="TEXT" value="1" />
  </edge>
  <edge from="REGION" to="LONG">
    <attribute name="TEXT" value="1" />
  </edge>
  <edge from="RELATED" to="STORIES">
    <attribute name="TEXT" value="1" />
  </edge>
  <edge from="REMAINED" to="ACTIVATED">
    <attribute name="TEXT" value="1" />
  </edge>
  <edge from="RESEARCHERS" to="HOPE">
    <attribute name="TEXT" value="1" />
  </edge>
  <edge from="RESONANCE" to="IMAGE">
    <attribute name="TEXT" value="1" />
  </edge>
  <edge from="REUTERS" to="LIMITED">
    <attribute name="TEXT" value="1" />
  </edge>
  <edge from="REVEAL" to="BRAIN">
    <attribute name="TEXT" value="2" />
    <attribute name="LINKS" value="1" />
    <attribute name="KEYWORDS" value="1" />
  </edge>
  <edge from="REVEAL" to="BRAIN">
    <attribute name="TEXT" value="2" />
    <attribute name="LINKS" value="1" />
    <attribute name="KEYWORDS" value="1" />
  </edge>
  <edge from="REVEAL" to="BRAIN">
    <attribute name="TEXT" value="2" />
    <attribute name="LINKS" value="1" />
    <attribute name="KEYWORDS" value="1" />
  </edge>
  <edge from="RUSH" to="EUPHORIA">
    <attribute name="TEXT" value="1" />
  </edge>
  <edge from="RUSH" to="HIGH">
    <attribute name="TEXT" value="1" />
  </edge>
  <edge from="RUSH" to="VERSUS">
    <attribute name="TEXT" value="1" />
  </edge>
  <edge from="SALINE" to="STIMULATED">
    <attribute name="TEXT" value="1" />
  </edge>
  <edge from="SALT" to="SOLUTION">
    <attribute name="TEXT" value="1" />
  </edge>
  <edge from="SCANS" to="REVEAL">
    <attribute name="TEXT" value="2" />
    <attribute name="LINKS" value="1" />
    <attribute name="KEYWORDS" value="1" />
  </edge>
  <edge from="SCANS" to="REVEAL">
    <attribute name="TEXT" value="2" />
    <attribute name="LINKS" value="1" />
    <attribute name="KEYWORDS" value="1" />
  </edge>
  <edge from="SCANS" to="REVEAL">
    <attribute name="TEXT" value="2" />
    <attribute name="LINKS" value="1" />
    <attribute name="KEYWORDS" value="1" />
  </edge>
  <edge from="SHORT-LIVED" to="INCREASE">
    <attribute name="TEXT" value="1" />
  </edge>
  <edge from="SMOKERS" to="HEART">
    <attribute name="TEXT" value="4" />
    <attribute name="LINKS" value="4" />
  </edge>
  <edge from="SMOKERS" to="HEART">
    <attribute name="TEXT" value="4" />
    <attribute name="LINKS" value="4" />
  </edge>
  <edge from="SPECIFIC" to="BRAIN">
    <attribute name="TEXT" value="1" />
  </edge>
  <edge from="STATEMENT" to="RELEASED">
    <attribute name="TEXT" value="2" />
  </edge>
  <edge from="STORIES" to="BRAIN">
    <attribute name="TEXT" value="1" />
  </edge>
  <edge from="STUDIES" to="LAY">
    <attribute name="TEXT" value="1" />
  </edge>
  <edge from="STUDY" to="BRAIN">
    <attribute name="TEXT" value="1" />
  </edge>
  <edge from="SURPRISE" to="FINDINGS">
    <attribute name="TEXT" value="1" />
  </edge>
  <edge from="TAKES" to="EFFECT">
    <attribute name="TEXT" value="1" />
  </edge>
  <edge from="TECHNIQUE" to="CALLED">
    <attribute name="TEXT" value="1" />
  </edge>
  <edge from="TEXT" to="HEADLINES">
    <attribute name="TEXT" value="1" />
  </edge>
  <edge from="THU" to="SEP">
    <attribute name="TEXT" value="1" />
  </edge>
  <edge from="UNDERSTAND" to="COCAINE">
    <attribute name="TEXT" value="1" />
  </edge>
  <edge from="WINTER" to="HIKE">
    <attribute name="TEXT" value="4" />
    <attribute name="LINKS" value="4" />
  </edge>
  <edge from="WINTER" to="HIKE">
    <attribute name="TEXT" value="4" />
    <attribute name="LINKS" value="4" />
  </edge>
</graph>
