<graph>
  <node id="ACCOUNT">
    <attribute name="FREQUENCY" value="1" />
  </node>
  <node id="ADD">
    <attribute name="FREQUENCY" value="2" />
  </node>
  <node id="AFFECT">
    <attribute name="FREQUENCY" value="2" />
  </node>
  <node id="AGE">
    <attribute name="FREQUENCY" value="7" />
  </node>
  <node id="AIDS">
    <attribute name="FREQUENCY" value="2" />
  </node>
  <node id="ALLERGIES">
    <attribute name="FREQUENCY" value="2" />
  </node>
  <node id="ALTERNATIVE">
    <attribute name="FREQUENCY" value="4" />
  </node>
  <node id="ALZHEIMER">
    <attribute name="FREQUENCY" value="2" />
  </node>
  <node id="AMERICAN">
    <attribute name="FREQUENCY" value="3" />
  </node>
  <node id="APPLICATIONS">
    <attribute name="FREQUENCY" value="1" />
  </node>
  <node id="ARTHRITIS">
    <attribute name="FREQUENCY" value="2" />
  </node>
  <node id="ASTHMA">
    <attribute name="FREQUENCY" value="2" />
  </node>
  <node id="ATTAIN">
    <attribute name="FREQUENCY" value="1" />
  </node>
  <node id="AUGUST">
    <attribute name="FREQUENCY" value="2" />
  </node>
  <node id="AUTHOR">
    <attribute name="FREQUENCY" value="1" />
  </node>
  <node id="BEGAN">
    <attribute name="FREQUENCY" value="2" />
  </node>
  <node id="BEGIN">
    <attribute name="FREQUENCY" value="1" />
  </node>
  <node id="BENEFIT">
    <attribute name="FREQUENCY" value="4" />
  </node>
  <node id="BIZ">
    <attribute name="FREQUENCY" value="4" />
  </node>
  <node id="BLOOD">
    <attribute name="FREQUENCY" value="2" />
  </node>
  <node id="BODY">
    <attribute name="FREQUENCY" value="1" />
  </node>
  <node id="BRAIN">
    <attribute name="FREQUENCY" value="2" />
  </node>
  <node id="BREAST">
    <attribute name="FREQUENCY" value="9" />
  </node>
  <node id="BRETHREN">
    <attribute name="FREQUENCY" value="1" />
  </node>
  <node id="CANCER">
    <attribute name="FREQUENCY" value="13" />
  </node>
  <node id="CARDIOLOGY">
    <attribute name="FREQUENCY" value="2" />
  </node>
  <node id="CARDIOVASCULAR">
    <attribute name="FREQUENCY" value="5" />
  </node>
  <node id="CENTER">
    <attribute name="FREQUENCY" value="1" />
  </node>
  <node id="CFC">
    <attribute name="FREQUENCY" value="4" />
  </node>
  <node id="CFS">
    <attribute name="FREQUENCY" value="2" />
  </node>
  <node id="CHOLESTEROL">
    <attribute name="FREQUENCY" value="1" />
  </node>
  <node id="CHRONIC">
    <attribute name="FREQUENCY" value="2" />
  </node>
  <node id="CLEAR">
    <attribute name="FREQUENCY" value="1" />
  </node>
  <node id="CLINICAL">
    <attribute name="FREQUENCY" value="1" />
  </node>
  <node id="COLOSTOMY">
    <attribute name="FREQUENCY" value="2" />
  </node>
  <node id="COMMENTS">
    <attribute name="FREQUENCY" value="2" />
  </node>
  <node id="COMPARED">
    <attribute name="FREQUENCY" value="5" />
  </node>
  <node id="CONCLUDED">
    <attribute name="FREQUENCY" value="2" />
  </node>
  <node id="CONTRACEPTION">
    <attribute name="FREQUENCY" value="2" />
  </node>
  <node id="DALE">
    <attribute name="FREQUENCY" value="3" />
  </node>
  <node id="DAMAGE">
    <attribute name="FREQUENCY" value="4" />
  </node>
  <node id="DECLINE">
    <attribute name="FREQUENCY" value="1" />
  </node>
  <node id="DEMONSTRATE">
    <attribute name="FREQUENCY" value="1" />
  </node>
  <node id="DEPRESSION">
    <attribute name="FREQUENCY" value="2" />
  </node>
  <node id="DEVELOP">
    <attribute name="FREQUENCY" value="1" />
  </node>
  <node id="DIABETES">
    <attribute name="FREQUENCY" value="2" />
  </node>
  <node id="DIAMETER">
    <attribute name="FREQUENCY" value="1" />
  </node>
  <node id="DIED">
    <attribute name="FREQUENCY" value="1" />
  </node>
  <node id="DIES">
    <attribute name="FREQUENCY" value="1" />
  </node>
  <node id="DISEASE">
    <attribute name="FREQUENCY" value="9" />
  </node>
  <node id="DISORDER">
    <attribute name="FREQUENCY" value="4" />
  </node>
  <node id="DYING">
    <attribute name="FREQUENCY" value="1" />
  </node>
  <node id="EARLIER">
    <attribute name="FREQUENCY" value="2" />
  </node>
  <node id="EDT">
    <attribute name="FREQUENCY" value="1" />
  </node>
  <node id="EMPHYSEMA">
    <attribute name="FREQUENCY" value="2" />
  </node>
  <node id="ENTERTAIN">
    <attribute name="FREQUENCY" value="4" />
  </node>
  <node id="EPIDEMIOLOGY">
    <attribute name="FREQUENCY" value="2" />
  </node>
  <node id="EPILEPSY">
    <attribute name="FREQUENCY" value="2" />
  </node>
  <node id="ESTROGEN">
    <attribute name="FREQUENCY" value="1" />
  </node>
  <node id="EXCEPTION">
    <attribute name="FREQUENCY" value="1" />
  </node>
  <node id="EXECUTIVE">
    <attribute name="FREQUENCY" value="1" />
  </node>
  <node id="EXPOSURE">
    <attribute name="FREQUENCY" value="2" />
  </node>
  <node id="FACTORS">
    <attribute name="FREQUENCY" value="6" />
  </node>
  <node id="FAILURE">
    <attribute name="FREQUENCY" value="2" />
  </node>
  <node id="FAMILY">
    <attribute name="FREQUENCY" value="4" />
  </node>
  <node id="FINDINGS">
    <attribute name="FREQUENCY" value="3" />
  </node>
  <node id="FINLAND">
    <attribute name="FREQUENCY" value="1" />
  </node>
  <node id="FITNESS">
    <attribute name="FREQUENCY" value="2" />
  </node>
  <node id="FOLLOW-UP">
    <attribute name="FREQUENCY" value="1" />
  </node>
  <node id="FRED">
    <attribute name="FREQUENCY" value="1" />
  </node>
  <node id="FRIDAY">
    <attribute name="FREQUENCY" value="1" />
  </node>
  <node id="FUNCTION">
    <attribute name="FREQUENCY" value="1" />
  </node>
  <node id="GIRL">
    <attribute name="FREQUENCY" value="2" />
  </node>
  <node id="GREATER">
    <attribute name="FREQUENCY" value="3" />
  </node>
  <node id="GROWTH">
    <attribute name="FREQUENCY" value="6" />
  </node>
  <node id="HEADLINES">
    <attribute name="FREQUENCY" value="1" />
  </node>
  <node id="HEALTH">
    <attribute name="FREQUENCY" value="10" />
  </node>
  <node id="HEART">
    <attribute name="FREQUENCY" value="6" />
  </node>
  <node id="HEIGHT">
    <attribute name="FREQUENCY" value="14" />
  </node>
  <node id="HELD">
    <attribute name="FREQUENCY" value="1" />
  </node>
  <node id="HELSINKI">
    <attribute name="FREQUENCY" value="1" />
  </node>
  <node id="HIGH">
    <attribute name="FREQUENCY" value="1" />
  </node>
  <node id="HORMONE">
    <attribute name="FREQUENCY" value="3" />
  </node>
  <node id="HTML">
    <attribute name="FREQUENCY" value="1" />
  </node>
  <node id="HUMAN">
    <attribute name="FREQUENCY" value="2" />
  </node>
  <node id="HUTCHINSON">
    <attribute name="FREQUENCY" value="1" />
  </node>
  <node id="HYPERTENSION">
    <attribute name="FREQUENCY" value="2" />
  </node>
  <node id="IBD">
    <attribute name="FREQUENCY" value="2" />
  </node>
  <node id="IMPOTENCE">
    <attribute name="FREQUENCY" value="2" />
  </node>
  <node id="INCH">
    <attribute name="FREQUENCY" value="1" />
  </node>
  <node id="INCONTINENCE">
    <attribute name="FREQUENCY" value="2" />
  </node>
  <node id="INCREASE">
    <attribute name="FREQUENCY" value="4" />
  </node>
  <node id="INDEPENDENT">
    <attribute name="FREQUENCY" value="1" />
  </node>
  <node id="INFERTILITY">
    <attribute name="FREQUENCY" value="2" />
  </node>
  <node id="INFLUENCE">
    <attribute name="FREQUENCY" value="1" />
  </node>
  <node id="INFO">
    <attribute name="FREQUENCY" value="2" />
  </node>
  <node id="INSULIN-LIKE">
    <attribute name="FREQUENCY" value="1" />
  </node>
  <node id="INVESTIGATORS">
    <attribute name="FREQUENCY" value="1" />
  </node>
  <node id="ISSUE">
    <attribute name="FREQUENCY" value="2" />
  </node>
  <node id="JANET">
    <attribute name="FREQUENCY" value="1" />
  </node>
  <node id="JOURNAL">
    <attribute name="FREQUENCY" value="3" />
  </node>
  <node id="LIFE">
    <attribute name="FREQUENCY" value="2" />
  </node>
  <node id="LIFETIME">
    <attribute name="FREQUENCY" value="1" />
  </node>
  <node id="LIMITED">
    <attribute name="FREQUENCY" value="1" />
  </node>
  <node id="LIVER">
    <attribute name="FREQUENCY" value="6" />
  </node>
  <node id="LONG">
    <attribute name="FREQUENCY" value="1" />
  </node>
  <node id="LONGER">
    <attribute name="FREQUENCY" value="1" />
  </node>
  <node id="LOWER">
    <attribute name="FREQUENCY" value="3" />
  </node>
  <node id="LUNG">
    <attribute name="FREQUENCY" value="1" />
  </node>
  <node id="MALE">
    <attribute name="FREQUENCY" value="1" />
  </node>
  <node id="MATTER">
    <attribute name="FREQUENCY" value="1" />
  </node>
  <node id="MAXIMUM">
    <attribute name="FREQUENCY" value="6" />
  </node>
  <node id="MEALS">
    <attribute name="FREQUENCY" value="4" />
  </node>
  <node id="MEANS">
    <attribute name="FREQUENCY" value="1" />
  </node>
  <node id="MELATONIN">
    <attribute name="FREQUENCY" value="2" />
  </node>
  <node id="MEN">
    <attribute name="FREQUENCY" value="9" />
  </node>
  <node id="MENOPAUSE">
    <attribute name="FREQUENCY" value="2" />
  </node>
  <node id="MENSTRUATING">
    <attribute name="FREQUENCY" value="1" />
  </node>
  <node id="MENSTRUATION">
    <attribute name="FREQUENCY" value="1" />
  </node>
  <node id="MIDDLE-AGED">
    <attribute name="FREQUENCY" value="1" />
  </node>
  <node id="MIGRAINE">
    <attribute name="FREQUENCY" value="2" />
  </node>
  <node id="MORTALITY">
    <attribute name="FREQUENCY" value="4" />
  </node>
  <node id="MULT">
    <attribute name="FREQUENCY" value="2" />
  </node>
  <node id="NEWS">
    <attribute name="FREQUENCY" value="4" />
  </node>
  <node id="OBESITY">
    <attribute name="FREQUENCY" value="2" />
  </node>
  <node id="OBSERVED">
    <attribute name="FREQUENCY" value="1" />
  </node>
  <node id="OFFER">
    <attribute name="FREQUENCY" value="1" />
  </node>
  <node id="OSTEOPOROSIS">
    <attribute name="FREQUENCY" value="2" />
  </node>
  <node id="PAIN">
    <attribute name="FREQUENCY" value="2" />
  </node>
  <node id="PARALYSIS">
    <attribute name="FREQUENCY" value="2" />
  </node>
  <node id="PARKINSON">
    <attribute name="FREQUENCY" value="2" />
  </node>
  <node id="PEERS">
    <attribute name="FREQUENCY" value="1" />
  </node>
  <node id="PERIOD">
    <attribute name="FREQUENCY" value="3" />
  </node>
  <node id="PETITE">
    <attribute name="FREQUENCY" value="1" />
  </node>
  <node id="PHYSICIANS">
    <attribute name="FREQUENCY" value="1" />
  </node>
  <node id="PM">
    <attribute name="FREQUENCY" value="1" />
  </node>
  <node id="POLITIC">
    <attribute name="FREQUENCY" value="4" />
  </node>
  <node id="POTENTIAL">
    <attribute name="FREQUENCY" value="1" />
  </node>
  <node id="PREDICT">
    <attribute name="FREQUENCY" value="1" />
  </node>
  <node id="PREGNANCY">
    <attribute name="FREQUENCY" value="2" />
  </node>
  <node id="PRESIDENT">
    <attribute name="FREQUENCY" value="1" />
  </node>
  <node id="PRESSURE">
    <attribute name="FREQUENCY" value="1" />
  </node>
  <node id="PRONE">
    <attribute name="FREQUENCY" value="1" />
  </node>
  <node id="PUBLISHED">
    <attribute name="FREQUENCY" value="1" />
  </node>
  <node id="PURSUED">
    <attribute name="FREQUENCY" value="1" />
  </node>
  <node id="QUESTIONS">
    <attribute name="FREQUENCY" value="2" />
  </node>
  <node id="RATE">
    <attribute name="FREQUENCY" value="2" />
  </node>
  <node id="REACHED">
    <attribute name="FREQUENCY" value="2" />
  </node>
  <node id="REDUCTION">
    <attribute name="FREQUENCY" value="1" />
  </node>
  <node id="RELATED">
    <attribute name="FREQUENCY" value="1" />
  </node>
  <node id="RELATIONS">
    <attribute name="FREQUENCY" value="1" />
  </node>
  <node id="RENAL">
    <attribute name="FREQUENCY" value="2" />
  </node>
  <node id="REPORT">
    <attribute name="FREQUENCY" value="2" />
  </node>
  <node id="REPORTED">
    <attribute name="FREQUENCY" value="1" />
  </node>
  <node id="RESEARCH">
    <attribute name="FREQUENCY" value="1" />
  </node>
  <node id="RESEARCHERS">
    <attribute name="FREQUENCY" value="2" />
  </node>
  <node id="REUTERS">
    <attribute name="FREQUENCY" value="2" />
  </node>
  <node id="RISK">
    <attribute name="FREQUENCY" value="16" />
  </node>
  <node id="SCLEROSIS">
    <attribute name="FREQUENCY" value="2" />
  </node>
  <node id="SCOREBOARD">
    <attribute name="FREQUENCY" value="4" />
  </node>
  <node id="SEATTLE">
    <attribute name="FREQUENCY" value="1" />
  </node>
  <node id="SENIOR">
    <attribute name="FREQUENCY" value="1" />
  </node>
  <node id="SEPTEMBER">
    <attribute name="FREQUENCY" value="1" />
  </node>
  <node id="SHORT">
    <attribute name="FREQUENCY" value="1" />
  </node>
  <node id="SHORTER">
    <attribute name="FREQUENCY" value="2" />
  </node>
  <node id="SHORTEST">
    <attribute name="FREQUENCY" value="1" />
  </node>
  <node id="SKIN">
    <attribute name="FREQUENCY" value="2" />
  </node>
  <node id="SLEEP">
    <attribute name="FREQUENCY" value="2" />
  </node>
  <node id="SMOKING">
    <attribute name="FREQUENCY" value="1" />
  </node>
  <node id="SOURCE">
    <attribute name="FREQUENCY" value="1" />
  </node>
  <node id="SPECULATED">
    <attribute name="FREQUENCY" value="1" />
  </node>
  <node id="SPORT">
    <attribute name="FREQUENCY" value="4" />
  </node>
  <node id="SPURT">
    <attribute name="FREQUENCY" value="2" />
  </node>
  <node id="STD">
    <attribute name="FREQUENCY" value="2" />
  </node>
  <node id="STONE">
    <attribute name="FREQUENCY" value="2" />
  </node>
  <node id="STOP">
    <attribute name="FREQUENCY" value="1" />
  </node>
  <node id="STORIES">
    <attribute name="FREQUENCY" value="1" />
  </node>
  <node id="STORY">
    <attribute name="FREQUENCY" value="4" />
  </node>
  <node id="STRANDBERG">
    <attribute name="FREQUENCY" value="3" />
  </node>
  <node id="STRESS">
    <attribute name="FREQUENCY" value="2" />
  </node>
  <node id="STROKE">
    <attribute name="FREQUENCY" value="3" />
  </node>
  <node id="STUDY">
    <attribute name="FREQUENCY" value="2" />
  </node>
  <node id="SUGGESTS">
    <attribute name="FREQUENCY" value="1" />
  </node>
  <node id="SUPERMODEL">
    <attribute name="FREQUENCY" value="1" />
  </node>
  <node id="TAKING">
    <attribute name="FREQUENCY" value="1" />
  </node>
  <node id="TALLER">
    <attribute name="FREQUENCY" value="3" />
  </node>
  <node id="TALLEST">
    <attribute name="FREQUENCY" value="1" />
  </node>
  <node id="TAMKINS">
    <attribute name="FREQUENCY" value="1" />
  </node>
  <node id="TECH">
    <attribute name="FREQUENCY" value="4" />
  </node>
  <node id="TEEN">
    <attribute name="FREQUENCY" value="5" />
  </node>
  <node id="TEXT">
    <attribute name="FREQUENCY" value="1" />
  </node>
  <node id="THEORY">
    <attribute name="FREQUENCY" value="1" />
  </node>
  <node id="THERESA">
    <attribute name="FREQUENCY" value="1" />
  </node>
  <node id="TIMO">
    <attribute name="FREQUENCY" value="1" />
  </node>
  <node id="TOPICS">
    <attribute name="FREQUENCY" value="2" />
  </node>
  <node id="TOTAL">
    <attribute name="FREQUENCY" value="1" />
  </node>
  <node id="TRADITIONAL">
    <attribute name="FREQUENCY" value="1" />
  </node>
  <node id="TRANSLATION">
    <attribute name="FREQUENCY" value="1" />
  </node>
  <node id="TRAVEL">
    <attribute name="FREQUENCY" value="2" />
  </node>
  <node id="TREAT">
    <attribute name="FREQUENCY" value="1" />
  </node>
  <node id="TRUE">
    <attribute name="FREQUENCY" value="1" />
  </node>
  <node id="TUMOR">
    <attribute name="FREQUENCY" value="2" />
  </node>
  <node id="ULCERS">
    <attribute name="FREQUENCY" value="2" />
  </node>
  <node id="UNIVERSITY">
    <attribute name="FREQUENCY" value="1" />
  </node>
  <node id="URINARY">
    <attribute name="FREQUENCY" value="2" />
  </node>
  <node id="VERTICALLY-CHALLENGED">
    <attribute name="FREQUENCY" value="1" />
  </node>
  <node id="VESSEL">
    <attribute name="FREQUENCY" value="1" />
  </node>
  <node id="WEIGHT">
    <attribute name="FREQUENCY" value="1" />
  </node>
  <node id="WOMAN">
    <attribute name="FREQUENCY" value="4" />
  </node>
  <node id="WOMEN">
    <attribute name="FREQUENCY" value="8" />
  </node>
  <node id="WRITE">
    <attribute name="FREQUENCY" value="2" />
  </node>
  <node id="WROTE">
    <attribute name="FREQUENCY" value="2" />
  </node>
  <node id="YAHOO">
    <attribute name="FREQUENCY" value="4" />
  </node>
  <node id="YEAR">
    <attribute name="FREQUENCY" value="4" />
  </node>
  <node id="YORK">
    <attribute name="FREQUENCY" value="1" />
  </node>
  <node id="YOUNGER">
    <attribute name="FREQUENCY" value="1" />
  </node>
  <edge from="AFFECT" to="HEART">
    <attribute name="TEXT" value="2" />
    <attribute name="KEYWORDS" value="2" />
  </edge>
  <edge from="AFFECT" to="HEART">
    <attribute name="TEXT" value="2" />
    <attribute name="KEYWORDS" value="2" />
  </edge>
  <edge from="AGE" to="BODY">
    <attribute name="TEXT" value="1" />
  </edge>
  <edge from="AMERICAN" to="JOURNAL">
    <attribute name="TEXT" value="2" />
  </edge>
  <edge from="AMERICAN" to="PRESIDENT">
    <attribute name="TEXT" value="1" />
  </edge>
  <edge from="AUTHOR" to="CONCLUDED">
    <attribute name="TEXT" value="1" />
  </edge>
  <edge from="BEGAN" to="MENSTRUATING">
    <attribute name="TEXT" value="1" />
  </edge>
  <edge from="BLOOD" to="PRESSURE">
    <attribute name="TEXT" value="1" />
  </edge>
  <edge from="BLOOD" to="VESSEL">
    <attribute name="TEXT" value="1" />
  </edge>
  <edge from="BODY" to="WEIGHT">
    <attribute name="TEXT" value="1" />
  </edge>
  <edge from="BRAIN" to="TUMOR">
    <attribute name="TEXT" value="2" />
  </edge>
  <edge from="BREAST" to="CANCER">
    <attribute name="TEXT" value="8" />
    <attribute name="KEYWORDS" value="1" />
  </edge>
  <edge from="BREAST" to="CANCER">
    <attribute name="TEXT" value="8" />
    <attribute name="KEYWORDS" value="1" />
  </edge>
  <edge from="CANCER" to="COMPARED">
    <attribute name="TEXT" value="1" />
  </edge>
  <edge from="CANCER" to="RESEARCH">
    <attribute name="TEXT" value="1" />
  </edge>
  <edge from="CANCER" to="RISK">
    <attribute name="TEXT" value="3" />
    <attribute name="KEYWORDS" value="1" />
  </edge>
  <edge from="CANCER" to="RISK">
    <attribute name="TEXT" value="3" />
    <attribute name="KEYWORDS" value="1" />
  </edge>
  <edge from="CARDIOVASCULAR" to="DISEASE">
    <attribute name="TEXT" value="3" />
  </edge>
  <edge from="CARDIOVASCULAR" to="MORTALITY">
    <attribute name="TEXT" value="1" />
  </edge>
  <edge from="CARDIOVASCULAR" to="RISK">
    <attribute name="TEXT" value="1" />
  </edge>
  <edge from="CFC" to="ALTERNATIVE">
    <attribute name="TEXT" value="4" />
    <attribute name="LINKS" value="4" />
  </edge>
  <edge from="CFC" to="ALTERNATIVE">
    <attribute name="TEXT" value="4" />
    <attribute name="LINKS" value="4" />
  </edge>
  <edge from="CHRONIC" to="PAIN">
    <attribute name="TEXT" value="2" />
  </edge>
  <edge from="CLINICAL" to="APPLICATIONS">
    <attribute name="TEXT" value="1" />
  </edge>
  <edge from="CONCLUDED" to="STRANDBERG">
    <attribute name="TEXT" value="1" />
  </edge>
  <edge from="DALE" to="RESEARCHERS">
    <attribute name="TEXT" value="1" />
  </edge>
  <edge from="DALE" to="WROTE">
    <attribute name="TEXT" value="2" />
  </edge>
  <edge from="DEVELOP" to="BREAST">
    <attribute name="TEXT" value="1" />
  </edge>
  <edge from="DISEASE" to="RISK">
    <attribute name="TEXT" value="1" />
  </edge>
  <edge from="DISEASE" to="STRANDBERG">
    <attribute name="TEXT" value="1" />
  </edge>
  <edge from="EARLIER" to="AGE">
    <attribute name="TEXT" value="1" />
  </edge>
  <edge from="EARLIER" to="MENSTRUATION">
    <attribute name="TEXT" value="1" />
  </edge>
  <edge from="EPIDEMIOLOGY" to="SUGGESTS">
    <attribute name="TEXT" value="1" />
  </edge>
  <edge from="FACTORS" to="LONG">
    <attribute name="TEXT" value="1" />
  </edge>
  <edge from="FAMILY" to="MEALS">
    <attribute name="TEXT" value="2" />
    <attribute name="LINKS" value="2" />
  </edge>
  <edge from="FAMILY" to="MEALS">
    <attribute name="TEXT" value="2" />
    <attribute name="LINKS" value="2" />
  </edge>
  <edge from="FINDINGS" to="OFFER">
    <attribute name="TEXT" value="1" />
  </edge>
  <edge from="FOLLOW-UP" to="INDEPENDENT">
    <attribute name="TEXT" value="1" />
  </edge>
  <edge from="FRED" to="HUTCHINSON">
    <attribute name="TEXT" value="1" />
  </edge>
  <edge from="FRIDAY" to="AUGUST">
    <attribute name="TEXT" value="1" />
  </edge>
  <edge from="GIRL" to="GROWTH">
    <attribute name="TEXT" value="1" />
  </edge>
  <edge from="GREATER" to="BLOOD">
    <attribute name="TEXT" value="1" />
  </edge>
  <edge from="GREATER" to="LIFETIME">
    <attribute name="TEXT" value="1" />
  </edge>
  <edge from="GREATER" to="RISK">
    <attribute name="TEXT" value="1" />
  </edge>
  <edge from="GROWTH" to="DECLINE">
    <attribute name="TEXT" value="1" />
  </edge>
  <edge from="GROWTH" to="FACTORS">
    <attribute name="TEXT" value="1" />
  </edge>
  <edge from="GROWTH" to="HORMONE">
    <attribute name="TEXT" value="2" />
  </edge>
  <edge from="GROWTH" to="SPURT">
    <attribute name="TEXT" value="2" />
  </edge>
  <edge from="HEALTH" to="STORIES">
    <attribute name="TEXT" value="1" />
  </edge>
  <edge from="HEART" to="BREAST">
    <attribute name="TEXT" value="1" />
  </edge>
  <edge from="HEART" to="DISEASE">
    <attribute name="TEXT" value="4" />
  </edge>
  <edge from="HEIGHT" to="AFFECT">
    <attribute name="TEXT" value="2" />
    <attribute name="KEYWORDS" value="2" />
  </edge>
  <edge from="HEIGHT" to="AFFECT">
    <attribute name="TEXT" value="2" />
    <attribute name="KEYWORDS" value="2" />
  </edge>
  <edge from="HEIGHT" to="PREDICT">
    <attribute name="TEXT" value="1" />
  </edge>
  <edge from="HIGH" to="BLOOD">
    <attribute name="TEXT" value="1" />
  </edge>
  <edge from="HUMAN" to="GROWTH">
    <attribute name="TEXT" value="2" />
  </edge>
  <edge from="HUTCHINSON" to="CANCER">
    <attribute name="TEXT" value="1" />
  </edge>
  <edge from="INCREASE" to="WOMAN">
    <attribute name="TEXT" value="1" />
  </edge>
  <edge from="INSULIN-LIKE" to="GROWTH">
    <attribute name="TEXT" value="1" />
  </edge>
  <edge from="INVESTIGATORS" to="JANET">
    <attribute name="TEXT" value="1" />
  </edge>
  <edge from="JANET" to="DALE">
    <attribute name="TEXT" value="1" />
  </edge>
  <edge from="JOURNAL" to="EPIDEMIOLOGY">
    <attribute name="TEXT" value="1" />
  </edge>
  <edge from="LIFETIME" to="EXPOSURE">
    <attribute name="TEXT" value="1" />
  </edge>
  <edge from="LIVER" to="DAMAGE">
    <attribute name="TEXT" value="2" />
    <attribute name="LINKS" value="2" />
  </edge>
  <edge from="LIVER" to="DAMAGE">
    <attribute name="TEXT" value="2" />
    <attribute name="LINKS" value="2" />
  </edge>
  <edge from="LIVER" to="DISEASE">
    <attribute name="TEXT" value="2" />
  </edge>
  <edge from="LONGER" to="PERIOD">
    <attribute name="TEXT" value="1" />
  </edge>
  <edge from="LOWER" to="RISK">
    <attribute name="TEXT" value="3" />
  </edge>
  <edge from="LUNG" to="FUNCTION">
    <attribute name="TEXT" value="1" />
  </edge>
  <edge from="MALE" to="EXECUTIVE">
    <attribute name="TEXT" value="1" />
  </edge>
  <edge from="MAXIMUM" to="HEIGHT">
    <attribute name="TEXT" value="6" />
  </edge>
  <edge from="MEANS" to="GREATER">
    <attribute name="TEXT" value="1" />
  </edge>
  <edge from="MEN" to="HEALTH">
    <attribute name="TEXT" value="2" />
  </edge>
  <edge from="MENSTRUATING" to="FACTORS">
    <attribute name="TEXT" value="1" />
  </edge>
  <edge from="MENSTRUATION" to="MEANS">
    <attribute name="TEXT" value="1" />
  </edge>
  <edge from="MIDDLE-AGED" to="MALE">
    <attribute name="TEXT" value="1" />
  </edge>
  <edge from="MORTALITY" to="RATE">
    <attribute name="TEXT" value="1" />
  </edge>
  <edge from="MORTALITY" to="RISK">
    <attribute name="TEXT" value="1" />
  </edge>
  <edge from="PERIOD" to="COMPARED">
    <attribute name="TEXT" value="1" />
  </edge>
  <edge from="PETITE" to="WOMEN">
    <attribute name="TEXT" value="1" />
  </edge>
  <edge from="PM" to="EDT">
    <attribute name="TEXT" value="1" />
  </edge>
  <edge from="POTENTIAL" to="CLINICAL">
    <attribute name="TEXT" value="1" />
  </edge>
  <edge from="PREDICT" to="TOTAL">
    <attribute name="TEXT" value="1" />
  </edge>
  <edge from="PRESSURE" to="AGE">
    <attribute name="TEXT" value="1" />
  </edge>
  <edge from="RENAL" to="FAILURE">
    <attribute name="TEXT" value="2" />
  </edge>
  <edge from="REPORT" to="TALLER">
    <attribute name="TEXT" value="1" />
  </edge>
  <edge from="RESEARCH" to="CENTER">
    <attribute name="TEXT" value="1" />
  </edge>
  <edge from="REUTERS" to="LIMITED">
    <attribute name="TEXT" value="1" />
  </edge>
  <edge from="RISK" to="COMPARED">
    <attribute name="TEXT" value="1" />
  </edge>
  <edge from="RISK" to="FACTORS">
    <attribute name="TEXT" value="2" />
  </edge>
  <edge from="RISK" to="HELD">
    <attribute name="TEXT" value="1" />
  </edge>
  <edge from="SENIOR" to="INVESTIGATORS">
    <attribute name="TEXT" value="1" />
  </edge>
  <edge from="SEPTEMBER" to="ISSUE">
    <attribute name="TEXT" value="1" />
  </edge>
  <edge from="SHORT" to="GIRL">
    <attribute name="TEXT" value="1" />
  </edge>
  <edge from="SHORTER" to="BRETHREN">
    <attribute name="TEXT" value="1" />
  </edge>
  <edge from="SHORTER" to="MEN">
    <attribute name="TEXT" value="1" />
  </edge>
  <edge from="SHORTEST" to="MEN">
    <attribute name="TEXT" value="1" />
  </edge>
  <edge from="SKIN" to="DISORDER">
    <attribute name="TEXT" value="2" />
  </edge>
  <edge from="SLEEP" to="DISORDER">
    <attribute name="TEXT" value="2" />
  </edge>
  <edge from="SPURT" to="BEGIN">
    <attribute name="TEXT" value="1" />
  </edge>
  <edge from="STORIES" to="HEIGHT">
    <attribute name="TEXT" value="1" />
  </edge>
  <edge from="STRANDBERG" to="PHYSICIANS">
    <attribute name="TEXT" value="1" />
  </edge>
  <edge from="STRANDBERG" to="SPECULATED">
    <attribute name="TEXT" value="1" />
  </edge>
  <edge from="STROKE" to="COMPARED">
    <attribute name="TEXT" value="1" />
  </edge>
  <edge from="STUDY" to="PUBLISHED">
    <attribute name="TEXT" value="1" />
  </edge>
  <edge from="TALLER" to="MEN">
    <attribute name="TEXT" value="2" />
  </edge>
  <edge from="TALLER" to="WOMEN">
    <attribute name="TEXT" value="1" />
  </edge>
  <edge from="TALLEST" to="MEN">
    <attribute name="TEXT" value="1" />
  </edge>
  <edge from="TEEN" to="BENEFIT">
    <attribute name="TEXT" value="4" />
    <attribute name="LINKS" value="4" />
  </edge>
  <edge from="TEEN" to="BENEFIT">
    <attribute name="TEXT" value="4" />
    <attribute name="LINKS" value="4" />
  </edge>
  <edge from="TEXT" to="HEADLINES">
    <attribute name="TEXT" value="1" />
  </edge>
  <edge from="THEORY" to="EARLIER">
    <attribute name="TEXT" value="1" />
  </edge>
  <edge from="THERESA" to="TAMKINS">
    <attribute name="TEXT" value="1" />
  </edge>
  <edge from="TIMO" to="STRANDBERG">
    <attribute name="TEXT" value="1" />
  </edge>
  <edge from="TRADITIONAL" to="CARDIOVASCULAR">
    <attribute name="TEXT" value="1" />
  </edge>
  <edge from="TRAVEL" to="HEALTH">
    <attribute name="TEXT" value="2" />
  </edge>
  <edge from="TREAT" to="SHORT">
    <attribute name="TEXT" value="1" />
  </edge>
  <edge from="URINARY" to="STONE">
    <attribute name="TEXT" value="2" />
  </edge>
  <edge from="VESSEL" to="DIAMETER">
    <attribute name="TEXT" value="1" />
  </edge>
  <edge from="WEIGHT" to="SMOKING">
    <attribute name="TEXT" value="1" />
  </edge>
  <edge from="WOMAN" to="ATTAIN">
    <attribute name="TEXT" value="1" />
  </edge>
  <edge from="WOMAN" to="BEGAN">
    <attribute name="TEXT" value="1" />
  </edge>
  <edge from="WOMAN" to="RISK">
    <attribute name="TEXT" value="1" />
  </edge>
  <edge from="WOMEN" to="HEALTH">
    <attribute name="TEXT" value="2" />
  </edge>
  <edge from="YEAR" to="FOLLOW-UP">
    <attribute name="TEXT" value="1" />
  </edge>
  <edge from="YEAR" to="PERIOD">
    <attribute name="TEXT" value="1" />
  </edge>
</graph>
