<graph>
  <node id="ABLE">
    <attribute name="FREQUENCY" value="1" />
  </node>
  <node id="ABNORMAL">
    <attribute name="FREQUENCY" value="3" />
  </node>
  <node id="ABSENCE">
    <attribute name="FREQUENCY" value="1" />
  </node>
  <node id="ACTION">
    <attribute name="FREQUENCY" value="1" />
  </node>
  <node id="ADMINISTRATION">
    <attribute name="FREQUENCY" value="1" />
  </node>
  <node id="AGENT">
    <attribute name="FREQUENCY" value="5" />
  </node>
  <node id="AIDS">
    <attribute name="FREQUENCY" value="4" />
  </node>
  <node id="ALZHEIMER">
    <attribute name="FREQUENCY" value="3" />
  </node>
  <node id="AM">
    <attribute name="FREQUENCY" value="1" />
  </node>
  <node id="AMERICAN">
    <attribute name="FREQUENCY" value="1" />
  </node>
  <node id="AMPLE">
    <attribute name="FREQUENCY" value="1" />
  </node>
  <node id="ANALOGY">
    <attribute name="FREQUENCY" value="1" />
  </node>
  <node id="ANIMALS">
    <attribute name="FREQUENCY" value="4" />
  </node>
  <node id="ANNOUNCED">
    <attribute name="FREQUENCY" value="1" />
  </node>
  <node id="ARTICLE">
    <attribute name="FREQUENCY" value="1" />
  </node>
  <node id="ASKED">
    <attribute name="FREQUENCY" value="1" />
  </node>
  <node id="ASSEMBLY">
    <attribute name="FREQUENCY" value="2" />
  </node>
  <node id="ATTENTION">
    <attribute name="FREQUENCY" value="1" />
  </node>
  <node id="AWARDED">
    <attribute name="FREQUENCY" value="1" />
  </node>
  <node id="BABIES">
    <attribute name="FREQUENCY" value="4" />
  </node>
  <node id="BACTERIA">
    <attribute name="FREQUENCY" value="1" />
  </node>
  <node id="BASIS">
    <attribute name="FREQUENCY" value="2" />
  </node>
  <node id="BEGAN">
    <attribute name="FREQUENCY" value="1" />
  </node>
  <node id="BETHESDA">
    <attribute name="FREQUENCY" value="1" />
  </node>
  <node id="BIOCHEMISTRY">
    <attribute name="FREQUENCY" value="1" />
  </node>
  <node id="BIOLOGICAL">
    <attribute name="FREQUENCY" value="1" />
  </node>
  <node id="BIOLOGIST">
    <attribute name="FREQUENCY" value="1" />
  </node>
  <node id="BIZ">
    <attribute name="FREQUENCY" value="4" />
  </node>
  <node id="BLOOD">
    <attribute name="FREQUENCY" value="1" />
  </node>
  <node id="BORN">
    <attribute name="FREQUENCY" value="1" />
  </node>
  <node id="BOVINE">
    <attribute name="FREQUENCY" value="1" />
  </node>
  <node id="BRAIN">
    <attribute name="FREQUENCY" value="9" />
  </node>
  <node id="CALIFORNIA">
    <attribute name="FREQUENCY" value="1" />
  </node>
  <node id="CAUSED">
    <attribute name="FREQUENCY" value="2" />
  </node>
  <node id="CELLS">
    <attribute name="FREQUENCY" value="3" />
  </node>
  <node id="CHANGE">
    <attribute name="FREQUENCY" value="1" />
  </node>
  <node id="CHOSE">
    <attribute name="FREQUENCY" value="1" />
  </node>
  <node id="CLINTON">
    <attribute name="FREQUENCY" value="4" />
  </node>
  <node id="CODED">
    <attribute name="FREQUENCY" value="1" />
  </node>
  <node id="COLLEAGUES">
    <attribute name="FREQUENCY" value="1" />
  </node>
  <node id="COMMENTS">
    <attribute name="FREQUENCY" value="2" />
  </node>
  <node id="COMMITTEE">
    <attribute name="FREQUENCY" value="3" />
  </node>
  <node id="COMMUNITY">
    <attribute name="FREQUENCY" value="1" />
  </node>
  <node id="COMPARED">
    <attribute name="FREQUENCY" value="1" />
  </node>
  <node id="CONCLUDE">
    <attribute name="FREQUENCY" value="1" />
  </node>
  <node id="CONCLUDED">
    <attribute name="FREQUENCY" value="1" />
  </node>
  <node id="CONFORMATION">
    <attribute name="FREQUENCY" value="1" />
  </node>
  <node id="CONFORMATIONAL">
    <attribute name="FREQUENCY" value="1" />
  </node>
  <node id="CONSIDER">
    <attribute name="FREQUENCY" value="1" />
  </node>
  <node id="CONVERSION">
    <attribute name="FREQUENCY" value="1" />
  </node>
  <node id="CORKSCREW">
    <attribute name="FREQUENCY" value="1" />
  </node>
  <node id="COW">
    <attribute name="FREQUENCY" value="3" />
  </node>
  <node id="CREUTZFELDT-JAKOB">
    <attribute name="FREQUENCY" value="3" />
  </node>
  <node id="DANGEROUS">
    <attribute name="FREQUENCY" value="1" />
  </node>
  <node id="DAY-TO-DAY">
    <attribute name="FREQUENCY" value="1" />
  </node>
  <node id="DE">
    <attribute name="FREQUENCY" value="1" />
  </node>
  <node id="DECADES">
    <attribute name="FREQUENCY" value="1" />
  </node>
  <node id="DEGENERATIVE">
    <attribute name="FREQUENCY" value="2" />
  </node>
  <node id="DEGREE">
    <attribute name="FREQUENCY" value="1" />
  </node>
  <node id="DEMENTIA">
    <attribute name="FREQUENCY" value="1" />
  </node>
  <node id="DEMENTIA-RELATED">
    <attribute name="FREQUENCY" value="1" />
  </node>
  <node id="DEPOSITS">
    <attribute name="FREQUENCY" value="1" />
  </node>
  <node id="DERIVED">
    <attribute name="FREQUENCY" value="1" />
  </node>
  <node id="DEVASTATING">
    <attribute name="FREQUENCY" value="1" />
  </node>
  <node id="DEVELOPMENT">
    <attribute name="FREQUENCY" value="3" />
  </node>
  <node id="DIED">
    <attribute name="FREQUENCY" value="1" />
  </node>
  <node id="DISCOVERY">
    <attribute name="FREQUENCY" value="3" />
  </node>
  <node id="DISEASE">
    <attribute name="FREQUENCY" value="22" />
  </node>
  <node id="DISEASE-CAUSING">
    <attribute name="FREQUENCY" value="3" />
  </node>
  <node id="DISEASED">
    <attribute name="FREQUENCY" value="2" />
  </node>
  <node id="DISORDER">
    <attribute name="FREQUENCY" value="1" />
  </node>
  <node id="DNA">
    <attribute name="FREQUENCY" value="1" />
  </node>
  <node id="DOMESTIC">
    <attribute name="FREQUENCY" value="1" />
  </node>
  <node id="DRUG">
    <attribute name="FREQUENCY" value="2" />
  </node>
  <node id="DURA">
    <attribute name="FREQUENCY" value="1" />
  </node>
  <node id="EDT">
    <attribute name="FREQUENCY" value="1" />
  </node>
  <node id="ELUCIDATION">
    <attribute name="FREQUENCY" value="1" />
  </node>
  <node id="ENCEPHALITIS">
    <attribute name="FREQUENCY" value="1" />
  </node>
  <node id="ENCEPHALOPATHY">
    <attribute name="FREQUENCY" value="1" />
  </node>
  <node id="ENGINEERING">
    <attribute name="FREQUENCY" value="1" />
  </node>
  <node id="ENTERTAIN">
    <attribute name="FREQUENCY" value="4" />
  </node>
  <node id="ENTITY">
    <attribute name="FREQUENCY" value="1" />
  </node>
  <node id="ESTABLISH">
    <attribute name="FREQUENCY" value="1" />
  </node>
  <node id="ESTABLISHED">
    <attribute name="FREQUENCY" value="1" />
  </node>
  <node id="EUROPE">
    <attribute name="FREQUENCY" value="1" />
  </node>
  <node id="EXPAND">
    <attribute name="FREQUENCY" value="1" />
  </node>
  <node id="EXPERTS">
    <attribute name="FREQUENCY" value="1" />
  </node>
  <node id="EXPOSED">
    <attribute name="FREQUENCY" value="1" />
  </node>
  <node id="EXTRACTS">
    <attribute name="FREQUENCY" value="1" />
  </node>
  <node id="FATAL">
    <attribute name="FREQUENCY" value="1" />
  </node>
  <node id="FERTILITY">
    <attribute name="FREQUENCY" value="4" />
  </node>
  <node id="FLAT">
    <attribute name="FREQUENCY" value="1" />
  </node>
  <node id="FOOD">
    <attribute name="FREQUENCY" value="1" />
  </node>
  <node id="FORM">
    <attribute name="FREQUENCY" value="9" />
  </node>
  <node id="FORMATION">
    <attribute name="FREQUENCY" value="1" />
  </node>
  <node id="FOUNDATION">
    <attribute name="FREQUENCY" value="1" />
  </node>
  <node id="FRANCISCO">
    <attribute name="FREQUENCY" value="1" />
  </node>
  <node id="FRIDAY">
    <attribute name="FREQUENCY" value="1" />
  </node>
  <node id="FRIENDLY">
    <attribute name="FREQUENCY" value="1" />
  </node>
  <node id="FURNISH">
    <attribute name="FREQUENCY" value="1" />
  </node>
  <node id="GENE">
    <attribute name="FREQUENCY" value="5" />
  </node>
  <node id="GENETIC">
    <attribute name="FREQUENCY" value="2" />
  </node>
  <node id="GENRE">
    <attribute name="FREQUENCY" value="1" />
  </node>
  <node id="GRAFT">
    <attribute name="FREQUENCY" value="1" />
  </node>
  <node id="GREAT">
    <attribute name="FREQUENCY" value="1" />
  </node>
  <node id="GREETED">
    <attribute name="FREQUENCY" value="1" />
  </node>
  <node id="HAMSTER">
    <attribute name="FREQUENCY" value="1" />
  </node>
  <node id="HARMFUL">
    <attribute name="FREQUENCY" value="1" />
  </node>
  <node id="HEADLINES">
    <attribute name="FREQUENCY" value="1" />
  </node>
  <node id="HEALTH">
    <attribute name="FREQUENCY" value="4" />
  </node>
  <node id="HEALTHY">
    <attribute name="FREQUENCY" value="1" />
  </node>
  <node id="HEAR">
    <attribute name="FREQUENCY" value="5" />
  </node>
  <node id="HTML">
    <attribute name="FREQUENCY" value="1" />
  </node>
  <node id="HUMAN">
    <attribute name="FREQUENCY" value="5" />
  </node>
  <node id="HYDE">
    <attribute name="FREQUENCY" value="1" />
  </node>
  <node id="IMPORTANT">
    <attribute name="FREQUENCY" value="1" />
  </node>
  <node id="INCLUDING">
    <attribute name="FREQUENCY" value="2" />
  </node>
  <node id="INCUBATION">
    <attribute name="FREQUENCY" value="1" />
  </node>
  <node id="INDICATING">
    <attribute name="FREQUENCY" value="1" />
  </node>
  <node id="INDICATION">
    <attribute name="FREQUENCY" value="1" />
  </node>
  <node id="INFECTION">
    <attribute name="FREQUENCY" value="1" />
  </node>
  <node id="INFECTIOUS">
    <attribute name="FREQUENCY" value="5" />
  </node>
  <node id="INFO">
    <attribute name="FREQUENCY" value="2" />
  </node>
  <node id="INHERITED">
    <attribute name="FREQUENCY" value="1" />
  </node>
  <node id="INITIATE">
    <attribute name="FREQUENCY" value="1" />
  </node>
  <node id="INSERTED">
    <attribute name="FREQUENCY" value="1" />
  </node>
  <node id="INSIGHTS">
    <attribute name="FREQUENCY" value="1" />
  </node>
  <node id="INSTITUTE">
    <attribute name="FREQUENCY" value="3" />
  </node>
  <node id="IOWA">
    <attribute name="FREQUENCY" value="1" />
  </node>
  <node id="JEKYLL">
    <attribute name="FREQUENCY" value="1" />
  </node>
  <node id="JOKED">
    <attribute name="FREQUENCY" value="1" />
  </node>
  <node id="JOURNAL">
    <attribute name="FREQUENCY" value="1" />
  </node>
  <node id="KAROLINSKA">
    <attribute name="FREQUENCY" value="3" />
  </node>
  <node id="KURU">
    <attribute name="FREQUENCY" value="1" />
  </node>
  <node id="LACKED">
    <attribute name="FREQUENCY" value="2" />
  </node>
  <node id="LAUREATE">
    <attribute name="FREQUENCY" value="1" />
  </node>
  <node id="LEAD">
    <attribute name="FREQUENCY" value="1" />
  </node>
  <node id="LED">
    <attribute name="FREQUENCY" value="3" />
  </node>
  <node id="LIMITED">
    <attribute name="FREQUENCY" value="1" />
  </node>
  <node id="LINKED">
    <attribute name="FREQUENCY" value="4" />
  </node>
  <node id="LIST">
    <attribute name="FREQUENCY" value="1" />
  </node>
  <node id="LITERARY">
    <attribute name="FREQUENCY" value="1" />
  </node>
  <node id="LONG">
    <attribute name="FREQUENCY" value="1" />
  </node>
  <node id="MAD">
    <attribute name="FREQUENCY" value="3" />
  </node>
  <node id="MANIFESTATIONS">
    <attribute name="FREQUENCY" value="1" />
  </node>
  <node id="MATER">
    <attribute name="FREQUENCY" value="1" />
  </node>
  <node id="MATERIAL">
    <attribute name="FREQUENCY" value="1" />
  </node>
  <node id="MD">
    <attribute name="FREQUENCY" value="1" />
  </node>
  <node id="MEAT">
    <attribute name="FREQUENCY" value="2" />
  </node>
  <node id="MECHANISM">
    <attribute name="FREQUENCY" value="2" />
  </node>
  <node id="MEDICAL">
    <attribute name="FREQUENCY" value="1" />
  </node>
  <node id="MEDICINE">
    <attribute name="FREQUENCY" value="1" />
  </node>
  <node id="MEETING">
    <attribute name="FREQUENCY" value="1" />
  </node>
  <node id="MEMBERS">
    <attribute name="FREQUENCY" value="1" />
  </node>
  <node id="MICE">
    <attribute name="FREQUENCY" value="3" />
  </node>
  <node id="MILLION">
    <attribute name="FREQUENCY" value="1" />
  </node>
  <node id="MODE">
    <attribute name="FREQUENCY" value="2" />
  </node>
  <node id="MOINES">
    <attribute name="FREQUENCY" value="1" />
  </node>
  <node id="MONDAY">
    <attribute name="FREQUENCY" value="3" />
  </node>
  <node id="MONEY">
    <attribute name="FREQUENCY" value="1" />
  </node>
  <node id="MORNING">
    <attribute name="FREQUENCY" value="1" />
  </node>
  <node id="MYSTERY">
    <attribute name="FREQUENCY" value="1" />
  </node>
  <node id="NAMED">
    <attribute name="FREQUENCY" value="1" />
  </node>
  <node id="NEEDED">
    <attribute name="FREQUENCY" value="1" />
  </node>
  <node id="NEUROLOGY">
    <attribute name="FREQUENCY" value="1" />
  </node>
  <node id="NEWS">
    <attribute name="FREQUENCY" value="6" />
  </node>
  <node id="NOBEL">
    <attribute name="FREQUENCY" value="8" />
  </node>
  <node id="NON-PRION">
    <attribute name="FREQUENCY" value="1" />
  </node>
  <node id="NORMAL">
    <attribute name="FREQUENCY" value="4" />
  </node>
  <node id="NOTED">
    <attribute name="FREQUENCY" value="1" />
  </node>
  <node id="OCTOBER">
    <attribute name="FREQUENCY" value="1" />
  </node>
  <node id="OUTBREAK">
    <attribute name="FREQUENCY" value="1" />
  </node>
  <node id="PANEL">
    <attribute name="FREQUENCY" value="1" />
  </node>
  <node id="PARTICLES">
    <attribute name="FREQUENCY" value="2" />
  </node>
  <node id="PAST">
    <attribute name="FREQUENCY" value="1" />
  </node>
  <node id="PATHOGENESIS">
    <attribute name="FREQUENCY" value="1" />
  </node>
  <node id="PATHOGENS">
    <attribute name="FREQUENCY" value="1" />
  </node>
  <node id="PATIENTS">
    <attribute name="FREQUENCY" value="1" />
  </node>
  <node id="PAY">
    <attribute name="FREQUENCY" value="1" />
  </node>
  <node id="PENNSYLVANIA">
    <attribute name="FREQUENCY" value="1" />
  </node>
  <node id="PERIOD">
    <attribute name="FREQUENCY" value="1" />
  </node>
  <node id="PHRASE">
    <attribute name="FREQUENCY" value="1" />
  </node>
  <node id="PHYSIOLOGY">
    <attribute name="FREQUENCY" value="1" />
  </node>
  <node id="PIONEER">
    <attribute name="FREQUENCY" value="1" />
  </node>
  <node id="PLASMA">
    <attribute name="FREQUENCY" value="1" />
  </node>
  <node id="PM">
    <attribute name="FREQUENCY" value="1" />
  </node>
  <node id="POLITIC">
    <attribute name="FREQUENCY" value="4" />
  </node>
  <node id="PREPARATIONS">
    <attribute name="FREQUENCY" value="2" />
  </node>
  <node id="PREVENT">
    <attribute name="FREQUENCY" value="2" />
  </node>
  <node id="PRINCIPLES">
    <attribute name="FREQUENCY" value="1" />
  </node>
  <node id="PRION">
    <attribute name="FREQUENCY" value="23" />
  </node>
  <node id="PRIZE">
    <attribute name="FREQUENCY" value="5" />
  </node>
  <node id="PROCESSED">
    <attribute name="FREQUENCY" value="1" />
  </node>
  <node id="PRODUCE">
    <attribute name="FREQUENCY" value="1" />
  </node>
  <node id="PRODUCTS">
    <attribute name="FREQUENCY" value="2" />
  </node>
  <node id="PROFESSOR">
    <attribute name="FREQUENCY" value="1" />
  </node>
  <node id="PROPAGATION">
    <attribute name="FREQUENCY" value="1" />
  </node>
  <node id="PROPERTIES">
    <attribute name="FREQUENCY" value="1" />
  </node>
  <node id="PROTEIN">
    <attribute name="FREQUENCY" value="8" />
  </node>
  <node id="PROTEINACEOUS">
    <attribute name="FREQUENCY" value="1" />
  </node>
  <node id="PRP">
    <attribute name="FREQUENCY" value="7" />
  </node>
  <node id="PRUSINER">
    <attribute name="FREQUENCY" value="12" />
  </node>
  <node id="PUBLISHED">
    <attribute name="FREQUENCY" value="1" />
  </node>
  <node id="QUESTIONS">
    <attribute name="FREQUENCY" value="2" />
  </node>
  <node id="RANGE">
    <attribute name="FREQUENCY" value="1" />
  </node>
  <node id="RE-EXAMINATION">
    <attribute name="FREQUENCY" value="1" />
  </node>
  <node id="RECEIVED">
    <attribute name="FREQUENCY" value="1" />
  </node>
  <node id="REMAIN">
    <attribute name="FREQUENCY" value="1" />
  </node>
  <node id="REMAINED">
    <attribute name="FREQUENCY" value="1" />
  </node>
  <node id="REPLICATE">
    <attribute name="FREQUENCY" value="1" />
  </node>
  <node id="RESEARCH">
    <attribute name="FREQUENCY" value="2" />
  </node>
  <node id="RESEARCHERS">
    <attribute name="FREQUENCY" value="4" />
  </node>
  <node id="RESEMBLING">
    <attribute name="FREQUENCY" value="1" />
  </node>
  <node id="RESPONSIBLE">
    <attribute name="FREQUENCY" value="1" />
  </node>
  <node id="REUTERS">
    <attribute name="FREQUENCY" value="2" />
  </node>
  <node id="RISK">
    <attribute name="FREQUENCY" value="1" />
  </node>
  <node id="RNA">
    <attribute name="FREQUENCY" value="1" />
  </node>
  <node id="ROLE">
    <attribute name="FREQUENCY" value="2" />
  </node>
  <node id="SAN">
    <attribute name="FREQUENCY" value="1" />
  </node>
  <node id="SCIENCE">
    <attribute name="FREQUENCY" value="1" />
  </node>
  <node id="SCIENTIFIC">
    <attribute name="FREQUENCY" value="1" />
  </node>
  <node id="SCOREBOARD">
    <attribute name="FREQUENCY" value="4" />
  </node>
  <node id="SCRAPIE">
    <attribute name="FREQUENCY" value="2" />
  </node>
  <node id="SHAPE">
    <attribute name="FREQUENCY" value="1" />
  </node>
  <node id="SHEEP">
    <attribute name="FREQUENCY" value="2" />
  </node>
  <node id="SHEET">
    <attribute name="FREQUENCY" value="1" />
  </node>
  <node id="SINGLE">
    <attribute name="FREQUENCY" value="2" />
  </node>
  <node id="SKEPTICISM">
    <attribute name="FREQUENCY" value="1" />
  </node>
  <node id="SMALL">
    <attribute name="FREQUENCY" value="4" />
  </node>
  <node id="SPONGIFORM">
    <attribute name="FREQUENCY" value="2" />
  </node>
  <node id="SPORT">
    <attribute name="FREQUENCY" value="4" />
  </node>
  <node id="STABLE">
    <attribute name="FREQUENCY" value="1" />
  </node>
  <node id="STANLEY">
    <attribute name="FREQUENCY" value="2" />
  </node>
  <node id="STATEMENT">
    <attribute name="FREQUENCY" value="3" />
  </node>
  <node id="STOCKHOLM">
    <attribute name="FREQUENCY" value="1" />
  </node>
  <node id="STORIES">
    <attribute name="FREQUENCY" value="1" />
  </node>
  <node id="STORY">
    <attribute name="FREQUENCY" value="4" />
  </node>
  <node id="STRATEGIES">
    <attribute name="FREQUENCY" value="1" />
  </node>
  <node id="SUGGESTED">
    <attribute name="FREQUENCY" value="2" />
  </node>
  <node id="SUGGESTS">
    <attribute name="FREQUENCY" value="1" />
  </node>
  <node id="SUPPORT">
    <attribute name="FREQUENCY" value="1" />
  </node>
  <node id="SURFACE">
    <attribute name="FREQUENCY" value="1" />
  </node>
  <node id="SUSCEPTIBLE">
    <attribute name="FREQUENCY" value="2" />
  </node>
  <node id="TAX">
    <attribute name="FREQUENCY" value="1" />
  </node>
  <node id="TEAM">
    <attribute name="FREQUENCY" value="1" />
  </node>
  <node id="TECH">
    <attribute name="FREQUENCY" value="4" />
  </node>
  <node id="TESTED">
    <attribute name="FREQUENCY" value="1" />
  </node>
  <node id="TEXT">
    <attribute name="FREQUENCY" value="1" />
  </node>
  <node id="THEORETICAL">
    <attribute name="FREQUENCY" value="1" />
  </node>
  <node id="THEORY">
    <attribute name="FREQUENCY" value="1" />
  </node>
  <node id="THERAPY">
    <attribute name="FREQUENCY" value="4" />
  </node>
  <node id="THOUGHT">
    <attribute name="FREQUENCY" value="2" />
  </node>
  <node id="TRANSFORMATION">
    <attribute name="FREQUENCY" value="1" />
  </node>
  <node id="TRANSMISSIBLE">
    <attribute name="FREQUENCY" value="1" />
  </node>
  <node id="TRANSMISSION">
    <attribute name="FREQUENCY" value="1" />
  </node>
  <node id="TRANSMITTED">
    <attribute name="FREQUENCY" value="2" />
  </node>
  <node id="TREATMENT">
    <attribute name="FREQUENCY" value="2" />
  </node>
  <node id="TYPE">
    <attribute name="FREQUENCY" value="4" />
  </node>
  <node id="UNDERGO">
    <attribute name="FREQUENCY" value="1" />
  </node>
  <node id="UNDERLYING">
    <attribute name="FREQUENCY" value="2" />
  </node>
  <node id="UNDERSTAND">
    <attribute name="FREQUENCY" value="2" />
  </node>
  <node id="UNIVERSITY">
    <attribute name="FREQUENCY" value="2" />
  </node>
  <node id="UNPRECEDENTED">
    <attribute name="FREQUENCY" value="1" />
  </node>
  <node id="URGENTLY">
    <attribute name="FREQUENCY" value="1" />
  </node>
  <node id="VIROLOGY">
    <attribute name="FREQUENCY" value="1" />
  </node>
  <node id="VIRUS">
    <attribute name="FREQUENCY" value="1" />
  </node>
  <node id="VITAL">
    <attribute name="FREQUENCY" value="1" />
  </node>
  <node id="WAYS">
    <attribute name="FREQUENCY" value="1" />
  </node>
  <node id="WEARING">
    <attribute name="FREQUENCY" value="4" />
  </node>
  <node id="WELL-KNOWN">
    <attribute name="FREQUENCY" value="1" />
  </node>
  <node id="WIN">
    <attribute name="FREQUENCY" value="2" />
  </node>
  <node id="WORK">
    <attribute name="FREQUENCY" value="5" />
  </node>
  <node id="WRITE">
    <attribute name="FREQUENCY" value="5" />
  </node>
  <node id="YAHOO">
    <attribute name="FREQUENCY" value="4" />
  </node>
  <node id="YEAR">
    <attribute name="FREQUENCY" value="3" />
  </node>
  <node id="YEAR-OLD">
    <attribute name="FREQUENCY" value="1" />
  </node>
  <node id="YORK">
    <attribute name="FREQUENCY" value="1" />
  </node>
  <edge from="ABNORMAL" to="FORM">
    <attribute name="TEXT" value="3" />
  </edge>
  <edge from="ADMINISTRATION" to="TRANSMISSIBLE">
    <attribute name="TEXT" value="1" />
  </edge>
  <edge from="AGENT" to="RESPONSIBLE">
    <attribute name="TEXT" value="1" />
  </edge>
  <edge from="ALZHEIMER" to="DISEASE">
    <attribute name="TEXT" value="3" />
  </edge>
  <edge from="AMERICAN" to="BIOLOGIST">
    <attribute name="TEXT" value="1" />
  </edge>
  <edge from="AMPLE" to="SUPPORT">
    <attribute name="TEXT" value="1" />
  </edge>
  <edge from="ANIMALS" to="CELLS">
    <attribute name="TEXT" value="1" />
  </edge>
  <edge from="ANIMALS" to="TESTED">
    <attribute name="TEXT" value="1" />
  </edge>
  <edge from="ANNOUNCED" to="MONDAY">
    <attribute name="TEXT" value="1" />
  </edge>
  <edge from="ASSEMBLY" to="ANNOUNCED">
    <attribute name="TEXT" value="1" />
  </edge>
  <edge from="BIOLOGICAL" to="MECHANISM">
    <attribute name="TEXT" value="1" />
  </edge>
  <edge from="BOVINE" to="SPONGIFORM">
    <attribute name="TEXT" value="1" />
  </edge>
  <edge from="BRAIN" to="CELLS">
    <attribute name="TEXT" value="1" />
  </edge>
  <edge from="BRAIN" to="DISEASE">
    <attribute name="TEXT" value="4" />
  </edge>
  <edge from="BRAIN" to="REMAIN">
    <attribute name="TEXT" value="1" />
  </edge>
  <edge from="CALIFORNIA" to="SAN">
    <attribute name="TEXT" value="1" />
  </edge>
  <edge from="CHOSE" to="PRUSINER">
    <attribute name="TEXT" value="1" />
  </edge>
  <edge from="COMMITTEE" to="CHOSE">
    <attribute name="TEXT" value="1" />
  </edge>
  <edge from="CONFORMATIONAL" to="CHANGE">
    <attribute name="TEXT" value="1" />
  </edge>
  <edge from="CONSIDER" to="PRION">
    <attribute name="TEXT" value="1" />
  </edge>
  <edge from="CORKSCREW" to="SHAPE">
    <attribute name="TEXT" value="1" />
  </edge>
  <edge from="CREUTZFELDT-JAKOB" to="DISEASE">
    <attribute name="TEXT" value="3" />
  </edge>
  <edge from="DAY-TO-DAY" to="ROLE">
    <attribute name="TEXT" value="1" />
  </edge>
  <edge from="DE" to="MOINES">
    <attribute name="TEXT" value="1" />
  </edge>
  <edge from="DEGENERATIVE" to="BRAIN">
    <attribute name="TEXT" value="2" />
  </edge>
  <edge from="DEMENTIA" to="THOUGHT">
    <attribute name="TEXT" value="1" />
  </edge>
  <edge from="DEMENTIA-RELATED" to="DISEASE">
    <attribute name="TEXT" value="1" />
  </edge>
  <edge from="DEVASTATING" to="HUMAN">
    <attribute name="TEXT" value="1" />
  </edge>
  <edge from="DISEASE" to="CAUSED">
    <attribute name="TEXT" value="1" />
  </edge>
  <edge from="DISEASE" to="INCLUDING">
    <attribute name="TEXT" value="1" />
  </edge>
  <edge from="DISEASE" to="TRANSMISSION">
    <attribute name="TEXT" value="1" />
  </edge>
  <edge from="DISEASE" to="TYPE">
    <attribute name="TEXT" value="1" />
  </edge>
  <edge from="DISEASE-CAUSING" to="AGENT">
    <attribute name="TEXT" value="1" />
  </edge>
  <edge from="DISEASE-CAUSING" to="FORM">
    <attribute name="TEXT" value="1" />
  </edge>
  <edge from="DISEASED" to="ANIMALS">
    <attribute name="TEXT" value="1" />
  </edge>
  <edge from="DISEASED" to="HAMSTER">
    <attribute name="TEXT" value="1" />
  </edge>
  <edge from="DOMESTIC" to="ANIMALS">
    <attribute name="TEXT" value="1" />
  </edge>
  <edge from="DRUG" to="ADMINISTRATION">
    <attribute name="TEXT" value="1" />
  </edge>
  <edge from="DRUG" to="DEVELOPMENT">
    <attribute name="TEXT" value="1" />
  </edge>
  <edge from="DURA" to="MATER">
    <attribute name="TEXT" value="1" />
  </edge>
  <edge from="ENCEPHALOPATHY" to="PANEL">
    <attribute name="TEXT" value="1" />
  </edge>
  <edge from="ESTABLISH" to="FOUNDATION">
    <attribute name="TEXT" value="1" />
  </edge>
  <edge from="ESTABLISHED" to="THEORETICAL">
    <attribute name="TEXT" value="1" />
  </edge>
  <edge from="EXPAND" to="LIST">
    <attribute name="TEXT" value="1" />
  </edge>
  <edge from="FATAL" to="DISORDER">
    <attribute name="TEXT" value="1" />
  </edge>
  <edge from="FERTILITY" to="THERAPY">
    <attribute name="TEXT" value="2" />
    <attribute name="LINKS" value="2" />
  </edge>
  <edge from="FERTILITY" to="THERAPY">
    <attribute name="TEXT" value="2" />
    <attribute name="LINKS" value="2" />
  </edge>
  <edge from="FLAT" to="SHEET">
    <attribute name="TEXT" value="1" />
  </edge>
  <edge from="FRANCISCO" to="BEGAN">
    <attribute name="TEXT" value="1" />
  </edge>
  <edge from="GENE" to="REMAINED">
    <attribute name="TEXT" value="1" />
  </edge>
  <edge from="GENETIC" to="ENGINEERING">
    <attribute name="TEXT" value="1" />
  </edge>
  <edge from="GENETIC" to="MATERIAL">
    <attribute name="TEXT" value="1" />
  </edge>
  <edge from="GREAT" to="SKEPTICISM">
    <attribute name="TEXT" value="1" />
  </edge>
  <edge from="HAMSTER" to="BRAIN">
    <attribute name="TEXT" value="1" />
  </edge>
  <edge from="HARMFUL" to="DEPOSITS">
    <attribute name="TEXT" value="1" />
  </edge>
  <edge from="HEALTH" to="STORIES">
    <attribute name="TEXT" value="1" />
  </edge>
  <edge from="HEAR" to="AIDS">
    <attribute name="TEXT" value="4" />
    <attribute name="LINKS" value="4" />
  </edge>
  <edge from="HEAR" to="AIDS">
    <attribute name="TEXT" value="4" />
    <attribute name="LINKS" value="4" />
  </edge>
  <edge from="HUMAN" to="BRAIN">
    <attribute name="TEXT" value="1" />
  </edge>
  <edge from="HUMAN" to="DURA">
    <attribute name="TEXT" value="1" />
  </edge>
  <edge from="IMPORTANT" to="INSIGHTS">
    <attribute name="TEXT" value="1" />
  </edge>
  <edge from="INCLUDING" to="HUMAN">
    <attribute name="TEXT" value="1" />
  </edge>
  <edge from="INCLUDING" to="SCRAPIE">
    <attribute name="TEXT" value="1" />
  </edge>
  <edge from="INCUBATION" to="PERIOD">
    <attribute name="TEXT" value="1" />
  </edge>
  <edge from="INFECTIOUS" to="AGENT">
    <attribute name="TEXT" value="3" />
  </edge>
  <edge from="INFECTIOUS" to="PARTICLES">
    <attribute name="TEXT" value="1" />
  </edge>
  <edge from="INFECTIOUS" to="PROPERTIES">
    <attribute name="TEXT" value="1" />
  </edge>
  <edge from="INSTITUTE" to="STATEMENT">
    <attribute name="TEXT" value="1" />
  </edge>
  <edge from="JOURNAL" to="SCIENCE">
    <attribute name="TEXT" value="1" />
  </edge>
  <edge from="KAROLINSKA" to="INSTITUTE">
    <attribute name="TEXT" value="3" />
  </edge>
  <edge from="LED" to="PRUSINER">
    <attribute name="TEXT" value="1" />
  </edge>
  <edge from="LITERARY" to="WORK">
    <attribute name="TEXT" value="1" />
  </edge>
  <edge from="LONG" to="INCUBATION">
    <attribute name="TEXT" value="1" />
  </edge>
  <edge from="MAD" to="COW">
    <attribute name="TEXT" value="3" />
  </edge>
  <edge from="MATER" to="GRAFT">
    <attribute name="TEXT" value="1" />
  </edge>
  <edge from="MD" to="DEGREE">
    <attribute name="TEXT" value="1" />
  </edge>
  <edge from="MEAT" to="PRODUCTS">
    <attribute name="TEXT" value="1" />
  </edge>
  <edge from="MECHANISM" to="UNDERLYING">
    <attribute name="TEXT" value="1" />
  </edge>
  <edge from="MEDICAL" to="TREATMENT">
    <attribute name="TEXT" value="1" />
  </edge>
  <edge from="MOINES" to="IOWA">
    <attribute name="TEXT" value="1" />
  </edge>
  <edge from="MONDAY" to="MORNING">
    <attribute name="TEXT" value="1" />
  </edge>
  <edge from="MONDAY" to="OCTOBER">
    <attribute name="TEXT" value="1" />
  </edge>
  <edge from="MORNING" to="PRUSINER">
    <attribute name="TEXT" value="1" />
  </edge>
  <edge from="NEUROLOGY" to="VIROLOGY">
    <attribute name="TEXT" value="1" />
  </edge>
  <edge from="NEWS" to="MONDAY">
    <attribute name="TEXT" value="1" />
  </edge>
  <edge from="NOBEL" to="ASSEMBLY">
    <attribute name="TEXT" value="1" />
  </edge>
  <edge from="NOBEL" to="COMMITTEE">
    <attribute name="TEXT" value="2" />
  </edge>
  <edge from="NOBEL" to="LAUREATE">
    <attribute name="TEXT" value="1" />
  </edge>
  <edge from="NOBEL" to="PRIZE">
    <attribute name="TEXT" value="3" />
    <attribute name="KEYWORDS" value="1" />
  </edge>
  <edge from="NOBEL" to="PRIZE">
    <attribute name="TEXT" value="3" />
    <attribute name="KEYWORDS" value="1" />
  </edge>
  <edge from="NON-PRION" to="PROTEIN">
    <attribute name="TEXT" value="1" />
  </edge>
  <edge from="NORMAL" to="FORM">
    <attribute name="TEXT" value="1" />
  </edge>
  <edge from="NORMAL" to="STABLE">
    <attribute name="TEXT" value="1" />
  </edge>
  <edge from="PATIENTS" to="DIED">
    <attribute name="TEXT" value="1" />
  </edge>
  <edge from="PIONEER" to="DISCOVERY">
    <attribute name="TEXT" value="1" />
  </edge>
  <edge from="PLASMA" to="PRODUCTS">
    <attribute name="TEXT" value="1" />
  </edge>
  <edge from="PM" to="EDT">
    <attribute name="TEXT" value="1" />
  </edge>
  <edge from="PREVENT" to="PRION">
    <attribute name="TEXT" value="1" />
  </edge>
  <edge from="PRION" to="DERIVED">
    <attribute name="TEXT" value="1" />
  </edge>
  <edge from="PRION" to="DISEASE">
    <attribute name="TEXT" value="4" />
  </edge>
  <edge from="PRION" to="GENE">
    <attribute name="TEXT" value="3" />
  </edge>
  <edge from="PRION" to="PROPAGATION">
    <attribute name="TEXT" value="1" />
  </edge>
  <edge from="PRION" to="PROTEIN">
    <attribute name="TEXT" value="3" />
  </edge>
  <edge from="PRION" to="RESEARCHERS">
    <attribute name="TEXT" value="2" />
    <attribute name="KEYWORDS" value="2" />
  </edge>
  <edge from="PRION" to="RESEARCHERS">
    <attribute name="TEXT" value="2" />
    <attribute name="KEYWORDS" value="2" />
  </edge>
  <edge from="PRIZE" to="MONEY">
    <attribute name="TEXT" value="1" />
  </edge>
  <edge from="PRODUCE" to="DOMESTIC">
    <attribute name="TEXT" value="1" />
  </edge>
  <edge from="PROTEIN" to="CONFORMATION">
    <attribute name="TEXT" value="1" />
  </edge>
  <edge from="PROTEIN" to="PARTICLES">
    <attribute name="TEXT" value="1" />
  </edge>
  <edge from="PROTEIN" to="PREPARATIONS">
    <attribute name="TEXT" value="1" />
  </edge>
  <edge from="PROTEIN" to="PRION">
    <attribute name="TEXT" value="1" />
  </edge>
  <edge from="PROTEIN" to="UNDERGO">
    <attribute name="TEXT" value="1" />
  </edge>
  <edge from="PROTEINACEOUS" to="INFECTIOUS">
    <attribute name="TEXT" value="1" />
  </edge>
  <edge from="PRP" to="INITIATE">
    <attribute name="TEXT" value="1" />
  </edge>
  <edge from="PRUSINER" to="DISCOVERY">
    <attribute name="TEXT" value="1" />
  </edge>
  <edge from="PRUSINER" to="SUGGESTS">
    <attribute name="TEXT" value="1" />
  </edge>
  <edge from="PRUSINER" to="WORK">
    <attribute name="TEXT" value="1" />
  </edge>
  <edge from="PUBLISHED" to="FRIDAY">
    <attribute name="TEXT" value="1" />
  </edge>
  <edge from="REMAIN" to="MYSTERY">
    <attribute name="TEXT" value="1" />
  </edge>
  <edge from="REMAINED" to="HEALTHY">
    <attribute name="TEXT" value="1" />
  </edge>
  <edge from="REPLICATE" to="PRION">
    <attribute name="TEXT" value="1" />
  </edge>
  <edge from="RESEARCH" to="LED">
    <attribute name="TEXT" value="1" />
  </edge>
  <edge from="RESEARCH" to="PRUSINER">
    <attribute name="TEXT" value="1" />
  </edge>
  <edge from="RESEARCHERS" to="WIN">
    <attribute name="TEXT" value="4" />
    <attribute name="KEYWORDS" value="4" />
  </edge>
  <edge from="RESEARCHERS" to="WIN">
    <attribute name="TEXT" value="4" />
    <attribute name="KEYWORDS" value="4" />
  </edge>
  <edge from="RESEMBLING" to="FLAT">
    <attribute name="TEXT" value="1" />
  </edge>
  <edge from="REUTERS" to="LIMITED">
    <attribute name="TEXT" value="1" />
  </edge>
  <edge from="RNA" to="GENETIC">
    <attribute name="TEXT" value="1" />
  </edge>
  <edge from="SAN" to="FRANCISCO">
    <attribute name="TEXT" value="1" />
  </edge>
  <edge from="SCIENCE" to="PRUSINER">
    <attribute name="TEXT" value="1" />
  </edge>
  <edge from="SCIENTIFIC" to="COMMUNITY">
    <attribute name="TEXT" value="1" />
  </edge>
  <edge from="SINGLE" to="PROTEIN">
    <attribute name="TEXT" value="2" />
  </edge>
  <edge from="SMALL" to="BABIES">
    <attribute name="TEXT" value="2" />
    <attribute name="LINKS" value="2" />
  </edge>
  <edge from="SMALL" to="BABIES">
    <attribute name="TEXT" value="2" />
    <attribute name="LINKS" value="2" />
  </edge>
  <edge from="SPONGIFORM" to="ENCEPHALITIS">
    <attribute name="TEXT" value="1" />
  </edge>
  <edge from="SPONGIFORM" to="ENCEPHALOPATHY">
    <attribute name="TEXT" value="1" />
  </edge>
  <edge from="STABLE" to="PRP">
    <attribute name="TEXT" value="1" />
  </edge>
  <edge from="STANLEY" to="PRUSINER">
    <attribute name="TEXT" value="1" />
  </edge>
  <edge from="STORIES" to="PRION">
    <attribute name="TEXT" value="1" />
  </edge>
  <edge from="TESTED" to="INCLUDING">
    <attribute name="TEXT" value="1" />
  </edge>
  <edge from="TEXT" to="HEADLINES">
    <attribute name="TEXT" value="1" />
  </edge>
  <edge from="THEORETICAL" to="BASIS">
    <attribute name="TEXT" value="1" />
  </edge>
  <edge from="THERAPY" to="LINKED">
    <attribute name="TEXT" value="2" />
    <attribute name="LINKS" value="2" />
  </edge>
  <edge from="THERAPY" to="LINKED">
    <attribute name="TEXT" value="2" />
    <attribute name="LINKS" value="2" />
  </edge>
  <edge from="TRANSMISSIBLE" to="SPONGIFORM">
    <attribute name="TEXT" value="1" />
  </edge>
  <edge from="TRANSMISSION" to="RISK">
    <attribute name="TEXT" value="1" />
  </edge>
  <edge from="TREATMENT" to="STRATEGIES">
    <attribute name="TEXT" value="1" />
  </edge>
  <edge from="UNDERGO" to="CONFORMATIONAL">
    <attribute name="TEXT" value="1" />
  </edge>
  <edge from="UNDERLYING" to="PRINCIPLES">
    <attribute name="TEXT" value="1" />
  </edge>
  <edge from="UNPRECEDENTED" to="MECHANISM">
    <attribute name="TEXT" value="1" />
  </edge>
  <edge from="URGENTLY" to="NEEDED">
    <attribute name="TEXT" value="1" />
  </edge>
  <edge from="VITAL" to="ROLE">
    <attribute name="TEXT" value="1" />
  </edge>
  <edge from="WEARING" to="HEAR">
    <attribute name="TEXT" value="8" />
    <attribute name="LINKS" value="8" />
  </edge>
  <edge from="WEARING" to="HEAR">
    <attribute name="TEXT" value="8" />
    <attribute name="LINKS" value="8" />
  </edge>
  <edge from="WELL-KNOWN" to="LITERARY">
    <attribute name="TEXT" value="1" />
  </edge>
  <edge from="WIN" to="NOBEL">
    <attribute name="TEXT" value="2" />
    <attribute name="KEYWORDS" value="2" />
  </edge>
  <edge from="WIN" to="NOBEL">
    <attribute name="TEXT" value="2" />
    <attribute name="KEYWORDS" value="2" />
  </edge>
  <edge from="YEAR-OLD" to="PRUSINER">
    <attribute name="TEXT" value="1" />
  </edge>
</graph>
