<graph>
  <node id="ADJUST">
    <attribute name="FREQUENCY" value="1" />
  </node>
  <node id="ADVANTAGEOUS">
    <attribute name="FREQUENCY" value="1" />
  </node>
  <node id="AGE">
    <attribute name="FREQUENCY" value="4" />
  </node>
  <node id="AGE-MATCHED">
    <attribute name="FREQUENCY" value="1" />
  </node>
  <node id="AGGRESSIVE">
    <attribute name="FREQUENCY" value="1" />
  </node>
  <node id="ANALYSIS">
    <attribute name="FREQUENCY" value="1" />
  </node>
  <node id="AVERAGE">
    <attribute name="FREQUENCY" value="3" />
  </node>
  <node id="BABIES">
    <attribute name="FREQUENCY" value="1" />
  </node>
  <node id="BEGAN">
    <attribute name="FREQUENCY" value="1" />
  </node>
  <node id="BENEFIT">
    <attribute name="FREQUENCY" value="3" />
  </node>
  <node id="BIRTH">
    <attribute name="FREQUENCY" value="2" />
  </node>
  <node id="BIZ">
    <attribute name="FREQUENCY" value="4" />
  </node>
  <node id="BLOOD">
    <attribute name="FREQUENCY" value="2" />
  </node>
  <node id="BODY">
    <attribute name="FREQUENCY" value="1" />
  </node>
  <node id="CALORIC">
    <attribute name="FREQUENCY" value="4" />
  </node>
  <node id="CASE">
    <attribute name="FREQUENCY" value="1" />
  </node>
  <node id="CATCH">
    <attribute name="FREQUENCY" value="1" />
  </node>
  <node id="CAUCASIAN">
    <attribute name="FREQUENCY" value="1" />
  </node>
  <node id="CFS">
    <attribute name="FREQUENCY" value="15" />
  </node>
  <node id="CHARACTERISTICALLY">
    <attribute name="FREQUENCY" value="1" />
  </node>
  <node id="CHARACTERIZED">
    <attribute name="FREQUENCY" value="1" />
  </node>
  <node id="CHILDREN">
    <attribute name="FREQUENCY" value="1" />
  </node>
  <node id="CHLORIDE">
    <attribute name="FREQUENCY" value="1" />
  </node>
  <node id="CHRONIC">
    <attribute name="FREQUENCY" value="1" />
  </node>
  <node id="CIRCUMFERENCE">
    <attribute name="FREQUENCY" value="2" />
  </node>
  <node id="CLINICALLY">
    <attribute name="FREQUENCY" value="1" />
  </node>
  <node id="COLLEAGUES">
    <attribute name="FREQUENCY" value="1" />
  </node>
  <node id="COLORADO">
    <attribute name="FREQUENCY" value="1" />
  </node>
  <node id="COMMENTS">
    <attribute name="FREQUENCY" value="2" />
  </node>
  <node id="COMMON">
    <attribute name="FREQUENCY" value="1" />
  </node>
  <node id="COMPARED">
    <attribute name="FREQUENCY" value="1" />
  </node>
  <node id="CONCENTRATION">
    <attribute name="FREQUENCY" value="2" />
  </node>
  <node id="CONFIRM">
    <attribute name="FREQUENCY" value="1" />
  </node>
  <node id="CONFIRMATORY">
    <attribute name="FREQUENCY" value="1" />
  </node>
  <node id="CONFIRMED">
    <attribute name="FREQUENCY" value="1" />
  </node>
  <node id="CONTINUED">
    <attribute name="FREQUENCY" value="1" />
  </node>
  <node id="CONTROL">
    <attribute name="FREQUENCY" value="4" />
  </node>
  <node id="CONVERGED">
    <attribute name="FREQUENCY" value="1" />
  </node>
  <node id="COST">
    <attribute name="FREQUENCY" value="1" />
  </node>
  <node id="CYSTIC">
    <attribute name="FREQUENCY" value="3" />
  </node>
  <node id="DEAN">
    <attribute name="FREQUENCY" value="1" />
  </node>
  <node id="DEHYDRATION">
    <attribute name="FREQUENCY" value="1" />
  </node>
  <node id="DEMONSTRATE">
    <attribute name="FREQUENCY" value="1" />
  </node>
  <node id="DEPLETION">
    <attribute name="FREQUENCY" value="1" />
  </node>
  <node id="DETECT">
    <attribute name="FREQUENCY" value="1" />
  </node>
  <node id="DIABETES">
    <attribute name="FREQUENCY" value="4" />
  </node>
  <node id="DIAGNOSE">
    <attribute name="FREQUENCY" value="1" />
  </node>
  <node id="DIAGNOSED">
    <attribute name="FREQUENCY" value="5" />
  </node>
  <node id="DIAGNOSIS">
    <attribute name="FREQUENCY" value="5" />
  </node>
  <node id="DIET">
    <attribute name="FREQUENCY" value="2" />
  </node>
  <node id="DIFFERENCE">
    <attribute name="FREQUENCY" value="1" />
  </node>
  <node id="DIFFICULT">
    <attribute name="FREQUENCY" value="1" />
  </node>
  <node id="DISEASE">
    <attribute name="FREQUENCY" value="3" />
  </node>
  <node id="DNA">
    <attribute name="FREQUENCY" value="1" />
  </node>
  <node id="EARLY">
    <attribute name="FREQUENCY" value="7" />
  </node>
  <node id="EARLY-DIAGNOSIS">
    <attribute name="FREQUENCY" value="2" />
  </node>
  <node id="EDT">
    <attribute name="FREQUENCY" value="1" />
  </node>
  <node id="EFFECT">
    <attribute name="FREQUENCY" value="1" />
  </node>
  <node id="ENGLAND">
    <attribute name="FREQUENCY" value="2" />
  </node>
  <node id="ENTERTAIN">
    <attribute name="FREQUENCY" value="4" />
  </node>
  <node id="ENZYME">
    <attribute name="FREQUENCY" value="4" />
  </node>
  <node id="EVALUATE">
    <attribute name="FREQUENCY" value="1" />
  </node>
  <node id="EVENTUALLY">
    <attribute name="FREQUENCY" value="1" />
  </node>
  <node id="EVIDENCE">
    <attribute name="FREQUENCY" value="2" />
  </node>
  <node id="EVIDENCED">
    <attribute name="FREQUENCY" value="1" />
  </node>
  <node id="EXPLAINS">
    <attribute name="FREQUENCY" value="1" />
  </node>
  <node id="FACT">
    <attribute name="FREQUENCY" value="1" />
  </node>
  <node id="FARRELL">
    <attribute name="FREQUENCY" value="8" />
  </node>
  <node id="FIBROSIS">
    <attribute name="FREQUENCY" value="3" />
  </node>
  <node id="FINDINGS">
    <attribute name="FREQUENCY" value="1" />
  </node>
  <node id="FOLLOW-UP">
    <attribute name="FREQUENCY" value="3" />
  </node>
  <node id="FOREARM">
    <attribute name="FREQUENCY" value="1" />
  </node>
  <node id="FUTURE">
    <attribute name="FREQUENCY" value="1" />
  </node>
  <node id="GENETIC">
    <attribute name="FREQUENCY" value="1" />
  </node>
  <node id="GROUP">
    <attribute name="FREQUENCY" value="10" />
  </node>
  <node id="GROWTH">
    <attribute name="FREQUENCY" value="2" />
  </node>
  <node id="HEAD">
    <attribute name="FREQUENCY" value="2" />
  </node>
  <node id="HEADLINES">
    <attribute name="FREQUENCY" value="1" />
  </node>
  <node id="HEALTH">
    <attribute name="FREQUENCY" value="4" />
  </node>
  <node id="HEAVIER">
    <attribute name="FREQUENCY" value="2" />
  </node>
  <node id="HEIGHT">
    <attribute name="FREQUENCY" value="2" />
  </node>
  <node id="HELD">
    <attribute name="FREQUENCY" value="1" />
  </node>
  <node id="HIGH">
    <attribute name="FREQUENCY" value="1" />
  </node>
  <node id="HIGH-CALORIE">
    <attribute name="FREQUENCY" value="2" />
  </node>
  <node id="HIGHER">
    <attribute name="FREQUENCY" value="2" />
  </node>
  <node id="HTML">
    <attribute name="FREQUENCY" value="1" />
  </node>
  <node id="IDENTIFIED">
    <attribute name="FREQUENCY" value="7" />
  </node>
  <node id="ILLNESS">
    <attribute name="FREQUENCY" value="1" />
  </node>
  <node id="INCLUDING">
    <attribute name="FREQUENCY" value="1" />
  </node>
  <node id="INCREASED">
    <attribute name="FREQUENCY" value="1" />
  </node>
  <node id="INFANT">
    <attribute name="FREQUENCY" value="4" />
  </node>
  <node id="INFO">
    <attribute name="FREQUENCY" value="2" />
  </node>
  <node id="INSUFFICIENCY">
    <attribute name="FREQUENCY" value="1" />
  </node>
  <node id="INTAKE">
    <attribute name="FREQUENCY" value="4" />
  </node>
  <node id="INVOLVES">
    <attribute name="FREQUENCY" value="1" />
  </node>
  <node id="JOURNAL">
    <attribute name="FREQUENCY" value="2" />
  </node>
  <node id="LARGER">
    <attribute name="FREQUENCY" value="2" />
  </node>
  <node id="LEAD">
    <attribute name="FREQUENCY" value="1" />
  </node>
  <node id="LEVELS">
    <attribute name="FREQUENCY" value="2" />
  </node>
  <node id="LIFE">
    <attribute name="FREQUENCY" value="4" />
  </node>
  <node id="LIFE-THREATENING">
    <attribute name="FREQUENCY" value="1" />
  </node>
  <node id="LIMITED">
    <attribute name="FREQUENCY" value="1" />
  </node>
  <node id="LIVE">
    <attribute name="FREQUENCY" value="1" />
  </node>
  <node id="LONG-TERM">
    <attribute name="FREQUENCY" value="1" />
  </node>
  <node id="LONGER">
    <attribute name="FREQUENCY" value="1" />
  </node>
  <node id="LOW">
    <attribute name="FREQUENCY" value="4" />
  </node>
  <node id="LUNG">
    <attribute name="FREQUENCY" value="1" />
  </node>
  <node id="MALNUTRITION">
    <attribute name="FREQUENCY" value="6" />
  </node>
  <node id="MASS">
    <attribute name="FREQUENCY" value="1" />
  </node>
  <node id="MEASURED">
    <attribute name="FREQUENCY" value="1" />
  </node>
  <node id="MEDICAL">
    <attribute name="FREQUENCY" value="1" />
  </node>
  <node id="MEDICINE">
    <attribute name="FREQUENCY" value="2" />
  </node>
  <node id="METHOD">
    <attribute name="FREQUENCY" value="1" />
  </node>
  <node id="MUTATION">
    <attribute name="FREQUENCY" value="1" />
  </node>
  <node id="ND">
    <attribute name="FREQUENCY" value="2" />
  </node>
  <node id="NEEDED">
    <attribute name="FREQUENCY" value="1" />
  </node>
  <node id="NEONATAL">
    <attribute name="FREQUENCY" value="4" />
  </node>
  <node id="NEWBORN">
    <attribute name="FREQUENCY" value="2" />
  </node>
  <node id="NEWLY">
    <attribute name="FREQUENCY" value="1" />
  </node>
  <node id="NEWS">
    <attribute name="FREQUENCY" value="4" />
  </node>
  <node id="NOTES">
    <attribute name="FREQUENCY" value="2" />
  </node>
  <node id="NUTRITIONAL">
    <attribute name="FREQUENCY" value="3" />
  </node>
  <node id="OCCURRING">
    <attribute name="FREQUENCY" value="1" />
  </node>
  <node id="OCTOBER">
    <attribute name="FREQUENCY" value="1" />
  </node>
  <node id="OPPORTUNITY">
    <attribute name="FREQUENCY" value="1" />
  </node>
  <node id="PANCREATIC">
    <attribute name="FREQUENCY" value="3" />
  </node>
  <node id="PATIENTS">
    <attribute name="FREQUENCY" value="4" />
  </node>
  <node id="PEDIATRICS">
    <attribute name="FREQUENCY" value="1" />
  </node>
  <node id="PERCENTILE">
    <attribute name="FREQUENCY" value="3" />
  </node>
  <node id="PERIOD">
    <attribute name="FREQUENCY" value="2" />
  </node>
  <node id="PHILIP">
    <attribute name="FREQUENCY" value="1" />
  </node>
  <node id="PLACE">
    <attribute name="FREQUENCY" value="1" />
  </node>
  <node id="PM">
    <attribute name="FREQUENCY" value="1" />
  </node>
  <node id="POINT">
    <attribute name="FREQUENCY" value="2" />
  </node>
  <node id="POLITIC">
    <attribute name="FREQUENCY" value="4" />
  </node>
  <node id="PRECURSOR">
    <attribute name="FREQUENCY" value="1" />
  </node>
  <node id="PREDICT">
    <attribute name="FREQUENCY" value="1" />
  </node>
  <node id="PREGNANCY">
    <attribute name="FREQUENCY" value="4" />
  </node>
  <node id="PREVENT">
    <attribute name="FREQUENCY" value="4" />
  </node>
  <node id="PROBLEMS">
    <attribute name="FREQUENCY" value="1" />
  </node>
  <node id="PROFESSOR">
    <attribute name="FREQUENCY" value="1" />
  </node>
  <node id="PROGRAM">
    <attribute name="FREQUENCY" value="3" />
  </node>
  <node id="PROLONG">
    <attribute name="FREQUENCY" value="4" />
  </node>
  <node id="PULMONARY">
    <attribute name="FREQUENCY" value="1" />
  </node>
  <node id="PURSUE">
    <attribute name="FREQUENCY" value="1" />
  </node>
  <node id="QUESTIONS">
    <attribute name="FREQUENCY" value="2" />
  </node>
  <node id="REDUCED">
    <attribute name="FREQUENCY" value="1" />
  </node>
  <node id="RESEARCH">
    <attribute name="FREQUENCY" value="1" />
  </node>
  <node id="RESEARCHERS">
    <attribute name="FREQUENCY" value="2" />
  </node>
  <node id="RESPIRATORY">
    <attribute name="FREQUENCY" value="1" />
  </node>
  <node id="REUTERS">
    <attribute name="FREQUENCY" value="2" />
  </node>
  <node id="RISK">
    <attribute name="FREQUENCY" value="5" />
  </node>
  <node id="SALT">
    <attribute name="FREQUENCY" value="3" />
  </node>
  <node id="SAMPLES">
    <attribute name="FREQUENCY" value="1" />
  </node>
  <node id="SCHOOL">
    <attribute name="FREQUENCY" value="1" />
  </node>
  <node id="SCIENCE">
    <attribute name="FREQUENCY" value="1" />
  </node>
  <node id="SCORE">
    <attribute name="FREQUENCY" value="1" />
  </node>
  <node id="SCOREBOARD">
    <attribute name="FREQUENCY" value="4" />
  </node>
  <node id="SCREEN">
    <attribute name="FREQUENCY" value="13" />
  </node>
  <node id="SCREENED">
    <attribute name="FREQUENCY" value="1" />
  </node>
  <node id="SEVERE">
    <attribute name="FREQUENCY" value="1" />
  </node>
  <node id="SOURCE">
    <attribute name="FREQUENCY" value="1" />
  </node>
  <node id="SPORT">
    <attribute name="FREQUENCY" value="4" />
  </node>
  <node id="STANDARD">
    <attribute name="FREQUENCY" value="1" />
  </node>
  <node id="STARTED">
    <attribute name="FREQUENCY" value="1" />
  </node>
  <node id="STATES">
    <attribute name="FREQUENCY" value="3" />
  </node>
  <node id="STATISTICALLY">
    <attribute name="FREQUENCY" value="1" />
  </node>
  <node id="STEP">
    <attribute name="FREQUENCY" value="1" />
  </node>
  <node id="STORIES">
    <attribute name="FREQUENCY" value="1" />
  </node>
  <node id="STORY">
    <attribute name="FREQUENCY" value="4" />
  </node>
  <node id="STUDY">
    <attribute name="FREQUENCY" value="3" />
  </node>
  <node id="STUNTED">
    <attribute name="FREQUENCY" value="1" />
  </node>
  <node id="SUGGESTS">
    <attribute name="FREQUENCY" value="1" />
  </node>
  <node id="SUPPLEMENTS">
    <attribute name="FREQUENCY" value="3" />
  </node>
  <node id="SUPPORTIVE">
    <attribute name="FREQUENCY" value="1" />
  </node>
  <node id="SWEAT">
    <attribute name="FREQUENCY" value="3" />
  </node>
  <node id="SYMPTOMS">
    <attribute name="FREQUENCY" value="1" />
  </node>
  <node id="TALLER">
    <attribute name="FREQUENCY" value="1" />
  </node>
  <node id="TEAM">
    <attribute name="FREQUENCY" value="1" />
  </node>
  <node id="TECH">
    <attribute name="FREQUENCY" value="4" />
  </node>
  <node id="TEST">
    <attribute name="FREQUENCY" value="4" />
  </node>
  <node id="TEXT">
    <attribute name="FREQUENCY" value="1" />
  </node>
  <node id="THERAPY">
    <attribute name="FREQUENCY" value="3" />
  </node>
  <node id="TREATMENT">
    <attribute name="FREQUENCY" value="1" />
  </node>
  <node id="TRYPSIN">
    <attribute name="FREQUENCY" value="1" />
  </node>
  <node id="TRYPSINOGEN">
    <attribute name="FREQUENCY" value="2" />
  </node>
  <node id="UNIQUE">
    <attribute name="FREQUENCY" value="1" />
  </node>
  <node id="UNITED">
    <attribute name="FREQUENCY" value="1" />
  </node>
  <node id="UNIVERSAL">
    <attribute name="FREQUENCY" value="1" />
  </node>
  <node id="UNIVERSITY">
    <attribute name="FREQUENCY" value="1" />
  </node>
  <node id="VERSUS">
    <attribute name="FREQUENCY" value="2" />
  </node>
  <node id="VITAMIN">
    <attribute name="FREQUENCY" value="3" />
  </node>
  <node id="WASTE">
    <attribute name="FREQUENCY" value="1" />
  </node>
  <node id="WEDNESDAY">
    <attribute name="FREQUENCY" value="1" />
  </node>
  <node id="WEEK">
    <attribute name="FREQUENCY" value="1" />
  </node>
  <node id="WEIGHT">
    <attribute name="FREQUENCY" value="3" />
  </node>
  <node id="WISCONSIN">
    <attribute name="FREQUENCY" value="2" />
  </node>
  <node id="WRITE">
    <attribute name="FREQUENCY" value="2" />
  </node>
  <node id="YAHOO">
    <attribute name="FREQUENCY" value="4" />
  </node>
  <node id="YEAR">
    <attribute name="FREQUENCY" value="2" />
  </node>
  <node id="YORK">
    <attribute name="FREQUENCY" value="1" />
  </node>
  <node id="YOUNGER">
    <attribute name="FREQUENCY" value="1" />
  </node>
  <edge from="AGE-MATCHED" to="CFS">
    <attribute name="TEXT" value="1" />
  </edge>
  <edge from="AGGRESSIVE" to="TREATMENT">
    <attribute name="TEXT" value="1" />
  </edge>
  <edge from="AVERAGE" to="AGE">
    <attribute name="TEXT" value="1" />
  </edge>
  <edge from="AVERAGE" to="WEIGHT">
    <attribute name="TEXT" value="1" />
  </edge>
  <edge from="BABIES" to="DIAGNOSED">
    <attribute name="TEXT" value="1" />
  </edge>
  <edge from="BEGAN" to="SCREEN">
    <attribute name="TEXT" value="1" />
  </edge>
  <edge from="BENEFIT" to="RISK">
    <attribute name="TEXT" value="1" />
  </edge>
  <edge from="BIRTH" to="WEIGHT">
    <attribute name="TEXT" value="1" />
  </edge>
  <edge from="BLOOD" to="SAMPLES">
    <attribute name="TEXT" value="1" />
  </edge>
  <edge from="BLOOD" to="TEST">
    <attribute name="TEXT" value="1" />
  </edge>
  <edge from="BODY" to="MASS">
    <attribute name="TEXT" value="1" />
  </edge>
  <edge from="CALORIC" to="INTAKE">
    <attribute name="TEXT" value="2" />
    <attribute name="LINKS" value="2" />
  </edge>
  <edge from="CALORIC" to="INTAKE">
    <attribute name="TEXT" value="2" />
    <attribute name="LINKS" value="2" />
  </edge>
  <edge from="CAUCASIAN" to="OCCURRING">
    <attribute name="TEXT" value="1" />
  </edge>
  <edge from="CFS" to="INFANT">
    <attribute name="TEXT" value="1" />
  </edge>
  <edge from="CFS" to="PATIENTS">
    <attribute name="TEXT" value="2" />
  </edge>
  <edge from="CFS" to="SCREEN">
    <attribute name="TEXT" value="8" />
    <attribute name="KEYWORDS" value="4" />
  </edge>
  <edge from="CFS" to="SCREEN">
    <attribute name="TEXT" value="8" />
    <attribute name="KEYWORDS" value="4" />
  </edge>
  <edge from="CHARACTERISTICALLY" to="INCREASED">
    <attribute name="TEXT" value="1" />
  </edge>
  <edge from="CHLORIDE" to="LEVELS">
    <attribute name="TEXT" value="1" />
  </edge>
  <edge from="CHRONIC" to="RESPIRATORY">
    <attribute name="TEXT" value="1" />
  </edge>
  <edge from="CIRCUMFERENCE" to="PERCENTILE">
    <attribute name="TEXT" value="1" />
  </edge>
  <edge from="COLLEAGUES" to="POINT">
    <attribute name="TEXT" value="1" />
  </edge>
  <edge from="COMMON" to="LIFE-THREATENING">
    <attribute name="TEXT" value="1" />
  </edge>
  <edge from="CONFIRMATORY" to="DIAGNOSIS">
    <attribute name="TEXT" value="1" />
  </edge>
  <edge from="CONTROL" to="GROUP">
    <attribute name="TEXT" value="3" />
  </edge>
  <edge from="CYSTIC" to="FIBROSIS">
    <attribute name="TEXT" value="3" />
  </edge>
  <edge from="DIABETES" to="RISK">
    <attribute name="TEXT" value="4" />
    <attribute name="LINKS" value="4" />
  </edge>
  <edge from="DIABETES" to="RISK">
    <attribute name="TEXT" value="4" />
    <attribute name="LINKS" value="4" />
  </edge>
  <edge from="DIAGNOSED" to="CASE">
    <attribute name="TEXT" value="1" />
  </edge>
  <edge from="DIAGNOSED" to="CLINICALLY">
    <attribute name="TEXT" value="1" />
  </edge>
  <edge from="DIET" to="ENZYME">
    <attribute name="TEXT" value="1" />
  </edge>
  <edge from="DIET" to="VITAMIN">
    <attribute name="TEXT" value="1" />
  </edge>
  <edge from="DNA" to="ANALYSIS">
    <attribute name="TEXT" value="1" />
  </edge>
  <edge from="EARLY" to="CFS">
    <attribute name="TEXT" value="2" />
    <attribute name="KEYWORDS" value="2" />
  </edge>
  <edge from="EARLY" to="CFS">
    <attribute name="TEXT" value="2" />
    <attribute name="KEYWORDS" value="2" />
  </edge>
  <edge from="EARLY" to="DIAGNOSIS">
    <attribute name="TEXT" value="1" />
  </edge>
  <edge from="EARLY" to="SCREEN">
    <attribute name="TEXT" value="4" />
  </edge>
  <edge from="EARLY-DIAGNOSIS" to="GROUP">
    <attribute name="TEXT" value="2" />
  </edge>
  <edge from="ENGLAND" to="JOURNAL">
    <attribute name="TEXT" value="2" />
  </edge>
  <edge from="ENZYME" to="THERAPY">
    <attribute name="TEXT" value="2" />
  </edge>
  <edge from="ENZYME" to="TRYPSIN">
    <attribute name="TEXT" value="1" />
  </edge>
  <edge from="EVENTUALLY" to="CONVERGED">
    <attribute name="TEXT" value="1" />
  </edge>
  <edge from="FARRELL" to="DEAN">
    <attribute name="TEXT" value="1" />
  </edge>
  <edge from="FARRELL" to="EXPLAINS">
    <attribute name="TEXT" value="1" />
  </edge>
  <edge from="FARRELL" to="POINT">
    <attribute name="TEXT" value="1" />
  </edge>
  <edge from="FARRELL" to="SUGGESTS">
    <attribute name="TEXT" value="1" />
  </edge>
  <edge from="FIBROSIS" to="MUTATION">
    <attribute name="TEXT" value="1" />
  </edge>
  <edge from="FINDINGS" to="HELD">
    <attribute name="TEXT" value="1" />
  </edge>
  <edge from="FOLLOW-UP" to="PERIOD">
    <attribute name="TEXT" value="2" />
  </edge>
  <edge from="GENETIC" to="DISEASE">
    <attribute name="TEXT" value="1" />
  </edge>
  <edge from="GROUP" to="CONTINUED">
    <attribute name="TEXT" value="1" />
  </edge>
  <edge from="GROUP" to="EVENTUALLY">
    <attribute name="TEXT" value="1" />
  </edge>
  <edge from="GROWTH" to="FARRELL">
    <attribute name="TEXT" value="1" />
  </edge>
  <edge from="HEAD" to="CIRCUMFERENCE">
    <attribute name="TEXT" value="2" />
  </edge>
  <edge from="HEALTH" to="STORIES">
    <attribute name="TEXT" value="1" />
  </edge>
  <edge from="HEAVIER" to="LONGER">
    <attribute name="TEXT" value="1" />
  </edge>
  <edge from="HIGH-CALORIE" to="DIET">
    <attribute name="TEXT" value="2" />
  </edge>
  <edge from="HIGHER" to="HEAD">
    <attribute name="TEXT" value="1" />
  </edge>
  <edge from="HIGHER" to="HEIGHT">
    <attribute name="TEXT" value="1" />
  </edge>
  <edge from="ILLNESS" to="SYMPTOMS">
    <attribute name="TEXT" value="1" />
  </edge>
  <edge from="INCLUDING" to="BLOOD">
    <attribute name="TEXT" value="1" />
  </edge>
  <edge from="INFANT" to="FOREARM">
    <attribute name="TEXT" value="1" />
  </edge>
  <edge from="INFANT" to="IDENTIFIED">
    <attribute name="TEXT" value="1" />
  </edge>
  <edge from="INSUFFICIENCY" to="MALNUTRITION">
    <attribute name="TEXT" value="1" />
  </edge>
  <edge from="LARGER" to="HEAD">
    <attribute name="TEXT" value="1" />
  </edge>
  <edge from="LIFE-THREATENING" to="GENETIC">
    <attribute name="TEXT" value="1" />
  </edge>
  <edge from="LIVE" to="BIRTH">
    <attribute name="TEXT" value="1" />
  </edge>
  <edge from="LONG-TERM" to="PULMONARY">
    <attribute name="TEXT" value="1" />
  </edge>
  <edge from="LOW" to="CALORIC">
    <attribute name="TEXT" value="2" />
    <attribute name="LINKS" value="2" />
  </edge>
  <edge from="LOW" to="CALORIC">
    <attribute name="TEXT" value="2" />
    <attribute name="LINKS" value="2" />
  </edge>
  <edge from="MEDICAL" to="SCHOOL">
    <attribute name="TEXT" value="1" />
  </edge>
  <edge from="ND" to="PERCENTILE">
    <attribute name="TEXT" value="1" />
  </edge>
  <edge from="NEONATAL" to="CFS">
    <attribute name="TEXT" value="1" />
  </edge>
  <edge from="NEONATAL" to="SCREEN">
    <attribute name="TEXT" value="2" />
  </edge>
  <edge from="NEWLY" to="DIAGNOSED">
    <attribute name="TEXT" value="1" />
  </edge>
  <edge from="NUTRITIONAL" to="BENEFIT">
    <attribute name="TEXT" value="1" />
  </edge>
  <edge from="NUTRITIONAL" to="SCIENCE">
    <attribute name="TEXT" value="1" />
  </edge>
  <edge from="NUTRITIONAL" to="THERAPY">
    <attribute name="TEXT" value="1" />
  </edge>
  <edge from="PANCREATIC" to="ENZYME">
    <attribute name="TEXT" value="2" />
  </edge>
  <edge from="PANCREATIC" to="INSUFFICIENCY">
    <attribute name="TEXT" value="1" />
  </edge>
  <edge from="PATIENTS" to="IDENTIFIED">
    <attribute name="TEXT" value="1" />
  </edge>
  <edge from="PERCENTILE" to="SCORE">
    <attribute name="TEXT" value="1" />
  </edge>
  <edge from="PERCENTILE" to="VERSUS">
    <attribute name="TEXT" value="1" />
  </edge>
  <edge from="PHILIP" to="FARRELL">
    <attribute name="TEXT" value="1" />
  </edge>
  <edge from="PM" to="EDT">
    <attribute name="TEXT" value="1" />
  </edge>
  <edge from="PREGNANCY" to="DIABETES">
    <attribute name="TEXT" value="2" />
    <attribute name="LINKS" value="2" />
  </edge>
  <edge from="PREGNANCY" to="DIABETES">
    <attribute name="TEXT" value="2" />
    <attribute name="LINKS" value="2" />
  </edge>
  <edge from="PREVENT" to="MALNUTRITION">
    <attribute name="TEXT" value="4" />
    <attribute name="KEYWORDS" value="2" />
  </edge>
  <edge from="PREVENT" to="MALNUTRITION">
    <attribute name="TEXT" value="4" />
    <attribute name="KEYWORDS" value="2" />
  </edge>
  <edge from="PROBLEMS" to="PANCREATIC">
    <attribute name="TEXT" value="1" />
  </edge>
  <edge from="PROGRAM" to="EVALUATE">
    <attribute name="TEXT" value="1" />
  </edge>
  <edge from="PROGRAM" to="INVOLVES">
    <attribute name="TEXT" value="1" />
  </edge>
  <edge from="PROLONG" to="LIFE">
    <attribute name="TEXT" value="2" />
    <attribute name="LINKS" value="2" />
  </edge>
  <edge from="PROLONG" to="LIFE">
    <attribute name="TEXT" value="2" />
    <attribute name="LINKS" value="2" />
  </edge>
  <edge from="RESEARCH" to="TEAM">
    <attribute name="TEXT" value="1" />
  </edge>
  <edge from="RESEARCHERS" to="NOTES">
    <attribute name="TEXT" value="1" />
  </edge>
  <edge from="RESEARCHERS" to="STATES">
    <attribute name="TEXT" value="1" />
  </edge>
  <edge from="RESPIRATORY" to="PROBLEMS">
    <attribute name="TEXT" value="1" />
  </edge>
  <edge from="REUTERS" to="LIMITED">
    <attribute name="TEXT" value="1" />
  </edge>
  <edge from="RISK" to="IDENTIFIED">
    <attribute name="TEXT" value="4" />
    <attribute name="LINKS" value="4" />
  </edge>
  <edge from="RISK" to="IDENTIFIED">
    <attribute name="TEXT" value="4" />
    <attribute name="LINKS" value="4" />
  </edge>
  <edge from="SALT" to="CONCENTRATION">
    <attribute name="TEXT" value="2" />
  </edge>
  <edge from="SALT" to="DEPLETION">
    <attribute name="TEXT" value="1" />
  </edge>
  <edge from="SCREEN" to="GROUP">
    <attribute name="TEXT" value="1" />
  </edge>
  <edge from="SCREEN" to="PREVENT">
    <attribute name="TEXT" value="4" />
    <attribute name="KEYWORDS" value="4" />
  </edge>
  <edge from="SCREEN" to="PREVENT">
    <attribute name="TEXT" value="4" />
    <attribute name="KEYWORDS" value="4" />
  </edge>
  <edge from="SCREEN" to="PROGRAM">
    <attribute name="TEXT" value="2" />
  </edge>
  <edge from="SCREENED" to="GROUP">
    <attribute name="TEXT" value="1" />
  </edge>
  <edge from="SEVERE" to="DEHYDRATION">
    <attribute name="TEXT" value="1" />
  </edge>
  <edge from="STANDARD" to="METHOD">
    <attribute name="TEXT" value="1" />
  </edge>
  <edge from="STATISTICALLY" to="ADJUST">
    <attribute name="TEXT" value="1" />
  </edge>
  <edge from="STEP" to="INCLUDING">
    <attribute name="TEXT" value="1" />
  </edge>
  <edge from="STORIES" to="SCREEN">
    <attribute name="TEXT" value="1" />
  </edge>
  <edge from="STUNTED" to="GROWTH">
    <attribute name="TEXT" value="1" />
  </edge>
  <edge from="SUPPORTIVE" to="EVIDENCE">
    <attribute name="TEXT" value="1" />
  </edge>
  <edge from="SWEAT" to="TEST">
    <attribute name="TEXT" value="1" />
  </edge>
  <edge from="TEXT" to="HEADLINES">
    <attribute name="TEXT" value="1" />
  </edge>
  <edge from="TRYPSINOGEN" to="PRECURSOR">
    <attribute name="TEXT" value="1" />
  </edge>
  <edge from="UNIQUE" to="OPPORTUNITY">
    <attribute name="TEXT" value="1" />
  </edge>
  <edge from="UNITED" to="STATES">
    <attribute name="TEXT" value="1" />
  </edge>
  <edge from="UNIVERSAL" to="NEONATAL">
    <attribute name="TEXT" value="1" />
  </edge>
  <edge from="VITAMIN" to="SUPPLEMENTS">
    <attribute name="TEXT" value="3" />
  </edge>
  <edge from="WEDNESDAY" to="OCTOBER">
    <attribute name="TEXT" value="1" />
  </edge>
  <edge from="WEIGHT" to="PERCENTILE">
    <attribute name="TEXT" value="1" />
  </edge>
  <edge from="WISCONSIN" to="BEGAN">
    <attribute name="TEXT" value="1" />
  </edge>
  <edge from="YOUNGER" to="AGE">
    <attribute name="TEXT" value="1" />
  </edge>
</graph>
