<graph>
  <node id="ABUSE">
    <attribute name="FREQUENCY" value="1" />
  </node>
  <node id="ADD">
    <attribute name="FREQUENCY" value="1" />
  </node>
  <node id="ADDED">
    <attribute name="FREQUENCY" value="1" />
  </node>
  <node id="ADMINISTER">
    <attribute name="FREQUENCY" value="1" />
  </node>
  <node id="ADVERTISEMENTS">
    <attribute name="FREQUENCY" value="1" />
  </node>
  <node id="ALCOHOL">
    <attribute name="FREQUENCY" value="4" />
  </node>
  <node id="ALCOHOL-INDUSTRY">
    <attribute name="FREQUENCY" value="1" />
  </node>
  <node id="AMA">
    <attribute name="FREQUENCY" value="4" />
  </node>
  <node id="AMERICAN">
    <attribute name="FREQUENCY" value="1" />
  </node>
  <node id="ASSESS">
    <attribute name="FREQUENCY" value="1" />
  </node>
  <node id="ASSOCIATION">
    <attribute name="FREQUENCY" value="1" />
  </node>
  <node id="BEER">
    <attribute name="FREQUENCY" value="1" />
  </node>
  <node id="BETHLEHEM">
    <attribute name="FREQUENCY" value="1" />
  </node>
  <node id="BIZ">
    <attribute name="FREQUENCY" value="4" />
  </node>
  <node id="BLAME">
    <attribute name="FREQUENCY" value="1" />
  </node>
  <node id="BOMBARDED">
    <attribute name="FREQUENCY" value="1" />
  </node>
  <node id="BOULDER">
    <attribute name="FREQUENCY" value="1" />
  </node>
  <node id="BURLINGTON">
    <attribute name="FREQUENCY" value="1" />
  </node>
  <node id="CALLED">
    <attribute name="FREQUENCY" value="1" />
  </node>
  <node id="CHEAP">
    <attribute name="FREQUENCY" value="2" />
  </node>
  <node id="CITY">
    <attribute name="FREQUENCY" value="6" />
  </node>
  <node id="CLOSER">
    <attribute name="FREQUENCY" value="1" />
  </node>
  <node id="COALITION">
    <attribute name="FREQUENCY" value="1" />
  </node>
  <node id="COLLEGE">
    <attribute name="FREQUENCY" value="6" />
  </node>
  <node id="COLORADO">
    <attribute name="FREQUENCY" value="1" />
  </node>
  <node id="COMMENTS">
    <attribute name="FREQUENCY" value="2" />
  </node>
  <node id="COMMUNITIES">
    <attribute name="FREQUENCY" value="1" />
  </node>
  <node id="CREATE">
    <attribute name="FREQUENCY" value="1" />
  </node>
  <node id="CURB">
    <attribute name="FREQUENCY" value="2" />
  </node>
  <node id="DEGREE">
    <attribute name="FREQUENCY" value="1" />
  </node>
  <node id="DELAWARE">
    <attribute name="FREQUENCY" value="1" />
  </node>
  <node id="DIRECTOR">
    <attribute name="FREQUENCY" value="1" />
  </node>
  <node id="DRINK">
    <attribute name="FREQUENCY" value="5" />
  </node>
  <node id="DRUG">
    <attribute name="FREQUENCY" value="1" />
  </node>
  <node id="EDT">
    <attribute name="FREQUENCY" value="1" />
  </node>
  <node id="EDUCATIONAL">
    <attribute name="FREQUENCY" value="1" />
  </node>
  <node id="EFFORT">
    <attribute name="FREQUENCY" value="1" />
  </node>
  <node id="ENCOURAGE">
    <attribute name="FREQUENCY" value="1" />
  </node>
  <node id="ENTERTAIN">
    <attribute name="FREQUENCY" value="4" />
  </node>
  <node id="EVENT">
    <attribute name="FREQUENCY" value="1" />
  </node>
  <node id="EXCESS">
    <attribute name="FREQUENCY" value="1" />
  </node>
  <node id="EXPECT">
    <attribute name="FREQUENCY" value="1" />
  </node>
  <node id="FACTORS">
    <attribute name="FREQUENCY" value="2" />
  </node>
  <node id="FAILURE">
    <attribute name="FREQUENCY" value="1" />
  </node>
  <node id="FOUNDATION">
    <attribute name="FREQUENCY" value="1" />
  </node>
  <node id="FUNDED">
    <attribute name="FREQUENCY" value="1" />
  </node>
  <node id="GLAMOROUS">
    <attribute name="FREQUENCY" value="1" />
  </node>
  <node id="HAPPY">
    <attribute name="FREQUENCY" value="1" />
  </node>
  <node id="HEADLINES">
    <attribute name="FREQUENCY" value="1" />
  </node>
  <node id="HEALTH">
    <attribute name="FREQUENCY" value="4" />
  </node>
  <node id="HEAVY">
    <attribute name="FREQUENCY" value="2" />
  </node>
  <node id="HIGH-RISK">
    <attribute name="FREQUENCY" value="1" />
  </node>
  <node id="HOOVER">
    <attribute name="FREQUENCY" value="1" />
  </node>
  <node id="HOURS">
    <attribute name="FREQUENCY" value="1" />
  </node>
  <node id="HTML">
    <attribute name="FREQUENCY" value="1" />
  </node>
  <node id="INFO">
    <attribute name="FREQUENCY" value="2" />
  </node>
  <node id="IOWA">
    <attribute name="FREQUENCY" value="2" />
  </node>
  <node id="JOHNSON">
    <attribute name="FREQUENCY" value="1" />
  </node>
  <node id="LAUNCH">
    <attribute name="FREQUENCY" value="2" />
  </node>
  <node id="LEHIGH">
    <attribute name="FREQUENCY" value="1" />
  </node>
  <node id="LIMITED">
    <attribute name="FREQUENCY" value="1" />
  </node>
  <node id="MADISON">
    <attribute name="FREQUENCY" value="1" />
  </node>
  <node id="MATTER">
    <attribute name="FREQUENCY" value="1" />
  </node>
  <node id="MEDICAL">
    <attribute name="FREQUENCY" value="1" />
  </node>
  <node id="MODEL">
    <attribute name="FREQUENCY" value="1" />
  </node>
  <node id="MONDAY">
    <attribute name="FREQUENCY" value="1" />
  </node>
  <node id="NATIONAL">
    <attribute name="FREQUENCY" value="1" />
  </node>
  <node id="NEWARK">
    <attribute name="FREQUENCY" value="1" />
  </node>
  <node id="NEWS">
    <attribute name="FREQUENCY" value="4" />
  </node>
  <node id="NEWSWIRE">
    <attribute name="FREQUENCY" value="1" />
  </node>
  <node id="OCTOBER">
    <attribute name="FREQUENCY" value="1" />
  </node>
  <node id="OFFICE">
    <attribute name="FREQUENCY" value="1" />
  </node>
  <node id="PART">
    <attribute name="FREQUENCY" value="1" />
  </node>
  <node id="PARTICIPANTS">
    <attribute name="FREQUENCY" value="1" />
  </node>
  <node id="PARTICIPATE">
    <attribute name="FREQUENCY" value="1" />
  </node>
  <node id="PARTNERSHIP">
    <attribute name="FREQUENCY" value="1" />
  </node>
  <node id="PENNSYLVANIA">
    <attribute name="FREQUENCY" value="1" />
  </node>
  <node id="PILOT">
    <attribute name="FREQUENCY" value="1" />
  </node>
  <node id="PITCHERS">
    <attribute name="FREQUENCY" value="1" />
  </node>
  <node id="PM">
    <attribute name="FREQUENCY" value="1" />
  </node>
  <node id="POLITIC">
    <attribute name="FREQUENCY" value="4" />
  </node>
  <node id="POSTED">
    <attribute name="FREQUENCY" value="1" />
  </node>
  <node id="PRACTICE">
    <attribute name="FREQUENCY" value="1" />
  </node>
  <node id="PRESS">
    <attribute name="FREQUENCY" value="1" />
  </node>
  <node id="PREVENTION">
    <attribute name="FREQUENCY" value="1" />
  </node>
  <node id="PRICE">
    <attribute name="FREQUENCY" value="1" />
  </node>
  <node id="PROBLEMS">
    <attribute name="FREQUENCY" value="1" />
  </node>
  <node id="PROGRAM">
    <attribute name="FREQUENCY" value="7" />
  </node>
  <node id="PROMOTION">
    <attribute name="FREQUENCY" value="2" />
  </node>
  <node id="QUESTIONS">
    <attribute name="FREQUENCY" value="2" />
  </node>
  <node id="REDUCE">
    <attribute name="FREQUENCY" value="1" />
  </node>
  <node id="RELEASE">
    <attribute name="FREQUENCY" value="1" />
  </node>
  <node id="REUTERS">
    <attribute name="FREQUENCY" value="2" />
  </node>
  <node id="ROBERT">
    <attribute name="FREQUENCY" value="1" />
  </node>
  <node id="SANDRA">
    <attribute name="FREQUENCY" value="1" />
  </node>
  <node id="SCOREBOARD">
    <attribute name="FREQUENCY" value="4" />
  </node>
  <node id="SETTING">
    <attribute name="FREQUENCY" value="1" />
  </node>
  <node id="SHOT">
    <attribute name="FREQUENCY" value="1" />
  </node>
  <node id="SOCIETY">
    <attribute name="FREQUENCY" value="1" />
  </node>
  <node id="SPONSORSHIP">
    <attribute name="FREQUENCY" value="1" />
  </node>
  <node id="SPORT">
    <attribute name="FREQUENCY" value="5" />
  </node>
  <node id="STOP">
    <attribute name="FREQUENCY" value="1" />
  </node>
  <node id="STORIES">
    <attribute name="FREQUENCY" value="1" />
  </node>
  <node id="STUDENTS">
    <attribute name="FREQUENCY" value="2" />
  </node>
  <node id="TAKING">
    <attribute name="FREQUENCY" value="1" />
  </node>
  <node id="TECH">
    <attribute name="FREQUENCY" value="4" />
  </node>
  <node id="TEXT">
    <attribute name="FREQUENCY" value="1" />
  </node>
  <node id="TRADITIONAL">
    <attribute name="FREQUENCY" value="1" />
  </node>
  <node id="UNIVERSITY">
    <attribute name="FREQUENCY" value="6" />
  </node>
  <node id="UNIVERSITY-COMMUNITY">
    <attribute name="FREQUENCY" value="1" />
  </node>
  <node id="VERMONT">
    <attribute name="FREQUENCY" value="1" />
  </node>
  <node id="WESTPORT">
    <attribute name="FREQUENCY" value="1" />
  </node>
  <node id="WISCONSIN">
    <attribute name="FREQUENCY" value="1" />
  </node>
  <node id="WOODS">
    <attribute name="FREQUENCY" value="1" />
  </node>
  <node id="WRITE">
    <attribute name="FREQUENCY" value="2" />
  </node>
  <node id="YAHOO">
    <attribute name="FREQUENCY" value="4" />
  </node>
  <node id="YEAR">
    <attribute name="FREQUENCY" value="1" />
  </node>
  <node id="YOUTH">
    <attribute name="FREQUENCY" value="2" />
  </node>
  <edge from="ALCOHOL" to="ADVERTISEMENTS">
    <attribute name="TEXT" value="1" />
  </edge>
  <edge from="ALCOHOL" to="PRICE">
    <attribute name="TEXT" value="1" />
  </edge>
  <edge from="ALCOHOL-INDUSTRY" to="SPONSORSHIP">
    <attribute name="TEXT" value="1" />
  </edge>
  <edge from="AMA" to="LAUNCH">
    <attribute name="TEXT" value="2" />
    <attribute name="KEYWORDS" value="2" />
  </edge>
  <edge from="AMA" to="LAUNCH">
    <attribute name="TEXT" value="2" />
    <attribute name="KEYWORDS" value="2" />
  </edge>
  <edge from="AMA" to="PRESS">
    <attribute name="TEXT" value="1" />
  </edge>
  <edge from="AMERICAN" to="MEDICAL">
    <attribute name="TEXT" value="1" />
  </edge>
  <edge from="BETHLEHEM" to="PENNSYLVANIA">
    <attribute name="TEXT" value="1" />
  </edge>
  <edge from="BLAME" to="YOUTH">
    <attribute name="TEXT" value="1" />
  </edge>
  <edge from="CHEAP" to="ALCOHOL">
    <attribute name="TEXT" value="1" />
  </edge>
  <edge from="CHEAP" to="PITCHERS">
    <attribute name="TEXT" value="1" />
  </edge>
  <edge from="COLLEGE" to="COMMUNITIES">
    <attribute name="TEXT" value="1" />
  </edge>
  <edge from="COLLEGE" to="DRINK">
    <attribute name="TEXT" value="2" />
    <attribute name="KEYWORDS" value="2" />
  </edge>
  <edge from="COLLEGE" to="DRINK">
    <attribute name="TEXT" value="2" />
    <attribute name="KEYWORDS" value="2" />
  </edge>
  <edge from="COLLEGE" to="STUDENTS">
    <attribute name="TEXT" value="2" />
  </edge>
  <edge from="CURB" to="COLLEGE">
    <attribute name="TEXT" value="1" />
    <attribute name="KEYWORDS" value="1" />
  </edge>
  <edge from="CURB" to="COLLEGE">
    <attribute name="TEXT" value="1" />
    <attribute name="KEYWORDS" value="1" />
  </edge>
  <edge from="DRUG" to="ABUSE">
    <attribute name="TEXT" value="1" />
  </edge>
  <edge from="ENCOURAGE" to="HEAVY">
    <attribute name="TEXT" value="1" />
  </edge>
  <edge from="GLAMOROUS" to="ALCOHOL">
    <attribute name="TEXT" value="1" />
  </edge>
  <edge from="HAPPY" to="HOURS">
    <attribute name="TEXT" value="1" />
  </edge>
  <edge from="HEALTH" to="STORIES">
    <attribute name="TEXT" value="1" />
  </edge>
  <edge from="HEAVY" to="DRINK">
    <attribute name="TEXT" value="1" />
  </edge>
  <edge from="HEAVY" to="PROMOTION">
    <attribute name="TEXT" value="1" />
  </edge>
  <edge from="HIGH-RISK" to="DRINK">
    <attribute name="TEXT" value="1" />
  </edge>
  <edge from="HOOVER" to="DIRECTOR">
    <attribute name="TEXT" value="1" />
  </edge>
  <edge from="IOWA" to="CITY">
    <attribute name="TEXT" value="1" />
  </edge>
  <edge from="JOHNSON" to="FOUNDATION">
    <attribute name="TEXT" value="1" />
  </edge>
  <edge from="LAUNCH" to="PROGRAM">
    <attribute name="TEXT" value="2" />
    <attribute name="KEYWORDS" value="2" />
  </edge>
  <edge from="LAUNCH" to="PROGRAM">
    <attribute name="TEXT" value="2" />
    <attribute name="KEYWORDS" value="2" />
  </edge>
  <edge from="LEHIGH" to="UNIVERSITY">
    <attribute name="TEXT" value="1" />
  </edge>
  <edge from="MEDICAL" to="ASSOCIATION">
    <attribute name="TEXT" value="1" />
  </edge>
  <edge from="MONDAY" to="OCTOBER">
    <attribute name="TEXT" value="1" />
  </edge>
  <edge from="NATIONAL" to="EFFORT">
    <attribute name="TEXT" value="1" />
  </edge>
  <edge from="PARTICIPATE" to="PARTNERSHIP">
    <attribute name="TEXT" value="1" />
  </edge>
  <edge from="PILOT" to="PROGRAM">
    <attribute name="TEXT" value="1" />
  </edge>
  <edge from="PM" to="EDT">
    <attribute name="TEXT" value="1" />
  </edge>
  <edge from="PRESS" to="RELEASE">
    <attribute name="TEXT" value="1" />
  </edge>
  <edge from="PREVENTION" to="MODEL">
    <attribute name="TEXT" value="1" />
  </edge>
  <edge from="PROGRAM" to="CALLED">
    <attribute name="TEXT" value="1" />
  </edge>
  <edge from="PROMOTION" to="PRACTICE">
    <attribute name="TEXT" value="1" />
  </edge>
  <edge from="REDUCE" to="HIGH-RISK">
    <attribute name="TEXT" value="1" />
  </edge>
  <edge from="RELEASE" to="POSTED">
    <attribute name="TEXT" value="1" />
  </edge>
  <edge from="REUTERS" to="LIMITED">
    <attribute name="TEXT" value="1" />
  </edge>
  <edge from="ROBERT" to="WOODS">
    <attribute name="TEXT" value="1" />
  </edge>
  <edge from="SANDRA" to="HOOVER">
    <attribute name="TEXT" value="1" />
  </edge>
  <edge from="SPORT" to="EVENT">
    <attribute name="TEXT" value="1" />
  </edge>
  <edge from="STOP" to="BLAME">
    <attribute name="TEXT" value="1" />
  </edge>
  <edge from="STORIES" to="COLLEGE">
    <attribute name="TEXT" value="1" />
  </edge>
  <edge from="TAKING" to="PART">
    <attribute name="TEXT" value="1" />
  </edge>
  <edge from="TEXT" to="HEADLINES">
    <attribute name="TEXT" value="1" />
  </edge>
  <edge from="TRADITIONAL" to="EDUCATIONAL">
    <attribute name="TEXT" value="1" />
  </edge>
  <edge from="UNIVERSITY-COMMUNITY" to="COALITION">
    <attribute name="TEXT" value="1" />
  </edge>
  <edge from="WOODS" to="JOHNSON">
    <attribute name="TEXT" value="1" />
  </edge>
  <edge from="YEAR" to="PILOT">
    <attribute name="TEXT" value="1" />
  </edge>
</graph>
