<graph>
  <node id="ACCEPTED">
    <attribute name="FREQUENCY" value="1" />
  </node>
  <node id="ACUTE">
    <attribute name="FREQUENCY" value="1" />
  </node>
  <node id="ADD">
    <attribute name="FREQUENCY" value="1" />
  </node>
  <node id="ADEQUATE">
    <attribute name="FREQUENCY" value="1" />
  </node>
  <node id="AEROSOLIZATION">
    <attribute name="FREQUENCY" value="2" />
  </node>
  <node id="AEROSOLIZED">
    <attribute name="FREQUENCY" value="3" />
  </node>
  <node id="AGENCY">
    <attribute name="FREQUENCY" value="1" />
  </node>
  <node id="AIR">
    <attribute name="FREQUENCY" value="11" />
  </node>
  <node id="AIRBORNE">
    <attribute name="FREQUENCY" value="4" />
  </node>
  <node id="ALLERGIES">
    <attribute name="FREQUENCY" value="1" />
  </node>
  <node id="ANALYSIS">
    <attribute name="FREQUENCY" value="1" />
  </node>
  <node id="ANNUALLY">
    <attribute name="FREQUENCY" value="1" />
  </node>
  <node id="APPLIED">
    <attribute name="FREQUENCY" value="2" />
  </node>
  <node id="APPROXIMATION">
    <attribute name="FREQUENCY" value="1" />
  </node>
  <node id="BACTERIA">
    <attribute name="FREQUENCY" value="17" />
  </node>
  <node id="BACTERIAL">
    <attribute name="FREQUENCY" value="6" />
  </node>
  <node id="BIZ">
    <attribute name="FREQUENCY" value="4" />
  </node>
  <node id="BUILDING">
    <attribute name="FREQUENCY" value="2" />
  </node>
  <node id="BUILDINGS">
    <attribute name="FREQUENCY" value="4" />
  </node>
  <node id="BURDEN">
    <attribute name="FREQUENCY" value="1" />
  </node>
  <node id="CAPABLE">
    <attribute name="FREQUENCY" value="1" />
  </node>
  <node id="CELLS">
    <attribute name="FREQUENCY" value="5" />
  </node>
  <node id="CHEMICAL">
    <attribute name="FREQUENCY" value="1" />
  </node>
  <node id="CHRONIC">
    <attribute name="FREQUENCY" value="1" />
  </node>
  <node id="COLONIES">
    <attribute name="FREQUENCY" value="2" />
  </node>
  <node id="COMMENTS">
    <attribute name="FREQUENCY" value="2" />
  </node>
  <node id="CONCERNS">
    <attribute name="FREQUENCY" value="1" />
  </node>
  <node id="CONCLUDED">
    <attribute name="FREQUENCY" value="1" />
  </node>
  <node id="CONTAINERS">
    <attribute name="FREQUENCY" value="2" />
  </node>
  <node id="COUNT">
    <attribute name="FREQUENCY" value="5" />
  </node>
  <node id="COUNTED">
    <attribute name="FREQUENCY" value="1" />
  </node>
  <node id="CULTURABILITY">
    <attribute name="FREQUENCY" value="1" />
  </node>
  <node id="CULTURABLE">
    <attribute name="FREQUENCY" value="1" />
  </node>
  <node id="CULTURE">
    <attribute name="FREQUENCY" value="2" />
  </node>
  <node id="CURRENT">
    <attribute name="FREQUENCY" value="1" />
  </node>
  <node id="DECREASED">
    <attribute name="FREQUENCY" value="1" />
  </node>
  <node id="DESCRIPTION">
    <attribute name="FREQUENCY" value="1" />
  </node>
  <node id="DETECT">
    <attribute name="FREQUENCY" value="1" />
  </node>
  <node id="DIFFICULT">
    <attribute name="FREQUENCY" value="1" />
  </node>
  <node id="DIRECTLY">
    <attribute name="FREQUENCY" value="2" />
  </node>
  <node id="DNA">
    <attribute name="FREQUENCY" value="4" />
  </node>
  <node id="EARLIER">
    <attribute name="FREQUENCY" value="1" />
  </node>
  <node id="EDT">
    <attribute name="FREQUENCY" value="1" />
  </node>
  <node id="ENCLOSED">
    <attribute name="FREQUENCY" value="1" />
  </node>
  <node id="ENERGY-EFFICIENT">
    <attribute name="FREQUENCY" value="1" />
  </node>
  <node id="ENTER">
    <attribute name="FREQUENCY" value="1" />
  </node>
  <node id="ENTERTAIN">
    <attribute name="FREQUENCY" value="4" />
  </node>
  <node id="ENUMERATE">
    <attribute name="FREQUENCY" value="1" />
  </node>
  <node id="ENVIRONMENTAL">
    <attribute name="FREQUENCY" value="3" />
  </node>
  <node id="ESTIMATED">
    <attribute name="FREQUENCY" value="2" />
  </node>
  <node id="FORM">
    <attribute name="FREQUENCY" value="1" />
  </node>
  <node id="FRACTURE">
    <attribute name="FREQUENCY" value="4" />
  </node>
  <node id="FRIDAY">
    <attribute name="FREQUENCY" value="1" />
  </node>
  <node id="GENERALLY">
    <attribute name="FREQUENCY" value="1" />
  </node>
  <node id="GLASS">
    <attribute name="FREQUENCY" value="2" />
  </node>
  <node id="GREATER">
    <attribute name="FREQUENCY" value="1" />
  </node>
  <node id="GROWN">
    <attribute name="FREQUENCY" value="1" />
  </node>
  <node id="HEADLINES">
    <attribute name="FREQUENCY" value="1" />
  </node>
  <node id="HEALTH">
    <attribute name="FREQUENCY" value="5" />
  </node>
  <node id="HOURS">
    <attribute name="FREQUENCY" value="1" />
  </node>
  <node id="HTML">
    <attribute name="FREQUENCY" value="1" />
  </node>
  <node id="INADEQUATE">
    <attribute name="FREQUENCY" value="1" />
  </node>
  <node id="INCREASED">
    <attribute name="FREQUENCY" value="1" />
  </node>
  <node id="INCUBATED">
    <attribute name="FREQUENCY" value="1" />
  </node>
  <node id="INDIRECTLY">
    <attribute name="FREQUENCY" value="1" />
  </node>
  <node id="INDOOR">
    <attribute name="FREQUENCY" value="7" />
  </node>
  <node id="INFANT">
    <attribute name="FREQUENCY" value="4" />
  </node>
  <node id="INFO">
    <attribute name="FREQUENCY" value="2" />
  </node>
  <node id="INVOLVED">
    <attribute name="FREQUENCY" value="1" />
  </node>
  <node id="JOURNAL">
    <attribute name="FREQUENCY" value="1" />
  </node>
  <node id="LEVELS">
    <attribute name="FREQUENCY" value="1" />
  </node>
  <node id="LIMITED">
    <attribute name="FREQUENCY" value="1" />
  </node>
  <node id="LINKED">
    <attribute name="FREQUENCY" value="1" />
  </node>
  <node id="MAINTAINED">
    <attribute name="FREQUENCY" value="1" />
  </node>
  <node id="MAJORITY">
    <attribute name="FREQUENCY" value="1" />
  </node>
  <node id="MARYLAND">
    <attribute name="FREQUENCY" value="1" />
  </node>
  <node id="MEDIA">
    <attribute name="FREQUENCY" value="1" />
  </node>
  <node id="METHOD">
    <attribute name="FREQUENCY" value="4" />
  </node>
  <node id="MICROBE">
    <attribute name="FREQUENCY" value="1" />
  </node>
  <node id="MICROBIOLOGY">
    <attribute name="FREQUENCY" value="2" />
  </node>
  <node id="MICROORGANISMS">
    <attribute name="FREQUENCY" value="1" />
  </node>
  <node id="MICROSCOPE">
    <attribute name="FREQUENCY" value="1" />
  </node>
  <node id="MILLION">
    <attribute name="FREQUENCY" value="1" />
  </node>
  <node id="MONTH">
    <attribute name="FREQUENCY" value="1" />
  </node>
  <node id="NEEDED">
    <attribute name="FREQUENCY" value="1" />
  </node>
  <node id="NEWER">
    <attribute name="FREQUENCY" value="1" />
  </node>
  <node id="NEWS">
    <attribute name="FREQUENCY" value="4" />
  </node>
  <node id="NONCULTURABLE">
    <attribute name="FREQUENCY" value="1" />
  </node>
  <node id="NOTES">
    <attribute name="FREQUENCY" value="3" />
  </node>
  <node id="NOTING">
    <attribute name="FREQUENCY" value="1" />
  </node>
  <node id="NUMBERS">
    <attribute name="FREQUENCY" value="1" />
  </node>
  <node id="PATH">
    <attribute name="FREQUENCY" value="4" />
  </node>
  <node id="PLATE">
    <attribute name="FREQUENCY" value="2" />
  </node>
  <node id="PLAY">
    <attribute name="FREQUENCY" value="1" />
  </node>
  <node id="PM">
    <attribute name="FREQUENCY" value="2" />
  </node>
  <node id="POINT">
    <attribute name="FREQUENCY" value="1" />
  </node>
  <node id="POLITIC">
    <attribute name="FREQUENCY" value="4" />
  </node>
  <node id="POLLUTION">
    <attribute name="FREQUENCY" value="1" />
  </node>
  <node id="POTENTIALLY">
    <attribute name="FREQUENCY" value="1" />
  </node>
  <node id="PROBLEMS">
    <attribute name="FREQUENCY" value="1" />
  </node>
  <node id="PROCEDURE">
    <attribute name="FREQUENCY" value="2" />
  </node>
  <node id="PRONE">
    <attribute name="FREQUENCY" value="4" />
  </node>
  <node id="PROTECTION">
    <attribute name="FREQUENCY" value="1" />
  </node>
  <node id="PROVIDE">
    <attribute name="FREQUENCY" value="2" />
  </node>
  <node id="PUBLIC">
    <attribute name="FREQUENCY" value="1" />
  </node>
  <node id="PUBLISHED">
    <attribute name="FREQUENCY" value="1" />
  </node>
  <node id="QUALITY">
    <attribute name="FREQUENCY" value="1" />
  </node>
  <node id="QUANTIFICATION">
    <attribute name="FREQUENCY" value="1" />
  </node>
  <node id="QUESTIONS">
    <attribute name="FREQUENCY" value="2" />
  </node>
  <node id="RAPIDLY">
    <attribute name="FREQUENCY" value="1" />
  </node>
  <node id="RECYCLED">
    <attribute name="FREQUENCY" value="1" />
  </node>
  <node id="RELATED">
    <attribute name="FREQUENCY" value="1" />
  </node>
  <node id="REMAIN">
    <attribute name="FREQUENCY" value="1" />
  </node>
  <node id="REPAIR">
    <attribute name="FREQUENCY" value="4" />
  </node>
  <node id="REPORT">
    <attribute name="FREQUENCY" value="1" />
  </node>
  <node id="RESEARCHERS">
    <attribute name="FREQUENCY" value="6" />
  </node>
  <node id="RESPIRATORY">
    <attribute name="FREQUENCY" value="1" />
  </node>
  <node id="RESULTS">
    <attribute name="FREQUENCY" value="1" />
  </node>
  <node id="REUTERS">
    <attribute name="FREQUENCY" value="2" />
  </node>
  <node id="ROLE">
    <attribute name="FREQUENCY" value="2" />
  </node>
  <node id="SAMPLES">
    <attribute name="FREQUENCY" value="2" />
  </node>
  <node id="SBS">
    <attribute name="FREQUENCY" value="3" />
  </node>
  <node id="SCOREBOARD">
    <attribute name="FREQUENCY" value="4" />
  </node>
  <node id="SEALED">
    <attribute name="FREQUENCY" value="1" />
  </node>
  <node id="SEP">
    <attribute name="FREQUENCY" value="1" />
  </node>
  <node id="SEPTEMBER">
    <attribute name="FREQUENCY" value="1" />
  </node>
  <node id="SICK">
    <attribute name="FREQUENCY" value="1" />
  </node>
  <node id="SKULLS">
    <attribute name="FREQUENCY" value="4" />
  </node>
  <node id="SOURCE">
    <attribute name="FREQUENCY" value="1" />
  </node>
  <node id="SPECIES">
    <attribute name="FREQUENCY" value="1" />
  </node>
  <node id="SPORT">
    <attribute name="FREQUENCY" value="4" />
  </node>
  <node id="SPRAYED">
    <attribute name="FREQUENCY" value="1" />
  </node>
  <node id="STAGE">
    <attribute name="FREQUENCY" value="2" />
  </node>
  <node id="STAIN">
    <attribute name="FREQUENCY" value="1" />
  </node>
  <node id="STATES">
    <attribute name="FREQUENCY" value="2" />
  </node>
  <node id="STORIES">
    <attribute name="FREQUENCY" value="2" />
  </node>
  <node id="STORY">
    <attribute name="FREQUENCY" value="4" />
  </node>
  <node id="STRAIN">
    <attribute name="FREQUENCY" value="1" />
  </node>
  <node id="STUDY">
    <attribute name="FREQUENCY" value="3" />
  </node>
  <node id="SUGGESTS">
    <attribute name="FREQUENCY" value="1" />
  </node>
  <node id="SYMPTOMS">
    <attribute name="FREQUENCY" value="2" />
  </node>
  <node id="SYNDROME">
    <attribute name="FREQUENCY" value="1" />
  </node>
  <node id="TECH">
    <attribute name="FREQUENCY" value="4" />
  </node>
  <node id="TECHNIQUE">
    <attribute name="FREQUENCY" value="1" />
  </node>
  <node id="TEXT">
    <attribute name="FREQUENCY" value="1" />
  </node>
  <node id="THU">
    <attribute name="FREQUENCY" value="1" />
  </node>
  <node id="TOTAL">
    <attribute name="FREQUENCY" value="2" />
  </node>
  <node id="TRADITIONAL">
    <attribute name="FREQUENCY" value="1" />
  </node>
  <node id="UNDERSTATE">
    <attribute name="FREQUENCY" value="1" />
  </node>
  <node id="UNDERSTATED">
    <attribute name="FREQUENCY" value="4" />
  </node>
  <node id="UNITED">
    <attribute name="FREQUENCY" value="1" />
  </node>
  <node id="UNIVERSITY">
    <attribute name="FREQUENCY" value="1" />
  </node>
  <node id="UNKNOWN">
    <attribute name="FREQUENCY" value="1" />
  </node>
  <node id="VIABILITY">
    <attribute name="FREQUENCY" value="1" />
  </node>
  <node id="VIABLE">
    <attribute name="FREQUENCY" value="2" />
  </node>
  <node id="VISIBLE">
    <attribute name="FREQUENCY" value="1" />
  </node>
  <node id="WORKERS">
    <attribute name="FREQUENCY" value="1" />
  </node>
  <node id="WRITE">
    <attribute name="FREQUENCY" value="2" />
  </node>
  <node id="YAHOO">
    <attribute name="FREQUENCY" value="4" />
  </node>
  <node id="YORK">
    <attribute name="FREQUENCY" value="1" />
  </node>
  <edge from="ADEQUATE" to="DESCRIPTION">
    <attribute name="TEXT" value="1" />
  </edge>
  <edge from="AEROSOLIZED" to="BACTERIA">
    <attribute name="TEXT" value="1" />
  </edge>
  <edge from="AEROSOLIZED" to="SAMPLES">
    <attribute name="TEXT" value="2" />
  </edge>
  <edge from="AIR" to="POLLUTION">
    <attribute name="TEXT" value="1" />
  </edge>
  <edge from="AIR" to="UNDERSTATED">
    <attribute name="TEXT" value="2" />
    <attribute name="LINKS" value="1" />
    <attribute name="KEYWORDS" value="1" />
  </edge>
  <edge from="AIR" to="UNDERSTATED">
    <attribute name="TEXT" value="2" />
    <attribute name="LINKS" value="1" />
    <attribute name="KEYWORDS" value="1" />
  </edge>
  <edge from="AIR" to="UNDERSTATED">
    <attribute name="TEXT" value="2" />
    <attribute name="LINKS" value="1" />
    <attribute name="KEYWORDS" value="1" />
  </edge>
  <edge from="AIRBORNE" to="BACTERIA">
    <attribute name="TEXT" value="3" />
  </edge>
  <edge from="AIRBORNE" to="MICROBE">
    <attribute name="TEXT" value="1" />
  </edge>
  <edge from="BACTERIA" to="CELLS">
    <attribute name="TEXT" value="1" />
  </edge>
  <edge from="BACTERIA" to="COLONIES">
    <attribute name="TEXT" value="1" />
  </edge>
  <edge from="BACTERIA" to="ENTER">
    <attribute name="TEXT" value="1" />
  </edge>
  <edge from="BACTERIA" to="SPECIES">
    <attribute name="TEXT" value="1" />
  </edge>
  <edge from="BACTERIAL" to="ANALYSIS">
    <attribute name="TEXT" value="1" />
  </edge>
  <edge from="BACTERIAL" to="BURDEN">
    <attribute name="TEXT" value="1" />
  </edge>
  <edge from="BACTERIAL" to="CELLS">
    <attribute name="TEXT" value="1" />
  </edge>
  <edge from="BACTERIAL" to="COUNT">
    <attribute name="TEXT" value="1" />
  </edge>
  <edge from="BACTERIAL" to="STRAIN">
    <attribute name="TEXT" value="1" />
  </edge>
  <edge from="BUILDING" to="AIR">
    <attribute name="TEXT" value="1" />
  </edge>
  <edge from="BUILDING" to="SYNDROME">
    <attribute name="TEXT" value="1" />
  </edge>
  <edge from="CELLS" to="COUNT">
    <attribute name="TEXT" value="1" />
  </edge>
  <edge from="CHRONIC" to="RESPIRATORY">
    <attribute name="TEXT" value="1" />
  </edge>
  <edge from="COUNT" to="AIRBORNE">
    <attribute name="TEXT" value="1" />
  </edge>
  <edge from="COUNT" to="PROCEDURE">
    <attribute name="TEXT" value="1" />
  </edge>
  <edge from="CULTURABLE" to="CELLS">
    <attribute name="TEXT" value="1" />
  </edge>
  <edge from="CULTURE" to="TECHNIQUE">
    <attribute name="TEXT" value="1" />
  </edge>
  <edge from="CURRENT" to="METHOD">
    <attribute name="TEXT" value="1" />
  </edge>
  <edge from="DIRECTLY" to="STAIN">
    <attribute name="TEXT" value="1" />
  </edge>
  <edge from="DNA" to="REPAIR">
    <attribute name="TEXT" value="2" />
    <attribute name="LINKS" value="2" />
  </edge>
  <edge from="DNA" to="REPAIR">
    <attribute name="TEXT" value="2" />
    <attribute name="LINKS" value="2" />
  </edge>
  <edge from="EARLIER" to="RELATED">
    <attribute name="TEXT" value="1" />
  </edge>
  <edge from="ENCLOSED" to="BUILDINGS">
    <attribute name="TEXT" value="1" />
  </edge>
  <edge from="ENERGY-EFFICIENT" to="BUILDINGS">
    <attribute name="TEXT" value="1" />
  </edge>
  <edge from="ENTER" to="STAGE">
    <attribute name="TEXT" value="1" />
  </edge>
  <edge from="ENUMERATE" to="BACTERIA">
    <attribute name="TEXT" value="1" />
  </edge>
  <edge from="ENVIRONMENTAL" to="MICROBIOLOGY">
    <attribute name="TEXT" value="2" />
  </edge>
  <edge from="ENVIRONMENTAL" to="PROTECTION">
    <attribute name="TEXT" value="1" />
  </edge>
  <edge from="FORM" to="VISIBLE">
    <attribute name="TEXT" value="1" />
  </edge>
  <edge from="FRIDAY" to="SEPTEMBER">
    <attribute name="TEXT" value="1" />
  </edge>
  <edge from="GENERALLY" to="ACCEPTED">
    <attribute name="TEXT" value="1" />
  </edge>
  <edge from="GLASS" to="CONTAINERS">
    <attribute name="TEXT" value="1" />
  </edge>
  <edge from="GLASS" to="PLATE">
    <attribute name="TEXT" value="1" />
  </edge>
  <edge from="HEALTH" to="QUALITY">
    <attribute name="TEXT" value="1" />
  </edge>
  <edge from="HEALTH" to="STORIES">
    <attribute name="TEXT" value="1" />
  </edge>
  <edge from="INCREASED" to="NUMBERS">
    <attribute name="TEXT" value="1" />
  </edge>
  <edge from="INDIRECTLY" to="INVOLVED">
    <attribute name="TEXT" value="1" />
  </edge>
  <edge from="INDOOR" to="AIR">
    <attribute name="TEXT" value="5" />
    <attribute name="LINKS" value="1" />
    <attribute name="KEYWORDS" value="1" />
  </edge>
  <edge from="INDOOR" to="AIR">
    <attribute name="TEXT" value="5" />
    <attribute name="LINKS" value="1" />
    <attribute name="KEYWORDS" value="1" />
  </edge>
  <edge from="INDOOR" to="AIR">
    <attribute name="TEXT" value="5" />
    <attribute name="LINKS" value="1" />
    <attribute name="KEYWORDS" value="1" />
  </edge>
  <edge from="INFANT" to="SKULLS">
    <attribute name="TEXT" value="2" />
    <attribute name="LINKS" value="2" />
  </edge>
  <edge from="INFANT" to="SKULLS">
    <attribute name="TEXT" value="2" />
    <attribute name="LINKS" value="2" />
  </edge>
  <edge from="JOURNAL" to="APPLIED">
    <attribute name="TEXT" value="1" />
  </edge>
  <edge from="MILLION" to="WORKERS">
    <attribute name="TEXT" value="1" />
  </edge>
  <edge from="NEWER" to="ENERGY-EFFICIENT">
    <attribute name="TEXT" value="1" />
  </edge>
  <edge from="PLATE" to="COUNT">
    <attribute name="TEXT" value="1" />
  </edge>
  <edge from="PLAY" to="ROLE">
    <attribute name="TEXT" value="1" />
  </edge>
  <edge from="PM" to="EDT">
    <attribute name="TEXT" value="1" />
  </edge>
  <edge from="PROCEDURE" to="PROVIDE">
    <attribute name="TEXT" value="1" />
  </edge>
  <edge from="PROTECTION" to="AGENCY">
    <attribute name="TEXT" value="1" />
  </edge>
  <edge from="PUBLIC" to="HEALTH">
    <attribute name="TEXT" value="1" />
  </edge>
  <edge from="RAPIDLY" to="DECREASED">
    <attribute name="TEXT" value="1" />
  </edge>
  <edge from="RELATED" to="STORIES">
    <attribute name="TEXT" value="1" />
  </edge>
  <edge from="REPAIR" to="PATH">
    <attribute name="TEXT" value="2" />
    <attribute name="LINKS" value="2" />
  </edge>
  <edge from="REPAIR" to="PATH">
    <attribute name="TEXT" value="2" />
    <attribute name="LINKS" value="2" />
  </edge>
  <edge from="REPORT" to="PUBLISHED">
    <attribute name="TEXT" value="1" />
  </edge>
  <edge from="RESEARCHERS" to="NOTES">
    <attribute name="TEXT" value="1" />
  </edge>
  <edge from="RESEARCHERS" to="POINT">
    <attribute name="TEXT" value="1" />
  </edge>
  <edge from="RESEARCHERS" to="SPRAYED">
    <attribute name="TEXT" value="1" />
  </edge>
  <edge from="RESPIRATORY" to="PROBLEMS">
    <attribute name="TEXT" value="1" />
  </edge>
  <edge from="REUTERS" to="LIMITED">
    <attribute name="TEXT" value="1" />
  </edge>
  <edge from="SBS" to="REMAIN">
    <attribute name="TEXT" value="1" />
  </edge>
  <edge from="SICK" to="BUILDING">
    <attribute name="TEXT" value="1" />
  </edge>
  <edge from="SKULLS" to="PRONE">
    <attribute name="TEXT" value="2" />
    <attribute name="LINKS" value="2" />
  </edge>
  <edge from="SKULLS" to="PRONE">
    <attribute name="TEXT" value="2" />
    <attribute name="LINKS" value="2" />
  </edge>
  <edge from="SPRAYED" to="AEROSOLIZED">
    <attribute name="TEXT" value="1" />
  </edge>
  <edge from="STATES" to="ADD">
    <attribute name="TEXT" value="1" />
  </edge>
  <edge from="STORIES" to="BACTERIA">
    <attribute name="TEXT" value="1" />
  </edge>
  <edge from="STRAIN" to="RAPIDLY">
    <attribute name="TEXT" value="1" />
  </edge>
  <edge from="STUDY" to="SUGGESTS">
    <attribute name="TEXT" value="1" />
  </edge>
  <edge from="TEXT" to="HEADLINES">
    <attribute name="TEXT" value="1" />
  </edge>
  <edge from="THU" to="SEP">
    <attribute name="TEXT" value="1" />
  </edge>
  <edge from="TRADITIONAL" to="METHOD">
    <attribute name="TEXT" value="1" />
  </edge>
  <edge from="UNITED" to="STATES">
    <attribute name="TEXT" value="1" />
  </edge>
  <edge from="VIABLE" to="BACTERIA">
    <attribute name="TEXT" value="1" />
  </edge>
  <edge from="VISIBLE" to="COLONIES">
    <attribute name="TEXT" value="1" />
  </edge>
</graph>
