<graph>
  <node id="ACCOUNTABILITY">
    <attribute name="FREQUENCY" value="1" />
  </node>
  <node id="ACCREDITATION">
    <attribute name="FREQUENCY" value="1" />
  </node>
  <node id="ACHIEVE">
    <attribute name="FREQUENCY" value="1" />
  </node>
  <node id="ACUTELY">
    <attribute name="FREQUENCY" value="1" />
  </node>
  <node id="AGE">
    <attribute name="FREQUENCY" value="1" />
  </node>
  <node id="AIRBAG">
    <attribute name="FREQUENCY" value="4" />
  </node>
  <node id="ALLIEDSIGNAL">
    <attribute name="FREQUENCY" value="2" />
  </node>
  <node id="AMERICAN">
    <attribute name="FREQUENCY" value="2" />
  </node>
  <node id="APPOINTMENT">
    <attribute name="FREQUENCY" value="1" />
  </node>
  <node id="APPROVAL">
    <attribute name="FREQUENCY" value="1" />
  </node>
  <node id="ASSOCIATION">
    <attribute name="FREQUENCY" value="1" />
  </node>
  <node id="ASSURANCE">
    <attribute name="FREQUENCY" value="1" />
  </node>
  <node id="ATTACK">
    <attribute name="FREQUENCY" value="1" />
  </node>
  <node id="AVAILABILITY">
    <attribute name="FREQUENCY" value="1" />
  </node>
  <node id="AVERAGE">
    <attribute name="FREQUENCY" value="4" />
  </node>
  <node id="AVERAGED">
    <attribute name="FREQUENCY" value="1" />
  </node>
  <node id="BELIEVED">
    <attribute name="FREQUENCY" value="1" />
  </node>
  <node id="BETA">
    <attribute name="FREQUENCY" value="3" />
  </node>
  <node id="BETA-BLOCKERS">
    <attribute name="FREQUENCY" value="1" />
  </node>
  <node id="BIRTHDAY">
    <attribute name="FREQUENCY" value="1" />
  </node>
  <node id="BIZ">
    <attribute name="FREQUENCY" value="4" />
  </node>
  <node id="BLOCKERS">
    <attribute name="FREQUENCY" value="3" />
  </node>
  <node id="BREAST">
    <attribute name="FREQUENCY" value="1" />
  </node>
  <node id="BUSINESS">
    <attribute name="FREQUENCY" value="1" />
  </node>
  <node id="CALLED">
    <attribute name="FREQUENCY" value="1" />
  </node>
  <node id="CANCER">
    <attribute name="FREQUENCY" value="2" />
  </node>
  <node id="CARE">
    <attribute name="FREQUENCY" value="11" />
  </node>
  <node id="CARY">
    <attribute name="FREQUENCY" value="1" />
  </node>
  <node id="CERVICAL">
    <attribute name="FREQUENCY" value="1" />
  </node>
  <node id="CESAREAN">
    <attribute name="FREQUENCY" value="1" />
  </node>
  <node id="CESSATION">
    <attribute name="FREQUENCY" value="2" />
  </node>
  <node id="CHIEF">
    <attribute name="FREQUENCY" value="1" />
  </node>
  <node id="CHILDHOOD">
    <attribute name="FREQUENCY" value="1" />
  </node>
  <node id="CHILDREN">
    <attribute name="FREQUENCY" value="1" />
  </node>
  <node id="CHOICE">
    <attribute name="FREQUENCY" value="2" />
  </node>
  <node id="CHOOSE">
    <attribute name="FREQUENCY" value="2" />
  </node>
  <node id="CHRONICALLY">
    <attribute name="FREQUENCY" value="1" />
  </node>
  <node id="CLAMOR">
    <attribute name="FREQUENCY" value="1" />
  </node>
  <node id="CLINICAL">
    <attribute name="FREQUENCY" value="1" />
  </node>
  <node id="COLEMAN">
    <attribute name="FREQUENCY" value="1" />
  </node>
  <node id="COMMENTS">
    <attribute name="FREQUENCY" value="2" />
  </node>
  <node id="COMMERCIALLY">
    <attribute name="FREQUENCY" value="1" />
  </node>
  <node id="COMMISSIONED">
    <attribute name="FREQUENCY" value="1" />
  </node>
  <node id="COMMITTED">
    <attribute name="FREQUENCY" value="1" />
  </node>
  <node id="COMMITTEE">
    <attribute name="FREQUENCY" value="1" />
  </node>
  <node id="COMPANY">
    <attribute name="FREQUENCY" value="1" />
  </node>
  <node id="COMPAS">
    <attribute name="FREQUENCY" value="2" />
  </node>
  <node id="COMPLETELY">
    <attribute name="FREQUENCY" value="1" />
  </node>
  <node id="CONSIDERED">
    <attribute name="FREQUENCY" value="1" />
  </node>
  <node id="CONTRACT">
    <attribute name="FREQUENCY" value="1" />
  </node>
  <node id="CURRENT">
    <attribute name="FREQUENCY" value="1" />
  </node>
  <node id="DATA">
    <attribute name="FREQUENCY" value="4" />
  </node>
  <node id="DATABASE">
    <attribute name="FREQUENCY" value="1" />
  </node>
  <node id="DECISION">
    <attribute name="FREQUENCY" value="1" />
  </node>
  <node id="DELAY">
    <attribute name="FREQUENCY" value="1" />
  </node>
  <node id="DELIVER">
    <attribute name="FREQUENCY" value="1" />
  </node>
  <node id="DEVICES">
    <attribute name="FREQUENCY" value="4" />
  </node>
  <node id="DIABETIC">
    <attribute name="FREQUENCY" value="1" />
  </node>
  <node id="DIPTHERIA-TETANUS-PERTUSSIS">
    <attribute name="FREQUENCY" value="1" />
  </node>
  <node id="DISSATISFIED">
    <attribute name="FREQUENCY" value="1" />
  </node>
  <node id="DOCTORS">
    <attribute name="FREQUENCY" value="2" />
  </node>
  <node id="DRAWN">
    <attribute name="FREQUENCY" value="1" />
  </node>
  <node id="EDT">
    <attribute name="FREQUENCY" value="1" />
  </node>
  <node id="EMPLOYEES">
    <attribute name="FREQUENCY" value="1" />
  </node>
  <node id="EMPLOYERS">
    <attribute name="FREQUENCY" value="2" />
  </node>
  <node id="EMPLOYING">
    <attribute name="FREQUENCY" value="1" />
  </node>
  <node id="ENROLLEES">
    <attribute name="FREQUENCY" value="3" />
  </node>
  <node id="ENTERTAIN">
    <attribute name="FREQUENCY" value="4" />
  </node>
  <node id="ENTRY">
    <attribute name="FREQUENCY" value="1" />
  </node>
  <node id="EXAMINE">
    <attribute name="FREQUENCY" value="1" />
  </node>
  <node id="EXAMS">
    <attribute name="FREQUENCY" value="1" />
  </node>
  <node id="EXCELLENT">
    <attribute name="FREQUENCY" value="2" />
  </node>
  <node id="EXECUTIVE">
    <attribute name="FREQUENCY" value="1" />
  </node>
  <node id="EYES">
    <attribute name="FREQUENCY" value="1" />
  </node>
  <node id="FINDINGS">
    <attribute name="FREQUENCY" value="3" />
  </node>
  <node id="FINDS">
    <attribute name="FREQUENCY" value="1" />
  </node>
  <node id="FOCUS">
    <attribute name="FREQUENCY" value="1" />
  </node>
  <node id="GENERALLY">
    <attribute name="FREQUENCY" value="1" />
  </node>
  <node id="GOOD">
    <attribute name="FREQUENCY" value="3" />
  </node>
  <node id="GREATLY">
    <attribute name="FREQUENCY" value="1" />
  </node>
  <node id="HEADLINES">
    <attribute name="FREQUENCY" value="1" />
  </node>
  <node id="HEALTH">
    <attribute name="FREQUENCY" value="15" />
  </node>
  <node id="HEART">
    <attribute name="FREQUENCY" value="1" />
  </node>
  <node id="HEDIS">
    <attribute name="FREQUENCY" value="2" />
  </node>
  <node id="HELPS">
    <attribute name="FREQUENCY" value="4" />
  </node>
  <node id="HEPATITIS">
    <attribute name="FREQUENCY" value="1" />
  </node>
  <node id="HIGH">
    <attribute name="FREQUENCY" value="2" />
  </node>
  <node id="HMO">
    <attribute name="FREQUENCY" value="7" />
  </node>
  <node id="HTML">
    <attribute name="FREQUENCY" value="1" />
  </node>
  <node id="HUMAN">
    <attribute name="FREQUENCY" value="1" />
  </node>
  <node id="IMMUNIZATION">
    <attribute name="FREQUENCY" value="3" />
  </node>
  <node id="IMPROVE">
    <attribute name="FREQUENCY" value="1" />
  </node>
  <node id="IMPROVEMENT">
    <attribute name="FREQUENCY" value="1" />
  </node>
  <node id="INDEPENDENT">
    <attribute name="FREQUENCY" value="1" />
  </node>
  <node id="INDIVIDUALS">
    <attribute name="FREQUENCY" value="1" />
  </node>
  <node id="INFARCTION">
    <attribute name="FREQUENCY" value="1" />
  </node>
  <node id="INFLUENZA">
    <attribute name="FREQUENCY" value="1" />
  </node>
  <node id="INFO">
    <attribute name="FREQUENCY" value="2" />
  </node>
  <node id="INFORMATION">
    <attribute name="FREQUENCY" value="5" />
  </node>
  <node id="INJURY">
    <attribute name="FREQUENCY" value="4" />
  </node>
  <node id="INSURED">
    <attribute name="FREQUENCY" value="1" />
  </node>
  <node id="KANE">
    <attribute name="FREQUENCY" value="1" />
  </node>
  <node id="LABEL">
    <attribute name="FREQUENCY" value="4" />
  </node>
  <node id="LATEX">
    <attribute name="FREQUENCY" value="4" />
  </node>
  <node id="LENGTH">
    <attribute name="FREQUENCY" value="1" />
  </node>
  <node id="LIGHT">
    <attribute name="FREQUENCY" value="1" />
  </node>
  <node id="LIMITED">
    <attribute name="FREQUENCY" value="1" />
  </node>
  <node id="LOW">
    <attribute name="FREQUENCY" value="3" />
  </node>
  <node id="MAINTENANCE">
    <attribute name="FREQUENCY" value="1" />
  </node>
  <node id="MAMMOGRAMS">
    <attribute name="FREQUENCY" value="1" />
  </node>
  <node id="MANAGED">
    <attribute name="FREQUENCY" value="3" />
  </node>
  <node id="MANAGER">
    <attribute name="FREQUENCY" value="1" />
  </node>
  <node id="MARGARET">
    <attribute name="FREQUENCY" value="1" />
  </node>
  <node id="MAUREEN">
    <attribute name="FREQUENCY" value="1" />
  </node>
  <node id="MEASLES-MUMPS-RUBELLA">
    <attribute name="FREQUENCY" value="1" />
  </node>
  <node id="MEASURE">
    <attribute name="FREQUENCY" value="4" />
  </node>
  <node id="MEASURED">
    <attribute name="FREQUENCY" value="1" />
  </node>
  <node id="MEDICAL">
    <attribute name="FREQUENCY" value="5" />
  </node>
  <node id="MEMBERS">
    <attribute name="FREQUENCY" value="3" />
  </node>
  <node id="MILLION">
    <attribute name="FREQUENCY" value="1" />
  </node>
  <node id="MYOCARDIAL">
    <attribute name="FREQUENCY" value="1" />
  </node>
  <node id="NATION">
    <attribute name="FREQUENCY" value="1" />
  </node>
  <node id="NATIONAL">
    <attribute name="FREQUENCY" value="1" />
  </node>
  <node id="NATIONALLY">
    <attribute name="FREQUENCY" value="1" />
  </node>
  <node id="NATURE">
    <attribute name="FREQUENCY" value="1" />
  </node>
  <node id="NCQA">
    <attribute name="FREQUENCY" value="7" />
  </node>
  <node id="NEEDED">
    <attribute name="FREQUENCY" value="1" />
  </node>
  <node id="NEWS">
    <attribute name="FREQUENCY" value="4" />
  </node>
  <node id="OCTOBER">
    <attribute name="FREQUENCY" value="1" />
  </node>
  <node id="OFFER">
    <attribute name="FREQUENCY" value="2" />
  </node>
  <node id="OPPORTUNITIES">
    <attribute name="FREQUENCY" value="1" />
  </node>
  <node id="ORGANIZATION">
    <attribute name="FREQUENCY" value="1" />
  </node>
  <node id="PATIENTS">
    <attribute name="FREQUENCY" value="2" />
  </node>
  <node id="PERCENTAGE">
    <attribute name="FREQUENCY" value="2" />
  </node>
  <node id="PERFORMANCE">
    <attribute name="FREQUENCY" value="5" />
  </node>
  <node id="PERSON">
    <attribute name="FREQUENCY" value="1" />
  </node>
  <node id="PHYSICIANS">
    <attribute name="FREQUENCY" value="1" />
  </node>
  <node id="PISANO">
    <attribute name="FREQUENCY" value="1" />
  </node>
  <node id="PLANS">
    <attribute name="FREQUENCY" value="19" />
  </node>
  <node id="PM">
    <attribute name="FREQUENCY" value="1" />
  </node>
  <node id="POLIO">
    <attribute name="FREQUENCY" value="1" />
  </node>
  <node id="POLITIC">
    <attribute name="FREQUENCY" value="4" />
  </node>
  <node id="POWERFUL">
    <attribute name="FREQUENCY" value="1" />
  </node>
  <node id="PREGNANCY">
    <attribute name="FREQUENCY" value="1" />
  </node>
  <node id="PRENATAL">
    <attribute name="FREQUENCY" value="1" />
  </node>
  <node id="PRESIDENT">
    <attribute name="FREQUENCY" value="2" />
  </node>
  <node id="PREVENT">
    <attribute name="FREQUENCY" value="5" />
  </node>
  <node id="PREVENTIVE">
    <attribute name="FREQUENCY" value="2" />
  </node>
  <node id="PRICE">
    <attribute name="FREQUENCY" value="1" />
  </node>
  <node id="PRIOR">
    <attribute name="FREQUENCY" value="1" />
  </node>
  <node id="PROBLEMS">
    <attribute name="FREQUENCY" value="4" />
  </node>
  <node id="PROGRAM">
    <attribute name="FREQUENCY" value="2" />
  </node>
  <node id="QUALITY">
    <attribute name="FREQUENCY" value="7" />
  </node>
  <node id="QUESTIONS">
    <attribute name="FREQUENCY" value="2" />
  </node>
  <node id="RANK">
    <attribute name="FREQUENCY" value="1" />
  </node>
  <node id="RATE">
    <attribute name="FREQUENCY" value="3" />
  </node>
  <node id="RATED">
    <attribute name="FREQUENCY" value="2" />
  </node>
  <node id="RECEIVE">
    <attribute name="FREQUENCY" value="3" />
  </node>
  <node id="RECEIVED">
    <attribute name="FREQUENCY" value="1" />
  </node>
  <node id="REDUCE">
    <attribute name="FREQUENCY" value="1" />
  </node>
  <node id="REFERRAL">
    <attribute name="FREQUENCY" value="1" />
  </node>
  <node id="REGION">
    <attribute name="FREQUENCY" value="2" />
  </node>
  <node id="RELEASED">
    <attribute name="FREQUENCY" value="1" />
  </node>
  <node id="REPORT">
    <attribute name="FREQUENCY" value="5" />
  </node>
  <node id="REPORTED">
    <attribute name="FREQUENCY" value="1" />
  </node>
  <node id="REQUIRE">
    <attribute name="FREQUENCY" value="1" />
  </node>
  <node id="REQUIRED">
    <attribute name="FREQUENCY" value="4" />
  </node>
  <node id="RESOURCES">
    <attribute name="FREQUENCY" value="1" />
  </node>
  <node id="REUTERS">
    <attribute name="FREQUENCY" value="3" />
  </node>
  <node id="RISK">
    <attribute name="FREQUENCY" value="1" />
  </node>
  <node id="ROUTINE">
    <attribute name="FREQUENCY" value="1" />
  </node>
  <node id="SATISFACTION">
    <attribute name="FREQUENCY" value="2" />
  </node>
  <node id="SATISFIED">
    <attribute name="FREQUENCY" value="1" />
  </node>
  <node id="SCOREBOARD">
    <attribute name="FREQUENCY" value="4" />
  </node>
  <node id="SCREEN">
    <attribute name="FREQUENCY" value="2" />
  </node>
  <node id="SEATBELT">
    <attribute name="FREQUENCY" value="4" />
  </node>
  <node id="SECTION">
    <attribute name="FREQUENCY" value="1" />
  </node>
  <node id="SENNETT">
    <attribute name="FREQUENCY" value="2" />
  </node>
  <node id="SERVE">
    <attribute name="FREQUENCY" value="1" />
  </node>
  <node id="SERVICE">
    <attribute name="FREQUENCY" value="2" />
  </node>
  <node id="SET">
    <attribute name="FREQUENCY" value="1" />
  </node>
  <node id="SHED">
    <attribute name="FREQUENCY" value="1" />
  </node>
  <node id="SMOKING">
    <attribute name="FREQUENCY" value="2" />
  </node>
  <node id="SPECIALIST">
    <attribute name="FREQUENCY" value="1" />
  </node>
  <node id="SPOKESPERSON">
    <attribute name="FREQUENCY" value="1" />
  </node>
  <node id="SPORT">
    <attribute name="FREQUENCY" value="4" />
  </node>
  <node id="STARTED">
    <attribute name="FREQUENCY" value="1" />
  </node>
  <node id="STATES">
    <attribute name="FREQUENCY" value="1" />
  </node>
  <node id="STORIES">
    <attribute name="FREQUENCY" value="1" />
  </node>
  <node id="STORY">
    <attribute name="FREQUENCY" value="4" />
  </node>
  <node id="STRIKE">
    <attribute name="FREQUENCY" value="1" />
  </node>
  <node id="STUDIES">
    <attribute name="FREQUENCY" value="1" />
  </node>
  <node id="STUDY">
    <attribute name="FREQUENCY" value="1" />
  </node>
  <node id="SUBMIT">
    <attribute name="FREQUENCY" value="1" />
  </node>
  <node id="SURVEY">
    <attribute name="FREQUENCY" value="4" />
  </node>
  <node id="SUSAN">
    <attribute name="FREQUENCY" value="1" />
  </node>
  <node id="TECH">
    <attribute name="FREQUENCY" value="4" />
  </node>
  <node id="TEXT">
    <attribute name="FREQUENCY" value="1" />
  </node>
  <node id="THURSDAY">
    <attribute name="FREQUENCY" value="1" />
  </node>
  <node id="TOLD">
    <attribute name="FREQUENCY" value="1" />
  </node>
  <node id="TOOLS">
    <attribute name="FREQUENCY" value="1" />
  </node>
  <node id="TREAT">
    <attribute name="FREQUENCY" value="1" />
  </node>
  <node id="TREATMENT">
    <attribute name="FREQUENCY" value="1" />
  </node>
  <node id="TRIMESTER">
    <attribute name="FREQUENCY" value="1" />
  </node>
  <node id="TYPE">
    <attribute name="FREQUENCY" value="1" />
  </node>
  <node id="UNEQUIVOCALLY">
    <attribute name="FREQUENCY" value="1" />
  </node>
  <node id="VARIATION">
    <attribute name="FREQUENCY" value="1" />
  </node>
  <node id="VARIED">
    <attribute name="FREQUENCY" value="1" />
  </node>
  <node id="VARIES">
    <attribute name="FREQUENCY" value="3" />
  </node>
  <node id="VARY">
    <attribute name="FREQUENCY" value="1" />
  </node>
  <node id="VICE">
    <attribute name="FREQUENCY" value="1" />
  </node>
  <node id="WAITING">
    <attribute name="FREQUENCY" value="2" />
  </node>
  <node id="WASHINGTON">
    <attribute name="FREQUENCY" value="1" />
  </node>
  <node id="WIDELY">
    <attribute name="FREQUENCY" value="3" />
  </node>
  <node id="WOMEN">
    <attribute name="FREQUENCY" value="1" />
  </node>
  <node id="WRITE">
    <attribute name="FREQUENCY" value="2" />
  </node>
  <node id="YAHOO">
    <attribute name="FREQUENCY" value="4" />
  </node>
  <node id="YEAR">
    <attribute name="FREQUENCY" value="3" />
  </node>
  <edge from="ACHIEVE" to="ENROLLEES">
    <attribute name="TEXT" value="1" />
  </edge>
  <edge from="AIRBAG" to="INJURY">
    <attribute name="TEXT" value="2" />
    <attribute name="LINKS" value="2" />
  </edge>
  <edge from="AIRBAG" to="INJURY">
    <attribute name="TEXT" value="2" />
    <attribute name="LINKS" value="2" />
  </edge>
  <edge from="AMERICAN" to="ASSOCIATION">
    <attribute name="TEXT" value="1" />
  </edge>
  <edge from="AVERAGE" to="MEMBERS">
    <attribute name="TEXT" value="1" />
  </edge>
  <edge from="BETA" to="BLOCKERS">
    <attribute name="TEXT" value="3" />
  </edge>
  <edge from="BLOCKERS" to="TREATMENT">
    <attribute name="TEXT" value="1" />
  </edge>
  <edge from="BREAST" to="CANCER">
    <attribute name="TEXT" value="1" />
  </edge>
  <edge from="CANCER" to="SCREEN">
    <attribute name="TEXT" value="2" />
  </edge>
  <edge from="CARE" to="FINDS">
    <attribute name="TEXT" value="1" />
  </edge>
  <edge from="CARE" to="PLANS">
    <attribute name="TEXT" value="1" />
  </edge>
  <edge from="CARE" to="QUALITY">
    <attribute name="TEXT" value="1" />
  </edge>
  <edge from="CARE" to="TREAT">
    <attribute name="TEXT" value="1" />
  </edge>
  <edge from="CARY" to="SENNETT">
    <attribute name="TEXT" value="1" />
  </edge>
  <edge from="CERVICAL" to="CANCER">
    <attribute name="TEXT" value="1" />
  </edge>
  <edge from="CESAREAN" to="SECTION">
    <attribute name="TEXT" value="1" />
  </edge>
  <edge from="CESSATION" to="PROGRAM">
    <attribute name="TEXT" value="2" />
  </edge>
  <edge from="CHIEF" to="SPOKESPERSON">
    <attribute name="TEXT" value="1" />
  </edge>
  <edge from="CHILDHOOD" to="IMMUNIZATION">
    <attribute name="TEXT" value="1" />
  </edge>
  <edge from="CLINICAL" to="MEASURE">
    <attribute name="TEXT" value="1" />
  </edge>
  <edge from="COLEMAN" to="HUMAN">
    <attribute name="TEXT" value="1" />
  </edge>
  <edge from="COMMERCIALLY" to="INSURED">
    <attribute name="TEXT" value="1" />
  </edge>
  <edge from="COMPANY" to="REQUIRE">
    <attribute name="TEXT" value="1" />
  </edge>
  <edge from="COMPAS" to="DATA">
    <attribute name="TEXT" value="1" />
  </edge>
  <edge from="CONTRACT" to="CONSIDERED">
    <attribute name="TEXT" value="1" />
  </edge>
  <edge from="CURRENT" to="HEALTH">
    <attribute name="TEXT" value="1" />
  </edge>
  <edge from="DATABASE" to="CALLED">
    <attribute name="TEXT" value="1" />
  </edge>
  <edge from="DELIVER" to="PREVENTIVE">
    <attribute name="TEXT" value="1" />
  </edge>
  <edge from="DIABETIC" to="EYES">
    <attribute name="TEXT" value="1" />
  </edge>
  <edge from="DIPTHERIA-TETANUS-PERTUSSIS" to="POLIO">
    <attribute name="TEXT" value="1" />
  </edge>
  <edge from="DOCTORS" to="BELIEVED">
    <attribute name="TEXT" value="1" />
  </edge>
  <edge from="EMPLOYEES" to="CHOICE">
    <attribute name="TEXT" value="1" />
  </edge>
  <edge from="EMPLOYERS" to="DATA">
    <attribute name="TEXT" value="1" />
  </edge>
  <edge from="ENROLLEES" to="RANK">
    <attribute name="TEXT" value="1" />
  </edge>
  <edge from="ENROLLEES" to="SATISFACTION">
    <attribute name="TEXT" value="1" />
  </edge>
  <edge from="EXECUTIVE" to="VICE">
    <attribute name="TEXT" value="1" />
  </edge>
  <edge from="EYES" to="EXAMS">
    <attribute name="TEXT" value="1" />
  </edge>
  <edge from="HEALTH" to="CARE">
    <attribute name="TEXT" value="1" />
  </edge>
  <edge from="HEALTH" to="MAINTENANCE">
    <attribute name="TEXT" value="1" />
  </edge>
  <edge from="HEALTH" to="PLANS">
    <attribute name="TEXT" value="9" />
  </edge>
  <edge from="HEALTH" to="STORIES">
    <attribute name="TEXT" value="1" />
  </edge>
  <edge from="HEART" to="ATTACK">
    <attribute name="TEXT" value="1" />
  </edge>
  <edge from="HEDIS" to="CLINICAL">
    <attribute name="TEXT" value="1" />
  </edge>
  <edge from="HELPS" to="PREVENT">
    <attribute name="TEXT" value="2" />
    <attribute name="LINKS" value="2" />
  </edge>
  <edge from="HELPS" to="PREVENT">
    <attribute name="TEXT" value="2" />
    <attribute name="LINKS" value="2" />
  </edge>
  <edge from="HMO" to="ENROLLEES">
    <attribute name="TEXT" value="1" />
  </edge>
  <edge from="HMO" to="PERFORMANCE">
    <attribute name="TEXT" value="1" />
    <attribute name="KEYWORDS" value="1" />
  </edge>
  <edge from="HMO" to="PERFORMANCE">
    <attribute name="TEXT" value="1" />
    <attribute name="KEYWORDS" value="1" />
  </edge>
  <edge from="HUMAN" to="RESOURCES">
    <attribute name="TEXT" value="1" />
  </edge>
  <edge from="INDEPENDENT" to="SURVEY">
    <attribute name="TEXT" value="1" />
  </edge>
  <edge from="INDIVIDUALS" to="STARTED">
    <attribute name="TEXT" value="1" />
  </edge>
  <edge from="INFLUENZA" to="TYPE">
    <attribute name="TEXT" value="1" />
  </edge>
  <edge from="INFORMATION" to="SET">
    <attribute name="TEXT" value="1" />
  </edge>
  <edge from="INSURED" to="AMERICAN">
    <attribute name="TEXT" value="1" />
  </edge>
  <edge from="LABEL" to="REQUIRED">
    <attribute name="TEXT" value="2" />
    <attribute name="LINKS" value="2" />
  </edge>
  <edge from="LABEL" to="REQUIRED">
    <attribute name="TEXT" value="2" />
    <attribute name="LINKS" value="2" />
  </edge>
  <edge from="LATEX" to="LABEL">
    <attribute name="TEXT" value="2" />
    <attribute name="LINKS" value="2" />
  </edge>
  <edge from="LATEX" to="LABEL">
    <attribute name="TEXT" value="2" />
    <attribute name="LINKS" value="2" />
  </edge>
  <edge from="MAINTENANCE" to="ORGANIZATION">
    <attribute name="TEXT" value="1" />
  </edge>
  <edge from="MANAGED" to="CARE">
    <attribute name="TEXT" value="3" />
  </edge>
  <edge from="MAUREEN" to="COLEMAN">
    <attribute name="TEXT" value="1" />
  </edge>
  <edge from="MEASLES-MUMPS-RUBELLA" to="INFLUENZA">
    <attribute name="TEXT" value="1" />
  </edge>
  <edge from="MEDICAL" to="CARE">
    <attribute name="TEXT" value="1" />
  </edge>
  <edge from="MEDICAL" to="DEVICES">
    <attribute name="TEXT" value="2" />
    <attribute name="LINKS" value="2" />
  </edge>
  <edge from="MEDICAL" to="DEVICES">
    <attribute name="TEXT" value="2" />
    <attribute name="LINKS" value="2" />
  </edge>
  <edge from="MEMBERS" to="GENERALLY">
    <attribute name="TEXT" value="1" />
  </edge>
  <edge from="MEMBERS" to="NATIONALLY">
    <attribute name="TEXT" value="1" />
  </edge>
  <edge from="MILLION" to="COMMERCIALLY">
    <attribute name="TEXT" value="1" />
  </edge>
  <edge from="MYOCARDIAL" to="INFARCTION">
    <attribute name="TEXT" value="1" />
  </edge>
  <edge from="NATIONAL" to="COMMITTEE">
    <attribute name="TEXT" value="1" />
  </edge>
  <edge from="NATIONALLY" to="RATED">
    <attribute name="TEXT" value="1" />
  </edge>
  <edge from="NCQA" to="DATABASE">
    <attribute name="TEXT" value="1" />
  </edge>
  <edge from="NCQA" to="EXECUTIVE">
    <attribute name="TEXT" value="1" />
  </edge>
  <edge from="NCQA" to="MEASURED">
    <attribute name="TEXT" value="1" />
  </edge>
  <edge from="NCQA" to="PRESIDENT">
    <attribute name="TEXT" value="1" />
  </edge>
  <edge from="NCQA" to="REPORT">
    <attribute name="TEXT" value="1" />
  </edge>
  <edge from="OFFER" to="SMOKING">
    <attribute name="TEXT" value="1" />
  </edge>
  <edge from="PATIENTS" to="SATISFACTION">
    <attribute name="TEXT" value="1" />
  </edge>
  <edge from="PERFORMANCE" to="ACCREDITATION">
    <attribute name="TEXT" value="1" />
  </edge>
  <edge from="PERFORMANCE" to="VARIES">
    <attribute name="TEXT" value="1" />
    <attribute name="KEYWORDS" value="1" />
  </edge>
  <edge from="PERFORMANCE" to="VARIES">
    <attribute name="TEXT" value="1" />
    <attribute name="KEYWORDS" value="1" />
  </edge>
  <edge from="PISANO" to="TOLD">
    <attribute name="TEXT" value="1" />
  </edge>
  <edge from="PLANS" to="CHIEF">
    <attribute name="TEXT" value="1" />
  </edge>
  <edge from="PLANS" to="EMPLOYERS">
    <attribute name="TEXT" value="1" />
  </edge>
  <edge from="PLANS" to="PERFORMANCE">
    <attribute name="TEXT" value="1" />
  </edge>
  <edge from="PLANS" to="VARIED">
    <attribute name="TEXT" value="1" />
  </edge>
  <edge from="PM" to="EDT">
    <attribute name="TEXT" value="1" />
  </edge>
  <edge from="POLIO" to="MEASLES-MUMPS-RUBELLA">
    <attribute name="TEXT" value="1" />
  </edge>
  <edge from="POWERFUL" to="TOOLS">
    <attribute name="TEXT" value="1" />
  </edge>
  <edge from="PRENATAL" to="CARE">
    <attribute name="TEXT" value="1" />
  </edge>
  <edge from="PRESIDENT" to="MARGARET">
    <attribute name="TEXT" value="1" />
  </edge>
  <edge from="PREVENT" to="AIRBAG">
    <attribute name="TEXT" value="2" />
    <attribute name="LINKS" value="2" />
  </edge>
  <edge from="PREVENT" to="AIRBAG">
    <attribute name="TEXT" value="2" />
    <attribute name="LINKS" value="2" />
  </edge>
  <edge from="PREVENTIVE" to="CARE">
    <attribute name="TEXT" value="1" />
  </edge>
  <edge from="PROBLEMS" to="RECEIVE">
    <attribute name="TEXT" value="2" />
  </edge>
  <edge from="QUALITY" to="ASSURANCE">
    <attribute name="TEXT" value="1" />
  </edge>
  <edge from="QUALITY" to="COMPAS">
    <attribute name="TEXT" value="2" />
  </edge>
  <edge from="QUALITY" to="REPORT">
    <attribute name="TEXT" value="1" />
  </edge>
  <edge from="RECEIVE" to="CARE">
    <attribute name="TEXT" value="1" />
  </edge>
  <edge from="REPORT" to="FOCUS">
    <attribute name="TEXT" value="1" />
  </edge>
  <edge from="RESOURCES" to="MANAGER">
    <attribute name="TEXT" value="1" />
  </edge>
  <edge from="REUTERS" to="LIMITED">
    <attribute name="TEXT" value="1" />
  </edge>
  <edge from="ROUTINE" to="CARE">
    <attribute name="TEXT" value="1" />
  </edge>
  <edge from="SATISFACTION" to="INFORMATION">
    <attribute name="TEXT" value="1" />
  </edge>
  <edge from="SEATBELT" to="HELPS">
    <attribute name="TEXT" value="2" />
    <attribute name="LINKS" value="2" />
  </edge>
  <edge from="SEATBELT" to="HELPS">
    <attribute name="TEXT" value="2" />
    <attribute name="LINKS" value="2" />
  </edge>
  <edge from="SECTION" to="RATE">
    <attribute name="TEXT" value="1" />
  </edge>
  <edge from="SHED" to="LIGHT">
    <attribute name="TEXT" value="1" />
  </edge>
  <edge from="SMOKING" to="CESSATION">
    <attribute name="TEXT" value="2" />
  </edge>
  <edge from="SPOKESPERSON" to="SUSAN">
    <attribute name="TEXT" value="1" />
  </edge>
  <edge from="STARTED" to="OFFER">
    <attribute name="TEXT" value="1" />
  </edge>
  <edge from="STORIES" to="HMO">
    <attribute name="TEXT" value="1" />
  </edge>
  <edge from="STRIKE" to="FINDINGS">
    <attribute name="TEXT" value="1" />
  </edge>
  <edge from="SUBMIT" to="QUALITY">
    <attribute name="TEXT" value="1" />
  </edge>
  <edge from="SURVEY" to="COMMISSIONED">
    <attribute name="TEXT" value="1" />
  </edge>
  <edge from="SUSAN" to="PISANO">
    <attribute name="TEXT" value="1" />
  </edge>
  <edge from="TEXT" to="HEADLINES">
    <attribute name="TEXT" value="1" />
  </edge>
  <edge from="THURSDAY" to="OCTOBER">
    <attribute name="TEXT" value="1" />
  </edge>
  <edge from="TOLD" to="REUTERS">
    <attribute name="TEXT" value="1" />
  </edge>
  <edge from="TREAT" to="ACUTELY">
    <attribute name="TEXT" value="1" />
  </edge>
  <edge from="VARIES" to="WIDELY">
    <attribute name="TEXT" value="2" />
    <attribute name="KEYWORDS" value="1" />
  </edge>
  <edge from="VARIES" to="WIDELY">
    <attribute name="TEXT" value="2" />
    <attribute name="KEYWORDS" value="1" />
  </edge>
  <edge from="VARY" to="GREATLY">
    <attribute name="TEXT" value="1" />
  </edge>
  <edge from="VICE" to="PRESIDENT">
    <attribute name="TEXT" value="1" />
  </edge>
  <edge from="YEAR" to="ALLIEDSIGNAL">
    <attribute name="TEXT" value="1" />
  </edge>
  <edge from="YEAR" to="AVERAGED">
    <attribute name="TEXT" value="1" />
  </edge>
</graph>
