<graph>
  <node id="ABUSE">
    <attribute name="FREQUENCY" value="3" />
  </node>
  <node id="ACCURACY">
    <attribute name="FREQUENCY" value="1" />
  </node>
  <node id="ADEPT">
    <attribute name="FREQUENCY" value="1" />
  </node>
  <node id="ADMINISTERED">
    <attribute name="FREQUENCY" value="1" />
  </node>
  <node id="ADMIT">
    <attribute name="FREQUENCY" value="2" />
  </node>
  <node id="ADVANTAGE">
    <attribute name="FREQUENCY" value="2" />
  </node>
  <node id="ALCOHOL">
    <attribute name="FREQUENCY" value="2" />
  </node>
  <node id="AMERICAN">
    <attribute name="FREQUENCY" value="2" />
  </node>
  <node id="ANONYMITY">
    <attribute name="FREQUENCY" value="1" />
  </node>
  <node id="ANSWER">
    <attribute name="FREQUENCY" value="1" />
  </node>
  <node id="ANXIETY">
    <attribute name="FREQUENCY" value="1" />
  </node>
  <node id="ASSOCIATION">
    <attribute name="FREQUENCY" value="2" />
  </node>
  <node id="AUTHOR">
    <attribute name="FREQUENCY" value="1" />
  </node>
  <node id="AUTOMATED">
    <attribute name="FREQUENCY" value="1" />
  </node>
  <node id="BIZ">
    <attribute name="FREQUENCY" value="4" />
  </node>
  <node id="BREAST">
    <attribute name="FREQUENCY" value="4" />
  </node>
  <node id="CANCER">
    <attribute name="FREQUENCY" value="4" />
  </node>
  <node id="CARE">
    <attribute name="FREQUENCY" value="7" />
  </node>
  <node id="CAREER">
    <attribute name="FREQUENCY" value="2" />
  </node>
  <node id="CELEBS">
    <attribute name="FREQUENCY" value="2" />
  </node>
  <node id="CLINIC">
    <attribute name="FREQUENCY" value="1" />
  </node>
  <node id="COMFORT">
    <attribute name="FREQUENCY" value="1" />
  </node>
  <node id="COMMENTS">
    <attribute name="FREQUENCY" value="2" />
  </node>
  <node id="COMPLAINTS">
    <attribute name="FREQUENCY" value="1" />
  </node>
  <node id="COMPUTER">
    <attribute name="FREQUENCY" value="9" />
  </node>
  <node id="COMPUTER-ADMINISTERED">
    <attribute name="FREQUENCY" value="1" />
  </node>
  <node id="COMPUTERIZED">
    <attribute name="FREQUENCY" value="7" />
  </node>
  <node id="CONCERNS">
    <attribute name="FREQUENCY" value="1" />
  </node>
  <node id="CONCLUDE">
    <attribute name="FREQUENCY" value="3" />
  </node>
  <node id="CONDITIONS">
    <attribute name="FREQUENCY" value="1" />
  </node>
  <node id="CONDUCT">
    <attribute name="FREQUENCY" value="1" />
  </node>
  <node id="CONVENIENCE">
    <attribute name="FREQUENCY" value="1" />
  </node>
  <node id="CONVERTED">
    <attribute name="FREQUENCY" value="1" />
  </node>
  <node id="CURRENT">
    <attribute name="FREQUENCY" value="1" />
  </node>
  <node id="DEAL">
    <attribute name="FREQUENCY" value="1" />
  </node>
  <node id="DEAN">
    <attribute name="FREQUENCY" value="1" />
  </node>
  <node id="DEPRESSION">
    <attribute name="FREQUENCY" value="1" />
  </node>
  <node id="DETECT">
    <attribute name="FREQUENCY" value="1" />
  </node>
  <node id="DETECTED">
    <attribute name="FREQUENCY" value="1" />
  </node>
  <node id="DETECTION">
    <attribute name="FREQUENCY" value="3" />
  </node>
  <node id="DEVELOPED">
    <attribute name="FREQUENCY" value="1" />
  </node>
  <node id="DIAGNOSE">
    <attribute name="FREQUENCY" value="3" />
  </node>
  <node id="DIAGNOSIS">
    <attribute name="FREQUENCY" value="1" />
  </node>
  <node id="DIAGNOSTIC">
    <attribute name="FREQUENCY" value="2" />
  </node>
  <node id="DIAL">
    <attribute name="FREQUENCY" value="1" />
  </node>
  <node id="DIAL-IN">
    <attribute name="FREQUENCY" value="1" />
  </node>
  <node id="DIFFICULTY">
    <attribute name="FREQUENCY" value="1" />
  </node>
  <node id="DISCOVER">
    <attribute name="FREQUENCY" value="1" />
  </node>
  <node id="DISEASE">
    <attribute name="FREQUENCY" value="1" />
  </node>
  <node id="DISORDER">
    <attribute name="FREQUENCY" value="8" />
  </node>
  <node id="DOCTOR-PATIENT">
    <attribute name="FREQUENCY" value="2" />
  </node>
  <node id="DOCTORS">
    <attribute name="FREQUENCY" value="1" />
  </node>
  <node id="DRUG">
    <attribute name="FREQUENCY" value="4" />
  </node>
  <node id="EATING">
    <attribute name="FREQUENCY" value="2" />
  </node>
  <node id="EDT">
    <attribute name="FREQUENCY" value="1" />
  </node>
  <node id="EDUCATION">
    <attribute name="FREQUENCY" value="3" />
  </node>
  <node id="ELIMINATE">
    <attribute name="FREQUENCY" value="1" />
  </node>
  <node id="ENCOUNTER">
    <attribute name="FREQUENCY" value="1" />
  </node>
  <node id="ENTERTAIN">
    <attribute name="FREQUENCY" value="4" />
  </node>
  <node id="ENTERTAINMENT">
    <attribute name="FREQUENCY" value="2" />
  </node>
  <node id="EVALUATION">
    <attribute name="FREQUENCY" value="1" />
  </node>
  <node id="FALSE">
    <attribute name="FREQUENCY" value="1" />
  </node>
  <node id="FASHIONANDBEAUTY">
    <attribute name="FREQUENCY" value="2" />
  </node>
  <node id="FINDINGS">
    <attribute name="FREQUENCY" value="1" />
  </node>
  <node id="FOODANDWINE">
    <attribute name="FREQUENCY" value="2" />
  </node>
  <node id="FORM">
    <attribute name="FREQUENCY" value="1" />
  </node>
  <node id="FORTHCOMING">
    <attribute name="FREQUENCY" value="1" />
  </node>
  <node id="FOUNDATION">
    <attribute name="FREQUENCY" value="1" />
  </node>
  <node id="GUIDE">
    <attribute name="FREQUENCY" value="1" />
  </node>
  <node id="HEADLINES">
    <attribute name="FREQUENCY" value="1" />
  </node>
  <node id="HEALTH">
    <attribute name="FREQUENCY" value="5" />
  </node>
  <node id="HEALTHANDNUTRITION">
    <attribute name="FREQUENCY" value="2" />
  </node>
  <node id="HIGH">
    <attribute name="FREQUENCY" value="1" />
  </node>
  <node id="HIGHER">
    <attribute name="FREQUENCY" value="2" />
  </node>
  <node id="HOROSCOPES">
    <attribute name="FREQUENCY" value="2" />
  </node>
  <node id="HOSPITAL">
    <attribute name="FREQUENCY" value="4" />
  </node>
  <node id="HTML">
    <attribute name="FREQUENCY" value="1" />
  </node>
  <node id="IDENTIFY">
    <attribute name="FREQUENCY" value="1" />
  </node>
  <node id="ILLNESS">
    <attribute name="FREQUENCY" value="4" />
  </node>
  <node id="IMPLANTS">
    <attribute name="FREQUENCY" value="4" />
  </node>
  <node id="IMPROVEMENT">
    <attribute name="FREQUENCY" value="2" />
  </node>
  <node id="INDIVIDUALS">
    <attribute name="FREQUENCY" value="1" />
  </node>
  <node id="INFO">
    <attribute name="FREQUENCY" value="2" />
  </node>
  <node id="INTENSIVE">
    <attribute name="FREQUENCY" value="1" />
  </node>
  <node id="INTERVIEW">
    <attribute name="FREQUENCY" value="2" />
  </node>
  <node id="INVESTIGATORS">
    <attribute name="FREQUENCY" value="1" />
  </node>
  <node id="ISSUE">
    <attribute name="FREQUENCY" value="1" />
  </node>
  <node id="IV">
    <attribute name="FREQUENCY" value="4" />
  </node>
  <node id="JOURNAL">
    <attribute name="FREQUENCY" value="2" />
  </node>
  <node id="KENNETH">
    <attribute name="FREQUENCY" value="1" />
  </node>
  <node id="KEYPAD">
    <attribute name="FREQUENCY" value="1" />
  </node>
  <node id="KOBAK">
    <attribute name="FREQUENCY" value="1" />
  </node>
  <node id="LABOR">
    <attribute name="FREQUENCY" value="1" />
  </node>
  <node id="LED">
    <attribute name="FREQUENCY" value="1" />
  </node>
  <node id="LIMITED">
    <attribute name="FREQUENCY" value="1" />
  </node>
  <node id="MADISON">
    <attribute name="FREQUENCY" value="1" />
  </node>
  <node id="MAIN">
    <attribute name="FREQUENCY" value="1" />
  </node>
  <node id="MAJORITY">
    <attribute name="FREQUENCY" value="1" />
  </node>
  <node id="MAKING">
    <attribute name="FREQUENCY" value="1" />
  </node>
  <node id="MEDICAL">
    <attribute name="FREQUENCY" value="2" />
  </node>
  <node id="MENTAL">
    <attribute name="FREQUENCY" value="4" />
  </node>
  <node id="MIDDLETON">
    <attribute name="FREQUENCY" value="1" />
  </node>
  <node id="MISSED">
    <attribute name="FREQUENCY" value="1" />
  </node>
  <node id="MONEY">
    <attribute name="FREQUENCY" value="2" />
  </node>
  <node id="MOVE">
    <attribute name="FREQUENCY" value="4" />
  </node>
  <node id="MUSIC">
    <attribute name="FREQUENCY" value="2" />
  </node>
  <node id="NEWS">
    <attribute name="FREQUENCY" value="4" />
  </node>
  <node id="NEWSANDPOLITICS">
    <attribute name="FREQUENCY" value="2" />
  </node>
  <node id="NON-HUMAN">
    <attribute name="FREQUENCY" value="1" />
  </node>
  <node id="NOTES">
    <attribute name="FREQUENCY" value="1" />
  </node>
  <node id="OBJECTIVITY">
    <attribute name="FREQUENCY" value="1" />
  </node>
  <node id="OBSESSIVE-COMPULSIVE">
    <attribute name="FREQUENCY" value="1" />
  </node>
  <node id="OFFER">
    <attribute name="FREQUENCY" value="3" />
  </node>
  <node id="OFFERED">
    <attribute name="FREQUENCY" value="2" />
  </node>
  <node id="OFFICE">
    <attribute name="FREQUENCY" value="1" />
  </node>
  <node id="ORDER">
    <attribute name="FREQUENCY" value="1" />
  </node>
  <node id="OUTPATIENT">
    <attribute name="FREQUENCY" value="1" />
  </node>
  <node id="OVER-DIAGNOSIS">
    <attribute name="FREQUENCY" value="1" />
  </node>
  <node id="PATIENTS">
    <attribute name="FREQUENCY" value="6" />
  </node>
  <node id="PHONE-CONDUCTED">
    <attribute name="FREQUENCY" value="1" />
  </node>
  <node id="PHONE-IN">
    <attribute name="FREQUENCY" value="1" />
  </node>
  <node id="PHONED-IN">
    <attribute name="FREQUENCY" value="2" />
  </node>
  <node id="PHYSICIAN-ADMINISTERED">
    <attribute name="FREQUENCY" value="2" />
  </node>
  <node id="PHYSICIAN-CONDUCTED">
    <attribute name="FREQUENCY" value="1" />
  </node>
  <node id="PHYSICIANS">
    <attribute name="FREQUENCY" value="4" />
  </node>
  <node id="PM">
    <attribute name="FREQUENCY" value="1" />
  </node>
  <node id="POLITIC">
    <attribute name="FREQUENCY" value="4" />
  </node>
  <node id="POTENTIAL">
    <attribute name="FREQUENCY" value="1" />
  </node>
  <node id="PRACTICAL">
    <attribute name="FREQUENCY" value="1" />
  </node>
  <node id="PRACTICE">
    <attribute name="FREQUENCY" value="1" />
  </node>
  <node id="PRIMARY">
    <attribute name="FREQUENCY" value="7" />
  </node>
  <node id="PRIME-MD">
    <attribute name="FREQUENCY" value="5" />
  </node>
  <node id="PROBLEMS">
    <attribute name="FREQUENCY" value="4" />
  </node>
  <node id="PROGRAM">
    <attribute name="FREQUENCY" value="1" />
  </node>
  <node id="PROVIDERS">
    <attribute name="FREQUENCY" value="1" />
  </node>
  <node id="PSYCHIATRIC">
    <attribute name="FREQUENCY" value="7" />
  </node>
  <node id="QUESTIONER">
    <attribute name="FREQUENCY" value="1" />
  </node>
  <node id="QUESTIONNAIRES">
    <attribute name="FREQUENCY" value="1" />
  </node>
  <node id="QUESTIONS">
    <attribute name="FREQUENCY" value="3" />
  </node>
  <node id="RAISE">
    <attribute name="FREQUENCY" value="1" />
  </node>
  <node id="RATE">
    <attribute name="FREQUENCY" value="5" />
  </node>
  <node id="RECENTLY">
    <attribute name="FREQUENCY" value="1" />
  </node>
  <node id="RELATIONSHIP">
    <attribute name="FREQUENCY" value="2" />
  </node>
  <node id="RELAX">
    <attribute name="FREQUENCY" value="1" />
  </node>
  <node id="RESEARCH">
    <attribute name="FREQUENCY" value="1" />
  </node>
  <node id="RESEARCHERS">
    <attribute name="FREQUENCY" value="8" />
  </node>
  <node id="RESPONDENTS">
    <attribute name="FREQUENCY" value="1" />
  </node>
  <node id="REUTERS">
    <attribute name="FREQUENCY" value="2" />
  </node>
  <node id="ROUTINE">
    <attribute name="FREQUENCY" value="2" />
  </node>
  <node id="SCOREBOARD">
    <attribute name="FREQUENCY" value="4" />
  </node>
  <node id="SEPTEMBER">
    <attribute name="FREQUENCY" value="1" />
  </node>
  <node id="SHOPPING">
    <attribute name="FREQUENCY" value="2" />
  </node>
  <node id="SIMILAR">
    <attribute name="FREQUENCY" value="1" />
  </node>
  <node id="SIMPLY">
    <attribute name="FREQUENCY" value="3" />
  </node>
  <node id="SOUGHT">
    <attribute name="FREQUENCY" value="1" />
  </node>
  <node id="SOURCE">
    <attribute name="FREQUENCY" value="1" />
  </node>
  <node id="SPECIFIC">
    <attribute name="FREQUENCY" value="2" />
  </node>
  <node id="SPORT">
    <attribute name="FREQUENCY" value="4" />
  </node>
  <node id="SPORTSANDFITNESS">
    <attribute name="FREQUENCY" value="2" />
  </node>
  <node id="SPOTTING">
    <attribute name="FREQUENCY" value="2" />
  </node>
  <node id="STORIES">
    <attribute name="FREQUENCY" value="1" />
  </node>
  <node id="STORY">
    <attribute name="FREQUENCY" value="4" />
  </node>
  <node id="STUDIES">
    <attribute name="FREQUENCY" value="1" />
  </node>
  <node id="STUDY">
    <attribute name="FREQUENCY" value="2" />
  </node>
  <node id="STUFF">
    <attribute name="FREQUENCY" value="2" />
  </node>
  <node id="SUBSTANCE">
    <attribute name="FREQUENCY" value="1" />
  </node>
  <node id="SUPPLIED">
    <attribute name="FREQUENCY" value="1" />
  </node>
  <node id="SYMPTOMS">
    <attribute name="FREQUENCY" value="2" />
  </node>
  <node id="TEAM">
    <attribute name="FREQUENCY" value="1" />
  </node>
  <node id="TECH">
    <attribute name="FREQUENCY" value="6" />
  </node>
  <node id="TEST">
    <attribute name="FREQUENCY" value="12" />
  </node>
  <node id="TEXT">
    <attribute name="FREQUENCY" value="1" />
  </node>
  <node id="TIME-CONSUMING">
    <attribute name="FREQUENCY" value="1" />
  </node>
  <node id="TIPS">
    <attribute name="FREQUENCY" value="2" />
  </node>
  <node id="TOLL-FREE">
    <attribute name="FREQUENCY" value="1" />
  </node>
  <node id="TOUCH-TONE">
    <attribute name="FREQUENCY" value="1" />
  </node>
  <node id="TRADITIONALLY">
    <attribute name="FREQUENCY" value="1" />
  </node>
  <node id="TRAVEL">
    <attribute name="FREQUENCY" value="2" />
  </node>
  <node id="TREATMENT">
    <attribute name="FREQUENCY" value="1" />
  </node>
  <node id="TRIPLE">
    <attribute name="FREQUENCY" value="1" />
  </node>
  <node id="UNDER-DIAGNOSIS">
    <attribute name="FREQUENCY" value="1" />
  </node>
  <node id="UNIVERSITY">
    <attribute name="FREQUENCY" value="1" />
  </node>
  <node id="VISITED">
    <attribute name="FREQUENCY" value="1" />
  </node>
  <node id="WEDNESDAY">
    <attribute name="FREQUENCY" value="1" />
  </node>
  <node id="WISCONSIN">
    <attribute name="FREQUENCY" value="4" />
  </node>
  <node id="WRITE">
    <attribute name="FREQUENCY" value="2" />
  </node>
  <node id="YAHOO">
    <attribute name="FREQUENCY" value="4" />
  </node>
  <node id="YORK">
    <attribute name="FREQUENCY" value="1" />
  </node>
  <edge from="ADMIT" to="SYMPTOMS">
    <attribute name="TEXT" value="1" />
  </edge>
  <edge from="ALCOHOL" to="ABUSE">
    <attribute name="TEXT" value="2" />
  </edge>
  <edge from="AMERICAN" to="MEDICAL">
    <attribute name="TEXT" value="2" />
  </edge>
  <edge from="ANXIETY" to="SUBSTANCE">
    <attribute name="TEXT" value="1" />
  </edge>
  <edge from="AUTHOR" to="ADMIT">
    <attribute name="TEXT" value="1" />
  </edge>
  <edge from="AUTOMATED" to="PHONED-IN">
    <attribute name="TEXT" value="1" />
  </edge>
  <edge from="BREAST" to="CANCER">
    <attribute name="TEXT" value="2" />
    <attribute name="LINKS" value="2" />
  </edge>
  <edge from="BREAST" to="CANCER">
    <attribute name="TEXT" value="2" />
    <attribute name="LINKS" value="2" />
  </edge>
  <edge from="CARE" to="COMPLAINTS">
    <attribute name="TEXT" value="1" />
  </edge>
  <edge from="CARE" to="EVALUATION">
    <attribute name="TEXT" value="1" />
  </edge>
  <edge from="CARE" to="PATIENTS">
    <attribute name="TEXT" value="1" />
  </edge>
  <edge from="CARE" to="PHYSICIANS">
    <attribute name="TEXT" value="4" />
  </edge>
  <edge from="CLINIC" to="DEAL">
    <attribute name="TEXT" value="1" />
  </edge>
  <edge from="COMFORT" to="SUPPLIED">
    <attribute name="TEXT" value="1" />
  </edge>
  <edge from="COMPUTER" to="DIAGNOSE">
    <attribute name="TEXT" value="2" />
    <attribute name="KEYWORDS" value="2" />
  </edge>
  <edge from="COMPUTER" to="DIAGNOSE">
    <attribute name="TEXT" value="2" />
    <attribute name="KEYWORDS" value="2" />
  </edge>
  <edge from="COMPUTER" to="OFFER">
    <attribute name="TEXT" value="1" />
  </edge>
  <edge from="COMPUTER-ADMINISTERED" to="FORM">
    <attribute name="TEXT" value="1" />
  </edge>
  <edge from="COMPUTERIZED" to="DIAGNOSTIC">
    <attribute name="TEXT" value="1" />
  </edge>
  <edge from="COMPUTERIZED" to="PRIME-MD">
    <attribute name="TEXT" value="2" />
  </edge>
  <edge from="COMPUTERIZED" to="TEST">
    <attribute name="TEXT" value="3" />
  </edge>
  <edge from="CONCLUDE" to="STUDY">
    <attribute name="TEXT" value="1" />
  </edge>
  <edge from="CONDITIONS" to="COMPUTER">
    <attribute name="TEXT" value="1" />
  </edge>
  <edge from="CURRENT" to="ISSUE">
    <attribute name="TEXT" value="1" />
  </edge>
  <edge from="DEAN" to="FOUNDATION">
    <attribute name="TEXT" value="1" />
  </edge>
  <edge from="DEPRESSION" to="ANXIETY">
    <attribute name="TEXT" value="1" />
  </edge>
  <edge from="DETECTED" to="OBSESSIVE-COMPULSIVE">
    <attribute name="TEXT" value="1" />
  </edge>
  <edge from="DETECTION" to="RATE">
    <attribute name="TEXT" value="2" />
  </edge>
  <edge from="DIAGNOSE" to="MENTAL">
    <attribute name="TEXT" value="1" />
    <attribute name="KEYWORDS" value="1" />
  </edge>
  <edge from="DIAGNOSE" to="MENTAL">
    <attribute name="TEXT" value="1" />
    <attribute name="KEYWORDS" value="1" />
  </edge>
  <edge from="DIAGNOSTIC" to="ADVANTAGE">
    <attribute name="TEXT" value="1" />
  </edge>
  <edge from="DIAGNOSTIC" to="PROGRAM">
    <attribute name="TEXT" value="1" />
  </edge>
  <edge from="DIAL" to="TOLL-FREE">
    <attribute name="TEXT" value="1" />
  </edge>
  <edge from="DIAL-IN" to="PRIME-MD">
    <attribute name="TEXT" value="1" />
  </edge>
  <edge from="DIFFICULTY" to="DETECT">
    <attribute name="TEXT" value="1" />
  </edge>
  <edge from="DOCTOR-PATIENT" to="ENCOUNTER">
    <attribute name="TEXT" value="1" />
  </edge>
  <edge from="DOCTOR-PATIENT" to="TEST">
    <attribute name="TEXT" value="1" />
  </edge>
  <edge from="DOCTORS" to="OFFICE">
    <attribute name="TEXT" value="1" />
  </edge>
  <edge from="DRUG" to="MOVE">
    <attribute name="TEXT" value="4" />
    <attribute name="LINKS" value="4" />
  </edge>
  <edge from="DRUG" to="MOVE">
    <attribute name="TEXT" value="4" />
    <attribute name="LINKS" value="4" />
  </edge>
  <edge from="EATING" to="DISORDER">
    <attribute name="TEXT" value="2" />
  </edge>
  <edge from="ENCOUNTER" to="RESEARCHERS">
    <attribute name="TEXT" value="1" />
  </edge>
  <edge from="FALSE" to="DIAGNOSE">
    <attribute name="TEXT" value="1" />
  </edge>
  <edge from="GUIDE" to="PRIMARY">
    <attribute name="TEXT" value="1" />
  </edge>
  <edge from="HEALTH" to="RESEARCH">
    <attribute name="TEXT" value="1" />
  </edge>
  <edge from="HEALTH" to="STORIES">
    <attribute name="TEXT" value="1" />
  </edge>
  <edge from="HIGHER" to="DETECTION">
    <attribute name="TEXT" value="1" />
  </edge>
  <edge from="HIGHER" to="RATE">
    <attribute name="TEXT" value="1" />
  </edge>
  <edge from="IV" to="DRUG">
    <attribute name="TEXT" value="4" />
    <attribute name="LINKS" value="4" />
  </edge>
  <edge from="IV" to="DRUG">
    <attribute name="TEXT" value="4" />
    <attribute name="LINKS" value="4" />
  </edge>
  <edge from="LABOR" to="INTENSIVE">
    <attribute name="TEXT" value="1" />
  </edge>
  <edge from="MAIN" to="PROVIDERS">
    <attribute name="TEXT" value="1" />
  </edge>
  <edge from="MEDICAL" to="ASSOCIATION">
    <attribute name="TEXT" value="2" />
  </edge>
  <edge from="MENTAL" to="DISORDER">
    <attribute name="TEXT" value="2" />
  </edge>
  <edge from="MENTAL" to="ILLNESS">
    <attribute name="TEXT" value="1" />
    <attribute name="KEYWORDS" value="1" />
  </edge>
  <edge from="MENTAL" to="ILLNESS">
    <attribute name="TEXT" value="1" />
    <attribute name="KEYWORDS" value="1" />
  </edge>
  <edge from="MIDDLETON" to="WISCONSIN">
    <attribute name="TEXT" value="1" />
  </edge>
  <edge from="NON-HUMAN" to="QUESTIONER">
    <attribute name="TEXT" value="1" />
  </edge>
  <edge from="OBSESSIVE-COMPULSIVE" to="DISORDER">
    <attribute name="TEXT" value="1" />
  </edge>
  <edge from="OUTPATIENT" to="CLINIC">
    <attribute name="TEXT" value="1" />
  </edge>
  <edge from="PATIENTS" to="QUESTIONNAIRES">
    <attribute name="TEXT" value="1" />
  </edge>
  <edge from="PHONE-CONDUCTED" to="COMPUTERIZED">
    <attribute name="TEXT" value="1" />
  </edge>
  <edge from="PHONE-IN" to="COMPUTERIZED">
    <attribute name="TEXT" value="1" />
  </edge>
  <edge from="PHONED-IN" to="INTERVIEW">
    <attribute name="TEXT" value="1" />
  </edge>
  <edge from="PHONED-IN" to="TEST">
    <attribute name="TEXT" value="1" />
  </edge>
  <edge from="PHYSICIAN-ADMINISTERED" to="PRIME-MD">
    <attribute name="TEXT" value="1" />
  </edge>
  <edge from="PHYSICIAN-ADMINISTERED" to="TEST">
    <attribute name="TEXT" value="1" />
  </edge>
  <edge from="PHYSICIAN-CONDUCTED" to="TEST">
    <attribute name="TEXT" value="1" />
  </edge>
  <edge from="PM" to="EDT">
    <attribute name="TEXT" value="1" />
  </edge>
  <edge from="POTENTIAL" to="PROBLEMS">
    <attribute name="TEXT" value="1" />
  </edge>
  <edge from="PRACTICAL" to="ADVANTAGE">
    <attribute name="TEXT" value="1" />
  </edge>
  <edge from="PRIMARY" to="CARE">
    <attribute name="TEXT" value="7" />
  </edge>
  <edge from="PRIME-MD" to="TEST">
    <attribute name="TEXT" value="2" />
  </edge>
  <edge from="PSYCHIATRIC" to="CONDITIONS">
    <attribute name="TEXT" value="1" />
  </edge>
  <edge from="PSYCHIATRIC" to="DISEASE">
    <attribute name="TEXT" value="1" />
  </edge>
  <edge from="PSYCHIATRIC" to="DISORDER">
    <attribute name="TEXT" value="1" />
  </edge>
  <edge from="PSYCHIATRIC" to="ILLNESS">
    <attribute name="TEXT" value="1" />
  </edge>
  <edge from="PSYCHIATRIC" to="PROBLEMS">
    <attribute name="TEXT" value="2" />
  </edge>
  <edge from="RESEARCHERS" to="CONCLUDE">
    <attribute name="TEXT" value="2" />
  </edge>
  <edge from="RESEARCHERS" to="LED">
    <attribute name="TEXT" value="1" />
  </edge>
  <edge from="RESEARCHERS" to="SOUGHT">
    <attribute name="TEXT" value="1" />
  </edge>
  <edge from="REUTERS" to="LIMITED">
    <attribute name="TEXT" value="1" />
  </edge>
  <edge from="ROUTINE" to="PRACTICE">
    <attribute name="TEXT" value="1" />
  </edge>
  <edge from="ROUTINE" to="PRIMARY">
    <attribute name="TEXT" value="1" />
  </edge>
  <edge from="SIMPLY" to="DIAL">
    <attribute name="TEXT" value="1" />
  </edge>
  <edge from="SIMPLY" to="OFFER">
    <attribute name="TEXT" value="1" />
  </edge>
  <edge from="SPECIFIC" to="PSYCHIATRIC">
    <attribute name="TEXT" value="1" />
  </edge>
  <edge from="SPECIFIC" to="SYMPTOMS">
    <attribute name="TEXT" value="1" />
  </edge>
  <edge from="SPOTTING" to="POTENTIAL">
    <attribute name="TEXT" value="1" />
  </edge>
  <edge from="SPOTTING" to="PSYCHIATRIC">
    <attribute name="TEXT" value="1" />
  </edge>
  <edge from="STORIES" to="COMPUTER">
    <attribute name="TEXT" value="1" />
  </edge>
  <edge from="STUDY" to="AUTHOR">
    <attribute name="TEXT" value="1" />
  </edge>
  <edge from="SUBSTANCE" to="ABUSE">
    <attribute name="TEXT" value="1" />
  </edge>
  <edge from="TECH" to="TIPS">
    <attribute name="TEXT" value="2" />
  </edge>
  <edge from="TEST" to="ADMINISTERED">
    <attribute name="TEXT" value="1" />
  </edge>
  <edge from="TEST" to="OFFERED">
    <attribute name="TEXT" value="1" />
  </edge>
  <edge from="TEST" to="QUESTIONS">
    <attribute name="TEXT" value="1" />
  </edge>
  <edge from="TEXT" to="HEADLINES">
    <attribute name="TEXT" value="1" />
  </edge>
  <edge from="TOUCH-TONE" to="KEYPAD">
    <attribute name="TEXT" value="1" />
  </edge>
  <edge from="VISITED" to="OUTPATIENT">
    <attribute name="TEXT" value="1" />
  </edge>
  <edge from="WEDNESDAY" to="SEPTEMBER">
    <attribute name="TEXT" value="1" />
  </edge>
  <edge from="WISCONSIN" to="INVESTIGATORS">
    <attribute name="TEXT" value="1" />
  </edge>
  <edge from="WISCONSIN" to="RESEARCHERS">
    <attribute name="TEXT" value="1" />
  </edge>
</graph>
