<graph>
  <node id="ACCEPT">
    <attribute name="FREQUENCY" value="1" />
  </node>
  <node id="ACHIEVE">
    <attribute name="FREQUENCY" value="1" />
  </node>
  <node id="ADMINISTER">
    <attribute name="FREQUENCY" value="1" />
  </node>
  <node id="ADVISORY">
    <attribute name="FREQUENCY" value="1" />
  </node>
  <node id="AGAINST">
    <attribute name="FREQUENCY" value="2" />
  </node>
  <node id="AGE">
    <attribute name="FREQUENCY" value="1" />
  </node>
  <node id="AGED">
    <attribute name="FREQUENCY" value="1" />
  </node>
  <node id="ALLERGIES">
    <attribute name="FREQUENCY" value="4" />
  </node>
  <node id="AMERICAN">
    <attribute name="FREQUENCY" value="6" />
  </node>
  <node id="BEGIN">
    <attribute name="FREQUENCY" value="1" />
  </node>
  <node id="BEGUN">
    <attribute name="FREQUENCY" value="1" />
  </node>
  <node id="BIZ">
    <attribute name="FREQUENCY" value="4" />
  </node>
  <node id="BREAST">
    <attribute name="FREQUENCY" value="4" />
  </node>
  <node id="CALL">
    <attribute name="FREQUENCY" value="2" />
  </node>
  <node id="CANCER">
    <attribute name="FREQUENCY" value="4" />
  </node>
  <node id="CASE">
    <attribute name="FREQUENCY" value="1" />
  </node>
  <node id="CAT">
    <attribute name="FREQUENCY" value="4" />
  </node>
  <node id="CAUTION">
    <attribute name="FREQUENCY" value="1" />
  </node>
  <node id="CDC">
    <attribute name="FREQUENCY" value="7" />
  </node>
  <node id="CENTER">
    <attribute name="FREQUENCY" value="1" />
  </node>
  <node id="CITIZEN">
    <attribute name="FREQUENCY" value="1" />
  </node>
  <node id="COMMENTS">
    <attribute name="FREQUENCY" value="2" />
  </node>
  <node id="COMMITTEE">
    <attribute name="FREQUENCY" value="1" />
  </node>
  <node id="COMMON">
    <attribute name="FREQUENCY" value="1" />
  </node>
  <node id="COMPLICATIONS">
    <attribute name="FREQUENCY" value="2" />
  </node>
  <node id="CONTROL">
    <attribute name="FREQUENCY" value="1" />
  </node>
  <node id="COPAYMENT">
    <attribute name="FREQUENCY" value="1" />
  </node>
  <node id="CORDERO">
    <attribute name="FREQUENCY" value="1" />
  </node>
  <node id="COVERED">
    <attribute name="FREQUENCY" value="1" />
  </node>
  <node id="CURRENT">
    <attribute name="FREQUENCY" value="1" />
  </node>
  <node id="DAY">
    <attribute name="FREQUENCY" value="1" />
  </node>
  <node id="DEATH">
    <attribute name="FREQUENCY" value="1" />
  </node>
  <node id="DEPARTMENT">
    <attribute name="FREQUENCY" value="1" />
  </node>
  <node id="DIES">
    <attribute name="FREQUENCY" value="1" />
  </node>
  <node id="DISCHARGE">
    <attribute name="FREQUENCY" value="1" />
  </node>
  <node id="DISEASE">
    <attribute name="FREQUENCY" value="1" />
  </node>
  <node id="DOCTORS">
    <attribute name="FREQUENCY" value="1" />
  </node>
  <node id="DONNA">
    <attribute name="FREQUENCY" value="1" />
  </node>
  <node id="EDITION">
    <attribute name="FREQUENCY" value="1" />
  </node>
  <node id="EDT">
    <attribute name="FREQUENCY" value="1" />
  </node>
  <node id="ENGLISH">
    <attribute name="FREQUENCY" value="1" />
  </node>
  <node id="ENROLLED">
    <attribute name="FREQUENCY" value="1" />
  </node>
  <node id="ENTERTAIN">
    <attribute name="FREQUENCY" value="4" />
  </node>
  <node id="EPIDEMIC">
    <attribute name="FREQUENCY" value="1" />
  </node>
  <node id="EXAMINED">
    <attribute name="FREQUENCY" value="1" />
  </node>
  <node id="EXPECT">
    <attribute name="FREQUENCY" value="1" />
  </node>
  <node id="EXPECTED">
    <attribute name="FREQUENCY" value="1" />
  </node>
  <node id="FAILURE">
    <attribute name="FREQUENCY" value="1" />
  </node>
  <node id="FLU">
    <attribute name="FREQUENCY" value="16" />
  </node>
  <node id="FRIDAY">
    <attribute name="FREQUENCY" value="1" />
  </node>
  <node id="FULL">
    <attribute name="FREQUENCY" value="2" />
  </node>
  <node id="GROUP">
    <attribute name="FREQUENCY" value="1" />
  </node>
  <node id="HAZARD">
    <attribute name="FREQUENCY" value="2" />
  </node>
  <node id="HEADLINES">
    <attribute name="FREQUENCY" value="1" />
  </node>
  <node id="HEALTH">
    <attribute name="FREQUENCY" value="5" />
  </node>
  <node id="HHS">
    <attribute name="FREQUENCY" value="1" />
  </node>
  <node id="HIGH">
    <attribute name="FREQUENCY" value="1" />
  </node>
  <node id="HIGHER">
    <attribute name="FREQUENCY" value="1" />
  </node>
  <node id="HIGHEST">
    <attribute name="FREQUENCY" value="1" />
  </node>
  <node id="HISTORIES">
    <attribute name="FREQUENCY" value="1" />
  </node>
  <node id="HOSPITAL">
    <attribute name="FREQUENCY" value="6" />
  </node>
  <node id="HOTLINE">
    <attribute name="FREQUENCY" value="2" />
  </node>
  <node id="HTML">
    <attribute name="FREQUENCY" value="1" />
  </node>
  <node id="HUMAN">
    <attribute name="FREQUENCY" value="1" />
  </node>
  <node id="IMMUNIZATION">
    <attribute name="FREQUENCY" value="3" />
  </node>
  <node id="IMPORTANT">
    <attribute name="FREQUENCY" value="1" />
  </node>
  <node id="INCLUDED">
    <attribute name="FREQUENCY" value="2" />
  </node>
  <node id="INFO">
    <attribute name="FREQUENCY" value="2" />
  </node>
  <node id="INFORMATION">
    <attribute name="FREQUENCY" value="3" />
  </node>
  <node id="INJECTION">
    <attribute name="FREQUENCY" value="1" />
  </node>
  <node id="INOCULATION">
    <attribute name="FREQUENCY" value="1" />
  </node>
  <node id="INPATIENTS">
    <attribute name="FREQUENCY" value="2" />
  </node>
  <node id="JOSE">
    <attribute name="FREQUENCY" value="1" />
  </node>
  <node id="LEAD">
    <attribute name="FREQUENCY" value="1" />
  </node>
  <node id="LEVELS">
    <attribute name="FREQUENCY" value="2" />
  </node>
  <node id="LIMITED">
    <attribute name="FREQUENCY" value="1" />
  </node>
  <node id="LOWER">
    <attribute name="FREQUENCY" value="4" />
  </node>
  <node id="MEDICAL">
    <attribute name="FREQUENCY" value="1" />
  </node>
  <node id="MEDICARE">
    <attribute name="FREQUENCY" value="5" />
  </node>
  <node id="MID-NOVEMBER">
    <attribute name="FREQUENCY" value="1" />
  </node>
  <node id="MISS">
    <attribute name="FREQUENCY" value="1" />
  </node>
  <node id="MISSED">
    <attribute name="FREQUENCY" value="2" />
  </node>
  <node id="MONTH">
    <attribute name="FREQUENCY" value="1" />
  </node>
  <node id="MORBIDITY">
    <attribute name="FREQUENCY" value="2" />
  </node>
  <node id="MORTALITY">
    <attribute name="FREQUENCY" value="2" />
  </node>
  <node id="NATIONAL">
    <attribute name="FREQUENCY" value="1" />
  </node>
  <node id="NEWS">
    <attribute name="FREQUENCY" value="4" />
  </node>
  <node id="OCCURRED">
    <attribute name="FREQUENCY" value="1" />
  </node>
  <node id="OCTOBER">
    <attribute name="FREQUENCY" value="2" />
  </node>
  <node id="OFFICIALS">
    <attribute name="FREQUENCY" value="1" />
  </node>
  <node id="OLDER">
    <attribute name="FREQUENCY" value="8" />
  </node>
  <node id="OPPORTUNITIES">
    <attribute name="FREQUENCY" value="2" />
  </node>
  <node id="OPPORTUNITY">
    <attribute name="FREQUENCY" value="2" />
  </node>
  <node id="PART">
    <attribute name="FREQUENCY" value="1" />
  </node>
  <node id="PAY">
    <attribute name="FREQUENCY" value="1" />
  </node>
  <node id="PAYMENT">
    <attribute name="FREQUENCY" value="1" />
  </node>
  <node id="PEOPLE">
    <attribute name="FREQUENCY" value="2" />
  </node>
  <node id="PHARMACISTS">
    <attribute name="FREQUENCY" value="1" />
  </node>
  <node id="PHYSICIANS">
    <attribute name="FREQUENCY" value="1" />
  </node>
  <node id="PHYTOESTROGEN">
    <attribute name="FREQUENCY" value="4" />
  </node>
  <node id="PLANS">
    <attribute name="FREQUENCY" value="1" />
  </node>
  <node id="PM">
    <attribute name="FREQUENCY" value="1" />
  </node>
  <node id="PNEUMOCOCCAL">
    <attribute name="FREQUENCY" value="1" />
  </node>
  <node id="PNEUMONIA">
    <attribute name="FREQUENCY" value="4" />
  </node>
  <node id="POLITIC">
    <attribute name="FREQUENCY" value="4" />
  </node>
  <node id="POSE">
    <attribute name="FREQUENCY" value="1" />
  </node>
  <node id="POSITION">
    <attribute name="FREQUENCY" value="1" />
  </node>
  <node id="POTENTIAL">
    <attribute name="FREQUENCY" value="1" />
  </node>
  <node id="PRACTICE">
    <attribute name="FREQUENCY" value="1" />
  </node>
  <node id="PREVENTION">
    <attribute name="FREQUENCY" value="1" />
  </node>
  <node id="PREVENTIVE">
    <attribute name="FREQUENCY" value="1" />
  </node>
  <node id="PROTECT">
    <attribute name="FREQUENCY" value="2" />
  </node>
  <node id="PROTECTION">
    <attribute name="FREQUENCY" value="1" />
  </node>
  <node id="PROVIDE">
    <attribute name="FREQUENCY" value="2" />
  </node>
  <node id="QUESTIONS">
    <attribute name="FREQUENCY" value="2" />
  </node>
  <node id="RANDOM">
    <attribute name="FREQUENCY" value="1" />
  </node>
  <node id="RARELY">
    <attribute name="FREQUENCY" value="1" />
  </node>
  <node id="RATE">
    <attribute name="FREQUENCY" value="2" />
  </node>
  <node id="RECEIVE">
    <attribute name="FREQUENCY" value="1" />
  </node>
  <node id="RECEIVED">
    <attribute name="FREQUENCY" value="2" />
  </node>
  <node id="RECOMMEND">
    <attribute name="FREQUENCY" value="1" />
  </node>
  <node id="RECOMMENDATIONS">
    <attribute name="FREQUENCY" value="1" />
  </node>
  <node id="RECORD">
    <attribute name="FREQUENCY" value="2" />
  </node>
  <node id="REDNESS">
    <attribute name="FREQUENCY" value="1" />
  </node>
  <node id="RELATIVE">
    <attribute name="FREQUENCY" value="1" />
  </node>
  <node id="REMAIN">
    <attribute name="FREQUENCY" value="1" />
  </node>
  <node id="REMINDS">
    <attribute name="FREQUENCY" value="1" />
  </node>
  <node id="REPORT">
    <attribute name="FREQUENCY" value="2" />
  </node>
  <node id="REPORTED">
    <attribute name="FREQUENCY" value="3" />
  </node>
  <node id="REQUIRED">
    <attribute name="FREQUENCY" value="1" />
  </node>
  <node id="RESULTS">
    <attribute name="FREQUENCY" value="1" />
  </node>
  <node id="REUTERS">
    <attribute name="FREQUENCY" value="2" />
  </node>
  <node id="RISK">
    <attribute name="FREQUENCY" value="5" />
  </node>
  <node id="SATISFACTORY">
    <attribute name="FREQUENCY" value="1" />
  </node>
  <node id="SCHEDULE">
    <attribute name="FREQUENCY" value="1" />
  </node>
  <node id="SCOREBOARD">
    <attribute name="FREQUENCY" value="4" />
  </node>
  <node id="SECRETARY">
    <attribute name="FREQUENCY" value="1" />
  </node>
  <node id="SENIOR">
    <attribute name="FREQUENCY" value="1" />
  </node>
  <node id="SERVICE">
    <attribute name="FREQUENCY" value="1" />
  </node>
  <node id="SHALALA">
    <attribute name="FREQUENCY" value="3" />
  </node>
  <node id="SHELF">
    <attribute name="FREQUENCY" value="1" />
  </node>
  <node id="SHOT">
    <attribute name="FREQUENCY" value="9" />
  </node>
  <node id="SITES">
    <attribute name="FREQUENCY" value="1" />
  </node>
  <node id="SIXTH">
    <attribute name="FREQUENCY" value="1" />
  </node>
  <node id="SORENESS">
    <attribute name="FREQUENCY" value="1" />
  </node>
  <node id="SOURCE">
    <attribute name="FREQUENCY" value="1" />
  </node>
  <node id="SPANISH">
    <attribute name="FREQUENCY" value="1" />
  </node>
  <node id="SPORT">
    <attribute name="FREQUENCY" value="4" />
  </node>
  <node id="STATES">
    <attribute name="FREQUENCY" value="2" />
  </node>
  <node id="STAY">
    <attribute name="FREQUENCY" value="1" />
  </node>
  <node id="STORIES">
    <attribute name="FREQUENCY" value="1" />
  </node>
  <node id="STORY">
    <attribute name="FREQUENCY" value="4" />
  </node>
  <node id="SURVEY">
    <attribute name="FREQUENCY" value="2" />
  </node>
  <node id="TAKES">
    <attribute name="FREQUENCY" value="1" />
  </node>
  <node id="TECH">
    <attribute name="FREQUENCY" value="4" />
  </node>
  <node id="TEXT">
    <attribute name="FREQUENCY" value="1" />
  </node>
  <node id="THOUSANDS">
    <attribute name="FREQUENCY" value="1" />
  </node>
  <node id="THURSDAY">
    <attribute name="FREQUENCY" value="2" />
  </node>
  <node id="TWENTY">
    <attribute name="FREQUENCY" value="1" />
  </node>
  <node id="UNIQUE">
    <attribute name="FREQUENCY" value="1" />
  </node>
  <node id="UNITED">
    <attribute name="FREQUENCY" value="1" />
  </node>
  <node id="URGED">
    <attribute name="FREQUENCY" value="3" />
  </node>
  <node id="VACCINATE">
    <attribute name="FREQUENCY" value="1" />
  </node>
  <node id="VACCINATION">
    <attribute name="FREQUENCY" value="5" />
  </node>
  <node id="VACCINE">
    <attribute name="FREQUENCY" value="6" />
  </node>
  <node id="VALUABLE">
    <attribute name="FREQUENCY" value="1" />
  </node>
  <node id="WASH">
    <attribute name="FREQUENCY" value="4" />
  </node>
  <node id="WEEKLY">
    <attribute name="FREQUENCY" value="2" />
  </node>
  <node id="WESTERN">
    <attribute name="FREQUENCY" value="1" />
  </node>
  <node id="WHETHER">
    <attribute name="FREQUENCY" value="1" />
  </node>
  <node id="WINTER">
    <attribute name="FREQUENCY" value="1" />
  </node>
  <node id="WORK">
    <attribute name="FREQUENCY" value="1" />
  </node>
  <node id="WRITE">
    <attribute name="FREQUENCY" value="2" />
  </node>
  <node id="YAHOO">
    <attribute name="FREQUENCY" value="4" />
  </node>
  <node id="YEAR">
    <attribute name="FREQUENCY" value="2" />
  </node>
  <node id="YORK">
    <attribute name="FREQUENCY" value="1" />
  </node>
  <edge from="ACCEPT" to="MEDICARE">
    <attribute name="TEXT" value="1" />
  </edge>
  <edge from="ACHIEVE" to="SATISFACTORY">
    <attribute name="TEXT" value="1" />
  </edge>
  <edge from="ADVISORY" to="COMMITTEE">
    <attribute name="TEXT" value="1" />
  </edge>
  <edge from="AMERICAN" to="AGED">
    <attribute name="TEXT" value="1" />
  </edge>
  <edge from="AMERICAN" to="THURSDAY">
    <attribute name="TEXT" value="1" />
  </edge>
  <edge from="BREAST" to="CANCER">
    <attribute name="TEXT" value="2" />
    <attribute name="LINKS" value="2" />
  </edge>
  <edge from="BREAST" to="CANCER">
    <attribute name="TEXT" value="2" />
    <attribute name="LINKS" value="2" />
  </edge>
  <edge from="CANCER" to="RISK">
    <attribute name="TEXT" value="2" />
    <attribute name="LINKS" value="2" />
  </edge>
  <edge from="CANCER" to="RISK">
    <attribute name="TEXT" value="2" />
    <attribute name="LINKS" value="2" />
  </edge>
  <edge from="CASE" to="EXAMINED">
    <attribute name="TEXT" value="1" />
  </edge>
  <edge from="CDC" to="MORBIDITY">
    <attribute name="TEXT" value="1" />
  </edge>
  <edge from="CDC" to="NATIONAL">
    <attribute name="TEXT" value="1" />
  </edge>
  <edge from="CDC" to="OFFICIALS">
    <attribute name="TEXT" value="1" />
  </edge>
  <edge from="CDC" to="RECOMMENDATIONS">
    <attribute name="TEXT" value="1" />
  </edge>
  <edge from="CITIZEN" to="WHETHER">
    <attribute name="TEXT" value="1" />
  </edge>
  <edge from="COMMON" to="COMPLICATIONS">
    <attribute name="TEXT" value="1" />
  </edge>
  <edge from="COMPLICATIONS" to="PNEUMONIA">
    <attribute name="TEXT" value="1" />
  </edge>
  <edge from="CURRENT" to="EDITION">
    <attribute name="TEXT" value="1" />
  </edge>
  <edge from="DISCHARGE" to="PLANS">
    <attribute name="TEXT" value="1" />
  </edge>
  <edge from="DISEASE" to="CONTROL">
    <attribute name="TEXT" value="1" />
  </edge>
  <edge from="EXPECTED" to="FLU">
    <attribute name="TEXT" value="1" />
  </edge>
  <edge from="FLU" to="COMPLICATIONS">
    <attribute name="TEXT" value="1" />
  </edge>
  <edge from="FLU" to="EPIDEMIC">
    <attribute name="TEXT" value="1" />
  </edge>
  <edge from="FLU" to="IMMUNIZATION">
    <attribute name="TEXT" value="1" />
  </edge>
  <edge from="FLU" to="POSE">
    <attribute name="TEXT" value="1" />
  </edge>
  <edge from="FLU" to="SHOT">
    <attribute name="TEXT" value="7" />
    <attribute name="KEYWORDS" value="2" />
  </edge>
  <edge from="FLU" to="SHOT">
    <attribute name="TEXT" value="7" />
    <attribute name="KEYWORDS" value="2" />
  </edge>
  <edge from="FLU" to="VACCINE">
    <attribute name="TEXT" value="2" />
  </edge>
  <edge from="FRIDAY" to="OCTOBER">
    <attribute name="TEXT" value="1" />
  </edge>
  <edge from="FULL" to="PAYMENT">
    <attribute name="TEXT" value="1" />
  </edge>
  <edge from="FULL" to="PROTECTION">
    <attribute name="TEXT" value="1" />
  </edge>
  <edge from="GROUP" to="RECEIVED">
    <attribute name="TEXT" value="1" />
  </edge>
  <edge from="HEALTH" to="STORIES">
    <attribute name="TEXT" value="1" />
  </edge>
  <edge from="HIGH" to="RISK">
    <attribute name="TEXT" value="1" />
  </edge>
  <edge from="HIGHEST" to="LEVELS">
    <attribute name="TEXT" value="1" />
  </edge>
  <edge from="HOSPITAL" to="MEDICAL">
    <attribute name="TEXT" value="1" />
  </edge>
  <edge from="HOSPITAL" to="MISS">
    <attribute name="TEXT" value="1" />
  </edge>
  <edge from="HOSPITAL" to="STAY">
    <attribute name="TEXT" value="1" />
  </edge>
  <edge from="HUMAN" to="SERVICE">
    <attribute name="TEXT" value="1" />
  </edge>
  <edge from="IMMUNIZATION" to="INFORMATION">
    <attribute name="TEXT" value="1" />
  </edge>
  <edge from="IMMUNIZATION" to="PRACTICE">
    <attribute name="TEXT" value="1" />
  </edge>
  <edge from="INFORMATION" to="HOTLINE">
    <attribute name="TEXT" value="1" />
  </edge>
  <edge from="JOSE" to="CORDERO">
    <attribute name="TEXT" value="1" />
  </edge>
  <edge from="LOWER" to="BREAST">
    <attribute name="TEXT" value="4" />
    <attribute name="LINKS" value="4" />
  </edge>
  <edge from="LOWER" to="BREAST">
    <attribute name="TEXT" value="4" />
    <attribute name="LINKS" value="4" />
  </edge>
  <edge from="MEDICAL" to="RECORD">
    <attribute name="TEXT" value="1" />
  </edge>
  <edge from="MEDICARE" to="CALL">
    <attribute name="TEXT" value="1" />
  </edge>
  <edge from="MEDICARE" to="HOTLINE">
    <attribute name="TEXT" value="1" />
  </edge>
  <edge from="MEDICARE" to="PART">
    <attribute name="TEXT" value="1" />
  </edge>
  <edge from="MORTALITY" to="WEEKLY">
    <attribute name="TEXT" value="2" />
  </edge>
  <edge from="NATIONAL" to="IMMUNIZATION">
    <attribute name="TEXT" value="1" />
  </edge>
  <edge from="OFFICIALS" to="CAUTION">
    <attribute name="TEXT" value="1" />
  </edge>
  <edge from="OLDER" to="AMERICAN">
    <attribute name="TEXT" value="8" />
    <attribute name="KEYWORDS" value="2" />
  </edge>
  <edge from="OLDER" to="AMERICAN">
    <attribute name="TEXT" value="8" />
    <attribute name="KEYWORDS" value="2" />
  </edge>
  <edge from="OLDER" to="INPATIENTS">
    <attribute name="TEXT" value="1" />
  </edge>
  <edge from="OLDER" to="PEOPLE">
    <attribute name="TEXT" value="1" />
  </edge>
  <edge from="PEOPLE" to="DIES">
    <attribute name="TEXT" value="1" />
  </edge>
  <edge from="PHYTOESTROGEN" to="LOWER">
    <attribute name="TEXT" value="4" />
    <attribute name="LINKS" value="4" />
  </edge>
  <edge from="PHYTOESTROGEN" to="LOWER">
    <attribute name="TEXT" value="4" />
    <attribute name="LINKS" value="4" />
  </edge>
  <edge from="PM" to="EDT">
    <attribute name="TEXT" value="1" />
  </edge>
  <edge from="PNEUMOCOCCAL" to="VACCINE">
    <attribute name="TEXT" value="1" />
  </edge>
  <edge from="PNEUMONIA" to="REMAIN">
    <attribute name="TEXT" value="1" />
  </edge>
  <edge from="PNEUMONIA" to="SHOT">
    <attribute name="TEXT" value="1" />
  </edge>
  <edge from="PNEUMONIA" to="VACCINATION">
    <attribute name="TEXT" value="1" />
  </edge>
  <edge from="PNEUMONIA" to="VACCINE">
    <attribute name="TEXT" value="1" />
  </edge>
  <edge from="POTENTIAL" to="HAZARD">
    <attribute name="TEXT" value="1" />
  </edge>
  <edge from="PRACTICE" to="RECOMMEND">
    <attribute name="TEXT" value="1" />
  </edge>
  <edge from="PREVENTIVE" to="INOCULATION">
    <attribute name="TEXT" value="1" />
  </edge>
  <edge from="PROTECT" to="AGAINST">
    <attribute name="TEXT" value="2" />
  </edge>
  <edge from="PROVIDE" to="PNEUMOCOCCAL">
    <attribute name="TEXT" value="1" />
  </edge>
  <edge from="PROVIDE" to="PREVENTIVE">
    <attribute name="TEXT" value="1" />
  </edge>
  <edge from="RANDOM" to="SURVEY">
    <attribute name="TEXT" value="1" />
  </edge>
  <edge from="RECEIVE" to="FLU">
    <attribute name="TEXT" value="1" />
  </edge>
  <edge from="RECORD" to="RARELY">
    <attribute name="TEXT" value="1" />
  </edge>
  <edge from="REQUIRED" to="COPAYMENT">
    <attribute name="TEXT" value="1" />
  </edge>
  <edge from="REUTERS" to="LIMITED">
    <attribute name="TEXT" value="1" />
  </edge>
  <edge from="SATISFACTORY" to="LEVELS">
    <attribute name="TEXT" value="1" />
  </edge>
  <edge from="SECRETARY" to="DONNA">
    <attribute name="TEXT" value="1" />
  </edge>
  <edge from="SENIOR" to="CITIZEN">
    <attribute name="TEXT" value="1" />
  </edge>
  <edge from="SHALALA" to="URGED">
    <attribute name="TEXT" value="1" />
  </edge>
  <edge from="SHOT" to="COVERED">
    <attribute name="TEXT" value="1" />
  </edge>
  <edge from="SHOT" to="URGED">
    <attribute name="TEXT" value="2" />
    <attribute name="KEYWORDS" value="2" />
  </edge>
  <edge from="SHOT" to="URGED">
    <attribute name="TEXT" value="2" />
    <attribute name="KEYWORDS" value="2" />
  </edge>
  <edge from="SHOT" to="WORK">
    <attribute name="TEXT" value="1" />
  </edge>
  <edge from="SIXTH" to="LEAD">
    <attribute name="TEXT" value="1" />
  </edge>
  <edge from="STATES" to="MISSED">
    <attribute name="TEXT" value="1" />
  </edge>
  <edge from="STORIES" to="FLU">
    <attribute name="TEXT" value="1" />
  </edge>
  <edge from="SURVEY" to="HOSPITAL">
    <attribute name="TEXT" value="1" />
  </edge>
  <edge from="SURVEY" to="REPORTED">
    <attribute name="TEXT" value="1" />
  </edge>
  <edge from="TEXT" to="HEADLINES">
    <attribute name="TEXT" value="1" />
  </edge>
  <edge from="THOUSANDS" to="PEOPLE">
    <attribute name="TEXT" value="1" />
  </edge>
  <edge from="TWENTY" to="THOUSANDS">
    <attribute name="TEXT" value="1" />
  </edge>
  <edge from="UNIQUE" to="POSITION">
    <attribute name="TEXT" value="1" />
  </edge>
  <edge from="UNITED" to="STATES">
    <attribute name="TEXT" value="1" />
  </edge>
  <edge from="URGED" to="OLDER">
    <attribute name="TEXT" value="1" />
  </edge>
  <edge from="VACCINATE" to="OLDER">
    <attribute name="TEXT" value="1" />
  </edge>
  <edge from="VACCINATION" to="CALL">
    <attribute name="TEXT" value="1" />
  </edge>
  <edge from="VACCINATION" to="HISTORIES">
    <attribute name="TEXT" value="1" />
  </edge>
  <edge from="VACCINATION" to="RATE">
    <attribute name="TEXT" value="1" />
  </edge>
  <edge from="VACCINATION" to="RECORD">
    <attribute name="TEXT" value="1" />
  </edge>
  <edge from="VACCINATION" to="SCHEDULE">
    <attribute name="TEXT" value="1" />
  </edge>
  <edge from="VACCINE" to="OCCURRED">
    <attribute name="TEXT" value="1" />
  </edge>
  <edge from="VACCINE" to="SITES">
    <attribute name="TEXT" value="1" />
  </edge>
  <edge from="VACCINE" to="TAKES">
    <attribute name="TEXT" value="1" />
  </edge>
  <edge from="VALUABLE" to="OPPORTUNITIES">
    <attribute name="TEXT" value="1" />
  </edge>
  <edge from="WEEKLY" to="REPORT">
    <attribute name="TEXT" value="2" />
  </edge>
  <edge from="WESTERN" to="STATES">
    <attribute name="TEXT" value="1" />
  </edge>
  <edge from="WHETHER" to="RELATIVE">
    <attribute name="TEXT" value="1" />
  </edge>
  <edge from="WINTER" to="EXPECTED">
    <attribute name="TEXT" value="1" />
  </edge>
</graph>
