<graph>
  <node id="ADDED">
    <attribute name="FREQUENCY" value="1" />
  </node>
  <node id="ADDITIONALLY">
    <attribute name="FREQUENCY" value="1" />
  </node>
  <node id="ADMINISTRATION">
    <attribute name="FREQUENCY" value="1" />
  </node>
  <node id="AGE">
    <attribute name="FREQUENCY" value="1" />
  </node>
  <node id="ALLOWED">
    <attribute name="FREQUENCY" value="1" />
  </node>
  <node id="AMERICAN">
    <attribute name="FREQUENCY" value="4" />
  </node>
  <node id="APPEARANCE">
    <attribute name="FREQUENCY" value="1" />
  </node>
  <node id="ASPECTS">
    <attribute name="FREQUENCY" value="1" />
  </node>
  <node id="AUGUST">
    <attribute name="FREQUENCY" value="1" />
  </node>
  <node id="AWAITING">
    <attribute name="FREQUENCY" value="1" />
  </node>
  <node id="BALL">
    <attribute name="FREQUENCY" value="1" />
  </node>
  <node id="BEACH">
    <attribute name="FREQUENCY" value="1" />
  </node>
  <node id="BIZ">
    <attribute name="FREQUENCY" value="4" />
  </node>
  <node id="BLOOD">
    <attribute name="FREQUENCY" value="1" />
  </node>
  <node id="BOSTON">
    <attribute name="FREQUENCY" value="1" />
  </node>
  <node id="CALLED">
    <attribute name="FREQUENCY" value="1" />
  </node>
  <node id="CAREFULLY">
    <attribute name="FREQUENCY" value="1" />
  </node>
  <node id="CASE">
    <attribute name="FREQUENCY" value="4" />
  </node>
  <node id="CAUSED">
    <attribute name="FREQUENCY" value="1" />
  </node>
  <node id="CENTER">
    <attribute name="FREQUENCY" value="1" />
  </node>
  <node id="CHANGED">
    <attribute name="FREQUENCY" value="1" />
  </node>
  <node id="COMBINATION">
    <attribute name="FREQUENCY" value="4" />
  </node>
  <node id="COMBINED">
    <attribute name="FREQUENCY" value="1" />
  </node>
  <node id="COMING">
    <attribute name="FREQUENCY" value="1" />
  </node>
  <node id="COMMENTS">
    <attribute name="FREQUENCY" value="2" />
  </node>
  <node id="CONSISTENT">
    <attribute name="FREQUENCY" value="1" />
  </node>
  <node id="CORONARY">
    <attribute name="FREQUENCY" value="1" />
  </node>
  <node id="COSMETIC">
    <attribute name="FREQUENCY" value="1" />
  </node>
  <node id="COURT">
    <attribute name="FREQUENCY" value="1" />
  </node>
  <node id="CURFMAN">
    <attribute name="FREQUENCY" value="5" />
  </node>
  <node id="DAMAGE">
    <attribute name="FREQUENCY" value="1" />
  </node>
  <node id="DAY">
    <attribute name="FREQUENCY" value="1" />
  </node>
  <node id="DECIDE">
    <attribute name="FREQUENCY" value="1" />
  </node>
  <node id="DECISION">
    <attribute name="FREQUENCY" value="1" />
  </node>
  <node id="DEPUTY">
    <attribute name="FREQUENCY" value="1" />
  </node>
  <node id="DEXFENFLURAMINE">
    <attribute name="FREQUENCY" value="2" />
  </node>
  <node id="DIABETES">
    <attribute name="FREQUENCY" value="2" />
  </node>
  <node id="DIED">
    <attribute name="FREQUENCY" value="1" />
  </node>
  <node id="DIET">
    <attribute name="FREQUENCY" value="4" />
  </node>
  <node id="DISEASE">
    <attribute name="FREQUENCY" value="3" />
  </node>
  <node id="DISTURBING">
    <attribute name="FREQUENCY" value="1" />
  </node>
  <node id="DOCTORS">
    <attribute name="FREQUENCY" value="1" />
  </node>
  <node id="DRUG">
    <attribute name="FREQUENCY" value="13" />
  </node>
  <node id="EAGERLY">
    <attribute name="FREQUENCY" value="1" />
  </node>
  <node id="EARLY">
    <attribute name="FREQUENCY" value="1" />
  </node>
  <node id="EDITOR">
    <attribute name="FREQUENCY" value="2" />
  </node>
  <node id="EDT">
    <attribute name="FREQUENCY" value="1" />
  </node>
  <node id="EFFECT">
    <attribute name="FREQUENCY" value="5" />
  </node>
  <node id="ELAPSED">
    <attribute name="FREQUENCY" value="1" />
  </node>
  <node id="ENGLAND">
    <attribute name="FREQUENCY" value="3" />
  </node>
  <node id="ENTERTAIN">
    <attribute name="FREQUENCY" value="4" />
  </node>
  <node id="EXCESS">
    <attribute name="FREQUENCY" value="1" />
  </node>
  <node id="EXTREME">
    <attribute name="FREQUENCY" value="1" />
  </node>
  <node id="FADE">
    <attribute name="FREQUENCY" value="1" />
  </node>
  <node id="FAILED">
    <attribute name="FREQUENCY" value="1" />
  </node>
  <node id="FDA">
    <attribute name="FREQUENCY" value="3" />
  </node>
  <node id="FEN-PHEN">
    <attribute name="FREQUENCY" value="4" />
  </node>
  <node id="FENFLURAMINE">
    <attribute name="FREQUENCY" value="2" />
  </node>
  <node id="FINDINGS">
    <attribute name="FREQUENCY" value="1" />
  </node>
  <node id="FOOD">
    <attribute name="FREQUENCY" value="1" />
  </node>
  <node id="FREQUENTLY">
    <attribute name="FREQUENCY" value="1" />
  </node>
  <node id="GREGORY">
    <attribute name="FREQUENCY" value="1" />
  </node>
  <node id="HEADLINES">
    <attribute name="FREQUENCY" value="1" />
  </node>
  <node id="HEALTH">
    <attribute name="FREQUENCY" value="7" />
  </node>
  <node id="HEALTHY">
    <attribute name="FREQUENCY" value="1" />
  </node>
  <node id="HEART">
    <attribute name="FREQUENCY" value="6" />
  </node>
  <node id="HIGH">
    <attribute name="FREQUENCY" value="5" />
  </node>
  <node id="HISTOLOGIC">
    <attribute name="FREQUENCY" value="1" />
  </node>
  <node id="HTML">
    <attribute name="FREQUENCY" value="1" />
  </node>
  <node id="HYPERTENSION">
    <attribute name="FREQUENCY" value="1" />
  </node>
  <node id="IDENTIFIED">
    <attribute name="FREQUENCY" value="1" />
  </node>
  <node id="INDICATION">
    <attribute name="FREQUENCY" value="2" />
  </node>
  <node id="INFO">
    <attribute name="FREQUENCY" value="2" />
  </node>
  <node id="INFORMATION">
    <attribute name="FREQUENCY" value="1" />
  </node>
  <node id="INGESTION">
    <attribute name="FREQUENCY" value="1" />
  </node>
  <node id="INJURIES">
    <attribute name="FREQUENCY" value="4" />
  </node>
  <node id="INJURY">
    <attribute name="FREQUENCY" value="4" />
  </node>
  <node id="INTERESTED">
    <attribute name="FREQUENCY" value="1" />
  </node>
  <node id="INTERVIEW">
    <attribute name="FREQUENCY" value="1" />
  </node>
  <node id="IRREVERSIBLE">
    <attribute name="FREQUENCY" value="1" />
  </node>
  <node id="ISSUE">
    <attribute name="FREQUENCY" value="1" />
  </node>
  <node id="JET">
    <attribute name="FREQUENCY" value="4" />
  </node>
  <node id="JOURNAL">
    <attribute name="FREQUENCY" value="8" />
  </node>
  <node id="LABEL">
    <attribute name="FREQUENCY" value="1" />
  </node>
  <node id="LESIONS">
    <attribute name="FREQUENCY" value="1" />
  </node>
  <node id="LETTER">
    <attribute name="FREQUENCY" value="1" />
  </node>
  <node id="LIFE-THREATENING">
    <attribute name="FREQUENCY" value="1" />
  </node>
  <node id="LIMITED">
    <attribute name="FREQUENCY" value="1" />
  </node>
  <node id="LINKING">
    <attribute name="FREQUENCY" value="1" />
  </node>
  <node id="LITERALLY">
    <attribute name="FREQUENCY" value="1" />
  </node>
  <node id="LONGER">
    <attribute name="FREQUENCY" value="1" />
  </node>
  <node id="LOS">
    <attribute name="FREQUENCY" value="3" />
  </node>
  <node id="LOSE">
    <attribute name="FREQUENCY" value="2" />
  </node>
  <node id="LUNG">
    <attribute name="FREQUENCY" value="1" />
  </node>
  <node id="MAIN">
    <attribute name="FREQUENCY" value="1" />
  </node>
  <node id="MAJORITY">
    <attribute name="FREQUENCY" value="1" />
  </node>
  <node id="MEDICATION">
    <attribute name="FREQUENCY" value="1" />
  </node>
  <node id="MEDICINE">
    <attribute name="FREQUENCY" value="2" />
  </node>
  <node id="METHOD">
    <attribute name="FREQUENCY" value="1" />
  </node>
  <node id="MILLION">
    <attribute name="FREQUENCY" value="1" />
  </node>
  <node id="MONITORED">
    <attribute name="FREQUENCY" value="1" />
  </node>
  <node id="MONTH">
    <attribute name="FREQUENCY" value="1" />
  </node>
  <node id="NEWS">
    <attribute name="FREQUENCY" value="4" />
  </node>
  <node id="OBESITY">
    <attribute name="FREQUENCY" value="1" />
  </node>
  <node id="OCCURRED">
    <attribute name="FREQUENCY" value="1" />
  </node>
  <node id="OPENED">
    <attribute name="FREQUENCY" value="1" />
  </node>
  <node id="OVERWEIGHT">
    <attribute name="FREQUENCY" value="2" />
  </node>
  <node id="PATIENTS">
    <attribute name="FREQUENCY" value="2" />
  </node>
  <node id="PEOPLE">
    <attribute name="FREQUENCY" value="5" />
  </node>
  <node id="PERSON">
    <attribute name="FREQUENCY" value="2" />
  </node>
  <node id="PHENTERMINE">
    <attribute name="FREQUENCY" value="2" />
  </node>
  <node id="PILL">
    <attribute name="FREQUENCY" value="1" />
  </node>
  <node id="PM">
    <attribute name="FREQUENCY" value="1" />
  </node>
  <node id="POINT">
    <attribute name="FREQUENCY" value="1" />
  </node>
  <node id="POLITIC">
    <attribute name="FREQUENCY" value="4" />
  </node>
  <node id="POPULAR">
    <attribute name="FREQUENCY" value="2" />
  </node>
  <node id="POSE">
    <attribute name="FREQUENCY" value="1" />
  </node>
  <node id="POTENTIALLY">
    <attribute name="FREQUENCY" value="1" />
  </node>
  <node id="POUNDS">
    <attribute name="FREQUENCY" value="2" />
  </node>
  <node id="PRE-EXISTING">
    <attribute name="FREQUENCY" value="1" />
  </node>
  <node id="PRESCRIBED">
    <attribute name="FREQUENCY" value="1" />
  </node>
  <node id="PRESCRIPTION">
    <attribute name="FREQUENCY" value="1" />
  </node>
  <node id="PRESSURE">
    <attribute name="FREQUENCY" value="1" />
  </node>
  <node id="PRIMARY">
    <attribute name="FREQUENCY" value="1" />
  </node>
  <node id="PROBLEMS">
    <attribute name="FREQUENCY" value="2" />
  </node>
  <node id="PUBLISHED">
    <attribute name="FREQUENCY" value="1" />
  </node>
  <node id="PULMONARY">
    <attribute name="FREQUENCY" value="2" />
  </node>
  <node id="QUESTIONS">
    <attribute name="FREQUENCY" value="2" />
  </node>
  <node id="RARE">
    <attribute name="FREQUENCY" value="1" />
  </node>
  <node id="RATE">
    <attribute name="FREQUENCY" value="4" />
  </node>
  <node id="RE-THINK">
    <attribute name="FREQUENCY" value="1" />
  </node>
  <node id="REASON">
    <attribute name="FREQUENCY" value="1" />
  </node>
  <node id="REGULATION">
    <attribute name="FREQUENCY" value="1" />
  </node>
  <node id="RELEASED">
    <attribute name="FREQUENCY" value="1" />
  </node>
  <node id="REMAIN">
    <attribute name="FREQUENCY" value="1" />
  </node>
  <node id="REPORT">
    <attribute name="FREQUENCY" value="3" />
  </node>
  <node id="REPORTED">
    <attribute name="FREQUENCY" value="2" />
  </node>
  <node id="RESEARCHERS">
    <attribute name="FREQUENCY" value="1" />
  </node>
  <node id="REUTERS">
    <attribute name="FREQUENCY" value="3" />
  </node>
  <node id="REVIEW">
    <attribute name="FREQUENCY" value="1" />
  </node>
  <node id="RISE">
    <attribute name="FREQUENCY" value="4" />
  </node>
  <node id="RISK">
    <attribute name="FREQUENCY" value="3" />
  </node>
  <node id="RULES">
    <attribute name="FREQUENCY" value="1" />
  </node>
  <node id="SAFER">
    <attribute name="FREQUENCY" value="1" />
  </node>
  <node id="SCOREBOARD">
    <attribute name="FREQUENCY" value="4" />
  </node>
  <node id="SERIOUSNESS">
    <attribute name="FREQUENCY" value="2" />
  </node>
  <node id="SHEDDING">
    <attribute name="FREQUENCY" value="1" />
  </node>
  <node id="SIDE">
    <attribute name="FREQUENCY" value="5" />
  </node>
  <node id="SKI">
    <attribute name="FREQUENCY" value="4" />
  </node>
  <node id="SOLELY">
    <attribute name="FREQUENCY" value="1" />
  </node>
  <node id="SORT">
    <attribute name="FREQUENCY" value="2" />
  </node>
  <node id="SOURCE">
    <attribute name="FREQUENCY" value="1" />
  </node>
  <node id="SPORT">
    <attribute name="FREQUENCY" value="4" />
  </node>
  <node id="STEP">
    <attribute name="FREQUENCY" value="1" />
  </node>
  <node id="STORIES">
    <attribute name="FREQUENCY" value="1" />
  </node>
  <node id="STORY">
    <attribute name="FREQUENCY" value="4" />
  </node>
  <node id="SUMMER">
    <attribute name="FREQUENCY" value="1" />
  </node>
  <node id="TAKING">
    <attribute name="FREQUENCY" value="11" />
  </node>
  <node id="TAMKINS">
    <attribute name="FREQUENCY" value="1" />
  </node>
  <node id="TECH">
    <attribute name="FREQUENCY" value="4" />
  </node>
  <node id="TERMS">
    <attribute name="FREQUENCY" value="1" />
  </node>
  <node id="TEXT">
    <attribute name="FREQUENCY" value="1" />
  </node>
  <node id="TH">
    <attribute name="FREQUENCY" value="1" />
  </node>
  <node id="THERESA">
    <attribute name="FREQUENCY" value="1" />
  </node>
  <node id="THICKENED">
    <attribute name="FREQUENCY" value="1" />
  </node>
  <node id="THOUSANDS">
    <attribute name="FREQUENCY" value="1" />
  </node>
  <node id="TIED">
    <attribute name="FREQUENCY" value="2" />
  </node>
  <node id="UNDERSCORE">
    <attribute name="FREQUENCY" value="1" />
  </node>
  <node id="UNFOLDING">
    <attribute name="FREQUENCY" value="1" />
  </node>
  <node id="VALVES">
    <attribute name="FREQUENCY" value="1" />
  </node>
  <node id="VAST">
    <attribute name="FREQUENCY" value="1" />
  </node>
  <node id="VESSEL">
    <attribute name="FREQUENCY" value="1" />
  </node>
  <node id="VIEW">
    <attribute name="FREQUENCY" value="1" />
  </node>
  <node id="WAYS">
    <attribute name="FREQUENCY" value="1" />
  </node>
  <node id="WEDNESDAY">
    <attribute name="FREQUENCY" value="1" />
  </node>
  <node id="WEEK">
    <attribute name="FREQUENCY" value="2" />
  </node>
  <node id="WEIGHT">
    <attribute name="FREQUENCY" value="6" />
  </node>
  <node id="WHETHER">
    <attribute name="FREQUENCY" value="1" />
  </node>
  <node id="WITHDRAW">
    <attribute name="FREQUENCY" value="1" />
  </node>
  <node id="WOMAN">
    <attribute name="FREQUENCY" value="2" />
  </node>
  <node id="WOMEN">
    <attribute name="FREQUENCY" value="3" />
  </node>
  <node id="WORTH">
    <attribute name="FREQUENCY" value="1" />
  </node>
  <node id="WRITE">
    <attribute name="FREQUENCY" value="4" />
  </node>
  <node id="YAHOO">
    <attribute name="FREQUENCY" value="4" />
  </node>
  <node id="YEAR">
    <attribute name="FREQUENCY" value="1" />
  </node>
  <node id="YEAR-OLD">
    <attribute name="FREQUENCY" value="2" />
  </node>
  <node id="YORK">
    <attribute name="FREQUENCY" value="1" />
  </node>
  <edge from="AMERICAN" to="INJURY">
    <attribute name="TEXT" value="2" />
    <attribute name="LINKS" value="2" />
  </edge>
  <edge from="AMERICAN" to="INJURY">
    <attribute name="TEXT" value="2" />
    <attribute name="LINKS" value="2" />
  </edge>
  <edge from="BLOOD" to="PRESSURE">
    <attribute name="TEXT" value="1" />
  </edge>
  <edge from="BOSTON" to="REPORT">
    <attribute name="TEXT" value="1" />
  </edge>
  <edge from="CASE" to="TIED">
    <attribute name="TEXT" value="2" />
    <attribute name="KEYWORDS" value="2" />
  </edge>
  <edge from="CASE" to="TIED">
    <attribute name="TEXT" value="2" />
    <attribute name="KEYWORDS" value="2" />
  </edge>
  <edge from="CAUSED" to="IRREVERSIBLE">
    <attribute name="TEXT" value="1" />
  </edge>
  <edge from="CORONARY" to="DISEASE">
    <attribute name="TEXT" value="1" />
  </edge>
  <edge from="COSMETIC" to="REASON">
    <attribute name="TEXT" value="1" />
  </edge>
  <edge from="CURFMAN" to="DEPUTY">
    <attribute name="TEXT" value="1" />
  </edge>
  <edge from="DEPUTY" to="EDITOR">
    <attribute name="TEXT" value="1" />
  </edge>
  <edge from="DIET" to="CENTER">
    <attribute name="TEXT" value="1" />
  </edge>
  <edge from="DIET" to="DRUG">
    <attribute name="TEXT" value="2" />
    <attribute name="KEYWORDS" value="2" />
  </edge>
  <edge from="DIET" to="DRUG">
    <attribute name="TEXT" value="2" />
    <attribute name="KEYWORDS" value="2" />
  </edge>
  <edge from="DIET" to="FADE">
    <attribute name="TEXT" value="1" />
  </edge>
  <edge from="DISEASE" to="HIGH">
    <attribute name="TEXT" value="1" />
  </edge>
  <edge from="DISTURBING" to="ASPECTS">
    <attribute name="TEXT" value="1" />
  </edge>
  <edge from="DRUG" to="ADMINISTRATION">
    <attribute name="TEXT" value="1" />
  </edge>
  <edge from="DRUG" to="CURFMAN">
    <attribute name="TEXT" value="1" />
  </edge>
  <edge from="DRUG" to="PEOPLE">
    <attribute name="TEXT" value="1" />
  </edge>
  <edge from="DRUG" to="REMAIN">
    <attribute name="TEXT" value="1" />
  </edge>
  <edge from="EAGERLY" to="AWAITING">
    <attribute name="TEXT" value="1" />
  </edge>
  <edge from="ENGLAND" to="JOURNAL">
    <attribute name="TEXT" value="3" />
  </edge>
  <edge from="EXCESS" to="WEIGHT">
    <attribute name="TEXT" value="1" />
  </edge>
  <edge from="EXTREME" to="STEP">
    <attribute name="TEXT" value="1" />
  </edge>
  <edge from="FEN-PHEN" to="COMBINATION">
    <attribute name="TEXT" value="1" />
  </edge>
  <edge from="FREQUENTLY" to="MONITORED">
    <attribute name="TEXT" value="1" />
  </edge>
  <edge from="GREGORY" to="CURFMAN">
    <attribute name="TEXT" value="1" />
  </edge>
  <edge from="HEALTH" to="INDICATION">
    <attribute name="TEXT" value="1" />
  </edge>
  <edge from="HEALTH" to="PROBLEMS">
    <attribute name="TEXT" value="1" />
  </edge>
  <edge from="HEALTH" to="RISK">
    <attribute name="TEXT" value="1" />
  </edge>
  <edge from="HEALTH" to="STORIES">
    <attribute name="TEXT" value="1" />
  </edge>
  <edge from="HEART" to="CASE">
    <attribute name="TEXT" value="2" />
    <attribute name="KEYWORDS" value="2" />
  </edge>
  <edge from="HEART" to="CASE">
    <attribute name="TEXT" value="2" />
    <attribute name="KEYWORDS" value="2" />
  </edge>
  <edge from="HEART" to="DAMAGE">
    <attribute name="TEXT" value="1" />
  </edge>
  <edge from="HEART" to="DISEASE">
    <attribute name="TEXT" value="1" />
  </edge>
  <edge from="HEART" to="VALVES">
    <attribute name="TEXT" value="1" />
  </edge>
  <edge from="HIGH" to="BLOOD">
    <attribute name="TEXT" value="1" />
  </edge>
  <edge from="HISTOLOGIC" to="AGE">
    <attribute name="TEXT" value="1" />
  </edge>
  <edge from="INJURIES" to="RISE">
    <attribute name="TEXT" value="4" />
    <attribute name="LINKS" value="4" />
  </edge>
  <edge from="INJURIES" to="RISE">
    <attribute name="TEXT" value="4" />
    <attribute name="LINKS" value="4" />
  </edge>
  <edge from="INJURY" to="RATE">
    <attribute name="TEXT" value="4" />
    <attribute name="LINKS" value="4" />
  </edge>
  <edge from="INJURY" to="RATE">
    <attribute name="TEXT" value="4" />
    <attribute name="LINKS" value="4" />
  </edge>
  <edge from="IRREVERSIBLE" to="HEART">
    <attribute name="TEXT" value="1" />
  </edge>
  <edge from="JET" to="SKI">
    <attribute name="TEXT" value="2" />
    <attribute name="LINKS" value="2" />
  </edge>
  <edge from="JET" to="SKI">
    <attribute name="TEXT" value="2" />
    <attribute name="LINKS" value="2" />
  </edge>
  <edge from="JOURNAL" to="DOCTORS">
    <attribute name="TEXT" value="1" />
  </edge>
  <edge from="JOURNAL" to="RELEASED">
    <attribute name="TEXT" value="1" />
  </edge>
  <edge from="LITERALLY" to="MILLION">
    <attribute name="TEXT" value="1" />
  </edge>
  <edge from="LOS" to="DRUG">
    <attribute name="TEXT" value="2" />
  </edge>
  <edge from="LOS" to="PILL">
    <attribute name="TEXT" value="1" />
  </edge>
  <edge from="LOSE" to="WEIGHT">
    <attribute name="TEXT" value="2" />
  </edge>
  <edge from="LUNG" to="PROBLEMS">
    <attribute name="TEXT" value="1" />
  </edge>
  <edge from="MAIN" to="POINT">
    <attribute name="TEXT" value="1" />
  </edge>
  <edge from="MONTH" to="RESEARCHERS">
    <attribute name="TEXT" value="1" />
  </edge>
  <edge from="OBESITY" to="POSE">
    <attribute name="TEXT" value="1" />
  </edge>
  <edge from="OPENED" to="SOLELY">
    <attribute name="TEXT" value="1" />
  </edge>
  <edge from="OVERWEIGHT" to="PERSON">
    <attribute name="TEXT" value="1" />
  </edge>
  <edge from="PATIENTS" to="TAKING">
    <attribute name="TEXT" value="1" />
  </edge>
  <edge from="PEOPLE" to="TAKING">
    <attribute name="TEXT" value="1" />
  </edge>
  <edge from="PILL" to="CALLED">
    <attribute name="TEXT" value="1" />
  </edge>
  <edge from="PM" to="EDT">
    <attribute name="TEXT" value="1" />
  </edge>
  <edge from="POPULAR" to="COMBINATION">
    <attribute name="TEXT" value="1" />
  </edge>
  <edge from="POPULAR" to="WEIGHT">
    <attribute name="TEXT" value="1" />
  </edge>
  <edge from="POUNDS" to="OVERWEIGHT">
    <attribute name="TEXT" value="1" />
  </edge>
  <edge from="PRE-EXISTING" to="DISEASE">
    <attribute name="TEXT" value="1" />
  </edge>
  <edge from="PRESSURE" to="DIABETES">
    <attribute name="TEXT" value="1" />
  </edge>
  <edge from="PRIMARY" to="PULMONARY">
    <attribute name="TEXT" value="1" />
  </edge>
  <edge from="PULMONARY" to="HYPERTENSION">
    <attribute name="TEXT" value="1" />
  </edge>
  <edge from="RARE" to="SIDE">
    <attribute name="TEXT" value="1" />
  </edge>
  <edge from="REPORT" to="LINKING">
    <attribute name="TEXT" value="1" />
  </edge>
  <edge from="RESEARCHERS" to="REPORTED">
    <attribute name="TEXT" value="1" />
  </edge>
  <edge from="REUTERS" to="LIMITED">
    <attribute name="TEXT" value="1" />
  </edge>
  <edge from="SAFER" to="WAYS">
    <attribute name="TEXT" value="1" />
  </edge>
  <edge from="SIDE" to="EFFECT">
    <attribute name="TEXT" value="5" />
  </edge>
  <edge from="SKI" to="INJURIES">
    <attribute name="TEXT" value="2" />
    <attribute name="LINKS" value="2" />
  </edge>
  <edge from="SKI" to="INJURIES">
    <attribute name="TEXT" value="2" />
    <attribute name="LINKS" value="2" />
  </edge>
  <edge from="STORIES" to="PULMONARY">
    <attribute name="TEXT" value="1" />
  </edge>
  <edge from="TAKING" to="COMBINATION">
    <attribute name="TEXT" value="1" />
  </edge>
  <edge from="TAKING" to="DEXFENFLURAMINE">
    <attribute name="TEXT" value="1" />
  </edge>
  <edge from="TAKING" to="FENFLURAMINE">
    <attribute name="TEXT" value="1" />
  </edge>
  <edge from="TEXT" to="HEADLINES">
    <attribute name="TEXT" value="1" />
  </edge>
  <edge from="THERESA" to="TAMKINS">
    <attribute name="TEXT" value="1" />
  </edge>
  <edge from="THICKENED" to="HEART">
    <attribute name="TEXT" value="1" />
  </edge>
  <edge from="UNFOLDING" to="INFORMATION">
    <attribute name="TEXT" value="1" />
  </edge>
  <edge from="VAST" to="MAJORITY">
    <attribute name="TEXT" value="1" />
  </edge>
  <edge from="VESSEL" to="CORONARY">
    <attribute name="TEXT" value="1" />
  </edge>
  <edge from="WEDNESDAY" to="AUGUST">
    <attribute name="TEXT" value="1" />
  </edge>
  <edge from="WEEK" to="EARLY">
    <attribute name="TEXT" value="1" />
  </edge>
  <edge from="WEIGHT" to="LOS">
    <attribute name="TEXT" value="3" />
  </edge>
  <edge from="WOMAN" to="DIED">
    <attribute name="TEXT" value="1" />
  </edge>
  <edge from="WOMEN" to="TAKING">
    <attribute name="TEXT" value="1" />
  </edge>
  <edge from="WORTH" to="TAKING">
    <attribute name="TEXT" value="1" />
  </edge>
  <edge from="WRITE" to="THOUSANDS">
    <attribute name="TEXT" value="1" />
  </edge>
  <edge from="YEAR-OLD" to="WOMAN">
    <attribute name="TEXT" value="2" />
  </edge>
</graph>
