<graph>
  <node id="-BASED">
    <attribute name="FREQUENCY" value="1" />
  </node>
  <node id="ACCORD">
    <attribute name="FREQUENCY" value="1" />
  </node>
  <node id="ADVANCEMENT">
    <attribute name="FREQUENCY" value="1" />
  </node>
  <node id="AIDS">
    <attribute name="FREQUENCY" value="1" />
  </node>
  <node id="AIMED">
    <attribute name="FREQUENCY" value="1" />
  </node>
  <node id="ALTERNATIVE">
    <attribute name="FREQUENCY" value="1" />
  </node>
  <node id="AMERICAN">
    <attribute name="FREQUENCY" value="1" />
  </node>
  <node id="ANTI-REJECTION">
    <attribute name="FREQUENCY" value="1" />
  </node>
  <node id="APPOINTMENT">
    <attribute name="FREQUENCY" value="1" />
  </node>
  <node id="ASSURED">
    <attribute name="FREQUENCY" value="1" />
  </node>
  <node id="ATTENDANCE">
    <attribute name="FREQUENCY" value="1" />
  </node>
  <node id="ATTENDANT">
    <attribute name="FREQUENCY" value="1" />
  </node>
  <node id="AUTOMATICALLY">
    <attribute name="FREQUENCY" value="1" />
  </node>
  <node id="BASED">
    <attribute name="FREQUENCY" value="1" />
  </node>
  <node id="BEAUTY">
    <attribute name="FREQUENCY" value="4" />
  </node>
  <node id="BELIEVES">
    <attribute name="FREQUENCY" value="1" />
  </node>
  <node id="BILLION">
    <attribute name="FREQUENCY" value="1" />
  </node>
  <node id="BIZ">
    <attribute name="FREQUENCY" value="4" />
  </node>
  <node id="BOTTOM">
    <attribute name="FREQUENCY" value="1" />
  </node>
  <node id="BRIBE">
    <attribute name="FREQUENCY" value="2" />
  </node>
  <node id="BRITISH">
    <attribute name="FREQUENCY" value="4" />
  </node>
  <node id="CARRIED">
    <attribute name="FREQUENCY" value="1" />
  </node>
  <node id="CASE">
    <attribute name="FREQUENCY" value="1" />
  </node>
  <node id="CASH">
    <attribute name="FREQUENCY" value="5" />
  </node>
  <node id="CENTER">
    <attribute name="FREQUENCY" value="1" />
  </node>
  <node id="CERTIFICATES">
    <attribute name="FREQUENCY" value="1" />
  </node>
  <node id="CHANGE">
    <attribute name="FREQUENCY" value="1" />
  </node>
  <node id="CHANGED">
    <attribute name="FREQUENCY" value="1" />
  </node>
  <node id="CHILD">
    <attribute name="FREQUENCY" value="2" />
  </node>
  <node id="CHILDREN">
    <attribute name="FREQUENCY" value="1" />
  </node>
  <node id="CLEAR">
    <attribute name="FREQUENCY" value="1" />
  </node>
  <node id="CLINIC">
    <attribute name="FREQUENCY" value="3" />
  </node>
  <node id="COCAINE-ADDICTION">
    <attribute name="FREQUENCY" value="1" />
  </node>
  <node id="COLLABORATIVELY">
    <attribute name="FREQUENCY" value="1" />
  </node>
  <node id="COMMENTS">
    <attribute name="FREQUENCY" value="2" />
  </node>
  <node id="COMPLIANCE">
    <attribute name="FREQUENCY" value="10" />
  </node>
  <node id="CONCLUDE">
    <attribute name="FREQUENCY" value="3" />
  </node>
  <node id="CONDITIONS">
    <attribute name="FREQUENCY" value="1" />
  </node>
  <node id="CONSIDERABLY">
    <attribute name="FREQUENCY" value="1" />
  </node>
  <node id="COST">
    <attribute name="FREQUENCY" value="2" />
  </node>
  <node id="COST-EFFECTIVE">
    <attribute name="FREQUENCY" value="2" />
  </node>
  <node id="COUNCIL">
    <attribute name="FREQUENCY" value="1" />
  </node>
  <node id="CURRENT">
    <attribute name="FREQUENCY" value="1" />
  </node>
  <node id="CUT">
    <attribute name="FREQUENCY" value="4" />
  </node>
  <node id="DECLINED">
    <attribute name="FREQUENCY" value="1" />
  </node>
  <node id="DENTISTRY">
    <attribute name="FREQUENCY" value="1" />
  </node>
  <node id="DEPENDING">
    <attribute name="FREQUENCY" value="1" />
  </node>
  <node id="DIRECT">
    <attribute name="FREQUENCY" value="1" />
  </node>
  <node id="DISEASE">
    <attribute name="FREQUENCY" value="1" />
  </node>
  <node id="DISTURBED">
    <attribute name="FREQUENCY" value="1" />
  </node>
  <node id="DOCTORS">
    <attribute name="FREQUENCY" value="1" />
  </node>
  <node id="DOLLARS">
    <attribute name="FREQUENCY" value="1" />
  </node>
  <node id="DOSAGE">
    <attribute name="FREQUENCY" value="1" />
  </node>
  <node id="DRASTICALLY">
    <attribute name="FREQUENCY" value="1" />
  </node>
  <node id="DRUG">
    <attribute name="FREQUENCY" value="3" />
  </node>
  <node id="DUNBAR-JACOB">
    <attribute name="FREQUENCY" value="2" />
  </node>
  <node id="EARLY">
    <attribute name="FREQUENCY" value="1" />
  </node>
  <node id="EASY">
    <attribute name="FREQUENCY" value="1" />
  </node>
  <node id="EDT">
    <attribute name="FREQUENCY" value="1" />
  </node>
  <node id="EFFECTIVE">
    <attribute name="FREQUENCY" value="3" />
  </node>
  <node id="EFFECTIVELY">
    <attribute name="FREQUENCY" value="1" />
  </node>
  <node id="EFFICACY">
    <attribute name="FREQUENCY" value="1" />
  </node>
  <node id="EFFORT">
    <attribute name="FREQUENCY" value="1" />
  </node>
  <node id="ENGLAND">
    <attribute name="FREQUENCY" value="1" />
  </node>
  <node id="ENSURE">
    <attribute name="FREQUENCY" value="1" />
  </node>
  <node id="ENTERTAIN">
    <attribute name="FREQUENCY" value="4" />
  </node>
  <node id="EPIDEMIOLOGY">
    <attribute name="FREQUENCY" value="1" />
  </node>
  <node id="EVALUATED">
    <attribute name="FREQUENCY" value="1" />
  </node>
  <node id="EXAMPLES">
    <attribute name="FREQUENCY" value="1" />
  </node>
  <node id="EXCEPTION">
    <attribute name="FREQUENCY" value="1" />
  </node>
  <node id="EXPLAINED">
    <attribute name="FREQUENCY" value="1" />
  </node>
  <node id="FACT">
    <attribute name="FREQUENCY" value="1" />
  </node>
  <node id="FINANCIAL">
    <attribute name="FREQUENCY" value="3" />
  </node>
  <node id="FOCUSED">
    <attribute name="FREQUENCY" value="1" />
  </node>
  <node id="FOLLOW">
    <attribute name="FREQUENCY" value="1" />
  </node>
  <node id="FOOD">
    <attribute name="FREQUENCY" value="1" />
  </node>
  <node id="FORGET">
    <attribute name="FREQUENCY" value="1" />
  </node>
  <node id="FORM">
    <attribute name="FREQUENCY" value="2" />
  </node>
  <node id="FRIDAY">
    <attribute name="FREQUENCY" value="1" />
  </node>
  <node id="GIFT">
    <attribute name="FREQUENCY" value="1" />
  </node>
  <node id="GOOD">
    <attribute name="FREQUENCY" value="1" />
  </node>
  <node id="HANDED">
    <attribute name="FREQUENCY" value="1" />
  </node>
  <node id="HEADLINES">
    <attribute name="FREQUENCY" value="1" />
  </node>
  <node id="HEALTH">
    <attribute name="FREQUENCY" value="6" />
  </node>
  <node id="HOMELESS">
    <attribute name="FREQUENCY" value="2" />
  </node>
  <node id="HTML">
    <attribute name="FREQUENCY" value="1" />
  </node>
  <node id="IMMUNIZATION">
    <attribute name="FREQUENCY" value="1" />
  </node>
  <node id="IMPORTANT">
    <attribute name="FREQUENCY" value="1" />
  </node>
  <node id="IMPROPERLY">
    <attribute name="FREQUENCY" value="1" />
  </node>
  <node id="IMPROVE">
    <attribute name="FREQUENCY" value="1" />
  </node>
  <node id="INCENTIVES">
    <attribute name="FREQUENCY" value="5" />
  </node>
  <node id="INCREASED">
    <attribute name="FREQUENCY" value="1" />
  </node>
  <node id="INDIRECT">
    <attribute name="FREQUENCY" value="1" />
  </node>
  <node id="INDIVIDUALS">
    <attribute name="FREQUENCY" value="3" />
  </node>
  <node id="INFO">
    <attribute name="FREQUENCY" value="2" />
  </node>
  <node id="INSTRUCTION">
    <attribute name="FREQUENCY" value="1" />
  </node>
  <node id="INVESTIGATORS">
    <attribute name="FREQUENCY" value="3" />
  </node>
  <node id="INVOLVES">
    <attribute name="FREQUENCY" value="1" />
  </node>
  <node id="ISSUE">
    <attribute name="FREQUENCY" value="1" />
  </node>
  <node id="JACQUELINE">
    <attribute name="FREQUENCY" value="1" />
  </node>
  <node id="JOURNAL">
    <attribute name="FREQUENCY" value="2" />
  </node>
  <node id="KILL">
    <attribute name="FREQUENCY" value="1" />
  </node>
  <node id="LIMITED">
    <attribute name="FREQUENCY" value="1" />
  </node>
  <node id="LIST">
    <attribute name="FREQUENCY" value="1" />
  </node>
  <node id="LONE">
    <attribute name="FREQUENCY" value="1" />
  </node>
  <node id="LOS">
    <attribute name="FREQUENCY" value="1" />
  </node>
  <node id="MEANS">
    <attribute name="FREQUENCY" value="2" />
  </node>
  <node id="MEDICAL">
    <attribute name="FREQUENCY" value="2" />
  </node>
  <node id="MEDICAL-COMPLIANCE">
    <attribute name="FREQUENCY" value="1" />
  </node>
  <node id="MEDICATION">
    <attribute name="FREQUENCY" value="1" />
  </node>
  <node id="MEDICINE">
    <attribute name="FREQUENCY" value="2" />
  </node>
  <node id="METHOD">
    <attribute name="FREQUENCY" value="1" />
  </node>
  <node id="MISSED">
    <attribute name="FREQUENCY" value="1" />
  </node>
  <node id="NATIONAL">
    <attribute name="FREQUENCY" value="1" />
  </node>
  <node id="NEEDED">
    <attribute name="FREQUENCY" value="2" />
  </node>
  <node id="NEEDLESSLY">
    <attribute name="FREQUENCY" value="1" />
  </node>
  <node id="NEWS">
    <attribute name="FREQUENCY" value="4" />
  </node>
  <node id="NON-FINANCIAL">
    <attribute name="FREQUENCY" value="1" />
  </node>
  <node id="NONCOMPLIANCE">
    <attribute name="FREQUENCY" value="2" />
  </node>
  <node id="NURSE">
    <attribute name="FREQUENCY" value="1" />
  </node>
  <node id="OCCUR">
    <attribute name="FREQUENCY" value="1" />
  </node>
  <node id="OCCURRED">
    <attribute name="FREQUENCY" value="1" />
  </node>
  <node id="OFFICE">
    <attribute name="FREQUENCY" value="1" />
  </node>
  <node id="ORGAN">
    <attribute name="FREQUENCY" value="1" />
  </node>
  <node id="OUTPATIENT">
    <attribute name="FREQUENCY" value="2" />
  </node>
  <node id="PARENTS">
    <attribute name="FREQUENCY" value="1" />
  </node>
  <node id="PARLOR">
    <attribute name="FREQUENCY" value="4" />
  </node>
  <node id="PART">
    <attribute name="FREQUENCY" value="1" />
  </node>
  <node id="PATIENTS">
    <attribute name="FREQUENCY" value="5" />
  </node>
  <node id="PAYMENT">
    <attribute name="FREQUENCY" value="1" />
  </node>
  <node id="PEDIATRICS">
    <attribute name="FREQUENCY" value="1" />
  </node>
  <node id="PEERS">
    <attribute name="FREQUENCY" value="1" />
  </node>
  <node id="PHARMACEUTICAL">
    <attribute name="FREQUENCY" value="1" />
  </node>
  <node id="PHARMACISTS">
    <attribute name="FREQUENCY" value="1" />
  </node>
  <node id="PHYSICIANS">
    <attribute name="FREQUENCY" value="3" />
  </node>
  <node id="PITTSBURGH">
    <attribute name="FREQUENCY" value="1" />
  </node>
  <node id="PM">
    <attribute name="FREQUENCY" value="1" />
  </node>
  <node id="POLITIC">
    <attribute name="FREQUENCY" value="4" />
  </node>
  <node id="POPULATION">
    <attribute name="FREQUENCY" value="1" />
  </node>
  <node id="POSITION">
    <attribute name="FREQUENCY" value="1" />
  </node>
  <node id="PRESCRIBED">
    <attribute name="FREQUENCY" value="4" />
  </node>
  <node id="PREVENTION">
    <attribute name="FREQUENCY" value="1" />
  </node>
  <node id="PREVENTIVE">
    <attribute name="FREQUENCY" value="1" />
  </node>
  <node id="PROFESSOR">
    <attribute name="FREQUENCY" value="1" />
  </node>
  <node id="PROGRAM">
    <attribute name="FREQUENCY" value="3" />
  </node>
  <node id="PROMOTED">
    <attribute name="FREQUENCY" value="1" />
  </node>
  <node id="PROVE">
    <attribute name="FREQUENCY" value="1" />
  </node>
  <node id="PUBLISHED">
    <attribute name="FREQUENCY" value="1" />
  </node>
  <node id="QUESTIONS">
    <attribute name="FREQUENCY" value="2" />
  </node>
  <node id="RE-HOSPITALIZES">
    <attribute name="FREQUENCY" value="1" />
  </node>
  <node id="RECOMMEND">
    <attribute name="FREQUENCY" value="1" />
  </node>
  <node id="REDUCE">
    <attribute name="FREQUENCY" value="5" />
  </node>
  <node id="REDUCED">
    <attribute name="FREQUENCY" value="1" />
  </node>
  <node id="REFUSE">
    <attribute name="FREQUENCY" value="1" />
  </node>
  <node id="REGIMEN">
    <attribute name="FREQUENCY" value="3" />
  </node>
  <node id="RESEARCHERS">
    <attribute name="FREQUENCY" value="4" />
  </node>
  <node id="RESOURCES">
    <attribute name="FREQUENCY" value="1" />
  </node>
  <node id="RESTON">
    <attribute name="FREQUENCY" value="1" />
  </node>
  <node id="RETRANSPLANTATION">
    <attribute name="FREQUENCY" value="1" />
  </node>
  <node id="REUTERS">
    <attribute name="FREQUENCY" value="2" />
  </node>
  <node id="REVIEWED">
    <attribute name="FREQUENCY" value="1" />
  </node>
  <node id="REWARDS">
    <attribute name="FREQUENCY" value="3" />
  </node>
  <node id="RISK">
    <attribute name="FREQUENCY" value="8" />
  </node>
  <node id="RUN">
    <attribute name="FREQUENCY" value="1" />
  </node>
  <node id="SALT">
    <attribute name="FREQUENCY" value="4" />
  </node>
  <node id="SAVE">
    <attribute name="FREQUENCY" value="1" />
  </node>
  <node id="SCOREBOARD">
    <attribute name="FREQUENCY" value="4" />
  </node>
  <node id="SEPARATE">
    <attribute name="FREQUENCY" value="1" />
  </node>
  <node id="SEPTEMBER">
    <attribute name="FREQUENCY" value="1" />
  </node>
  <node id="SIMPLIFIED">
    <attribute name="FREQUENCY" value="1" />
  </node>
  <node id="SITUATION">
    <attribute name="FREQUENCY" value="1" />
  </node>
  <node id="SMALL">
    <attribute name="FREQUENCY" value="2" />
  </node>
  <node id="SOURCE">
    <attribute name="FREQUENCY" value="1" />
  </node>
  <node id="SPECIFIC">
    <attribute name="FREQUENCY" value="1" />
  </node>
  <node id="SPORT">
    <attribute name="FREQUENCY" value="4" />
  </node>
  <node id="STATES">
    <attribute name="FREQUENCY" value="1" />
  </node>
  <node id="STORIES">
    <attribute name="FREQUENCY" value="1" />
  </node>
  <node id="STORY">
    <attribute name="FREQUENCY" value="4" />
  </node>
  <node id="STRATEGY">
    <attribute name="FREQUENCY" value="1" />
  </node>
  <node id="STROKE">
    <attribute name="FREQUENCY" value="8" />
  </node>
  <node id="STUDIES">
    <attribute name="FREQUENCY" value="3" />
  </node>
  <node id="STUDY">
    <attribute name="FREQUENCY" value="1" />
  </node>
  <node id="SUCCESSIVE">
    <attribute name="FREQUENCY" value="1" />
  </node>
  <node id="SUFFERING">
    <attribute name="FREQUENCY" value="1" />
  </node>
  <node id="SUGGESTED">
    <attribute name="FREQUENCY" value="1" />
  </node>
  <node id="SUPPORT">
    <attribute name="FREQUENCY" value="1" />
  </node>
  <node id="TECH">
    <attribute name="FREQUENCY" value="4" />
  </node>
  <node id="TEN">
    <attribute name="FREQUENCY" value="1" />
  </node>
  <node id="TEND">
    <attribute name="FREQUENCY" value="1" />
  </node>
  <node id="TEXT">
    <attribute name="FREQUENCY" value="1" />
  </node>
  <node id="THERAPIES">
    <attribute name="FREQUENCY" value="2" />
  </node>
  <node id="THOUSANDS">
    <attribute name="FREQUENCY" value="1" />
  </node>
  <node id="TRANSMISSION">
    <attribute name="FREQUENCY" value="1" />
  </node>
  <node id="TRANSPLANT">
    <attribute name="FREQUENCY" value="2" />
  </node>
  <node id="TREAT">
    <attribute name="FREQUENCY" value="1" />
  </node>
  <node id="TREATED">
    <attribute name="FREQUENCY" value="1" />
  </node>
  <node id="TREATMENT">
    <attribute name="FREQUENCY" value="8" />
  </node>
  <node id="TUBERCULOSIS">
    <attribute name="FREQUENCY" value="3" />
  </node>
  <node id="UNCOMPLICATED">
    <attribute name="FREQUENCY" value="1" />
  </node>
  <node id="UNDERGO">
    <attribute name="FREQUENCY" value="1" />
  </node>
  <node id="UNDERSTAND">
    <attribute name="FREQUENCY" value="1" />
  </node>
  <node id="UNITED">
    <attribute name="FREQUENCY" value="1" />
  </node>
  <node id="UNIVERSITY">
    <attribute name="FREQUENCY" value="2" />
  </node>
  <node id="UPPING">
    <attribute name="FREQUENCY" value="1" />
  </node>
  <node id="VIRGINIA">
    <attribute name="FREQUENCY" value="1" />
  </node>
  <node id="WAITING">
    <attribute name="FREQUENCY" value="1" />
  </node>
  <node id="WARNING">
    <attribute name="FREQUENCY" value="1" />
  </node>
  <node id="WASHINGTON">
    <attribute name="FREQUENCY" value="1" />
  </node>
  <node id="WEIGHT">
    <attribute name="FREQUENCY" value="1" />
  </node>
  <node id="WORK">
    <attribute name="FREQUENCY" value="1" />
  </node>
  <node id="WRITE">
    <attribute name="FREQUENCY" value="3" />
  </node>
  <node id="YAHOO">
    <attribute name="FREQUENCY" value="4" />
  </node>
  <node id="YEAR">
    <attribute name="FREQUENCY" value="2" />
  </node>
  <node id="YORK">
    <attribute name="FREQUENCY" value="2" />
  </node>
  <edge from="-BASED" to="CENTER">
    <attribute name="TEXT" value="1" />
  </edge>
  <edge from="ACCORD" to="REDUCE">
    <attribute name="TEXT" value="1" />
  </edge>
  <edge from="AIDS" to="CLINIC">
    <attribute name="TEXT" value="1" />
  </edge>
  <edge from="AMERICAN" to="YEAR">
    <attribute name="TEXT" value="1" />
  </edge>
  <edge from="ANTI-REJECTION" to="DRUG">
    <attribute name="TEXT" value="1" />
  </edge>
  <edge from="ATTENDANT" to="COST">
    <attribute name="TEXT" value="1" />
  </edge>
  <edge from="AUTOMATICALLY" to="POSITION">
    <attribute name="TEXT" value="1" />
  </edge>
  <edge from="BEAUTY" to="PARLOR">
    <attribute name="TEXT" value="2" />
    <attribute name="LINKS" value="2" />
  </edge>
  <edge from="BEAUTY" to="PARLOR">
    <attribute name="TEXT" value="2" />
    <attribute name="LINKS" value="2" />
  </edge>
  <edge from="BELIEVES" to="DOCTORS">
    <attribute name="TEXT" value="1" />
  </edge>
  <edge from="BILLION" to="YEAR">
    <attribute name="TEXT" value="1" />
  </edge>
  <edge from="BRIBE" to="AIMED">
    <attribute name="TEXT" value="1" />
  </edge>
  <edge from="BRITISH" to="INVESTIGATORS">
    <attribute name="TEXT" value="1" />
  </edge>
  <edge from="BRITISH" to="MEDICAL">
    <attribute name="TEXT" value="2" />
  </edge>
  <edge from="BRITISH" to="RESEARCHERS">
    <attribute name="TEXT" value="1" />
  </edge>
  <edge from="CASH" to="INCENTIVES">
    <attribute name="TEXT" value="1" />
  </edge>
  <edge from="CASH" to="PAYMENT">
    <attribute name="TEXT" value="1" />
  </edge>
  <edge from="CASH" to="REWARDS">
    <attribute name="TEXT" value="1" />
    <attribute name="KEYWORDS" value="1" />
  </edge>
  <edge from="CASH" to="REWARDS">
    <attribute name="TEXT" value="1" />
    <attribute name="KEYWORDS" value="1" />
  </edge>
  <edge from="CERTIFICATES" to="ATTENDANCE">
    <attribute name="TEXT" value="1" />
  </edge>
  <edge from="CHILD" to="IMMUNIZATION">
    <attribute name="TEXT" value="1" />
  </edge>
  <edge from="CLEAR" to="INSTRUCTION">
    <attribute name="TEXT" value="1" />
  </edge>
  <edge from="CLINIC" to="CHANGED">
    <attribute name="TEXT" value="1" />
  </edge>
  <edge from="CLINIC" to="WAITING">
    <attribute name="TEXT" value="1" />
  </edge>
  <edge from="COCAINE-ADDICTION" to="TREATMENT">
    <attribute name="TEXT" value="1" />
  </edge>
  <edge from="CONDITIONS" to="TREATED">
    <attribute name="TEXT" value="1" />
  </edge>
  <edge from="COUNCIL" to="BASED">
    <attribute name="TEXT" value="1" />
  </edge>
  <edge from="CURRENT" to="ISSUE">
    <attribute name="TEXT" value="1" />
  </edge>
  <edge from="CUT" to="STROKE">
    <attribute name="TEXT" value="4" />
    <attribute name="LINKS" value="4" />
  </edge>
  <edge from="CUT" to="STROKE">
    <attribute name="TEXT" value="4" />
    <attribute name="LINKS" value="4" />
  </edge>
  <edge from="DECLINED" to="CONSIDERABLY">
    <attribute name="TEXT" value="1" />
  </edge>
  <edge from="DISEASE" to="TRANSMISSION">
    <attribute name="TEXT" value="1" />
  </edge>
  <edge from="DISTURBED" to="CHILDREN">
    <attribute name="TEXT" value="1" />
  </edge>
  <edge from="DOLLARS" to="INCENTIVES">
    <attribute name="TEXT" value="1" />
  </edge>
  <edge from="DOSAGE" to="PRESCRIBED">
    <attribute name="TEXT" value="1" />
  </edge>
  <edge from="DRASTICALLY" to="REDUCED">
    <attribute name="TEXT" value="1" />
  </edge>
  <edge from="DRUG" to="COMPLIANCE">
    <attribute name="TEXT" value="1" />
    <attribute name="KEYWORDS" value="1" />
  </edge>
  <edge from="DRUG" to="COMPLIANCE">
    <attribute name="TEXT" value="1" />
    <attribute name="KEYWORDS" value="1" />
  </edge>
  <edge from="DUNBAR-JACOB" to="PROFESSOR">
    <attribute name="TEXT" value="1" />
  </edge>
  <edge from="EASY" to="COST-EFFECTIVE">
    <attribute name="TEXT" value="1" />
  </edge>
  <edge from="EFFECTIVELY" to="MEANS">
    <attribute name="TEXT" value="1" />
  </edge>
  <edge from="EFFORT" to="COCAINE-ADDICTION">
    <attribute name="TEXT" value="1" />
  </edge>
  <edge from="ENSURE" to="COMPLIANCE">
    <attribute name="TEXT" value="1" />
  </edge>
  <edge from="EXCEPTION" to="OCCURRED">
    <attribute name="TEXT" value="1" />
  </edge>
  <edge from="FACT" to="PROVE">
    <attribute name="TEXT" value="1" />
  </edge>
  <edge from="FINANCIAL" to="INCENTIVES">
    <attribute name="TEXT" value="3" />
  </edge>
  <edge from="FRIDAY" to="SEPTEMBER">
    <attribute name="TEXT" value="1" />
  </edge>
  <edge from="GIFT" to="CERTIFICATES">
    <attribute name="TEXT" value="1" />
  </edge>
  <edge from="GOOD" to="HEALTH">
    <attribute name="TEXT" value="1" />
  </edge>
  <edge from="HEALTH" to="STORIES">
    <attribute name="TEXT" value="1" />
  </edge>
  <edge from="HOMELESS" to="INDIVIDUALS">
    <attribute name="TEXT" value="1" />
  </edge>
  <edge from="HOMELESS" to="POPULATION">
    <attribute name="TEXT" value="1" />
  </edge>
  <edge from="IMMUNIZATION" to="EFFORT">
    <attribute name="TEXT" value="1" />
  </edge>
  <edge from="INCENTIVES" to="HANDED">
    <attribute name="TEXT" value="1" />
  </edge>
  <edge from="INCENTIVES" to="PROMOTED">
    <attribute name="TEXT" value="1" />
  </edge>
  <edge from="INCENTIVES" to="TEND">
    <attribute name="TEXT" value="1" />
  </edge>
  <edge from="INCREASED" to="COMPLIANCE">
    <attribute name="TEXT" value="1" />
  </edge>
  <edge from="INDIRECT" to="COST">
    <attribute name="TEXT" value="1" />
  </edge>
  <edge from="INDIVIDUALS" to="FORGET">
    <attribute name="TEXT" value="1" />
  </edge>
  <edge from="INDIVIDUALS" to="SUFFERING">
    <attribute name="TEXT" value="1" />
  </edge>
  <edge from="INVESTIGATORS" to="CONCLUDE">
    <attribute name="TEXT" value="1" />
  </edge>
  <edge from="INVESTIGATORS" to="REVIEWED">
    <attribute name="TEXT" value="1" />
  </edge>
  <edge from="INVOLVES" to="PHARMACISTS">
    <attribute name="TEXT" value="1" />
  </edge>
  <edge from="JACQUELINE" to="DUNBAR-JACOB">
    <attribute name="TEXT" value="1" />
  </edge>
  <edge from="LONE" to="EXCEPTION">
    <attribute name="TEXT" value="1" />
  </edge>
  <edge from="MEDICAL" to="JOURNAL">
    <attribute name="TEXT" value="2" />
  </edge>
  <edge from="MEDICAL-COMPLIANCE" to="SITUATION">
    <attribute name="TEXT" value="1" />
  </edge>
  <edge from="MEDICINE" to="BRITISH">
    <attribute name="TEXT" value="1" />
  </edge>
  <edge from="MISSED" to="APPOINTMENT">
    <attribute name="TEXT" value="1" />
  </edge>
  <edge from="NATIONAL" to="PHARMACEUTICAL">
    <attribute name="TEXT" value="1" />
  </edge>
  <edge from="NEEDED" to="TREATMENT">
    <attribute name="TEXT" value="1" />
  </edge>
  <edge from="NEEDLESSLY" to="RE-HOSPITALIZES">
    <attribute name="TEXT" value="1" />
  </edge>
  <edge from="NON-FINANCIAL" to="MEANS">
    <attribute name="TEXT" value="1" />
  </edge>
  <edge from="NONCOMPLIANCE" to="OCCUR">
    <attribute name="TEXT" value="1" />
  </edge>
  <edge from="ORGAN" to="TRANSPLANT">
    <attribute name="TEXT" value="1" />
  </edge>
  <edge from="OUTPATIENT" to="CLINIC">
    <attribute name="TEXT" value="1" />
  </edge>
  <edge from="PATIENTS" to="CLEAR">
    <attribute name="TEXT" value="1" />
  </edge>
  <edge from="PATIENTS" to="WRITE">
    <attribute name="TEXT" value="1" />
  </edge>
  <edge from="PAYMENT" to="INCREASED">
    <attribute name="TEXT" value="1" />
  </edge>
  <edge from="PEDIATRICS" to="OUTPATIENT">
    <attribute name="TEXT" value="1" />
  </edge>
  <edge from="PEERS" to="SUPPORT">
    <attribute name="TEXT" value="1" />
  </edge>
  <edge from="PHARMACEUTICAL" to="COUNCIL">
    <attribute name="TEXT" value="1" />
  </edge>
  <edge from="PHYSICIANS" to="OFFICE">
    <attribute name="TEXT" value="1" />
  </edge>
  <edge from="PITTSBURGH" to="BELIEVES">
    <attribute name="TEXT" value="1" />
  </edge>
  <edge from="PM" to="EDT">
    <attribute name="TEXT" value="1" />
  </edge>
  <edge from="POPULATION" to="PREVENTIVE">
    <attribute name="TEXT" value="1" />
  </edge>
  <edge from="PRESCRIBED" to="MEDICATION">
    <attribute name="TEXT" value="1" />
  </edge>
  <edge from="PRESCRIBED" to="MEDICINE">
    <attribute name="TEXT" value="1" />
  </edge>
  <edge from="PRESCRIBED" to="THERAPIES">
    <attribute name="TEXT" value="1" />
  </edge>
  <edge from="PREVENTION" to="PROGRAM">
    <attribute name="TEXT" value="1" />
  </edge>
  <edge from="PREVENTIVE" to="DENTISTRY">
    <attribute name="TEXT" value="1" />
  </edge>
  <edge from="PROGRAM" to="EVALUATED">
    <attribute name="TEXT" value="1" />
  </edge>
  <edge from="PROMOTED" to="COMPLIANCE">
    <attribute name="TEXT" value="1" />
  </edge>
  <edge from="PROVE" to="COST-EFFECTIVE">
    <attribute name="TEXT" value="1" />
  </edge>
  <edge from="RE-HOSPITALIZES" to="THOUSANDS">
    <attribute name="TEXT" value="1" />
  </edge>
  <edge from="REDUCE" to="SALT">
    <attribute name="TEXT" value="4" />
    <attribute name="LINKS" value="4" />
  </edge>
  <edge from="REDUCE" to="SALT">
    <attribute name="TEXT" value="4" />
    <attribute name="LINKS" value="4" />
  </edge>
  <edge from="RESEARCHERS" to="CONCLUDE">
    <attribute name="TEXT" value="2" />
  </edge>
  <edge from="RESTON" to="VIRGINIA">
    <attribute name="TEXT" value="1" />
  </edge>
  <edge from="REUTERS" to="LIMITED">
    <attribute name="TEXT" value="1" />
  </edge>
  <edge from="SALT" to="CUT">
    <attribute name="TEXT" value="4" />
    <attribute name="LINKS" value="4" />
  </edge>
  <edge from="SALT" to="CUT">
    <attribute name="TEXT" value="4" />
    <attribute name="LINKS" value="4" />
  </edge>
  <edge from="SAVE" to="RESOURCES">
    <attribute name="TEXT" value="1" />
  </edge>
  <edge from="SEPARATE" to="STUDIES">
    <attribute name="TEXT" value="1" />
  </edge>
  <edge from="SMALL" to="CASH">
    <attribute name="TEXT" value="1" />
  </edge>
  <edge from="SPECIFIC" to="MEDICAL-COMPLIANCE">
    <attribute name="TEXT" value="1" />
  </edge>
  <edge from="STROKE" to="RISK">
    <attribute name="TEXT" value="4" />
    <attribute name="LINKS" value="4" />
  </edge>
  <edge from="STROKE" to="RISK">
    <attribute name="TEXT" value="4" />
    <attribute name="LINKS" value="4" />
  </edge>
  <edge from="SUCCESSIVE" to="MISSED">
    <attribute name="TEXT" value="1" />
  </edge>
  <edge from="TEXT" to="HEADLINES">
    <attribute name="TEXT" value="1" />
  </edge>
  <edge from="TRANSPLANT" to="PATIENTS">
    <attribute name="TEXT" value="1" />
  </edge>
  <edge from="TREAT" to="TUBERCULOSIS">
    <attribute name="TEXT" value="1" />
  </edge>
  <edge from="TREATMENT" to="COMPLIANCE">
    <attribute name="TEXT" value="1" />
  </edge>
  <edge from="TREATMENT" to="PROGRAM">
    <attribute name="TEXT" value="1" />
  </edge>
  <edge from="TREATMENT" to="REGIMEN">
    <attribute name="TEXT" value="1" />
  </edge>
  <edge from="TUBERCULOSIS" to="EARLY">
    <attribute name="TEXT" value="1" />
  </edge>
  <edge from="UNDERGO" to="ORGAN">
    <attribute name="TEXT" value="1" />
  </edge>
  <edge from="UNITED" to="STATES">
    <attribute name="TEXT" value="1" />
  </edge>
  <edge from="UPPING" to="TREATMENT">
    <attribute name="TEXT" value="1" />
  </edge>
  <edge from="WAITING" to="LIST">
    <attribute name="TEXT" value="1" />
  </edge>
  <edge from="WARNING" to="PARENTS">
    <attribute name="TEXT" value="1" />
  </edge>
  <edge from="WASHINGTON" to="-BASED">
    <attribute name="TEXT" value="1" />
  </edge>
  <edge from="WEIGHT" to="LOS">
    <attribute name="TEXT" value="1" />
  </edge>
  <edge from="WORK" to="COLLABORATIVELY">
    <attribute name="TEXT" value="1" />
  </edge>
  <edge from="YEAR" to="NEEDLESSLY">
    <attribute name="TEXT" value="1" />
  </edge>
</graph>
