<graph>
  <node id="ABLE">
    <attribute name="FREQUENCY" value="1" />
  </node>
  <node id="ACID">
    <attribute name="FREQUENCY" value="1" />
  </node>
  <node id="ACTIVITY">
    <attribute name="FREQUENCY" value="1" />
  </node>
  <node id="ADD">
    <attribute name="FREQUENCY" value="1" />
  </node>
  <node id="ADDITION">
    <attribute name="FREQUENCY" value="1" />
  </node>
  <node id="ADVANCED">
    <attribute name="FREQUENCY" value="1" />
  </node>
  <node id="ADVERSE">
    <attribute name="FREQUENCY" value="1" />
  </node>
  <node id="ADVICE">
    <attribute name="FREQUENCY" value="1" />
  </node>
  <node id="AGAINST">
    <attribute name="FREQUENCY" value="1" />
  </node>
  <node id="AIDS">
    <attribute name="FREQUENCY" value="2" />
  </node>
  <node id="ANIMALS">
    <attribute name="FREQUENCY" value="1" />
  </node>
  <node id="ANTICANCER-DRUG">
    <attribute name="FREQUENCY" value="1" />
  </node>
  <node id="ANTITUMOR">
    <attribute name="FREQUENCY" value="1" />
  </node>
  <node id="ASSIGNED">
    <attribute name="FREQUENCY" value="1" />
  </node>
  <node id="ATTACK">
    <attribute name="FREQUENCY" value="4" />
  </node>
  <node id="BACTERIAL">
    <attribute name="FREQUENCY" value="1" />
  </node>
  <node id="BASED">
    <attribute name="FREQUENCY" value="1" />
  </node>
  <node id="BIOLOGICAL">
    <attribute name="FREQUENCY" value="2" />
  </node>
  <node id="BIORHYTHMS">
    <attribute name="FREQUENCY" value="2" />
  </node>
  <node id="BIZ">
    <attribute name="FREQUENCY" value="4" />
  </node>
  <node id="BLOODSTREAM">
    <attribute name="FREQUENCY" value="1" />
  </node>
  <node id="BOARD">
    <attribute name="FREQUENCY" value="1" />
  </node>
  <node id="BOUTS">
    <attribute name="FREQUENCY" value="1" />
  </node>
  <node id="BROUSSE">
    <attribute name="FREQUENCY" value="1" />
  </node>
  <node id="CALL">
    <attribute name="FREQUENCY" value="1" />
  </node>
  <node id="CANCER">
    <attribute name="FREQUENCY" value="8" />
  </node>
  <node id="CASE">
    <attribute name="FREQUENCY" value="1" />
  </node>
  <node id="CELLS">
    <attribute name="FREQUENCY" value="3" />
  </node>
  <node id="CHEMICAL">
    <attribute name="FREQUENCY" value="1" />
  </node>
  <node id="CHEMO">
    <attribute name="FREQUENCY" value="1" />
  </node>
  <node id="CHEMOTHERAPY">
    <attribute name="FREQUENCY" value="12" />
  </node>
  <node id="CHRONOTHERAPY">
    <attribute name="FREQUENCY" value="17" />
  </node>
  <node id="CIRCADIAN">
    <attribute name="FREQUENCY" value="3" />
  </node>
  <node id="CLINICAL">
    <attribute name="FREQUENCY" value="1" />
  </node>
  <node id="CLOCK">
    <attribute name="FREQUENCY" value="1" />
  </node>
  <node id="COINCIDE">
    <attribute name="FREQUENCY" value="1" />
  </node>
  <node id="COINCIDED">
    <attribute name="FREQUENCY" value="1" />
  </node>
  <node id="COLON">
    <attribute name="FREQUENCY" value="1" />
  </node>
  <node id="COLORECTAL">
    <attribute name="FREQUENCY" value="3" />
  </node>
  <node id="COMBINATION">
    <attribute name="FREQUENCY" value="1" />
  </node>
  <node id="COMMENTS">
    <attribute name="FREQUENCY" value="2" />
  </node>
  <node id="COMPARED">
    <attribute name="FREQUENCY" value="2" />
  </node>
  <node id="COMPLETE">
    <attribute name="FREQUENCY" value="1" />
  </node>
  <node id="CONCEPT">
    <attribute name="FREQUENCY" value="1" />
  </node>
  <node id="CONCLUDE">
    <attribute name="FREQUENCY" value="1" />
  </node>
  <node id="CONFIRM">
    <attribute name="FREQUENCY" value="2" />
  </node>
  <node id="CONSEQUENCES">
    <attribute name="FREQUENCY" value="1" />
  </node>
  <node id="CONSTANT">
    <attribute name="FREQUENCY" value="4" />
  </node>
  <node id="CONSTANT-RATE">
    <attribute name="FREQUENCY" value="4" />
  </node>
  <node id="CORNER">
    <attribute name="FREQUENCY" value="4" />
  </node>
  <node id="COUNT">
    <attribute name="FREQUENCY" value="2" />
  </node>
  <node id="CUT">
    <attribute name="FREQUENCY" value="1" />
  </node>
  <node id="CYCLE">
    <attribute name="FREQUENCY" value="2" />
  </node>
  <node id="DAILY">
    <attribute name="FREQUENCY" value="1" />
  </node>
  <node id="DAY">
    <attribute name="FREQUENCY" value="1" />
  </node>
  <node id="DELIVERY">
    <attribute name="FREQUENCY" value="1" />
  </node>
  <node id="DEPENDING">
    <attribute name="FREQUENCY" value="1" />
  </node>
  <node id="DEVELOPMENT">
    <attribute name="FREQUENCY" value="1" />
  </node>
  <node id="DEVICES">
    <attribute name="FREQUENCY" value="1" />
  </node>
  <node id="DIARRHEA">
    <attribute name="FREQUENCY" value="1" />
  </node>
  <node id="DIFFERENCE">
    <attribute name="FREQUENCY" value="1" />
  </node>
  <node id="DOSE">
    <attribute name="FREQUENCY" value="1" />
  </node>
  <node id="DRUG">
    <attribute name="FREQUENCY" value="7" />
  </node>
  <node id="EARLY">
    <attribute name="FREQUENCY" value="2" />
  </node>
  <node id="EDT">
    <attribute name="FREQUENCY" value="1" />
  </node>
  <node id="EFFECT">
    <attribute name="FREQUENCY" value="6" />
  </node>
  <node id="EFFECTIVE">
    <attribute name="FREQUENCY" value="2" />
  </node>
  <node id="EFFECTIVENESS">
    <attribute name="FREQUENCY" value="1" />
  </node>
  <node id="EFFICACY">
    <attribute name="FREQUENCY" value="1" />
  </node>
  <node id="ENDOCRINE">
    <attribute name="FREQUENCY" value="1" />
  </node>
  <node id="ENGINEERED">
    <attribute name="FREQUENCY" value="4" />
  </node>
  <node id="ENROLLED">
    <attribute name="FREQUENCY" value="1" />
  </node>
  <node id="ENTERTAIN">
    <attribute name="FREQUENCY" value="4" />
  </node>
  <node id="ENZYME">
    <attribute name="FREQUENCY" value="2" />
  </node>
  <node id="EXCEED">
    <attribute name="FREQUENCY" value="1" />
  </node>
  <node id="FAILURE">
    <attribute name="FREQUENCY" value="2" />
  </node>
  <node id="FEET">
    <attribute name="FREQUENCY" value="1" />
  </node>
  <node id="FEWER">
    <attribute name="FREQUENCY" value="3" />
  </node>
  <node id="FIGHT">
    <attribute name="FREQUENCY" value="1" />
  </node>
  <node id="FINGERTIPS">
    <attribute name="FREQUENCY" value="1" />
  </node>
  <node id="FIVE-FOLD">
    <attribute name="FREQUENCY" value="1" />
  </node>
  <node id="FLU">
    <attribute name="FREQUENCY" value="4" />
  </node>
  <node id="FLUOROURACIL">
    <attribute name="FREQUENCY" value="1" />
  </node>
  <node id="FOLINIC">
    <attribute name="FREQUENCY" value="1" />
  </node>
  <node id="FRANCE">
    <attribute name="FREQUENCY" value="1" />
  </node>
  <node id="FRANCIS">
    <attribute name="FREQUENCY" value="1" />
  </node>
  <node id="FRENCH">
    <attribute name="FREQUENCY" value="2" />
  </node>
  <node id="FRIDAY">
    <attribute name="FREQUENCY" value="1" />
  </node>
  <node id="FUNCTION">
    <attribute name="FREQUENCY" value="1" />
  </node>
  <node id="GASTROINTESTINAL">
    <attribute name="FREQUENCY" value="1" />
  </node>
  <node id="GENERALLY">
    <attribute name="FREQUENCY" value="1" />
  </node>
  <node id="GLANDS">
    <attribute name="FREQUENCY" value="1" />
  </node>
  <node id="GOVERNED">
    <attribute name="FREQUENCY" value="1" />
  </node>
  <node id="GROUP">
    <attribute name="FREQUENCY" value="11" />
  </node>
  <node id="HAIR">
    <attribute name="FREQUENCY" value="1" />
  </node>
  <node id="HALF">
    <attribute name="FREQUENCY" value="1" />
  </node>
  <node id="HEADLINES">
    <attribute name="FREQUENCY" value="1" />
  </node>
  <node id="HEALTH">
    <attribute name="FREQUENCY" value="4" />
  </node>
  <node id="HELPED">
    <attribute name="FREQUENCY" value="1" />
  </node>
  <node id="HIGH">
    <attribute name="FREQUENCY" value="2" />
  </node>
  <node id="HIGHER">
    <attribute name="FREQUENCY" value="1" />
  </node>
  <node id="HIV">
    <attribute name="FREQUENCY" value="4" />
  </node>
  <node id="HOPITAL">
    <attribute name="FREQUENCY" value="1" />
  </node>
  <node id="HORMONE">
    <attribute name="FREQUENCY" value="1" />
  </node>
  <node id="HOURS">
    <attribute name="FREQUENCY" value="2" />
  </node>
  <node id="HTML">
    <attribute name="FREQUENCY" value="1" />
  </node>
  <node id="HUMAN">
    <attribute name="FREQUENCY" value="1" />
  </node>
  <node id="IMPORTANT">
    <attribute name="FREQUENCY" value="1" />
  </node>
  <node id="INCIDENCE">
    <attribute name="FREQUENCY" value="1" />
  </node>
  <node id="INCLUDING">
    <attribute name="FREQUENCY" value="1" />
  </node>
  <node id="INFECTION">
    <attribute name="FREQUENCY" value="1" />
  </node>
  <node id="INFLAMMATION">
    <attribute name="FREQUENCY" value="1" />
  </node>
  <node id="INFO">
    <attribute name="FREQUENCY" value="2" />
  </node>
  <node id="INFUSED">
    <attribute name="FREQUENCY" value="1" />
  </node>
  <node id="INFUSIONS">
    <attribute name="FREQUENCY" value="5" />
  </node>
  <node id="INTEGRATION">
    <attribute name="FREQUENCY" value="1" />
  </node>
  <node id="INTERNAL">
    <attribute name="FREQUENCY" value="1" />
  </node>
  <node id="INVESTIGATORS">
    <attribute name="FREQUENCY" value="1" />
  </node>
  <node id="ISSUE">
    <attribute name="FREQUENCY" value="1" />
  </node>
  <node id="LABORATORY">
    <attribute name="FREQUENCY" value="1" />
  </node>
  <node id="LANCET">
    <attribute name="FREQUENCY" value="2" />
  </node>
  <node id="LED">
    <attribute name="FREQUENCY" value="1" />
  </node>
  <node id="LEUKOPENIA">
    <attribute name="FREQUENCY" value="1" />
  </node>
  <node id="LEVI">
    <attribute name="FREQUENCY" value="1" />
  </node>
  <node id="LIMITED">
    <attribute name="FREQUENCY" value="1" />
  </node>
  <node id="LINE">
    <attribute name="FREQUENCY" value="1" />
  </node>
  <node id="LOS">
    <attribute name="FREQUENCY" value="1" />
  </node>
  <node id="LOW">
    <attribute name="FREQUENCY" value="2" />
  </node>
  <node id="METASTATIC">
    <attribute name="FREQUENCY" value="1" />
  </node>
  <node id="MICE">
    <attribute name="FREQUENCY" value="1" />
  </node>
  <node id="MODERATE">
    <attribute name="FREQUENCY" value="1" />
  </node>
  <node id="MONTH">
    <attribute name="FREQUENCY" value="2" />
  </node>
  <node id="MOUTH">
    <attribute name="FREQUENCY" value="1" />
  </node>
  <node id="NEUROPATHY">
    <attribute name="FREQUENCY" value="1" />
  </node>
  <node id="NEUTROPENIA">
    <attribute name="FREQUENCY" value="1" />
  </node>
  <node id="NEUTROPHIL">
    <attribute name="FREQUENCY" value="1" />
  </node>
  <node id="NEWS">
    <attribute name="FREQUENCY" value="4" />
  </node>
  <node id="NOTES">
    <attribute name="FREQUENCY" value="1" />
  </node>
  <node id="NUMBNESS">
    <attribute name="FREQUENCY" value="1" />
  </node>
  <node id="OXALIPLATIN">
    <attribute name="FREQUENCY" value="1" />
  </node>
  <node id="PART">
    <attribute name="FREQUENCY" value="1" />
  </node>
  <node id="PATIENTS">
    <attribute name="FREQUENCY" value="9" />
  </node>
  <node id="PAUL">
    <attribute name="FREQUENCY" value="1" />
  </node>
  <node id="PERIOD">
    <attribute name="FREQUENCY" value="1" />
  </node>
  <node id="PERIPHERAL">
    <attribute name="FREQUENCY" value="1" />
  </node>
  <node id="PHYSIOLOGIC">
    <attribute name="FREQUENCY" value="1" />
  </node>
  <node id="PM">
    <attribute name="FREQUENCY" value="1" />
  </node>
  <node id="POINT">
    <attribute name="FREQUENCY" value="1" />
  </node>
  <node id="POLICY">
    <attribute name="FREQUENCY" value="1" />
  </node>
  <node id="POLITIC">
    <attribute name="FREQUENCY" value="4" />
  </node>
  <node id="PRINCIPLES">
    <attribute name="FREQUENCY" value="1" />
  </node>
  <node id="PRODUCTION">
    <attribute name="FREQUENCY" value="1" />
  </node>
  <node id="PROLONG">
    <attribute name="FREQUENCY" value="1" />
  </node>
  <node id="PUMP">
    <attribute name="FREQUENCY" value="1" />
  </node>
  <node id="QUESTIONS">
    <attribute name="FREQUENCY" value="2" />
  </node>
  <node id="RANDOMLY">
    <attribute name="FREQUENCY" value="1" />
  </node>
  <node id="RATE">
    <attribute name="FREQUENCY" value="6" />
  </node>
  <node id="RECEIVE">
    <attribute name="FREQUENCY" value="2" />
  </node>
  <node id="RECEIVED">
    <attribute name="FREQUENCY" value="6" />
  </node>
  <node id="REDUCE">
    <attribute name="FREQUENCY" value="1" />
  </node>
  <node id="REDUCED">
    <attribute name="FREQUENCY" value="1" />
  </node>
  <node id="REFERS">
    <attribute name="FREQUENCY" value="1" />
  </node>
  <node id="REGIMEN">
    <attribute name="FREQUENCY" value="2" />
  </node>
  <node id="REGULATED">
    <attribute name="FREQUENCY" value="1" />
  </node>
  <node id="RELEVANCE">
    <attribute name="FREQUENCY" value="1" />
  </node>
  <node id="REPORT">
    <attribute name="FREQUENCY" value="2" />
  </node>
  <node id="RESEARCHERS">
    <attribute name="FREQUENCY" value="6" />
  </node>
  <node id="RESPONSE">
    <attribute name="FREQUENCY" value="5" />
  </node>
  <node id="RESULTS">
    <attribute name="FREQUENCY" value="4" />
  </node>
  <node id="REUTERS">
    <attribute name="FREQUENCY" value="2" />
  </node>
  <node id="REVIEW">
    <attribute name="FREQUENCY" value="1" />
  </node>
  <node id="RHYTHM">
    <attribute name="FREQUENCY" value="3" />
  </node>
  <node id="RHYTHMIC">
    <attribute name="FREQUENCY" value="1" />
  </node>
  <node id="SCOREBOARD">
    <attribute name="FREQUENCY" value="4" />
  </node>
  <node id="SEASON">
    <attribute name="FREQUENCY" value="4" />
  </node>
  <node id="SECRETED">
    <attribute name="FREQUENCY" value="1" />
  </node>
  <node id="SELECTIVITY">
    <attribute name="FREQUENCY" value="1" />
  </node>
  <node id="SEPTEMBER">
    <attribute name="FREQUENCY" value="1" />
  </node>
  <node id="SEVERE">
    <attribute name="FREQUENCY" value="2" />
  </node>
  <node id="SIDE">
    <attribute name="FREQUENCY" value="4" />
  </node>
  <node id="SIMILAR">
    <attribute name="FREQUENCY" value="1" />
  </node>
  <node id="SOURCE">
    <attribute name="FREQUENCY" value="1" />
  </node>
  <node id="SPORT">
    <attribute name="FREQUENCY" value="4" />
  </node>
  <node id="SPREAD">
    <attribute name="FREQUENCY" value="1" />
  </node>
  <node id="STAGE">
    <attribute name="FREQUENCY" value="1" />
  </node>
  <node id="STANDARD">
    <attribute name="FREQUENCY" value="1" />
  </node>
  <node id="STATISTICALLY">
    <attribute name="FREQUENCY" value="1" />
  </node>
  <node id="STOPPED">
    <attribute name="FREQUENCY" value="1" />
  </node>
  <node id="STORIES">
    <attribute name="FREQUENCY" value="1" />
  </node>
  <node id="STORY">
    <attribute name="FREQUENCY" value="4" />
  </node>
  <node id="STUDIES">
    <attribute name="FREQUENCY" value="2" />
  </node>
  <node id="STUDY">
    <attribute name="FREQUENCY" value="3" />
  </node>
  <node id="SUPPORT">
    <attribute name="FREQUENCY" value="1" />
  </node>
  <node id="SURGERY">
    <attribute name="FREQUENCY" value="2" />
  </node>
  <node id="SURVIVAL">
    <attribute name="FREQUENCY" value="1" />
  </node>
  <node id="SWING">
    <attribute name="FREQUENCY" value="1" />
  </node>
  <node id="TEAM">
    <attribute name="FREQUENCY" value="2" />
  </node>
  <node id="TECH">
    <attribute name="FREQUENCY" value="4" />
  </node>
  <node id="TEMPORAL">
    <attribute name="FREQUENCY" value="1" />
  </node>
  <node id="TEXT">
    <attribute name="FREQUENCY" value="1" />
  </node>
  <node id="THERAPY">
    <attribute name="FREQUENCY" value="2" />
  </node>
  <node id="THREE-DRUG">
    <attribute name="FREQUENCY" value="1" />
  </node>
  <node id="TIMED">
    <attribute name="FREQUENCY" value="1" />
  </node>
  <node id="TIMES">
    <attribute name="FREQUENCY" value="2" />
  </node>
  <node id="TIMING">
    <attribute name="FREQUENCY" value="1" />
  </node>
  <node id="TOXIC">
    <attribute name="FREQUENCY" value="2" />
  </node>
  <node id="TRACT">
    <attribute name="FREQUENCY" value="1" />
  </node>
  <node id="TREATMENT">
    <attribute name="FREQUENCY" value="6" />
  </node>
  <node id="TRIAL">
    <attribute name="FREQUENCY" value="2" />
  </node>
  <node id="TUMOR">
    <attribute name="FREQUENCY" value="1" />
  </node>
  <node id="TWICE-DAILY">
    <attribute name="FREQUENCY" value="1" />
  </node>
  <node id="UNDERGO">
    <attribute name="FREQUENCY" value="1" />
  </node>
  <node id="UNRESECTABLE">
    <attribute name="FREQUENCY" value="1" />
  </node>
  <node id="VARIABLE">
    <attribute name="FREQUENCY" value="1" />
  </node>
  <node id="VARIED">
    <attribute name="FREQUENCY" value="1" />
  </node>
  <node id="VARY">
    <attribute name="FREQUENCY" value="1" />
  </node>
  <node id="VILLAJUIF">
    <attribute name="FREQUENCY" value="1" />
  </node>
  <node id="VIRUS">
    <attribute name="FREQUENCY" value="4" />
  </node>
  <node id="WEEK">
    <attribute name="FREQUENCY" value="1" />
  </node>
  <node id="WHITE">
    <attribute name="FREQUENCY" value="2" />
  </node>
  <node id="WIDELY-USED">
    <attribute name="FREQUENCY" value="1" />
  </node>
  <node id="WRITE">
    <attribute name="FREQUENCY" value="4" />
  </node>
  <node id="X-RAY">
    <attribute name="FREQUENCY" value="1" />
  </node>
  <node id="YAHOO">
    <attribute name="FREQUENCY" value="4" />
  </node>
  <node id="YEAR">
    <attribute name="FREQUENCY" value="1" />
  </node>
  <node id="YORK">
    <attribute name="FREQUENCY" value="1" />
  </node>
  <edge from="ADDITION" to="CHRONOTHERAPY">
    <attribute name="TEXT" value="1" />
  </edge>
  <edge from="ADVANCED" to="COLORECTAL">
    <attribute name="TEXT" value="1" />
  </edge>
  <edge from="ADVERSE" to="SIDE">
    <attribute name="TEXT" value="1" />
  </edge>
  <edge from="AGAINST" to="BACTERIAL">
    <attribute name="TEXT" value="1" />
  </edge>
  <edge from="AIDS" to="CHEMOTHERAPY">
    <attribute name="TEXT" value="1" />
    <attribute name="KEYWORDS" value="1" />
  </edge>
  <edge from="AIDS" to="CHEMOTHERAPY">
    <attribute name="TEXT" value="1" />
    <attribute name="KEYWORDS" value="1" />
  </edge>
  <edge from="ANIMALS" to="RECEIVED">
    <attribute name="TEXT" value="1" />
  </edge>
  <edge from="ANTICANCER-DRUG" to="DEVELOPMENT">
    <attribute name="TEXT" value="1" />
  </edge>
  <edge from="ANTITUMOR" to="EFFICACY">
    <attribute name="TEXT" value="1" />
  </edge>
  <edge from="ATTACK" to="HIV">
    <attribute name="TEXT" value="4" />
    <attribute name="LINKS" value="4" />
  </edge>
  <edge from="ATTACK" to="HIV">
    <attribute name="TEXT" value="4" />
    <attribute name="LINKS" value="4" />
  </edge>
  <edge from="BACTERIAL" to="INFECTION">
    <attribute name="TEXT" value="1" />
  </edge>
  <edge from="BIOLOGICAL" to="RHYTHM">
    <attribute name="TEXT" value="2" />
  </edge>
  <edge from="BIORHYTHMS" to="REFERS">
    <attribute name="TEXT" value="1" />
  </edge>
  <edge from="BOARD" to="STOPPED">
    <attribute name="TEXT" value="1" />
  </edge>
  <edge from="CANCER" to="CHEMOTHERAPY">
    <attribute name="TEXT" value="2" />
  </edge>
  <edge from="CANCER" to="DRUG">
    <attribute name="TEXT" value="1" />
  </edge>
  <edge from="CELLS" to="COUNT">
    <attribute name="TEXT" value="1" />
  </edge>
  <edge from="CHEMICAL" to="SECRETED">
    <attribute name="TEXT" value="1" />
  </edge>
  <edge from="CHEMOTHERAPY" to="DRUG">
    <attribute name="TEXT" value="1" />
  </edge>
  <edge from="CHEMOTHERAPY" to="REGIMEN">
    <attribute name="TEXT" value="1" />
  </edge>
  <edge from="CHEMOTHERAPY" to="VARIED">
    <attribute name="TEXT" value="1" />
  </edge>
  <edge from="CHRONOTHERAPY" to="AIDS">
    <attribute name="TEXT" value="1" />
    <attribute name="KEYWORDS" value="1" />
  </edge>
  <edge from="CHRONOTHERAPY" to="AIDS">
    <attribute name="TEXT" value="1" />
    <attribute name="KEYWORDS" value="1" />
  </edge>
  <edge from="CHRONOTHERAPY" to="GROUP">
    <attribute name="TEXT" value="4" />
  </edge>
  <edge from="CHRONOTHERAPY" to="HELPED">
    <attribute name="TEXT" value="1" />
  </edge>
  <edge from="CHRONOTHERAPY" to="PATIENTS">
    <attribute name="TEXT" value="1" />
  </edge>
  <edge from="CHRONOTHERAPY" to="REDUCED">
    <attribute name="TEXT" value="1" />
  </edge>
  <edge from="CHRONOTHERAPY" to="REGIMEN">
    <attribute name="TEXT" value="1" />
  </edge>
  <edge from="CIRCADIAN" to="CYCLE">
    <attribute name="TEXT" value="1" />
  </edge>
  <edge from="CIRCADIAN" to="RHYTHM">
    <attribute name="TEXT" value="1" />
  </edge>
  <edge from="CLINICAL" to="RELEVANCE">
    <attribute name="TEXT" value="1" />
  </edge>
  <edge from="CLOCK" to="REGULATED">
    <attribute name="TEXT" value="1" />
  </edge>
  <edge from="COLORECTAL" to="CANCER">
    <attribute name="TEXT" value="3" />
  </edge>
  <edge from="COMBINATION" to="CHEMOTHERAPY">
    <attribute name="TEXT" value="1" />
  </edge>
  <edge from="COMPLETE" to="RESPONSE">
    <attribute name="TEXT" value="1" />
  </edge>
  <edge from="CONSTANT" to="INFUSIONS">
    <attribute name="TEXT" value="3" />
  </edge>
  <edge from="CONSTANT" to="RATE">
    <attribute name="TEXT" value="1" />
  </edge>
  <edge from="CONSTANT-RATE" to="GROUP">
    <attribute name="TEXT" value="2" />
  </edge>
  <edge from="CONSTANT-RATE" to="INFUSIONS">
    <attribute name="TEXT" value="2" />
  </edge>
  <edge from="CYCLE" to="GOVERNED">
    <attribute name="TEXT" value="1" />
  </edge>
  <edge from="DAILY" to="BIOLOGICAL">
    <attribute name="TEXT" value="1" />
  </edge>
  <edge from="DRUG" to="SIDE">
    <attribute name="TEXT" value="1" />
  </edge>
  <edge from="EARLY" to="STAGE">
    <attribute name="TEXT" value="1" />
  </edge>
  <edge from="ENDOCRINE" to="GLANDS">
    <attribute name="TEXT" value="1" />
  </edge>
  <edge from="ENGINEERED" to="VIRUS">
    <attribute name="TEXT" value="4" />
    <attribute name="LINKS" value="4" />
  </edge>
  <edge from="ENGINEERED" to="VIRUS">
    <attribute name="TEXT" value="4" />
    <attribute name="LINKS" value="4" />
  </edge>
  <edge from="FEWER" to="ADVERSE">
    <attribute name="TEXT" value="1" />
  </edge>
  <edge from="FEWER" to="BOUTS">
    <attribute name="TEXT" value="1" />
  </edge>
  <edge from="FEWER" to="CASE">
    <attribute name="TEXT" value="1" />
  </edge>
  <edge from="FIGHT" to="AGAINST">
    <attribute name="TEXT" value="1" />
  </edge>
  <edge from="FLU" to="SEASON">
    <attribute name="TEXT" value="2" />
    <attribute name="LINKS" value="2" />
  </edge>
  <edge from="FLU" to="SEASON">
    <attribute name="TEXT" value="2" />
    <attribute name="LINKS" value="2" />
  </edge>
  <edge from="FOLINIC" to="ACID">
    <attribute name="TEXT" value="1" />
  </edge>
  <edge from="FRANCIS" to="LEVI">
    <attribute name="TEXT" value="1" />
  </edge>
  <edge from="FRENCH" to="INVESTIGATORS">
    <attribute name="TEXT" value="1" />
  </edge>
  <edge from="FRENCH" to="RESEARCHERS">
    <attribute name="TEXT" value="1" />
  </edge>
  <edge from="FRIDAY" to="SEPTEMBER">
    <attribute name="TEXT" value="1" />
  </edge>
  <edge from="GASTROINTESTINAL" to="TRACT">
    <attribute name="TEXT" value="1" />
  </edge>
  <edge from="GROUP" to="RECEIVED">
    <attribute name="TEXT" value="1" />
  </edge>
  <edge from="HAIR" to="LOS">
    <attribute name="TEXT" value="1" />
  </edge>
  <edge from="HEALTH" to="STORIES">
    <attribute name="TEXT" value="1" />
  </edge>
  <edge from="HELPED" to="PROLONG">
    <attribute name="TEXT" value="1" />
  </edge>
  <edge from="HIGH" to="ACTIVITY">
    <attribute name="TEXT" value="1" />
  </edge>
  <edge from="HIGH" to="ANTITUMOR">
    <attribute name="TEXT" value="1" />
  </edge>
  <edge from="HOPITAL" to="PAUL">
    <attribute name="TEXT" value="1" />
  </edge>
  <edge from="HOURS" to="CIRCADIAN">
    <attribute name="TEXT" value="1" />
  </edge>
  <edge from="HUMAN" to="TUMOR">
    <attribute name="TEXT" value="1" />
  </edge>
  <edge from="IMPORTANT" to="PART">
    <attribute name="TEXT" value="1" />
  </edge>
  <edge from="INCLUDING" to="INFLAMMATION">
    <attribute name="TEXT" value="1" />
  </edge>
  <edge from="INFUSIONS" to="CHEMOTHERAPY">
    <attribute name="TEXT" value="1" />
  </edge>
  <edge from="INTERNAL" to="CLOCK">
    <attribute name="TEXT" value="1" />
  </edge>
  <edge from="INVESTIGATORS" to="ENROLLED">
    <attribute name="TEXT" value="1" />
  </edge>
  <edge from="LABORATORY" to="STUDIES">
    <attribute name="TEXT" value="1" />
  </edge>
  <edge from="LOW" to="COUNT">
    <attribute name="TEXT" value="1" />
  </edge>
  <edge from="LOW" to="WHITE">
    <attribute name="TEXT" value="1" />
  </edge>
  <edge from="METASTATIC" to="COLORECTAL">
    <attribute name="TEXT" value="1" />
  </edge>
  <edge from="MODERATE" to="HAIR">
    <attribute name="TEXT" value="1" />
  </edge>
  <edge from="NOTES" to="LABORATORY">
    <attribute name="TEXT" value="1" />
  </edge>
  <edge from="OXALIPLATIN" to="FLUOROURACIL">
    <attribute name="TEXT" value="1" />
  </edge>
  <edge from="PATIENTS" to="BIOLOGICAL">
    <attribute name="TEXT" value="1" />
  </edge>
  <edge from="PATIENTS" to="RECEIVE">
    <attribute name="TEXT" value="1" />
  </edge>
  <edge from="PATIENTS" to="X-RAY">
    <attribute name="TEXT" value="1" />
  </edge>
  <edge from="PAUL" to="BROUSSE">
    <attribute name="TEXT" value="1" />
  </edge>
  <edge from="PERIPHERAL" to="NEUROPATHY">
    <attribute name="TEXT" value="1" />
  </edge>
  <edge from="PHYSIOLOGIC" to="FUNCTION">
    <attribute name="TEXT" value="1" />
  </edge>
  <edge from="PM" to="EDT">
    <attribute name="TEXT" value="1" />
  </edge>
  <edge from="POLICY" to="BOARD">
    <attribute name="TEXT" value="1" />
  </edge>
  <edge from="PUMP" to="DEVICES">
    <attribute name="TEXT" value="1" />
  </edge>
  <edge from="RANDOMLY" to="ASSIGNED">
    <attribute name="TEXT" value="1" />
  </edge>
  <edge from="RATE" to="GROUP">
    <attribute name="TEXT" value="1" />
  </edge>
  <edge from="RECEIVE" to="CHRONOTHERAPY">
    <attribute name="TEXT" value="1" />
  </edge>
  <edge from="RECEIVE" to="CONSTANT-RATE">
    <attribute name="TEXT" value="1" />
  </edge>
  <edge from="RECEIVED" to="CHRONOTHERAPY">
    <attribute name="TEXT" value="2" />
  </edge>
  <edge from="RECEIVED" to="CONSTANT">
    <attribute name="TEXT" value="3" />
  </edge>
  <edge from="REPORT" to="CHRONOTHERAPY">
    <attribute name="TEXT" value="1" />
  </edge>
  <edge from="RESEARCHERS" to="LED">
    <attribute name="TEXT" value="1" />
  </edge>
  <edge from="RESEARCHERS" to="POINT">
    <attribute name="TEXT" value="1" />
  </edge>
  <edge from="RESPONSE" to="RATE">
    <attribute name="TEXT" value="1" />
  </edge>
  <edge from="RESULTS" to="SUPPORT">
    <attribute name="TEXT" value="1" />
  </edge>
  <edge from="REUTERS" to="LIMITED">
    <attribute name="TEXT" value="1" />
  </edge>
  <edge from="SEVERE" to="DIARRHEA">
    <attribute name="TEXT" value="1" />
  </edge>
  <edge from="SEVERE" to="EFFECT">
    <attribute name="TEXT" value="1" />
  </edge>
  <edge from="SIDE" to="EFFECT">
    <attribute name="TEXT" value="4" />
  </edge>
  <edge from="STANDARD" to="CHEMOTHERAPY">
    <attribute name="TEXT" value="1" />
  </edge>
  <edge from="STORIES" to="CHEMO">
    <attribute name="TEXT" value="1" />
  </edge>
  <edge from="STUDY" to="TEAM">
    <attribute name="TEXT" value="2" />
  </edge>
  <edge from="SURGERY" to="COMPARED">
    <attribute name="TEXT" value="1" />
  </edge>
  <edge from="SURVIVAL" to="RATE">
    <attribute name="TEXT" value="1" />
  </edge>
  <edge from="TEMPORAL" to="SELECTIVITY">
    <attribute name="TEXT" value="1" />
  </edge>
  <edge from="TEXT" to="HEADLINES">
    <attribute name="TEXT" value="1" />
  </edge>
  <edge from="THERAPY" to="RATE">
    <attribute name="TEXT" value="1" />
  </edge>
  <edge from="THREE-DRUG" to="CHRONOTHERAPY">
    <attribute name="TEXT" value="1" />
  </edge>
  <edge from="TOXIC" to="EFFECT">
    <attribute name="TEXT" value="1" />
  </edge>
  <edge from="TREATMENT" to="FAILURE">
    <attribute name="TEXT" value="2" />
  </edge>
  <edge from="TREATMENT" to="INCLUDING">
    <attribute name="TEXT" value="1" />
  </edge>
  <edge from="TRIAL" to="CONFIRM">
    <attribute name="TEXT" value="1" />
  </edge>
  <edge from="TRIAL" to="EARLY">
    <attribute name="TEXT" value="1" />
  </edge>
  <edge from="TUMOR" to="CELLS">
    <attribute name="TEXT" value="1" />
  </edge>
  <edge from="UNDERGO" to="SURGERY">
    <attribute name="TEXT" value="1" />
  </edge>
  <edge from="UNRESECTABLE" to="CANCER">
    <attribute name="TEXT" value="1" />
  </edge>
  <edge from="VARIABLE" to="DOSE">
    <attribute name="TEXT" value="1" />
  </edge>
  <edge from="VARIED" to="DEPENDING">
    <attribute name="TEXT" value="1" />
  </edge>
  <edge from="VILLAJUIF" to="FRANCE">
    <attribute name="TEXT" value="1" />
  </edge>
  <edge from="VIRUS" to="ATTACK">
    <attribute name="TEXT" value="8" />
    <attribute name="LINKS" value="8" />
  </edge>
  <edge from="VIRUS" to="ATTACK">
    <attribute name="TEXT" value="8" />
    <attribute name="LINKS" value="8" />
  </edge>
  <edge from="WEEK" to="ISSUE">
    <attribute name="TEXT" value="1" />
  </edge>
  <edge from="WHITE" to="CELLS">
    <attribute name="TEXT" value="2" />
  </edge>
  <edge from="WIDELY-USED" to="CANCER">
    <attribute name="TEXT" value="1" />
  </edge>
</graph>
