<graph>
  <node id="ABROAD">
    <attribute name="FREQUENCY" value="1" />
  </node>
  <node id="ADVISER">
    <attribute name="FREQUENCY" value="1" />
  </node>
  <node id="AGENCIES">
    <attribute name="FREQUENCY" value="1" />
  </node>
  <node id="AGO">
    <attribute name="FREQUENCY" value="1" />
  </node>
  <node id="AGREEMENT">
    <attribute name="FREQUENCY" value="4" />
  </node>
  <node id="ALBORTA">
    <attribute name="FREQUENCY" value="8" />
  </node>
  <node id="ALIVE">
    <attribute name="FREQUENCY" value="1" />
  </node>
  <node id="AM">
    <attribute name="FREQUENCY" value="1" />
  </node>
  <node id="ANGELES">
    <attribute name="FREQUENCY" value="4" />
  </node>
  <node id="ANNIVERSARY">
    <attribute name="FREQUENCY" value="1" />
  </node>
  <node id="APES">
    <attribute name="FREQUENCY" value="1" />
  </node>
  <node id="ARGENTINE-BORN">
    <attribute name="FREQUENCY" value="1" />
  </node>
  <node id="ARMY">
    <attribute name="FREQUENCY" value="2" />
  </node>
  <node id="ASSISTED">
    <attribute name="FREQUENCY" value="1" />
  </node>
  <node id="AUTHOR">
    <attribute name="FREQUENCY" value="2" />
  </node>
  <node id="BANK">
    <attribute name="FREQUENCY" value="4" />
  </node>
  <node id="BATISTA">
    <attribute name="FREQUENCY" value="1" />
  </node>
  <node id="BIZ">
    <attribute name="FREQUENCY" value="4" />
  </node>
  <node id="BLOCK">
    <attribute name="FREQUENCY" value="1" />
  </node>
  <node id="BODY">
    <attribute name="FREQUENCY" value="4" />
  </node>
  <node id="BOLIVIA">
    <attribute name="FREQUENCY" value="1" />
  </node>
  <node id="BOLIVIAN">
    <attribute name="FREQUENCY" value="3" />
  </node>
  <node id="BURST">
    <attribute name="FREQUENCY" value="1" />
  </node>
  <node id="BUSINESS">
    <attribute name="FREQUENCY" value="1" />
  </node>
  <node id="BUY">
    <attribute name="FREQUENCY" value="1" />
  </node>
  <node id="CAPITAL">
    <attribute name="FREQUENCY" value="1" />
  </node>
  <node id="CAPTURED">
    <attribute name="FREQUENCY" value="1" />
  </node>
  <node id="CASTRO">
    <attribute name="FREQUENCY" value="1" />
  </node>
  <node id="CEMENT">
    <attribute name="FREQUENCY" value="1" />
  </node>
  <node id="CENTURY">
    <attribute name="FREQUENCY" value="1" />
  </node>
  <node id="CHE">
    <attribute name="FREQUENCY" value="5" />
  </node>
  <node id="CITY">
    <attribute name="FREQUENCY" value="1" />
  </node>
  <node id="CLOTHES">
    <attribute name="FREQUENCY" value="1" />
  </node>
  <node id="COLLAPSE">
    <attribute name="FREQUENCY" value="4" />
  </node>
  <node id="COMMAND">
    <attribute name="FREQUENCY" value="1" />
  </node>
  <node id="COMMENTS">
    <attribute name="FREQUENCY" value="2" />
  </node>
  <node id="COMMUNIST">
    <attribute name="FREQUENCY" value="1" />
  </node>
  <node id="CONCRETE">
    <attribute name="FREQUENCY" value="1" />
  </node>
  <node id="CONSIDERED">
    <attribute name="FREQUENCY" value="1" />
  </node>
  <node id="CONTACTED">
    <attribute name="FREQUENCY" value="1" />
  </node>
  <node id="CONTINUE">
    <attribute name="FREQUENCY" value="1" />
  </node>
  <node id="CREDITORS">
    <attribute name="FREQUENCY" value="4" />
  </node>
  <node id="CUBA">
    <attribute name="FREQUENCY" value="1" />
  </node>
  <node id="DAY">
    <attribute name="FREQUENCY" value="1" />
  </node>
  <node id="DEAD">
    <attribute name="FREQUENCY" value="1" />
  </node>
  <node id="DEATH">
    <attribute name="FREQUENCY" value="1" />
  </node>
  <node id="DICTATOR">
    <attribute name="FREQUENCY" value="1" />
  </node>
  <node id="DRAW">
    <attribute name="FREQUENCY" value="1" />
  </node>
  <node id="DRUNK">
    <attribute name="FREQUENCY" value="1" />
  </node>
  <node id="EARNED">
    <attribute name="FREQUENCY" value="3" />
  </node>
  <node id="EDITOR">
    <attribute name="FREQUENCY" value="4" />
  </node>
  <node id="EDT">
    <attribute name="FREQUENCY" value="1" />
  </node>
  <node id="EMACIATED">
    <attribute name="FREQUENCY" value="1" />
  </node>
  <node id="ENTERTAIN">
    <attribute name="FREQUENCY" value="3" />
  </node>
  <node id="ENTERTAINMENT">
    <attribute name="FREQUENCY" value="1" />
  </node>
  <node id="ERNESTO">
    <attribute name="FREQUENCY" value="1" />
  </node>
  <node id="EXECUTION">
    <attribute name="FREQUENCY" value="2" />
  </node>
  <node id="EXPLOIT">
    <attribute name="FREQUENCY" value="1" />
  </node>
  <node id="EXPORT">
    <attribute name="FREQUENCY" value="1" />
  </node>
  <node id="EXPRESSION">
    <attribute name="FREQUENCY" value="1" />
  </node>
  <node id="EYES">
    <attribute name="FREQUENCY" value="1" />
  </node>
  <node id="FACE">
    <attribute name="FREQUENCY" value="1" />
  </node>
  <node id="FAME">
    <attribute name="FREQUENCY" value="1" />
  </node>
  <node id="FAMOUS">
    <attribute name="FREQUENCY" value="1" />
  </node>
  <node id="FIDEL">
    <attribute name="FREQUENCY" value="1" />
  </node>
  <node id="FIRE">
    <attribute name="FREQUENCY" value="1" />
  </node>
  <node id="FLOWN">
    <attribute name="FREQUENCY" value="1" />
  </node>
  <node id="FOLLOW">
    <attribute name="FREQUENCY" value="1" />
  </node>
  <node id="FREDDY">
    <attribute name="FREQUENCY" value="1" />
  </node>
  <node id="FRONT">
    <attribute name="FREQUENCY" value="1" />
  </node>
  <node id="FULGENCIO">
    <attribute name="FREQUENCY" value="1" />
  </node>
  <node id="GAZE">
    <attribute name="FREQUENCY" value="1" />
  </node>
  <node id="GROUP">
    <attribute name="FREQUENCY" value="1" />
  </node>
  <node id="GROWN">
    <attribute name="FREQUENCY" value="1" />
  </node>
  <node id="GUERRILLA">
    <attribute name="FREQUENCY" value="3" />
  </node>
  <node id="GUEVARA">
    <attribute name="FREQUENCY" value="6" />
  </node>
  <node id="HALF-OPEN">
    <attribute name="FREQUENCY" value="1" />
  </node>
  <node id="HEADLINES">
    <attribute name="FREQUENCY" value="1" />
  </node>
  <node id="HEALTH">
    <attribute name="FREQUENCY" value="4" />
  </node>
  <node id="HELICOPTER">
    <attribute name="FREQUENCY" value="1" />
  </node>
  <node id="HIGUERA">
    <attribute name="FREQUENCY" value="1" />
  </node>
  <node id="HINTS">
    <attribute name="FREQUENCY" value="1" />
  </node>
  <node id="HISTORY">
    <attribute name="FREQUENCY" value="1" />
  </node>
  <node id="HOPE">
    <attribute name="FREQUENCY" value="1" />
  </node>
  <node id="HOSPITAL">
    <attribute name="FREQUENCY" value="1" />
  </node>
  <node id="HTML">
    <attribute name="FREQUENCY" value="1" />
  </node>
  <node id="HUMBLE">
    <attribute name="FREQUENCY" value="1" />
  </node>
  <node id="HUNTED">
    <attribute name="FREQUENCY" value="2" />
  </node>
  <node id="IMAGE">
    <attribute name="FREQUENCY" value="2" />
  </node>
  <node id="INCLUDING">
    <attribute name="FREQUENCY" value="1" />
  </node>
  <node id="INFO">
    <attribute name="FREQUENCY" value="2" />
  </node>
  <node id="INTERNATIONAL">
    <attribute name="FREQUENCY" value="3" />
  </node>
  <node id="INTERVIEW">
    <attribute name="FREQUENCY" value="1" />
  </node>
  <node id="JANUARY">
    <attribute name="FREQUENCY" value="1" />
  </node>
  <node id="JOURNALIST">
    <attribute name="FREQUENCY" value="1" />
  </node>
  <node id="JOURNEY">
    <attribute name="FREQUENCY" value="1" />
  </node>
  <node id="JUNGLE">
    <attribute name="FREQUENCY" value="1" />
  </node>
  <node id="KILLED">
    <attribute name="FREQUENCY" value="1" />
  </node>
  <node id="KIND">
    <attribute name="FREQUENCY" value="1" />
  </node>
  <node id="LA">
    <attribute name="FREQUENCY" value="3" />
  </node>
  <node id="LAID">
    <attribute name="FREQUENCY" value="1" />
  </node>
  <node id="LEFT">
    <attribute name="FREQUENCY" value="1" />
  </node>
  <node id="LIMITED">
    <attribute name="FREQUENCY" value="1" />
  </node>
  <node id="LOCAL">
    <attribute name="FREQUENCY" value="1" />
  </node>
  <node id="LOOKED">
    <attribute name="FREQUENCY" value="1" />
  </node>
  <node id="LOS">
    <attribute name="FREQUENCY" value="4" />
  </node>
  <node id="LOST">
    <attribute name="FREQUENCY" value="1" />
  </node>
  <node id="LYING">
    <attribute name="FREQUENCY" value="1" />
  </node>
  <node id="MAN">
    <attribute name="FREQUENCY" value="1" />
  </node>
  <node id="MARK">
    <attribute name="FREQUENCY" value="1" />
  </node>
  <node id="MARVEL">
    <attribute name="FREQUENCY" value="4" />
  </node>
  <node id="MARXIST">
    <attribute name="FREQUENCY" value="1" />
  </node>
  <node id="MEDIACHE">
    <attribute name="FREQUENCY" value="1" />
  </node>
  <node id="MEXICO">
    <attribute name="FREQUENCY" value="1" />
  </node>
  <node id="MILITARY">
    <attribute name="FREQUENCY" value="1" />
  </node>
  <node id="NEWS">
    <attribute name="FREQUENCY" value="4" />
  </node>
  <node id="OCT">
    <attribute name="FREQUENCY" value="1" />
  </node>
  <node id="OCTOBER">
    <attribute name="FREQUENCY" value="2" />
  </node>
  <node id="OFFICER">
    <attribute name="FREQUENCY" value="1" />
  </node>
  <node id="ORDER">
    <attribute name="FREQUENCY" value="1" />
  </node>
  <node id="ORDERED">
    <attribute name="FREQUENCY" value="1" />
  </node>
  <node id="OUTSIDER">
    <attribute name="FREQUENCY" value="1" />
  </node>
  <node id="PAGES">
    <attribute name="FREQUENCY" value="1" />
  </node>
  <node id="PAID">
    <attribute name="FREQUENCY" value="1" />
  </node>
  <node id="PAZ">
    <attribute name="FREQUENCY" value="2" />
  </node>
  <node id="PHOTO">
    <attribute name="FREQUENCY" value="4" />
  </node>
  <node id="PHOTOGRAPHERS">
    <attribute name="FREQUENCY" value="1" />
  </node>
  <node id="PICTURE">
    <attribute name="FREQUENCY" value="6" />
  </node>
  <node id="POLITIC">
    <attribute name="FREQUENCY" value="4" />
  </node>
  <node id="PRESS">
    <attribute name="FREQUENCY" value="2" />
  </node>
  <node id="PUBLISHED">
    <attribute name="FREQUENCY" value="1" />
  </node>
  <node id="QUESTIONS">
    <attribute name="FREQUENCY" value="2" />
  </node>
  <node id="RAKE">
    <attribute name="FREQUENCY" value="1" />
  </node>
  <node id="RECALLED">
    <attribute name="FREQUENCY" value="1" />
  </node>
  <node id="RECOUNTED">
    <attribute name="FREQUENCY" value="1" />
  </node>
  <node id="RENE">
    <attribute name="FREQUENCY" value="1" />
  </node>
  <node id="REPRODUCED">
    <attribute name="FREQUENCY" value="1" />
  </node>
  <node id="RESIGNS">
    <attribute name="FREQUENCY" value="4" />
  </node>
  <node id="RETURN">
    <attribute name="FREQUENCY" value="1" />
  </node>
  <node id="REUTERS">
    <attribute name="FREQUENCY" value="5" />
  </node>
  <node id="REVOLUTION">
    <attribute name="FREQUENCY" value="2" />
  </node>
  <node id="REVOLUTIONARY">
    <attribute name="FREQUENCY" value="2" />
  </node>
  <node id="RICH">
    <attribute name="FREQUENCY" value="1" />
  </node>
  <node id="RIGHT-HAND">
    <attribute name="FREQUENCY" value="1" />
  </node>
  <node id="SATISFACTION">
    <attribute name="FREQUENCY" value="1" />
  </node>
  <node id="SCHOOL">
    <attribute name="FREQUENCY" value="1" />
  </node>
  <node id="SCOOPED">
    <attribute name="FREQUENCY" value="1" />
  </node>
  <node id="SCOOPS">
    <attribute name="FREQUENCY" value="1" />
  </node>
  <node id="SCOREBOARD">
    <attribute name="FREQUENCY" value="4" />
  </node>
  <node id="SERGEANT">
    <attribute name="FREQUENCY" value="1" />
  </node>
  <node id="SERVICE">
    <attribute name="FREQUENCY" value="1" />
  </node>
  <node id="SHOT">
    <attribute name="FREQUENCY" value="2" />
  </node>
  <node id="SKIDS">
    <attribute name="FREQUENCY" value="1" />
  </node>
  <node id="SLAB">
    <attribute name="FREQUENCY" value="1" />
  </node>
  <node id="SMALL">
    <attribute name="FREQUENCY" value="1" />
  </node>
  <node id="SMILE">
    <attribute name="FREQUENCY" value="1" />
  </node>
  <node id="SOUTHEASTERN">
    <attribute name="FREQUENCY" value="1" />
  </node>
  <node id="SPORT">
    <attribute name="FREQUENCY" value="4" />
  </node>
  <node id="STAR">
    <attribute name="FREQUENCY" value="1" />
  </node>
  <node id="STATES">
    <attribute name="FREQUENCY" value="1" />
  </node>
  <node id="STORIES">
    <attribute name="FREQUENCY" value="1" />
  </node>
  <node id="STORY">
    <attribute name="FREQUENCY" value="4" />
  </node>
  <node id="STUDIO">
    <attribute name="FREQUENCY" value="1" />
  </node>
  <node id="SUB-MACHINEGUN">
    <attribute name="FREQUENCY" value="1" />
  </node>
  <node id="TECH">
    <attribute name="FREQUENCY" value="4" />
  </node>
  <node id="TELEPHONE">
    <attribute name="FREQUENCY" value="1" />
  </node>
  <node id="TEXT">
    <attribute name="FREQUENCY" value="1" />
  </node>
  <node id="TH">
    <attribute name="FREQUENCY" value="1" />
  </node>
  <node id="THURSDAY">
    <attribute name="FREQUENCY" value="1" />
  </node>
  <node id="TIED">
    <attribute name="FREQUENCY" value="1" />
  </node>
  <node id="TIMES">
    <attribute name="FREQUENCY" value="4" />
  </node>
  <node id="TOLD">
    <attribute name="FREQUENCY" value="1" />
  </node>
  <node id="TOPPLED">
    <attribute name="FREQUENCY" value="1" />
  </node>
  <node id="TOWN">
    <attribute name="FREQUENCY" value="1" />
  </node>
  <node id="TROOPS">
    <attribute name="FREQUENCY" value="2" />
  </node>
  <node id="UNITED">
    <attribute name="FREQUENCY" value="2" />
  </node>
  <node id="UPI">
    <attribute name="FREQUENCY" value="2" />
  </node>
  <node id="VALLEGRANDE">
    <attribute name="FREQUENCY" value="1" />
  </node>
  <node id="VARIETY">
    <attribute name="FREQUENCY" value="1" />
  </node>
  <node id="VILLAGE">
    <attribute name="FREQUENCY" value="1" />
  </node>
  <node id="VILLEGAS">
    <attribute name="FREQUENCY" value="1" />
  </node>
  <node id="VIVIDLY">
    <attribute name="FREQUENCY" value="1" />
  </node>
  <node id="WASH">
    <attribute name="FREQUENCY" value="1" />
  </node>
  <node id="WEARING">
    <attribute name="FREQUENCY" value="1" />
  </node>
  <node id="WORK">
    <attribute name="FREQUENCY" value="1" />
  </node>
  <node id="WORLD-FAMOUS">
    <attribute name="FREQUENCY" value="2" />
  </node>
  <node id="WOUNDED">
    <attribute name="FREQUENCY" value="1" />
  </node>
  <node id="WRITE">
    <attribute name="FREQUENCY" value="2" />
  </node>
  <node id="YAHOO">
    <attribute name="FREQUENCY" value="4" />
  </node>
  <node id="YEAR">
    <attribute name="FREQUENCY" value="2" />
  </node>
  <edge from="AGENCIES" to="CONTACTED">
    <attribute name="TEXT" value="1" />
  </edge>
  <edge from="ALBORTA" to="TOLD">
    <attribute name="TEXT" value="1" />
  </edge>
  <edge from="ALBORTA" to="VIVIDLY">
    <attribute name="TEXT" value="1" />
  </edge>
  <edge from="AM" to="EDT">
    <attribute name="TEXT" value="1" />
  </edge>
  <edge from="ANGELES" to="TIMES">
    <attribute name="TEXT" value="2" />
    <attribute name="LINKS" value="2" />
  </edge>
  <edge from="ANGELES" to="TIMES">
    <attribute name="TEXT" value="2" />
    <attribute name="LINKS" value="2" />
  </edge>
  <edge from="ARGENTINE-BORN" to="GUERRILLA">
    <attribute name="TEXT" value="1" />
  </edge>
  <edge from="ARMY" to="COMMAND">
    <attribute name="TEXT" value="1" />
  </edge>
  <edge from="ARMY" to="SERGEANT">
    <attribute name="TEXT" value="1" />
  </edge>
  <edge from="BANK" to="CREDITORS">
    <attribute name="TEXT" value="2" />
    <attribute name="LINKS" value="2" />
  </edge>
  <edge from="BANK" to="CREDITORS">
    <attribute name="TEXT" value="2" />
    <attribute name="LINKS" value="2" />
  </edge>
  <edge from="BODY" to="LYING">
    <attribute name="TEXT" value="1" />
  </edge>
  <edge from="BOLIVIAN" to="ARMY">
    <attribute name="TEXT" value="1" />
  </edge>
  <edge from="BOLIVIAN" to="CAPITAL">
    <attribute name="TEXT" value="1" />
  </edge>
  <edge from="BOLIVIAN" to="TROOPS">
    <attribute name="TEXT" value="1" />
  </edge>
  <edge from="CAPITAL" to="LA">
    <attribute name="TEXT" value="1" />
  </edge>
  <edge from="CASTRO" to="RIGHT-HAND">
    <attribute name="TEXT" value="1" />
  </edge>
  <edge from="CEMENT" to="BLOCK">
    <attribute name="TEXT" value="1" />
  </edge>
  <edge from="CHE" to="DEATH">
    <attribute name="TEXT" value="1" />
  </edge>
  <edge from="CHE" to="LOOKED">
    <attribute name="TEXT" value="1" />
  </edge>
  <edge from="CHE" to="PHOTO">
    <attribute name="TEXT" value="1" />
    <attribute name="KEYWORDS" value="1" />
  </edge>
  <edge from="CHE" to="PHOTO">
    <attribute name="TEXT" value="1" />
    <attribute name="KEYWORDS" value="1" />
  </edge>
  <edge from="COMMAND" to="ORDERED">
    <attribute name="TEXT" value="1" />
  </edge>
  <edge from="COMMUNIST" to="REVOLUTION">
    <attribute name="TEXT" value="1" />
  </edge>
  <edge from="CONCRETE" to="SLAB">
    <attribute name="TEXT" value="1" />
  </edge>
  <edge from="CONTACTED" to="ALBORTA">
    <attribute name="TEXT" value="1" />
  </edge>
  <edge from="CREDITORS" to="COLLAPSE">
    <attribute name="TEXT" value="4" />
    <attribute name="LINKS" value="4" />
  </edge>
  <edge from="CREDITORS" to="COLLAPSE">
    <attribute name="TEXT" value="4" />
    <attribute name="LINKS" value="4" />
  </edge>
  <edge from="DEAD" to="ARGENTINE-BORN">
    <attribute name="TEXT" value="1" />
  </edge>
  <edge from="DICTATOR" to="FULGENCIO">
    <attribute name="TEXT" value="1" />
  </edge>
  <edge from="DRAW" to="SATISFACTION">
    <attribute name="TEXT" value="1" />
  </edge>
  <edge from="EDITOR" to="RESIGNS">
    <attribute name="TEXT" value="2" />
    <attribute name="LINKS" value="2" />
  </edge>
  <edge from="EDITOR" to="RESIGNS">
    <attribute name="TEXT" value="2" />
    <attribute name="LINKS" value="2" />
  </edge>
  <edge from="EMACIATED" to="FACE">
    <attribute name="TEXT" value="1" />
  </edge>
  <edge from="ENTERTAINMENT" to="STORIES">
    <attribute name="TEXT" value="1" />
  </edge>
  <edge from="EXPORT" to="REVOLUTION">
    <attribute name="TEXT" value="1" />
  </edge>
  <edge from="EYES" to="HALF-OPEN">
    <attribute name="TEXT" value="1" />
  </edge>
  <edge from="FAMOUS" to="IMAGE">
    <attribute name="TEXT" value="1" />
  </edge>
  <edge from="FIDEL" to="CASTRO">
    <attribute name="TEXT" value="1" />
  </edge>
  <edge from="FLOWN" to="TIED">
    <attribute name="TEXT" value="1" />
  </edge>
  <edge from="FREDDY" to="ALBORTA">
    <attribute name="TEXT" value="1" />
  </edge>
  <edge from="FRONT" to="PAGES">
    <attribute name="TEXT" value="1" />
  </edge>
  <edge from="FULGENCIO" to="BATISTA">
    <attribute name="TEXT" value="1" />
  </edge>
  <edge from="GROWN" to="RICH">
    <attribute name="TEXT" value="1" />
  </edge>
  <edge from="GUERRILLA" to="LAID">
    <attribute name="TEXT" value="1" />
  </edge>
  <edge from="GUEVARA" to="BODY">
    <attribute name="TEXT" value="2" />
  </edge>
  <edge from="GUEVARA" to="EARNED">
    <attribute name="TEXT" value="1" />
  </edge>
  <edge from="GUEVARA" to="EMACIATED">
    <attribute name="TEXT" value="1" />
  </edge>
  <edge from="GUEVARA" to="EXECUTION">
    <attribute name="TEXT" value="1" />
  </edge>
  <edge from="HALF-OPEN" to="WEARING">
    <attribute name="TEXT" value="1" />
  </edge>
  <edge from="HUMBLE" to="VILLAGE">
    <attribute name="TEXT" value="1" />
  </edge>
  <edge from="HUNTED" to="GUERRILLA">
    <attribute name="TEXT" value="1" />
  </edge>
  <edge from="INCLUDING" to="ALBORTA">
    <attribute name="TEXT" value="1" />
  </edge>
  <edge from="INTERNATIONAL" to="AGENCIES">
    <attribute name="TEXT" value="1" />
  </edge>
  <edge from="INTERNATIONAL" to="FAME">
    <attribute name="TEXT" value="1" />
  </edge>
  <edge from="JOURNALIST" to="INCLUDING">
    <attribute name="TEXT" value="1" />
  </edge>
  <edge from="LA" to="HIGUERA">
    <attribute name="TEXT" value="1" />
  </edge>
  <edge from="LA" to="PAZ">
    <attribute name="TEXT" value="2" />
  </edge>
  <edge from="LEFT" to="CUBA">
    <attribute name="TEXT" value="1" />
  </edge>
  <edge from="LOCAL" to="TROOPS">
    <attribute name="TEXT" value="1" />
  </edge>
  <edge from="LOOKED" to="ALIVE">
    <attribute name="TEXT" value="1" />
  </edge>
  <edge from="LOS" to="ANGELES">
    <attribute name="TEXT" value="2" />
    <attribute name="LINKS" value="2" />
  </edge>
  <edge from="LOS" to="ANGELES">
    <attribute name="TEXT" value="2" />
    <attribute name="LINKS" value="2" />
  </edge>
  <edge from="LOST" to="STAR">
    <attribute name="TEXT" value="1" />
  </edge>
  <edge from="MARVEL" to="AGREEMENT">
    <attribute name="TEXT" value="2" />
    <attribute name="LINKS" value="2" />
  </edge>
  <edge from="MARVEL" to="AGREEMENT">
    <attribute name="TEXT" value="2" />
    <attribute name="LINKS" value="2" />
  </edge>
  <edge from="MARXIST" to="REVOLUTIONARY">
    <attribute name="TEXT" value="1" />
  </edge>
  <edge from="MEXICO" to="CITY">
    <attribute name="TEXT" value="1" />
  </edge>
  <edge from="MILITARY" to="HELICOPTER">
    <attribute name="TEXT" value="1" />
  </edge>
  <edge from="ORDERED" to="GUEVARA">
    <attribute name="TEXT" value="1" />
  </edge>
  <edge from="PHOTO" to="BUSINESS">
    <attribute name="TEXT" value="1" />
  </edge>
  <edge from="PHOTO" to="EARNED">
    <attribute name="TEXT" value="1" />
    <attribute name="KEYWORDS" value="1" />
  </edge>
  <edge from="PHOTO" to="EARNED">
    <attribute name="TEXT" value="1" />
    <attribute name="KEYWORDS" value="1" />
  </edge>
  <edge from="PICTURE" to="SERVICE">
    <attribute name="TEXT" value="1" />
  </edge>
  <edge from="PRESS" to="INTERNATIONAL">
    <attribute name="TEXT" value="1" />
  </edge>
  <edge from="RENE" to="VILLEGAS">
    <attribute name="TEXT" value="1" />
  </edge>
  <edge from="REUTERS" to="LIMITED">
    <attribute name="TEXT" value="1" />
  </edge>
  <edge from="REUTERS" to="VARIETY">
    <attribute name="TEXT" value="1" />
  </edge>
  <edge from="REVOLUTION" to="ABROAD">
    <attribute name="TEXT" value="1" />
  </edge>
  <edge from="REVOLUTIONARY" to="ERNESTO">
    <attribute name="TEXT" value="1" />
  </edge>
  <edge from="RIGHT-HAND" to="MAN">
    <attribute name="TEXT" value="1" />
  </edge>
  <edge from="SCOOPS" to="ALBORTA">
    <attribute name="TEXT" value="1" />
  </edge>
  <edge from="SERGEANT" to="DRUNK">
    <attribute name="TEXT" value="1" />
  </edge>
  <edge from="SMALL" to="GROUP">
    <attribute name="TEXT" value="1" />
  </edge>
  <edge from="SOUTHEASTERN" to="BOLIVIA">
    <attribute name="TEXT" value="1" />
  </edge>
  <edge from="STAR" to="EXPRESSION">
    <attribute name="TEXT" value="1" />
  </edge>
  <edge from="STORIES" to="MEDIACHE">
    <attribute name="TEXT" value="1" />
  </edge>
  <edge from="SUB-MACHINEGUN" to="FIRE">
    <attribute name="TEXT" value="1" />
  </edge>
  <edge from="TELEPHONE" to="INTERVIEW">
    <attribute name="TEXT" value="1" />
  </edge>
  <edge from="TEXT" to="HEADLINES">
    <attribute name="TEXT" value="1" />
  </edge>
  <edge from="TH" to="ANNIVERSARY">
    <attribute name="TEXT" value="1" />
  </edge>
  <edge from="THURSDAY" to="OCTOBER">
    <attribute name="TEXT" value="1" />
  </edge>
  <edge from="TIMES" to="EDITOR">
    <attribute name="TEXT" value="2" />
    <attribute name="LINKS" value="2" />
  </edge>
  <edge from="TIMES" to="EDITOR">
    <attribute name="TEXT" value="2" />
    <attribute name="LINKS" value="2" />
  </edge>
  <edge from="TOLD" to="REUTERS">
    <attribute name="TEXT" value="1" />
  </edge>
  <edge from="TOPPLED" to="DICTATOR">
    <attribute name="TEXT" value="1" />
  </edge>
  <edge from="TROOPS" to="ASSISTED">
    <attribute name="TEXT" value="1" />
  </edge>
  <edge from="UNITED" to="PRESS">
    <attribute name="TEXT" value="1" />
  </edge>
  <edge from="UNITED" to="STATES">
    <attribute name="TEXT" value="1" />
  </edge>
  <edge from="UPI" to="PHOTO">
    <attribute name="TEXT" value="1" />
  </edge>
  <edge from="VILLAGE" to="SCHOOL">
    <attribute name="TEXT" value="1" />
  </edge>
  <edge from="VIVIDLY" to="RECALLED">
    <attribute name="TEXT" value="1" />
  </edge>
  <edge from="WASH" to="CLOTHES">
    <attribute name="TEXT" value="1" />
  </edge>
  <edge from="WEARING" to="LOST">
    <attribute name="TEXT" value="1" />
  </edge>
  <edge from="WORLD-FAMOUS" to="CHE">
    <attribute name="TEXT" value="1" />
    <attribute name="KEYWORDS" value="1" />
  </edge>
  <edge from="WORLD-FAMOUS" to="CHE">
    <attribute name="TEXT" value="1" />
    <attribute name="KEYWORDS" value="1" />
  </edge>
  <edge from="WOUNDED" to="MARXIST">
    <attribute name="TEXT" value="1" />
  </edge>
  <edge from="YEAR" to="AGO">
    <attribute name="TEXT" value="1" />
  </edge>
</graph>
