<graph>
  <node id="ACCELERATE">
    <attribute name="FREQUENCY" value="1" />
  </node>
  <node id="ACCELERATED">
    <attribute name="FREQUENCY" value="1" />
  </node>
  <node id="ADD">
    <attribute name="FREQUENCY" value="1" />
  </node>
  <node id="ADULTHOOD">
    <attribute name="FREQUENCY" value="1" />
  </node>
  <node id="AFFECT">
    <attribute name="FREQUENCY" value="1" />
  </node>
  <node id="AGE">
    <attribute name="FREQUENCY" value="15" />
  </node>
  <node id="ASYMMETRY">
    <attribute name="FREQUENCY" value="1" />
  </node>
  <node id="AUGUST">
    <attribute name="FREQUENCY" value="1" />
  </node>
  <node id="AVERAGE">
    <attribute name="FREQUENCY" value="1" />
  </node>
  <node id="BASED">
    <attribute name="FREQUENCY" value="1" />
  </node>
  <node id="BASIS">
    <attribute name="FREQUENCY" value="1" />
  </node>
  <node id="BIOLOGIST">
    <attribute name="FREQUENCY" value="1" />
  </node>
  <node id="BIZ">
    <attribute name="FREQUENCY" value="4" />
  </node>
  <node id="BONE">
    <attribute name="FREQUENCY" value="1" />
  </node>
  <node id="BRITTLE">
    <attribute name="FREQUENCY" value="1" />
  </node>
  <node id="BROAD">
    <attribute name="FREQUENCY" value="1" />
  </node>
  <node id="CALLED">
    <attribute name="FREQUENCY" value="2" />
  </node>
  <node id="CATARACT">
    <attribute name="FREQUENCY" value="1" />
  </node>
  <node id="CAUSING">
    <attribute name="FREQUENCY" value="1" />
  </node>
  <node id="CELLS">
    <attribute name="FREQUENCY" value="10" />
  </node>
  <node id="CENTRAL">
    <attribute name="FREQUENCY" value="1" />
  </node>
  <node id="CHANGE">
    <attribute name="FREQUENCY" value="1" />
  </node>
  <node id="CHILDREN">
    <attribute name="FREQUENCY" value="4" />
  </node>
  <node id="CHROMATIN">
    <attribute name="FREQUENCY" value="1" />
  </node>
  <node id="CLUES">
    <attribute name="FREQUENCY" value="2" />
  </node>
  <node id="COMMENTS">
    <attribute name="FREQUENCY" value="2" />
  </node>
  <node id="COMPLEX">
    <attribute name="FREQUENCY" value="1" />
  </node>
  <node id="COMPOSED">
    <attribute name="FREQUENCY" value="1" />
  </node>
  <node id="CONGREGATED">
    <attribute name="FREQUENCY" value="1" />
  </node>
  <node id="CONSTRUCTION">
    <attribute name="FREQUENCY" value="4" />
  </node>
  <node id="DEFINED">
    <attribute name="FREQUENCY" value="1" />
  </node>
  <node id="DESIGN">
    <attribute name="FREQUENCY" value="1" />
  </node>
  <node id="DIES">
    <attribute name="FREQUENCY" value="1" />
  </node>
  <node id="DISEASE">
    <attribute name="FREQUENCY" value="1" />
  </node>
  <node id="DIVIDE">
    <attribute name="FREQUENCY" value="2" />
  </node>
  <node id="DIVISION">
    <attribute name="FREQUENCY" value="2" />
  </node>
  <node id="DNA">
    <attribute name="FREQUENCY" value="1" />
  </node>
  <node id="EARLIER">
    <attribute name="FREQUENCY" value="1" />
  </node>
  <node id="EARLY">
    <attribute name="FREQUENCY" value="1" />
  </node>
  <node id="EDT">
    <attribute name="FREQUENCY" value="1" />
  </node>
  <node id="ENCODE">
    <attribute name="FREQUENCY" value="1" />
  </node>
  <node id="ENTERTAIN">
    <attribute name="FREQUENCY" value="4" />
  </node>
  <node id="EVIDENTLY">
    <attribute name="FREQUENCY" value="1" />
  </node>
  <node id="EXACT">
    <attribute name="FREQUENCY" value="1" />
  </node>
  <node id="EXHIBIT">
    <attribute name="FREQUENCY" value="1" />
  </node>
  <node id="EXTEND">
    <attribute name="FREQUENCY" value="1" />
  </node>
  <node id="EXTREME">
    <attribute name="FREQUENCY" value="1" />
  </node>
  <node id="FAMILY">
    <attribute name="FREQUENCY" value="4" />
  </node>
  <node id="FASTER">
    <attribute name="FREQUENCY" value="3" />
  </node>
  <node id="FEATURE">
    <attribute name="FREQUENCY" value="1" />
  </node>
  <node id="FIGURES">
    <attribute name="FREQUENCY" value="1" />
  </node>
  <node id="FIXED">
    <attribute name="FREQUENCY" value="1" />
  </node>
  <node id="FOLLOW">
    <attribute name="FREQUENCY" value="5" />
  </node>
  <node id="FRAGMENTATION">
    <attribute name="FREQUENCY" value="3" />
  </node>
  <node id="FUTURE">
    <attribute name="FREQUENCY" value="1" />
  </node>
  <node id="GENE">
    <attribute name="FREQUENCY" value="11" />
  </node>
  <node id="GRAY">
    <attribute name="FREQUENCY" value="1" />
  </node>
  <node id="GUARENTE">
    <attribute name="FREQUENCY" value="4" />
  </node>
  <node id="HAIR">
    <attribute name="FREQUENCY" value="2" />
  </node>
  <node id="HAPPEN">
    <attribute name="FREQUENCY" value="1" />
  </node>
  <node id="HEADLINES">
    <attribute name="FREQUENCY" value="1" />
  </node>
  <node id="HEALTH">
    <attribute name="FREQUENCY" value="4" />
  </node>
  <node id="HELICASE">
    <attribute name="FREQUENCY" value="3" />
  </node>
  <node id="HTML">
    <attribute name="FREQUENCY" value="1" />
  </node>
  <node id="HUMAN">
    <attribute name="FREQUENCY" value="3" />
  </node>
  <node id="IMAGINE">
    <attribute name="FREQUENCY" value="1" />
  </node>
  <node id="IMPLICATIONS">
    <attribute name="FREQUENCY" value="1" />
  </node>
  <node id="INACTIVATE">
    <attribute name="FREQUENCY" value="1" />
  </node>
  <node id="INFO">
    <attribute name="FREQUENCY" value="2" />
  </node>
  <node id="INHIBITOR">
    <attribute name="FREQUENCY" value="1" />
  </node>
  <node id="INSTITUTE">
    <attribute name="FREQUENCY" value="1" />
  </node>
  <node id="INTEREST">
    <attribute name="FREQUENCY" value="2" />
  </node>
  <node id="INTERESTED">
    <attribute name="FREQUENCY" value="1" />
  </node>
  <node id="KIDS">
    <attribute name="FREQUENCY" value="4" />
  </node>
  <node id="LEAD">
    <attribute name="FREQUENCY" value="4" />
  </node>
  <node id="LEARN">
    <attribute name="FREQUENCY" value="1" />
  </node>
  <node id="LEONARD">
    <attribute name="FREQUENCY" value="1" />
  </node>
  <node id="LIFE-SPAN">
    <attribute name="FREQUENCY" value="2" />
  </node>
  <node id="LIMITED">
    <attribute name="FREQUENCY" value="1" />
  </node>
  <node id="LOCALIZED">
    <attribute name="FREQUENCY" value="1" />
  </node>
  <node id="LOS">
    <attribute name="FREQUENCY" value="1" />
  </node>
  <node id="MASSACHUSETTS">
    <attribute name="FREQUENCY" value="1" />
  </node>
  <node id="MEANS">
    <attribute name="FREQUENCY" value="1" />
  </node>
  <node id="MECHANISM">
    <attribute name="FREQUENCY" value="3" />
  </node>
  <node id="MISS">
    <attribute name="FREQUENCY" value="1" />
  </node>
  <node id="MIT">
    <attribute name="FREQUENCY" value="2" />
  </node>
  <node id="MOTHER">
    <attribute name="FREQUENCY" value="1" />
  </node>
  <node id="MULTIPLE">
    <attribute name="FREQUENCY" value="1" />
  </node>
  <node id="MUTANT">
    <attribute name="FREQUENCY" value="1" />
  </node>
  <node id="MUTATED">
    <attribute name="FREQUENCY" value="4" />
  </node>
  <node id="MUTATION">
    <attribute name="FREQUENCY" value="2" />
  </node>
  <node id="NEWS">
    <attribute name="FREQUENCY" value="4" />
  </node>
  <node id="NORMAL">
    <attribute name="FREQUENCY" value="2" />
  </node>
  <node id="NUCLEOLAR">
    <attribute name="FREQUENCY" value="1" />
  </node>
  <node id="NUCLEOLUS">
    <attribute name="FREQUENCY" value="5" />
  </node>
  <node id="OBSERVED">
    <attribute name="FREQUENCY" value="1" />
  </node>
  <node id="OCCUR">
    <attribute name="FREQUENCY" value="1" />
  </node>
  <node id="OCCURRING">
    <attribute name="FREQUENCY" value="2" />
  </node>
  <node id="OLDER">
    <attribute name="FREQUENCY" value="2" />
  </node>
  <node id="ORGANISMS">
    <attribute name="FREQUENCY" value="3" />
  </node>
  <node id="PART">
    <attribute name="FREQUENCY" value="1" />
  </node>
  <node id="PEOPLE">
    <attribute name="FREQUENCY" value="1" />
  </node>
  <node id="PLAY">
    <attribute name="FREQUENCY" value="1" />
  </node>
  <node id="PLAYED">
    <attribute name="FREQUENCY" value="1" />
  </node>
  <node id="PM">
    <attribute name="FREQUENCY" value="1" />
  </node>
  <node id="POINT">
    <attribute name="FREQUENCY" value="1" />
  </node>
  <node id="POLITIC">
    <attribute name="FREQUENCY" value="4" />
  </node>
  <node id="PREMATURE">
    <attribute name="FREQUENCY" value="1" />
  </node>
  <node id="PREVENT">
    <attribute name="FREQUENCY" value="1" />
  </node>
  <node id="PROCESS">
    <attribute name="FREQUENCY" value="3" />
  </node>
  <node id="PROFOUND">
    <attribute name="FREQUENCY" value="1" />
  </node>
  <node id="PROTEIN">
    <attribute name="FREQUENCY" value="3" />
  </node>
  <node id="QUESTIONS">
    <attribute name="FREQUENCY" value="3" />
  </node>
  <node id="REASON">
    <attribute name="FREQUENCY" value="1" />
  </node>
  <node id="REGION">
    <attribute name="FREQUENCY" value="1" />
  </node>
  <node id="RELATED">
    <attribute name="FREQUENCY" value="1" />
  </node>
  <node id="REPORT">
    <attribute name="FREQUENCY" value="1" />
  </node>
  <node id="RESEARCH">
    <attribute name="FREQUENCY" value="1" />
  </node>
  <node id="RESEARCHERS">
    <attribute name="FREQUENCY" value="3" />
  </node>
  <node id="RESULTS">
    <attribute name="FREQUENCY" value="1" />
  </node>
  <node id="REUTERS">
    <attribute name="FREQUENCY" value="2" />
  </node>
  <node id="RISK">
    <attribute name="FREQUENCY" value="4" />
  </node>
  <node id="ROLE">
    <attribute name="FREQUENCY" value="2" />
  </node>
  <node id="ROUND">
    <attribute name="FREQUENCY" value="1" />
  </node>
  <node id="SCIENCE">
    <attribute name="FREQUENCY" value="1" />
  </node>
  <node id="SCIENTISTS">
    <attribute name="FREQUENCY" value="2" />
  </node>
  <node id="SCOREBOARD">
    <attribute name="FREQUENCY" value="4" />
  </node>
  <node id="SGS">
    <attribute name="FREQUENCY" value="3" />
  </node>
  <node id="SIMILAR">
    <attribute name="FREQUENCY" value="1" />
  </node>
  <node id="SIMPLE">
    <attribute name="FREQUENCY" value="1" />
  </node>
  <node id="SIMPLY">
    <attribute name="FREQUENCY" value="1" />
  </node>
  <node id="SINGLE">
    <attribute name="FREQUENCY" value="1" />
  </node>
  <node id="SIR">
    <attribute name="FREQUENCY" value="2" />
  </node>
  <node id="SMOKING">
    <attribute name="FREQUENCY" value="4" />
  </node>
  <node id="SOURCE">
    <attribute name="FREQUENCY" value="1" />
  </node>
  <node id="SPORT">
    <attribute name="FREQUENCY" value="4" />
  </node>
  <node id="STABILITY">
    <attribute name="FREQUENCY" value="1" />
  </node>
  <node id="STERILE">
    <attribute name="FREQUENCY" value="1" />
  </node>
  <node id="STORIES">
    <attribute name="FREQUENCY" value="1" />
  </node>
  <node id="STORY">
    <attribute name="FREQUENCY" value="4" />
  </node>
  <node id="STRIKE">
    <attribute name="FREQUENCY" value="1" />
  </node>
  <node id="STRUCTURAL">
    <attribute name="FREQUENCY" value="2" />
  </node>
  <node id="STUDIES">
    <attribute name="FREQUENCY" value="1" />
  </node>
  <node id="SUGGESTS">
    <attribute name="FREQUENCY" value="1" />
  </node>
  <node id="SYMPTOMS">
    <attribute name="FREQUENCY" value="1" />
  </node>
  <node id="SYNDROME">
    <attribute name="FREQUENCY" value="1" />
  </node>
  <node id="SYSTEM">
    <attribute name="FREQUENCY" value="1" />
  </node>
  <node id="TECH">
    <attribute name="FREQUENCY" value="4" />
  </node>
  <node id="TECHNOLOGY">
    <attribute name="FREQUENCY" value="1" />
  </node>
  <node id="TERMS">
    <attribute name="FREQUENCY" value="1" />
  </node>
  <node id="TEXT">
    <attribute name="FREQUENCY" value="1" />
  </node>
  <node id="THINKING">
    <attribute name="FREQUENCY" value="1" />
  </node>
  <node id="THURSDAY">
    <attribute name="FREQUENCY" value="1" />
  </node>
  <node id="TIMES">
    <attribute name="FREQUENCY" value="2" />
  </node>
  <node id="TREATMENT">
    <attribute name="FREQUENCY" value="2" />
  </node>
  <node id="TRUE">
    <attribute name="FREQUENCY" value="2" />
  </node>
  <node id="UNDERSTAND">
    <attribute name="FREQUENCY" value="1" />
  </node>
  <node id="UNIVERSAL">
    <attribute name="FREQUENCY" value="1" />
  </node>
  <node id="USUAL">
    <attribute name="FREQUENCY" value="1" />
  </node>
  <node id="VIEW">
    <attribute name="FREQUENCY" value="1" />
  </node>
  <node id="WERNER">
    <attribute name="FREQUENCY" value="3" />
  </node>
  <node id="WORK">
    <attribute name="FREQUENCY" value="1" />
  </node>
  <node id="WORKERS">
    <attribute name="FREQUENCY" value="4" />
  </node>
  <node id="WRITE">
    <attribute name="FREQUENCY" value="2" />
  </node>
  <node id="WRN">
    <attribute name="FREQUENCY" value="2" />
  </node>
  <node id="YAHOO">
    <attribute name="FREQUENCY" value="4" />
  </node>
  <node id="YEAST">
    <attribute name="FREQUENCY" value="10" />
  </node>
  <node id="YIELD">
    <attribute name="FREQUENCY" value="2" />
  </node>
  <node id="YORK">
    <attribute name="FREQUENCY" value="1" />
  </node>
  <node id="YOUNG">
    <attribute name="FREQUENCY" value="1" />
  </node>
  <edge from="ACCELERATE" to="AGE">
    <attribute name="TEXT" value="1" />
  </edge>
  <edge from="ACCELERATED" to="AGE">
    <attribute name="TEXT" value="1" />
  </edge>
  <edge from="AGE" to="PROCESS">
    <attribute name="TEXT" value="4" />
    <attribute name="KEYWORDS" value="2" />
  </edge>
  <edge from="AGE" to="PROCESS">
    <attribute name="TEXT" value="4" />
    <attribute name="KEYWORDS" value="2" />
  </edge>
  <edge from="AVERAGE" to="LIFE-SPAN">
    <attribute name="TEXT" value="1" />
  </edge>
  <edge from="BRITTLE" to="BONE">
    <attribute name="TEXT" value="1" />
  </edge>
  <edge from="BROAD" to="MECHANISM">
    <attribute name="TEXT" value="1" />
  </edge>
  <edge from="CALLED" to="SIR">
    <attribute name="TEXT" value="1" />
  </edge>
  <edge from="CAUSING" to="FRAGMENTATION">
    <attribute name="TEXT" value="1" />
  </edge>
  <edge from="CELLS" to="CALLED">
    <attribute name="TEXT" value="2" />
  </edge>
  <edge from="CELLS" to="DIVISION">
    <attribute name="TEXT" value="1" />
  </edge>
  <edge from="CENTRAL" to="ROLE">
    <attribute name="TEXT" value="1" />
  </edge>
  <edge from="COMPLEX" to="CONGREGATED">
    <attribute name="TEXT" value="1" />
  </edge>
  <edge from="CONGREGATED" to="EARLIER">
    <attribute name="TEXT" value="1" />
  </edge>
  <edge from="CONSTRUCTION" to="WORKERS">
    <attribute name="TEXT" value="4" />
    <attribute name="LINKS" value="4" />
  </edge>
  <edge from="CONSTRUCTION" to="WORKERS">
    <attribute name="TEXT" value="4" />
    <attribute name="LINKS" value="4" />
  </edge>
  <edge from="DIES" to="YOUNG">
    <attribute name="TEXT" value="1" />
  </edge>
  <edge from="EARLY" to="ADULTHOOD">
    <attribute name="TEXT" value="1" />
  </edge>
  <edge from="EXACT" to="STRUCTURAL">
    <attribute name="TEXT" value="1" />
  </edge>
  <edge from="EXTREME" to="INTEREST">
    <attribute name="TEXT" value="1" />
  </edge>
  <edge from="FEATURE" to="SYMPTOMS">
    <attribute name="TEXT" value="1" />
  </edge>
  <edge from="FOLLOW" to="FAMILY">
    <attribute name="TEXT" value="2" />
    <attribute name="LINKS" value="2" />
  </edge>
  <edge from="FOLLOW" to="FAMILY">
    <attribute name="TEXT" value="2" />
    <attribute name="LINKS" value="2" />
  </edge>
  <edge from="GENE" to="ACCELERATE">
    <attribute name="TEXT" value="1" />
  </edge>
  <edge from="GENE" to="ENCODE">
    <attribute name="TEXT" value="1" />
  </edge>
  <edge from="GENE" to="INACTIVATE">
    <attribute name="TEXT" value="1" />
  </edge>
  <edge from="GENE" to="YIELD">
    <attribute name="TEXT" value="2" />
    <attribute name="KEYWORDS" value="2" />
  </edge>
  <edge from="GENE" to="YIELD">
    <attribute name="TEXT" value="2" />
    <attribute name="KEYWORDS" value="2" />
  </edge>
  <edge from="GRAY" to="HAIR">
    <attribute name="TEXT" value="1" />
  </edge>
  <edge from="GUARENTE" to="BIOLOGIST">
    <attribute name="TEXT" value="1" />
  </edge>
  <edge from="HAIR" to="HAIR">
    <attribute name="TEXT" value="1" />
  </edge>
  <edge from="HAIR" to="LOS">
    <attribute name="TEXT" value="1" />
  </edge>
  <edge from="HEALTH" to="STORIES">
    <attribute name="TEXT" value="1" />
  </edge>
  <edge from="HELICASE" to="PROTEIN">
    <attribute name="TEXT" value="1" />
  </edge>
  <edge from="HUMAN" to="REPORT">
    <attribute name="TEXT" value="1" />
  </edge>
  <edge from="HUMAN" to="WRN">
    <attribute name="TEXT" value="1" />
  </edge>
  <edge from="IMAGINE" to="SIMILAR">
    <attribute name="TEXT" value="1" />
  </edge>
  <edge from="LEAD" to="RISK">
    <attribute name="TEXT" value="2" />
    <attribute name="LINKS" value="2" />
  </edge>
  <edge from="LEAD" to="RISK">
    <attribute name="TEXT" value="2" />
    <attribute name="LINKS" value="2" />
  </edge>
  <edge from="LEONARD" to="GUARENTE">
    <attribute name="TEXT" value="1" />
  </edge>
  <edge from="LOS" to="BRITTLE">
    <attribute name="TEXT" value="1" />
  </edge>
  <edge from="MASSACHUSETTS" to="INSTITUTE">
    <attribute name="TEXT" value="1" />
  </edge>
  <edge from="MOTHER" to="CELLS">
    <attribute name="TEXT" value="1" />
  </edge>
  <edge from="MULTIPLE" to="ROUND">
    <attribute name="TEXT" value="1" />
  </edge>
  <edge from="MUTANT" to="GENE">
    <attribute name="TEXT" value="1" />
  </edge>
  <edge from="MUTATED" to="GENE">
    <attribute name="TEXT" value="1" />
  </edge>
  <edge from="NORMAL" to="CELLS">
    <attribute name="TEXT" value="1" />
  </edge>
  <edge from="NUCLEOLAR" to="STABILITY">
    <attribute name="TEXT" value="1" />
  </edge>
  <edge from="NUCLEOLUS" to="PLAYED">
    <attribute name="TEXT" value="1" />
  </edge>
  <edge from="OCCUR" to="FASTER">
    <attribute name="TEXT" value="1" />
  </edge>
  <edge from="OLDER" to="CELLS">
    <attribute name="TEXT" value="1" />
  </edge>
  <edge from="ORGANISMS" to="COMPOSED">
    <attribute name="TEXT" value="1" />
  </edge>
  <edge from="PEOPLE" to="DIES">
    <attribute name="TEXT" value="1" />
  </edge>
  <edge from="PLAY" to="ROLE">
    <attribute name="TEXT" value="1" />
  </edge>
  <edge from="PLAYED" to="CENTRAL">
    <attribute name="TEXT" value="1" />
  </edge>
  <edge from="PM" to="EDT">
    <attribute name="TEXT" value="1" />
  </edge>
  <edge from="PREMATURE" to="AGE">
    <attribute name="TEXT" value="1" />
  </edge>
  <edge from="PREVENT" to="FRAGMENTATION">
    <attribute name="TEXT" value="1" />
  </edge>
  <edge from="PROFOUND" to="IMPLICATIONS">
    <attribute name="TEXT" value="1" />
  </edge>
  <edge from="PROTEIN" to="PLAY">
    <attribute name="TEXT" value="1" />
  </edge>
  <edge from="REASON" to="WERNER">
    <attribute name="TEXT" value="1" />
  </edge>
  <edge from="REPORT" to="SCIENTISTS">
    <attribute name="TEXT" value="1" />
  </edge>
  <edge from="RESEARCHERS" to="MUTATED">
    <attribute name="TEXT" value="1" />
  </edge>
  <edge from="RESEARCHERS" to="SUGGESTS">
    <attribute name="TEXT" value="1" />
  </edge>
  <edge from="REUTERS" to="LIMITED">
    <attribute name="TEXT" value="1" />
  </edge>
  <edge from="SIMILAR" to="TREATMENT">
    <attribute name="TEXT" value="1" />
  </edge>
  <edge from="SIMPLE" to="SYSTEM">
    <attribute name="TEXT" value="1" />
  </edge>
  <edge from="SINGLE" to="CELLS">
    <attribute name="TEXT" value="1" />
  </edge>
  <edge from="SIR" to="COMPLEX">
    <attribute name="TEXT" value="1" />
  </edge>
  <edge from="SIR" to="PROTEIN">
    <attribute name="TEXT" value="1" />
  </edge>
  <edge from="SMOKING" to="FOLLOW">
    <attribute name="TEXT" value="4" />
    <attribute name="LINKS" value="4" />
  </edge>
  <edge from="SMOKING" to="FOLLOW">
    <attribute name="TEXT" value="4" />
    <attribute name="LINKS" value="4" />
  </edge>
  <edge from="STERILE" to="FASTER">
    <attribute name="TEXT" value="1" />
  </edge>
  <edge from="STORIES" to="YEAST">
    <attribute name="TEXT" value="1" />
  </edge>
  <edge from="STRUCTURAL" to="BASIS">
    <attribute name="TEXT" value="1" />
  </edge>
  <edge from="STRUCTURAL" to="CHANGE">
    <attribute name="TEXT" value="1" />
  </edge>
  <edge from="SYNDROME" to="DISEASE">
    <attribute name="TEXT" value="1" />
  </edge>
  <edge from="TEXT" to="HEADLINES">
    <attribute name="TEXT" value="1" />
  </edge>
  <edge from="THURSDAY" to="AUGUST">
    <attribute name="TEXT" value="1" />
  </edge>
  <edge from="TIMES" to="MOTHER">
    <attribute name="TEXT" value="1" />
  </edge>
  <edge from="WERNER" to="SYNDROME">
    <attribute name="TEXT" value="1" />
  </edge>
  <edge from="WORKERS" to="CHILDREN">
    <attribute name="TEXT" value="4" />
    <attribute name="LINKS" value="4" />
  </edge>
  <edge from="WORKERS" to="CHILDREN">
    <attribute name="TEXT" value="4" />
    <attribute name="LINKS" value="4" />
  </edge>
  <edge from="WRN" to="GENE">
    <attribute name="TEXT" value="1" />
  </edge>
  <edge from="YEAST" to="AGE">
    <attribute name="TEXT" value="1" />
  </edge>
  <edge from="YEAST" to="CELLS">
    <attribute name="TEXT" value="1" />
  </edge>
  <edge from="YEAST" to="GENE">
    <attribute name="TEXT" value="1" />
    <attribute name="KEYWORDS" value="1" />
  </edge>
  <edge from="YEAST" to="GENE">
    <attribute name="TEXT" value="1" />
    <attribute name="KEYWORDS" value="1" />
  </edge>
  <edge from="YEAST" to="ORGANISMS">
    <attribute name="TEXT" value="1" />
  </edge>
  <edge from="YEAST" to="WORK">
    <attribute name="TEXT" value="1" />
  </edge>
  <edge from="YIELD" to="CLUES">
    <attribute name="TEXT" value="2" />
    <attribute name="KEYWORDS" value="2" />
  </edge>
  <edge from="YIELD" to="CLUES">
    <attribute name="TEXT" value="2" />
    <attribute name="KEYWORDS" value="2" />
  </edge>
</graph>
