<graph>
  <node id="ADDED">
    <attribute name="FREQUENCY" value="1" />
  </node>
  <node id="AGE">
    <attribute name="FREQUENCY" value="6" />
  </node>
  <node id="AMERICAN">
    <attribute name="FREQUENCY" value="1" />
  </node>
  <node id="ANALYSIS">
    <attribute name="FREQUENCY" value="1" />
  </node>
  <node id="ANTI-SMOKING">
    <attribute name="FREQUENCY" value="2" />
  </node>
  <node id="APPEARS">
    <attribute name="FREQUENCY" value="1" />
  </node>
  <node id="AUTHOR">
    <attribute name="FREQUENCY" value="1" />
  </node>
  <node id="AVERAGE">
    <attribute name="FREQUENCY" value="1" />
  </node>
  <node id="BASIS">
    <attribute name="FREQUENCY" value="1" />
  </node>
  <node id="BEGIN">
    <attribute name="FREQUENCY" value="1" />
  </node>
  <node id="BILL">
    <attribute name="FREQUENCY" value="1" />
  </node>
  <node id="BIZ">
    <attribute name="FREQUENCY" value="4" />
  </node>
  <node id="BRAIN">
    <attribute name="FREQUENCY" value="4" />
  </node>
  <node id="BRING">
    <attribute name="FREQUENCY" value="1" />
  </node>
  <node id="CALCULATED">
    <attribute name="FREQUENCY" value="1" />
  </node>
  <node id="CAPITA">
    <attribute name="FREQUENCY" value="1" />
  </node>
  <node id="CARE">
    <attribute name="FREQUENCY" value="8" />
  </node>
  <node id="CESSATION">
    <attribute name="FREQUENCY" value="1" />
  </node>
  <node id="CHRONIC">
    <attribute name="FREQUENCY" value="1" />
  </node>
  <node id="COMMENTS">
    <attribute name="FREQUENCY" value="2" />
  </node>
  <node id="COMPARED">
    <attribute name="FREQUENCY" value="1" />
  </node>
  <node id="CONCLUDE">
    <attribute name="FREQUENCY" value="3" />
  </node>
  <node id="CONSIDERED">
    <attribute name="FREQUENCY" value="1" />
  </node>
  <node id="CONSUME">
    <attribute name="FREQUENCY" value="1" />
  </node>
  <node id="CONTEND">
    <attribute name="FREQUENCY" value="1" />
  </node>
  <node id="CONTINUE">
    <attribute name="FREQUENCY" value="1" />
  </node>
  <node id="COST">
    <attribute name="FREQUENCY" value="12" />
  </node>
  <node id="COST-COMPARISONS">
    <attribute name="FREQUENCY" value="1" />
  </node>
  <node id="CURB">
    <attribute name="FREQUENCY" value="4" />
  </node>
  <node id="CURRENT">
    <attribute name="FREQUENCY" value="2" />
  </node>
  <node id="DEATH">
    <attribute name="FREQUENCY" value="1" />
  </node>
  <node id="DECLINE">
    <attribute name="FREQUENCY" value="1" />
  </node>
  <node id="DEPARTMENT">
    <attribute name="FREQUENCY" value="1" />
  </node>
  <node id="DIFFERENCE">
    <attribute name="FREQUENCY" value="1" />
  </node>
  <node id="DISCOURAGED">
    <attribute name="FREQUENCY" value="1" />
  </node>
  <node id="DISCOVERED">
    <attribute name="FREQUENCY" value="1" />
  </node>
  <node id="DISEASE">
    <attribute name="FREQUENCY" value="2" />
  </node>
  <node id="DOLLARS">
    <attribute name="FREQUENCY" value="1" />
  </node>
  <node id="DOUBT">
    <attribute name="FREQUENCY" value="1" />
  </node>
  <node id="DUTCH">
    <attribute name="FREQUENCY" value="4" />
  </node>
  <node id="EDT">
    <attribute name="FREQUENCY" value="1" />
  </node>
  <node id="EFFECTIVE">
    <attribute name="FREQUENCY" value="1" />
  </node>
  <node id="EFFORT">
    <attribute name="FREQUENCY" value="1" />
  </node>
  <node id="ELDERLY">
    <attribute name="FREQUENCY" value="1" />
  </node>
  <node id="END">
    <attribute name="FREQUENCY" value="1" />
  </node>
  <node id="ENGLAND">
    <attribute name="FREQUENCY" value="2" />
  </node>
  <node id="ENTERTAIN">
    <attribute name="FREQUENCY" value="4" />
  </node>
  <node id="ERASMUS">
    <attribute name="FREQUENCY" value="1" />
  </node>
  <node id="EXCEED">
    <attribute name="FREQUENCY" value="1" />
  </node>
  <node id="EXPENDITURE">
    <attribute name="FREQUENCY" value="2" />
  </node>
  <node id="EXPENSIVE">
    <attribute name="FREQUENCY" value="1" />
  </node>
  <node id="EXPERIENCE">
    <attribute name="FREQUENCY" value="1" />
  </node>
  <node id="EXPERTS">
    <attribute name="FREQUENCY" value="1" />
  </node>
  <node id="EXTENDED">
    <attribute name="FREQUENCY" value="1" />
  </node>
  <node id="FEMALE">
    <attribute name="FREQUENCY" value="1" />
  </node>
  <node id="FILL">
    <attribute name="FREQUENCY" value="1" />
  </node>
  <node id="FINANCIALLY">
    <attribute name="FREQUENCY" value="1" />
  </node>
  <node id="FINDINGS">
    <attribute name="FREQUENCY" value="1" />
  </node>
  <node id="FINDS">
    <attribute name="FREQUENCY" value="1" />
  </node>
  <node id="FIRM">
    <attribute name="FREQUENCY" value="1" />
  </node>
  <node id="FIT">
    <attribute name="FREQUENCY" value="1" />
  </node>
  <node id="FOCUS">
    <attribute name="FREQUENCY" value="1" />
  </node>
  <node id="GOAL">
    <attribute name="FREQUENCY" value="1" />
  </node>
  <node id="GREATER">
    <attribute name="FREQUENCY" value="1" />
  </node>
  <node id="GREATEST">
    <attribute name="FREQUENCY" value="1" />
  </node>
  <node id="GREATLY">
    <attribute name="FREQUENCY" value="1" />
  </node>
  <node id="GROUP">
    <attribute name="FREQUENCY" value="4" />
  </node>
  <node id="GROWING">
    <attribute name="FREQUENCY" value="1" />
  </node>
  <node id="HAZARD">
    <attribute name="FREQUENCY" value="1" />
  </node>
  <node id="HEADLINES">
    <attribute name="FREQUENCY" value="1" />
  </node>
  <node id="HEALTH">
    <attribute name="FREQUENCY" value="18" />
  </node>
  <node id="HELPS">
    <attribute name="FREQUENCY" value="4" />
  </node>
  <node id="HIGHER">
    <attribute name="FREQUENCY" value="5" />
  </node>
  <node id="HTML">
    <attribute name="FREQUENCY" value="1" />
  </node>
  <node id="HUMAN">
    <attribute name="FREQUENCY" value="1" />
  </node>
  <node id="ILLNESS">
    <attribute name="FREQUENCY" value="1" />
  </node>
  <node id="IMPLICATIONS">
    <attribute name="FREQUENCY" value="1" />
  </node>
  <node id="INCIDENCE">
    <attribute name="FREQUENCY" value="1" />
  </node>
  <node id="INCREASINGLY">
    <attribute name="FREQUENCY" value="1" />
  </node>
  <node id="INDUSTRY">
    <attribute name="FREQUENCY" value="1" />
  </node>
  <node id="INFO">
    <attribute name="FREQUENCY" value="2" />
  </node>
  <node id="INITIALLY">
    <attribute name="FREQUENCY" value="1" />
  </node>
  <node id="INTEREST">
    <attribute name="FREQUENCY" value="1" />
  </node>
  <node id="INVESTIGATORS">
    <attribute name="FREQUENCY" value="1" />
  </node>
  <node id="JOURNAL">
    <attribute name="FREQUENCY" value="2" />
  </node>
  <node id="LAW">
    <attribute name="FREQUENCY" value="4" />
  </node>
  <node id="LIFE">
    <attribute name="FREQUENCY" value="1" />
  </node>
  <node id="LIFESPAN">
    <attribute name="FREQUENCY" value="1" />
  </node>
  <node id="LIFETIME">
    <attribute name="FREQUENCY" value="2" />
  </node>
  <node id="LIGHT">
    <attribute name="FREQUENCY" value="1" />
  </node>
  <node id="LIMITED">
    <attribute name="FREQUENCY" value="1" />
  </node>
  <node id="LIVE">
    <attribute name="FREQUENCY" value="2" />
  </node>
  <node id="LONGER">
    <attribute name="FREQUENCY" value="1" />
  </node>
  <node id="LOWER">
    <attribute name="FREQUENCY" value="1" />
  </node>
  <node id="MAJOR">
    <attribute name="FREQUENCY" value="1" />
  </node>
  <node id="MALE">
    <attribute name="FREQUENCY" value="1" />
  </node>
  <node id="MEASURE">
    <attribute name="FREQUENCY" value="1" />
  </node>
  <node id="MEDICAID">
    <attribute name="FREQUENCY" value="1" />
  </node>
  <node id="MEDICAL">
    <attribute name="FREQUENCY" value="2" />
  </node>
  <node id="MEDICINE">
    <attribute name="FREQUENCY" value="2" />
  </node>
  <node id="MEN">
    <attribute name="FREQUENCY" value="2" />
  </node>
  <node id="MIXED">
    <attribute name="FREQUENCY" value="1" />
  </node>
  <node id="MOVE">
    <attribute name="FREQUENCY" value="1" />
  </node>
  <node id="NATION">
    <attribute name="FREQUENCY" value="1" />
  </node>
  <node id="NATIONAL">
    <attribute name="FREQUENCY" value="1" />
  </node>
  <node id="NETHERLANDS">
    <attribute name="FREQUENCY" value="1" />
  </node>
  <node id="NEWS">
    <attribute name="FREQUENCY" value="4" />
  </node>
  <node id="NO-SALE">
    <attribute name="FREQUENCY" value="4" />
  </node>
  <node id="NON-SMOKERS">
    <attribute name="FREQUENCY" value="6" />
  </node>
  <node id="NONSMOKERS">
    <attribute name="FREQUENCY" value="1" />
  </node>
  <node id="NONSMOKING">
    <attribute name="FREQUENCY" value="1" />
  </node>
  <node id="NUMBERS">
    <attribute name="FREQUENCY" value="1" />
  </node>
  <node id="OCTOBER">
    <attribute name="FREQUENCY" value="1" />
  </node>
  <node id="OLDER">
    <attribute name="FREQUENCY" value="2" />
  </node>
  <node id="PARKINSON">
    <attribute name="FREQUENCY" value="4" />
  </node>
  <node id="PEOPLE">
    <attribute name="FREQUENCY" value="1" />
  </node>
  <node id="PERIOD">
    <attribute name="FREQUENCY" value="1" />
  </node>
  <node id="PM">
    <attribute name="FREQUENCY" value="1" />
  </node>
  <node id="POINT">
    <attribute name="FREQUENCY" value="1" />
  </node>
  <node id="POLICY">
    <attribute name="FREQUENCY" value="1" />
  </node>
  <node id="POLITIC">
    <attribute name="FREQUENCY" value="4" />
  </node>
  <node id="POPULATION">
    <attribute name="FREQUENCY" value="5" />
  </node>
  <node id="PRIMARY">
    <attribute name="FREQUENCY" value="1" />
  </node>
  <node id="PUBLIC">
    <attribute name="FREQUENCY" value="1" />
  </node>
  <node id="QUESTIONS">
    <attribute name="FREQUENCY" value="2" />
  </node>
  <node id="RANK">
    <attribute name="FREQUENCY" value="1" />
  </node>
  <node id="RATE">
    <attribute name="FREQUENCY" value="1" />
  </node>
  <node id="REACHED">
    <attribute name="FREQUENCY" value="1" />
  </node>
  <node id="RECENT">
    <attribute name="FREQUENCY" value="1" />
  </node>
  <node id="RECOUP">
    <attribute name="FREQUENCY" value="1" />
  </node>
  <node id="RELATIVE">
    <attribute name="FREQUENCY" value="1" />
  </node>
  <node id="RESEARCHERS">
    <attribute name="FREQUENCY" value="4" />
  </node>
  <node id="RESOURCES">
    <attribute name="FREQUENCY" value="1" />
  </node>
  <node id="RESPONSIBLE">
    <attribute name="FREQUENCY" value="1" />
  </node>
  <node id="REUTERS">
    <attribute name="FREQUENCY" value="2" />
  </node>
  <node id="RISE">
    <attribute name="FREQUENCY" value="1" />
  </node>
  <node id="RISK">
    <attribute name="FREQUENCY" value="1" />
  </node>
  <node id="ROTTERDAM">
    <attribute name="FREQUENCY" value="1" />
  </node>
  <node id="SAVE">
    <attribute name="FREQUENCY" value="1" />
  </node>
  <node id="SAVINGS">
    <attribute name="FREQUENCY" value="1" />
  </node>
  <node id="SCIENTISTS">
    <attribute name="FREQUENCY" value="1" />
  </node>
  <node id="SCOREBOARD">
    <attribute name="FREQUENCY" value="4" />
  </node>
  <node id="SICK">
    <attribute name="FREQUENCY" value="1" />
  </node>
  <node id="SMOKE-FREE">
    <attribute name="FREQUENCY" value="1" />
  </node>
  <node id="SMOKERS">
    <attribute name="FREQUENCY" value="8" />
  </node>
  <node id="SMOKING">
    <attribute name="FREQUENCY" value="10" />
  </node>
  <node id="SMOKING-RELATED">
    <attribute name="FREQUENCY" value="3" />
  </node>
  <node id="SOCIETY">
    <attribute name="FREQUENCY" value="2" />
  </node>
  <node id="SOLUTION">
    <attribute name="FREQUENCY" value="1" />
  </node>
  <node id="SOURCE">
    <attribute name="FREQUENCY" value="1" />
  </node>
  <node id="SPENDING">
    <attribute name="FREQUENCY" value="1" />
  </node>
  <node id="SPORT">
    <attribute name="FREQUENCY" value="4" />
  </node>
  <node id="START">
    <attribute name="FREQUENCY" value="1" />
  </node>
  <node id="STATES">
    <attribute name="FREQUENCY" value="2" />
  </node>
  <node id="STEADY">
    <attribute name="FREQUENCY" value="1" />
  </node>
  <node id="STOPPED">
    <attribute name="FREQUENCY" value="1" />
  </node>
  <node id="STORIES">
    <attribute name="FREQUENCY" value="1" />
  </node>
  <node id="STORY">
    <attribute name="FREQUENCY" value="4" />
  </node>
  <node id="STUDY">
    <attribute name="FREQUENCY" value="2" />
  </node>
  <node id="SUCCESS">
    <attribute name="FREQUENCY" value="1" />
  </node>
  <node id="SUCCUMB">
    <attribute name="FREQUENCY" value="1" />
  </node>
  <node id="SURGERY">
    <attribute name="FREQUENCY" value="4" />
  </node>
  <node id="TAPERED">
    <attribute name="FREQUENCY" value="1" />
  </node>
  <node id="TECH">
    <attribute name="FREQUENCY" value="4" />
  </node>
  <node id="TEEN">
    <attribute name="FREQUENCY" value="4" />
  </node>
  <node id="TEND">
    <attribute name="FREQUENCY" value="1" />
  </node>
  <node id="TEXT">
    <attribute name="FREQUENCY" value="1" />
  </node>
  <node id="THEORETICAL">
    <attribute name="FREQUENCY" value="1" />
  </node>
  <node id="THURSDAY">
    <attribute name="FREQUENCY" value="1" />
  </node>
  <node id="TOBACCO">
    <attribute name="FREQUENCY" value="2" />
  </node>
  <node id="TOMORROW">
    <attribute name="FREQUENCY" value="1" />
  </node>
  <node id="UNIVERSAL">
    <attribute name="FREQUENCY" value="1" />
  </node>
  <node id="UNIVERSITY">
    <attribute name="FREQUENCY" value="1" />
  </node>
  <node id="VARY">
    <attribute name="FREQUENCY" value="1" />
  </node>
  <node id="VERSUS">
    <attribute name="FREQUENCY" value="1" />
  </node>
  <node id="WEDNESDAY">
    <attribute name="FREQUENCY" value="1" />
  </node>
  <node id="WOMEN">
    <attribute name="FREQUENCY" value="2" />
  </node>
  <node id="WRITE">
    <attribute name="FREQUENCY" value="2" />
  </node>
  <node id="YAHOO">
    <attribute name="FREQUENCY" value="4" />
  </node>
  <node id="YARDSTICK">
    <attribute name="FREQUENCY" value="1" />
  </node>
  <node id="YEAR">
    <attribute name="FREQUENCY" value="2" />
  </node>
  <node id="YEAR-OLD">
    <attribute name="FREQUENCY" value="1" />
  </node>
  <node id="YORK">
    <attribute name="FREQUENCY" value="1" />
  </node>
  <edge from="ADDED" to="RISK">
    <attribute name="TEXT" value="1" />
  </edge>
  <edge from="AGE" to="GROUP">
    <attribute name="TEXT" value="3" />
  </edge>
  <edge from="AMERICAN" to="STATES">
    <attribute name="TEXT" value="1" />
  </edge>
  <edge from="ANALYSIS" to="APPEARS">
    <attribute name="TEXT" value="1" />
  </edge>
  <edge from="ANTI-SMOKING" to="EFFORT">
    <attribute name="TEXT" value="1" />
  </edge>
  <edge from="ANTI-SMOKING" to="POLICY">
    <attribute name="TEXT" value="1" />
  </edge>
  <edge from="APPEARS" to="THURSDAY">
    <attribute name="TEXT" value="1" />
  </edge>
  <edge from="AUTHOR" to="CONCLUDE">
    <attribute name="TEXT" value="1" />
  </edge>
  <edge from="BRAIN" to="SURGERY">
    <attribute name="TEXT" value="2" />
    <attribute name="LINKS" value="2" />
  </edge>
  <edge from="BRAIN" to="SURGERY">
    <attribute name="TEXT" value="2" />
    <attribute name="LINKS" value="2" />
  </edge>
  <edge from="CAPITA" to="HEALTH">
    <attribute name="TEXT" value="1" />
  </edge>
  <edge from="CARE" to="COST">
    <attribute name="TEXT" value="8" />
    <attribute name="KEYWORDS" value="2" />
  </edge>
  <edge from="CARE" to="COST">
    <attribute name="TEXT" value="8" />
    <attribute name="KEYWORDS" value="2" />
  </edge>
  <edge from="CARE" to="EXPERTS">
    <attribute name="TEXT" value="1" />
  </edge>
  <edge from="CARE" to="INDUSTRY">
    <attribute name="TEXT" value="1" />
  </edge>
  <edge from="CHRONIC" to="DISEASE">
    <attribute name="TEXT" value="1" />
  </edge>
  <edge from="CONCLUDE" to="DUTCH">
    <attribute name="TEXT" value="1" />
  </edge>
  <edge from="CONSUME" to="GREATER">
    <attribute name="TEXT" value="1" />
  </edge>
  <edge from="CURB" to="TEEN">
    <attribute name="TEXT" value="2" />
    <attribute name="LINKS" value="2" />
  </edge>
  <edge from="CURB" to="TEEN">
    <attribute name="TEXT" value="2" />
    <attribute name="LINKS" value="2" />
  </edge>
  <edge from="CURRENT" to="MIXED">
    <attribute name="TEXT" value="1" />
  </edge>
  <edge from="CURRENT" to="RATE">
    <attribute name="TEXT" value="1" />
  </edge>
  <edge from="DEATH" to="DECLINE">
    <attribute name="TEXT" value="1" />
  </edge>
  <edge from="DISEASE" to="TAPERED">
    <attribute name="TEXT" value="1" />
  </edge>
  <edge from="DOLLARS" to="SAVINGS">
    <attribute name="TEXT" value="1" />
  </edge>
  <edge from="DUTCH" to="POPULATION">
    <attribute name="TEXT" value="1" />
  </edge>
  <edge from="DUTCH" to="RESEARCHERS">
    <attribute name="TEXT" value="1" />
  </edge>
  <edge from="DUTCH" to="SCIENTISTS">
    <attribute name="TEXT" value="1" />
  </edge>
  <edge from="DUTCH" to="STUDY">
    <attribute name="TEXT" value="1" />
  </edge>
  <edge from="EFFECTIVE" to="ANTI-SMOKING">
    <attribute name="TEXT" value="1" />
  </edge>
  <edge from="ENGLAND" to="JOURNAL">
    <attribute name="TEXT" value="2" />
  </edge>
  <edge from="ERASMUS" to="UNIVERSITY">
    <attribute name="TEXT" value="1" />
  </edge>
  <edge from="EXPENSIVE" to="CHRONIC">
    <attribute name="TEXT" value="1" />
  </edge>
  <edge from="EXPERIENCE" to="CURRENT">
    <attribute name="TEXT" value="1" />
  </edge>
  <edge from="EXPERTS" to="CONTEND">
    <attribute name="TEXT" value="1" />
  </edge>
  <edge from="EXTENDED" to="LIFESPAN">
    <attribute name="TEXT" value="1" />
  </edge>
  <edge from="FEMALE" to="NON-SMOKERS">
    <attribute name="TEXT" value="1" />
  </edge>
  <edge from="FINANCIALLY" to="RESPONSIBLE">
    <attribute name="TEXT" value="1" />
  </edge>
  <edge from="GREATER" to="MEDICAL">
    <attribute name="TEXT" value="1" />
  </edge>
  <edge from="GROUP" to="VARY">
    <attribute name="TEXT" value="1" />
  </edge>
  <edge from="GROWING" to="NUMBERS">
    <attribute name="TEXT" value="1" />
  </edge>
  <edge from="HEALTH" to="CARE">
    <attribute name="TEXT" value="7" />
    <attribute name="KEYWORDS" value="1" />
  </edge>
  <edge from="HEALTH" to="CARE">
    <attribute name="TEXT" value="7" />
    <attribute name="KEYWORDS" value="1" />
  </edge>
  <edge from="HEALTH" to="COST">
    <attribute name="TEXT" value="1" />
  </edge>
  <edge from="HEALTH" to="HAZARD">
    <attribute name="TEXT" value="1" />
  </edge>
  <edge from="HEALTH" to="STORIES">
    <attribute name="TEXT" value="1" />
  </edge>
  <edge from="HELPS" to="PARKINSON">
    <attribute name="TEXT" value="2" />
    <attribute name="LINKS" value="2" />
  </edge>
  <edge from="HELPS" to="PARKINSON">
    <attribute name="TEXT" value="2" />
    <attribute name="LINKS" value="2" />
  </edge>
  <edge from="HIGHER" to="COST">
    <attribute name="TEXT" value="1" />
  </edge>
  <edge from="HIGHER" to="HEALTH">
    <attribute name="TEXT" value="1" />
  </edge>
  <edge from="HUMAN" to="LIVE">
    <attribute name="TEXT" value="1" />
  </edge>
  <edge from="INCREASINGLY" to="FILL">
    <attribute name="TEXT" value="1" />
  </edge>
  <edge from="INTEREST" to="IMPLICATIONS">
    <attribute name="TEXT" value="1" />
  </edge>
  <edge from="LIFETIME" to="EXPENDITURE">
    <attribute name="TEXT" value="1" />
  </edge>
  <edge from="MAJOR" to="HEALTH">
    <attribute name="TEXT" value="1" />
  </edge>
  <edge from="MEDICAID" to="EXPENDITURE">
    <attribute name="TEXT" value="1" />
  </edge>
  <edge from="MEDICAL" to="COST">
    <attribute name="TEXT" value="1" />
  </edge>
  <edge from="MEDICAL" to="RESOURCES">
    <attribute name="TEXT" value="1" />
  </edge>
  <edge from="MIXED" to="POPULATION">
    <attribute name="TEXT" value="1" />
  </edge>
  <edge from="NATIONAL" to="HEALTH">
    <attribute name="TEXT" value="1" />
  </edge>
  <edge from="NO-SALE" to="LAW">
    <attribute name="TEXT" value="4" />
    <attribute name="LINKS" value="4" />
  </edge>
  <edge from="NO-SALE" to="LAW">
    <attribute name="TEXT" value="4" />
    <attribute name="LINKS" value="4" />
  </edge>
  <edge from="NON-SMOKERS" to="RISE">
    <attribute name="TEXT" value="1" />
  </edge>
  <edge from="NONSMOKING" to="POPULATION">
    <attribute name="TEXT" value="1" />
  </edge>
  <edge from="OLDER" to="AGE">
    <attribute name="TEXT" value="2" />
  </edge>
  <edge from="PM" to="EDT">
    <attribute name="TEXT" value="1" />
  </edge>
  <edge from="POLICY" to="FIT">
    <attribute name="TEXT" value="1" />
  </edge>
  <edge from="POPULATION" to="EXPERIENCE">
    <attribute name="TEXT" value="1" />
  </edge>
  <edge from="PRIMARY" to="GOAL">
    <attribute name="TEXT" value="1" />
  </edge>
  <edge from="PUBLIC" to="HEALTH">
    <attribute name="TEXT" value="1" />
  </edge>
  <edge from="RECENT" to="MOVE">
    <attribute name="TEXT" value="1" />
  </edge>
  <edge from="RECOUP" to="MEDICAID">
    <attribute name="TEXT" value="1" />
  </edge>
  <edge from="RESEARCHERS" to="DISCOVERED">
    <attribute name="TEXT" value="1" />
  </edge>
  <edge from="REUTERS" to="LIMITED">
    <attribute name="TEXT" value="1" />
  </edge>
  <edge from="SICK" to="SMOKERS">
    <attribute name="TEXT" value="1" />
  </edge>
  <edge from="SMOKERS" to="TEND">
    <attribute name="TEXT" value="1" />
  </edge>
  <edge from="SMOKERS" to="VERSUS">
    <attribute name="TEXT" value="1" />
  </edge>
  <edge from="SMOKING" to="CESSATION">
    <attribute name="TEXT" value="1" />
  </edge>
  <edge from="SMOKING" to="TOMORROW">
    <attribute name="TEXT" value="1" />
  </edge>
  <edge from="SMOKING-RELATED" to="DEATH">
    <attribute name="TEXT" value="1" />
  </edge>
  <edge from="SMOKING-RELATED" to="DISEASE">
    <attribute name="TEXT" value="1" />
  </edge>
  <edge from="SMOKING-RELATED" to="ILLNESS">
    <attribute name="TEXT" value="1" />
  </edge>
  <edge from="SOCIETY" to="MEDICAL">
    <attribute name="TEXT" value="1" />
  </edge>
  <edge from="STEADY" to="STATES">
    <attribute name="TEXT" value="1" />
  </edge>
  <edge from="STOPPED" to="SMOKING">
    <attribute name="TEXT" value="1" />
  </edge>
  <edge from="STORIES" to="HEALTH">
    <attribute name="TEXT" value="1" />
  </edge>
  <edge from="STUDY" to="AUTHOR">
    <attribute name="TEXT" value="1" />
  </edge>
  <edge from="STUDY" to="FINDS">
    <attribute name="TEXT" value="1" />
  </edge>
  <edge from="SURGERY" to="HELPS">
    <attribute name="TEXT" value="2" />
    <attribute name="LINKS" value="2" />
  </edge>
  <edge from="SURGERY" to="HELPS">
    <attribute name="TEXT" value="2" />
    <attribute name="LINKS" value="2" />
  </edge>
  <edge from="TEEN" to="SMOKING">
    <attribute name="TEXT" value="2" />
    <attribute name="LINKS" value="2" />
  </edge>
  <edge from="TEEN" to="SMOKING">
    <attribute name="TEXT" value="2" />
    <attribute name="LINKS" value="2" />
  </edge>
  <edge from="TEXT" to="HEADLINES">
    <attribute name="TEXT" value="1" />
  </edge>
  <edge from="TOBACCO" to="FIRM">
    <attribute name="TEXT" value="1" />
  </edge>
  <edge from="UNIVERSAL" to="SMOKING">
    <attribute name="TEXT" value="1" />
  </edge>
  <edge from="UNIVERSITY" to="DEPARTMENT">
    <attribute name="TEXT" value="1" />
  </edge>
  <edge from="VARY" to="GREATLY">
    <attribute name="TEXT" value="1" />
  </edge>
  <edge from="VERSUS" to="NON-SMOKERS">
    <attribute name="TEXT" value="1" />
  </edge>
  <edge from="WEDNESDAY" to="OCTOBER">
    <attribute name="TEXT" value="1" />
  </edge>
  <edge from="YEAR" to="LONGER">
    <attribute name="TEXT" value="1" />
  </edge>
</graph>
