<graph>
  <node id="ACTIVATED">
    <attribute name="FREQUENCY" value="1" />
  </node>
  <node id="ACTIVITY">
    <attribute name="FREQUENCY" value="6" />
  </node>
  <node id="ALLELES">
    <attribute name="FREQUENCY" value="1" />
  </node>
  <node id="APPEARS">
    <attribute name="FREQUENCY" value="1" />
  </node>
  <node id="ASTHMA">
    <attribute name="FREQUENCY" value="1" />
  </node>
  <node id="AUGUST">
    <attribute name="FREQUENCY" value="1" />
  </node>
  <node id="BIZ">
    <attribute name="FREQUENCY" value="4" />
  </node>
  <node id="BLOOD">
    <attribute name="FREQUENCY" value="2" />
  </node>
  <node id="BREAK">
    <attribute name="FREQUENCY" value="1" />
  </node>
  <node id="BREAKDOWN">
    <attribute name="FREQUENCY" value="1" />
  </node>
  <node id="BRONCHITIS">
    <attribute name="FREQUENCY" value="5" />
  </node>
  <node id="CANCER">
    <attribute name="FREQUENCY" value="1" />
  </node>
  <node id="CARRY">
    <attribute name="FREQUENCY" value="1" />
  </node>
  <node id="CELLS">
    <attribute name="FREQUENCY" value="5" />
  </node>
  <node id="CHARACTERISTICS">
    <attribute name="FREQUENCY" value="1" />
  </node>
  <node id="CHILD">
    <attribute name="FREQUENCY" value="4" />
  </node>
  <node id="CHRONIC">
    <attribute name="FREQUENCY" value="5" />
  </node>
  <node id="CIGARETTE">
    <attribute name="FREQUENCY" value="1" />
  </node>
  <node id="CLEAN-UP">
    <attribute name="FREQUENCY" value="1" />
  </node>
  <node id="CLEANED">
    <attribute name="FREQUENCY" value="1" />
  </node>
  <node id="COMMENTS">
    <attribute name="FREQUENCY" value="2" />
  </node>
  <node id="COMMON">
    <attribute name="FREQUENCY" value="3" />
  </node>
  <node id="COMPARED">
    <attribute name="FREQUENCY" value="2" />
  </node>
  <node id="CONCLUDE">
    <attribute name="FREQUENCY" value="1" />
  </node>
  <node id="CONTROL">
    <attribute name="FREQUENCY" value="3" />
  </node>
  <node id="CONTROLLING">
    <attribute name="FREQUENCY" value="1" />
  </node>
  <node id="COPD">
    <attribute name="FREQUENCY" value="2" />
  </node>
  <node id="CURRENT">
    <attribute name="FREQUENCY" value="1" />
  </node>
  <node id="DAMAGE">
    <attribute name="FREQUENCY" value="3" />
  </node>
  <node id="DEATH">
    <attribute name="FREQUENCY" value="4" />
  </node>
  <node id="DELAY">
    <attribute name="FREQUENCY" value="1" />
  </node>
  <node id="DERIVATIVE">
    <attribute name="FREQUENCY" value="1" />
  </node>
  <node id="DETERMINED">
    <attribute name="FREQUENCY" value="1" />
  </node>
  <node id="DISCOVERED">
    <attribute name="FREQUENCY" value="1" />
  </node>
  <node id="DISEASE">
    <attribute name="FREQUENCY" value="8" />
  </node>
  <node id="EDINBURGH">
    <attribute name="FREQUENCY" value="1" />
  </node>
  <node id="EDT">
    <attribute name="FREQUENCY" value="1" />
  </node>
  <node id="EMPHYSEMA">
    <attribute name="FREQUENCY" value="6" />
  </node>
  <node id="ENTERTAIN">
    <attribute name="FREQUENCY" value="4" />
  </node>
  <node id="ENZYME">
    <attribute name="FREQUENCY" value="6" />
  </node>
  <node id="EPOXIDE">
    <attribute name="FREQUENCY" value="2" />
  </node>
  <node id="EXPLAINS">
    <attribute name="FREQUENCY" value="2" />
  </node>
  <node id="EXTENSIVE">
    <attribute name="FREQUENCY" value="1" />
  </node>
  <node id="FACTORS">
    <attribute name="FREQUENCY" value="2" />
  </node>
  <node id="FAMILY">
    <attribute name="FREQUENCY" value="4" />
  </node>
  <node id="FAST">
    <attribute name="FREQUENCY" value="1" />
  </node>
  <node id="FINDINGS">
    <attribute name="FREQUENCY" value="1" />
  </node>
  <node id="FOLLOW">
    <attribute name="FREQUENCY" value="4" />
  </node>
  <node id="FORM">
    <attribute name="FREQUENCY" value="3" />
  </node>
  <node id="FRIDAY">
    <attribute name="FREQUENCY" value="1" />
  </node>
  <node id="GENE">
    <attribute name="FREQUENCY" value="10" />
  </node>
  <node id="GENETIC">
    <attribute name="FREQUENCY" value="2" />
  </node>
  <node id="GENETICALLY">
    <attribute name="FREQUENCY" value="1" />
  </node>
  <node id="GENETICIST">
    <attribute name="FREQUENCY" value="1" />
  </node>
  <node id="GROUP">
    <attribute name="FREQUENCY" value="3" />
  </node>
  <node id="HARMFUL">
    <attribute name="FREQUENCY" value="1" />
  </node>
  <node id="HEADLINES">
    <attribute name="FREQUENCY" value="1" />
  </node>
  <node id="HEALTH">
    <attribute name="FREQUENCY" value="4" />
  </node>
  <node id="HEALTHY">
    <attribute name="FREQUENCY" value="3" />
  </node>
  <node id="HTML">
    <attribute name="FREQUENCY" value="1" />
  </node>
  <node id="HYDROLASE">
    <attribute name="FREQUENCY" value="1" />
  </node>
  <node id="IMPORTANT">
    <attribute name="FREQUENCY" value="2" />
  </node>
  <node id="INCREASED">
    <attribute name="FREQUENCY" value="1" />
  </node>
  <node id="INDIVIDUALS">
    <attribute name="FREQUENCY" value="7" />
  </node>
  <node id="INFO">
    <attribute name="FREQUENCY" value="2" />
  </node>
  <node id="INHERIT">
    <attribute name="FREQUENCY" value="1" />
  </node>
  <node id="INVESTIGATORS">
    <attribute name="FREQUENCY" value="2" />
  </node>
  <node id="INVOLVED">
    <attribute name="FREQUENCY" value="1" />
  </node>
  <node id="ISSUE">
    <attribute name="FREQUENCY" value="1" />
  </node>
  <node id="JOURNAL">
    <attribute name="FREQUENCY" value="1" />
  </node>
  <node id="KIDS">
    <attribute name="FREQUENCY" value="4" />
  </node>
  <node id="LANCET">
    <attribute name="FREQUENCY" value="2" />
  </node>
  <node id="LIMITED">
    <attribute name="FREQUENCY" value="1" />
  </node>
  <node id="LIVER">
    <attribute name="FREQUENCY" value="1" />
  </node>
  <node id="LONG">
    <attribute name="FREQUENCY" value="1" />
  </node>
  <node id="LUNG">
    <attribute name="FREQUENCY" value="8" />
  </node>
  <node id="MAIN">
    <attribute name="FREQUENCY" value="1" />
  </node>
  <node id="MAJOR">
    <attribute name="FREQUENCY" value="1" />
  </node>
  <node id="MEPHX">
    <attribute name="FREQUENCY" value="7" />
  </node>
  <node id="MICROSOMAL">
    <attribute name="FREQUENCY" value="1" />
  </node>
  <node id="MOLECULES">
    <attribute name="FREQUENCY" value="1" />
  </node>
  <node id="MUNDELL">
    <attribute name="FREQUENCY" value="1" />
  </node>
  <node id="NEWS">
    <attribute name="FREQUENCY" value="4" />
  </node>
  <node id="NORMAL">
    <attribute name="FREQUENCY" value="1" />
  </node>
  <node id="OBSTRUCTIVE">
    <attribute name="FREQUENCY" value="1" />
  </node>
  <node id="OXIDANT">
    <attribute name="FREQUENCY" value="5" />
  </node>
  <node id="OXIDATIVE">
    <attribute name="FREQUENCY" value="1" />
  </node>
  <node id="PERFORMED">
    <attribute name="FREQUENCY" value="1" />
  </node>
  <node id="PM">
    <attribute name="FREQUENCY" value="1" />
  </node>
  <node id="POLITIC">
    <attribute name="FREQUENCY" value="4" />
  </node>
  <node id="POSSESSED">
    <attribute name="FREQUENCY" value="1" />
  </node>
  <node id="PRESENCE">
    <attribute name="FREQUENCY" value="1" />
  </node>
  <node id="PROCESS">
    <attribute name="FREQUENCY" value="1" />
  </node>
  <node id="PULMONARY">
    <attribute name="FREQUENCY" value="1" />
  </node>
  <node id="QUESTIONS">
    <attribute name="FREQUENCY" value="2" />
  </node>
  <node id="QUICKLY">
    <attribute name="FREQUENCY" value="1" />
  </node>
  <node id="RESEARCHERS">
    <attribute name="FREQUENCY" value="5" />
  </node>
  <node id="REUTERS">
    <attribute name="FREQUENCY" value="2" />
  </node>
  <node id="RISK">
    <attribute name="FREQUENCY" value="2" />
  </node>
  <node id="SAMPLES">
    <attribute name="FREQUENCY" value="1" />
  </node>
  <node id="SCOREBOARD">
    <attribute name="FREQUENCY" value="4" />
  </node>
  <node id="SCOTLAND">
    <attribute name="FREQUENCY" value="1" />
  </node>
  <node id="SCOTTISH">
    <attribute name="FREQUENCY" value="1" />
  </node>
  <node id="SHORT">
    <attribute name="FREQUENCY" value="1" />
  </node>
  <node id="SICKLE">
    <attribute name="FREQUENCY" value="4" />
  </node>
  <node id="SLOW">
    <attribute name="FREQUENCY" value="5" />
  </node>
  <node id="SMOKERS">
    <attribute name="FREQUENCY" value="1" />
  </node>
  <node id="SMOKING">
    <attribute name="FREQUENCY" value="7" />
  </node>
  <node id="SMOKING-RELATED">
    <attribute name="FREQUENCY" value="1" />
  </node>
  <node id="SOURCE">
    <attribute name="FREQUENCY" value="2" />
  </node>
  <node id="SPECIFIC">
    <attribute name="FREQUENCY" value="1" />
  </node>
  <node id="SPORT">
    <attribute name="FREQUENCY" value="4" />
  </node>
  <node id="STORIES">
    <attribute name="FREQUENCY" value="1" />
  </node>
  <node id="STORY">
    <attribute name="FREQUENCY" value="4" />
  </node>
  <node id="STRESS">
    <attribute name="FREQUENCY" value="1" />
  </node>
  <node id="STUDY">
    <attribute name="FREQUENCY" value="4" />
  </node>
  <node id="SUBJECT">
    <attribute name="FREQUENCY" value="1" />
  </node>
  <node id="SUFFERING">
    <attribute name="FREQUENCY" value="3" />
  </node>
  <node id="SUSCEPTIBLE">
    <attribute name="FREQUENCY" value="1" />
  </node>
  <node id="TECH">
    <attribute name="FREQUENCY" value="4" />
  </node>
  <node id="TEST">
    <attribute name="FREQUENCY" value="1" />
  </node>
  <node id="TEXT">
    <attribute name="FREQUENCY" value="1" />
  </node>
  <node id="TIMES">
    <attribute name="FREQUENCY" value="1" />
  </node>
  <node id="TISSUE">
    <attribute name="FREQUENCY" value="1" />
  </node>
  <node id="TRIGGER">
    <attribute name="FREQUENCY" value="1" />
  </node>
  <node id="TURN">
    <attribute name="FREQUENCY" value="1" />
  </node>
  <node id="TYPE">
    <attribute name="FREQUENCY" value="1" />
  </node>
  <node id="UNIVERSITY">
    <attribute name="FREQUENCY" value="1" />
  </node>
  <node id="VARIANT">
    <attribute name="FREQUENCY" value="1" />
  </node>
  <node id="VARIATION">
    <attribute name="FREQUENCY" value="6" />
  </node>
  <node id="VULNERABLE">
    <attribute name="FREQUENCY" value="1" />
  </node>
  <node id="WRITE">
    <attribute name="FREQUENCY" value="3" />
  </node>
  <node id="YAHOO">
    <attribute name="FREQUENCY" value="4" />
  </node>
  <node id="YORK">
    <attribute name="FREQUENCY" value="1" />
  </node>
  <edge from="ACTIVATED" to="QUICKLY">
    <attribute name="TEXT" value="1" />
  </edge>
  <edge from="ASTHMA" to="LUNG">
    <attribute name="TEXT" value="1" />
  </edge>
  <edge from="BLOOD" to="SAMPLES">
    <attribute name="TEXT" value="1" />
  </edge>
  <edge from="BREAKDOWN" to="PROCESS">
    <attribute name="TEXT" value="1" />
  </edge>
  <edge from="BRONCHITIS" to="RESEARCHERS">
    <attribute name="TEXT" value="1" />
  </edge>
  <edge from="CANCER" to="EMPHYSEMA">
    <attribute name="TEXT" value="1" />
  </edge>
  <edge from="CARRY" to="VARIATION">
    <attribute name="TEXT" value="1" />
  </edge>
  <edge from="CELLS" to="DEATH">
    <attribute name="TEXT" value="8" />
    <attribute name="LINKS" value="8" />
  </edge>
  <edge from="CELLS" to="DEATH">
    <attribute name="TEXT" value="8" />
    <attribute name="LINKS" value="8" />
  </edge>
  <edge from="CHILD" to="SICKLE">
    <attribute name="TEXT" value="2" />
    <attribute name="LINKS" value="2" />
  </edge>
  <edge from="CHILD" to="SICKLE">
    <attribute name="TEXT" value="2" />
    <attribute name="LINKS" value="2" />
  </edge>
  <edge from="CHRONIC" to="BRONCHITIS">
    <attribute name="TEXT" value="4" />
  </edge>
  <edge from="CHRONIC" to="OBSTRUCTIVE">
    <attribute name="TEXT" value="1" />
  </edge>
  <edge from="CIGARETTE" to="SMOKING">
    <attribute name="TEXT" value="1" />
  </edge>
  <edge from="COMMON" to="FORM">
    <attribute name="TEXT" value="1" />
  </edge>
  <edge from="COMMON" to="VARIATION">
    <attribute name="TEXT" value="1" />
  </edge>
  <edge from="CONTROL" to="GROUP">
    <attribute name="TEXT" value="1" />
  </edge>
  <edge from="CONTROLLING" to="ENZYME">
    <attribute name="TEXT" value="1" />
  </edge>
  <edge from="CURRENT" to="ISSUE">
    <attribute name="TEXT" value="1" />
  </edge>
  <edge from="DAMAGE" to="CHARACTERISTICS">
    <attribute name="TEXT" value="1" />
  </edge>
  <edge from="DETERMINED" to="SLOW">
    <attribute name="TEXT" value="1" />
  </edge>
  <edge from="EMPHYSEMA" to="COMPARED">
    <attribute name="TEXT" value="1" />
  </edge>
  <edge from="ENZYME" to="ACTIVITY">
    <attribute name="TEXT" value="3" />
  </edge>
  <edge from="ENZYME" to="BREAK">
    <attribute name="TEXT" value="1" />
  </edge>
  <edge from="EPOXIDE" to="DERIVATIVE">
    <attribute name="TEXT" value="1" />
  </edge>
  <edge from="EPOXIDE" to="HYDROLASE">
    <attribute name="TEXT" value="1" />
  </edge>
  <edge from="EXTENSIVE" to="DAMAGE">
    <attribute name="TEXT" value="1" />
  </edge>
  <edge from="FACTORS" to="INVOLVED">
    <attribute name="TEXT" value="1" />
  </edge>
  <edge from="FOLLOW" to="FAMILY">
    <attribute name="TEXT" value="2" />
    <attribute name="LINKS" value="2" />
  </edge>
  <edge from="FOLLOW" to="FAMILY">
    <attribute name="TEXT" value="2" />
    <attribute name="LINKS" value="2" />
  </edge>
  <edge from="FRIDAY" to="AUGUST">
    <attribute name="TEXT" value="1" />
  </edge>
  <edge from="GENE" to="COMPARED">
    <attribute name="TEXT" value="1" />
  </edge>
  <edge from="GENE" to="CONTROL">
    <attribute name="TEXT" value="1" />
  </edge>
  <edge from="GENE" to="CONTROLLING">
    <attribute name="TEXT" value="1" />
  </edge>
  <edge from="GENE" to="VARIATION">
    <attribute name="TEXT" value="1" />
    <attribute name="KEYWORDS" value="1" />
  </edge>
  <edge from="GENE" to="VARIATION">
    <attribute name="TEXT" value="1" />
    <attribute name="KEYWORDS" value="1" />
  </edge>
  <edge from="GENETIC" to="TEST">
    <attribute name="TEXT" value="1" />
  </edge>
  <edge from="GENETICALLY" to="DETERMINED">
    <attribute name="TEXT" value="1" />
  </edge>
  <edge from="HEALTH" to="STORIES">
    <attribute name="TEXT" value="1" />
  </edge>
  <edge from="HEALTHY" to="CONTROL">
    <attribute name="TEXT" value="1" />
  </edge>
  <edge from="HEALTHY" to="INDIVIDUALS">
    <attribute name="TEXT" value="2" />
  </edge>
  <edge from="IMPORTANT" to="RISK">
    <attribute name="TEXT" value="1" />
  </edge>
  <edge from="INCREASED" to="RISK">
    <attribute name="TEXT" value="1" />
  </edge>
  <edge from="INDIVIDUALS" to="POSSESSED">
    <attribute name="TEXT" value="1" />
  </edge>
  <edge from="INDIVIDUALS" to="SUFFERING">
    <attribute name="TEXT" value="2" />
  </edge>
  <edge from="INHERIT" to="ALLELES">
    <attribute name="TEXT" value="1" />
  </edge>
  <edge from="INVESTIGATORS" to="CONCLUDE">
    <attribute name="TEXT" value="1" />
  </edge>
  <edge from="LIVER" to="ENZYME">
    <attribute name="TEXT" value="1" />
  </edge>
  <edge from="LUNG" to="CANCER">
    <attribute name="TEXT" value="1" />
  </edge>
  <edge from="LUNG" to="DAMAGE">
    <attribute name="TEXT" value="1" />
  </edge>
  <edge from="LUNG" to="DISEASE">
    <attribute name="TEXT" value="5" />
    <attribute name="KEYWORDS" value="1" />
  </edge>
  <edge from="LUNG" to="DISEASE">
    <attribute name="TEXT" value="5" />
    <attribute name="KEYWORDS" value="1" />
  </edge>
  <edge from="MAIN" to="FACTORS">
    <attribute name="TEXT" value="1" />
  </edge>
  <edge from="MAJOR" to="SOURCE">
    <attribute name="TEXT" value="1" />
  </edge>
  <edge from="MEPHX" to="ACTIVITY">
    <attribute name="TEXT" value="2" />
  </edge>
  <edge from="MEPHX" to="ENZYME">
    <attribute name="TEXT" value="1" />
  </edge>
  <edge from="MEPHX" to="GENE">
    <attribute name="TEXT" value="3" />
  </edge>
  <edge from="MICROSOMAL" to="EPOXIDE">
    <attribute name="TEXT" value="1" />
  </edge>
  <edge from="NORMAL" to="ENZYME">
    <attribute name="TEXT" value="1" />
  </edge>
  <edge from="OBSTRUCTIVE" to="PULMONARY">
    <attribute name="TEXT" value="1" />
  </edge>
  <edge from="OXIDANT" to="BREAKDOWN">
    <attribute name="TEXT" value="1" />
  </edge>
  <edge from="OXIDANT" to="CLEAN-UP">
    <attribute name="TEXT" value="1" />
  </edge>
  <edge from="OXIDATIVE" to="STRESS">
    <attribute name="TEXT" value="1" />
  </edge>
  <edge from="PERFORMED" to="GENETIC">
    <attribute name="TEXT" value="1" />
  </edge>
  <edge from="PM" to="EDT">
    <attribute name="TEXT" value="1" />
  </edge>
  <edge from="PULMONARY" to="DISEASE">
    <attribute name="TEXT" value="1" />
  </edge>
  <edge from="RESEARCHERS" to="EXPLAINS">
    <attribute name="TEXT" value="1" />
  </edge>
  <edge from="RESEARCHERS" to="PERFORMED">
    <attribute name="TEXT" value="1" />
  </edge>
  <edge from="REUTERS" to="LIMITED">
    <attribute name="TEXT" value="1" />
  </edge>
  <edge from="RISK" to="FACTORS">
    <attribute name="TEXT" value="1" />
  </edge>
  <edge from="SCOTTISH" to="RESEARCHERS">
    <attribute name="TEXT" value="1" />
  </edge>
  <edge from="SICKLE" to="CELLS">
    <attribute name="TEXT" value="4" />
    <attribute name="LINKS" value="4" />
  </edge>
  <edge from="SICKLE" to="CELLS">
    <attribute name="TEXT" value="4" />
    <attribute name="LINKS" value="4" />
  </edge>
  <edge from="SLOW" to="MEPHX">
    <attribute name="TEXT" value="1" />
  </edge>
  <edge from="SLOW" to="VARIANT">
    <attribute name="TEXT" value="1" />
  </edge>
  <edge from="SLOW" to="VARIATION">
    <attribute name="TEXT" value="1" />
  </edge>
  <edge from="SMOKING" to="FOLLOW">
    <attribute name="TEXT" value="4" />
    <attribute name="LINKS" value="4" />
  </edge>
  <edge from="SMOKING" to="FOLLOW">
    <attribute name="TEXT" value="4" />
    <attribute name="LINKS" value="4" />
  </edge>
  <edge from="SMOKING-RELATED" to="DISEASE">
    <attribute name="TEXT" value="1" />
  </edge>
  <edge from="SPECIFIC" to="LIVER">
    <attribute name="TEXT" value="1" />
  </edge>
  <edge from="STORIES" to="GENETIC">
    <attribute name="TEXT" value="1" />
  </edge>
  <edge from="STUDY" to="APPEARS">
    <attribute name="TEXT" value="1" />
  </edge>
  <edge from="STUDY" to="FINDINGS">
    <attribute name="TEXT" value="1" />
  </edge>
  <edge from="STUDY" to="SUBJECT">
    <attribute name="TEXT" value="1" />
  </edge>
  <edge from="TEXT" to="HEADLINES">
    <attribute name="TEXT" value="1" />
  </edge>
  <edge from="TISSUE" to="DAMAGE">
    <attribute name="TEXT" value="1" />
  </edge>
  <edge from="VARIANT" to="GENE">
    <attribute name="TEXT" value="1" />
  </edge>
</graph>
