<graph>
  <node id="ABLE">
    <attribute name="FREQUENCY" value="1" />
  </node>
  <node id="ABNORMAL">
    <attribute name="FREQUENCY" value="1" />
  </node>
  <node id="ALLERGY">
    <attribute name="FREQUENCY" value="1" />
  </node>
  <node id="ANYMORE">
    <attribute name="FREQUENCY" value="1" />
  </node>
  <node id="APOPTOSIS">
    <attribute name="FREQUENCY" value="1" />
  </node>
  <node id="AUGUST">
    <attribute name="FREQUENCY" value="3" />
  </node>
  <node id="AVERAGE">
    <attribute name="FREQUENCY" value="1" />
  </node>
  <node id="BABY">
    <attribute name="FREQUENCY" value="4" />
  </node>
  <node id="BADLY">
    <attribute name="FREQUENCY" value="1" />
  </node>
  <node id="BIGGER">
    <attribute name="FREQUENCY" value="1" />
  </node>
  <node id="BIZ">
    <attribute name="FREQUENCY" value="4" />
  </node>
  <node id="BODY">
    <attribute name="FREQUENCY" value="4" />
  </node>
  <node id="BRASH">
    <attribute name="FREQUENCY" value="5" />
  </node>
  <node id="BREAST">
    <attribute name="FREQUENCY" value="1" />
  </node>
  <node id="CANCER">
    <attribute name="FREQUENCY" value="5" />
  </node>
  <node id="CAUCASIAN">
    <attribute name="FREQUENCY" value="1" />
  </node>
  <node id="CELLS">
    <attribute name="FREQUENCY" value="21" />
  </node>
  <node id="CHILDREN">
    <attribute name="FREQUENCY" value="4" />
  </node>
  <node id="CITIES">
    <attribute name="FREQUENCY" value="4" />
  </node>
  <node id="CLUSTER">
    <attribute name="FREQUENCY" value="1" />
  </node>
  <node id="COLLECTED">
    <attribute name="FREQUENCY" value="1" />
  </node>
  <node id="COLONIES">
    <attribute name="FREQUENCY" value="1" />
  </node>
  <node id="COLONY">
    <attribute name="FREQUENCY" value="1" />
  </node>
  <node id="COMMENTS">
    <attribute name="FREQUENCY" value="2" />
  </node>
  <node id="CONDUCTED">
    <attribute name="FREQUENCY" value="1" />
  </node>
  <node id="CONTAINED">
    <attribute name="FREQUENCY" value="1" />
  </node>
  <node id="CONTINUE">
    <attribute name="FREQUENCY" value="1" />
  </node>
  <node id="CONTROL">
    <attribute name="FREQUENCY" value="1" />
  </node>
  <node id="COUPLE">
    <attribute name="FREQUENCY" value="1" />
  </node>
  <node id="CROWD">
    <attribute name="FREQUENCY" value="1" />
  </node>
  <node id="DAMAGE">
    <attribute name="FREQUENCY" value="3" />
  </node>
  <node id="DAMAGED">
    <attribute name="FREQUENCY" value="6" />
  </node>
  <node id="DEATH">
    <attribute name="FREQUENCY" value="1" />
  </node>
  <node id="DESTROY">
    <attribute name="FREQUENCY" value="1" />
  </node>
  <node id="DESTROYED">
    <attribute name="FREQUENCY" value="1" />
  </node>
  <node id="DISCOVERY">
    <attribute name="FREQUENCY" value="1" />
  </node>
  <node id="DIVIDE">
    <attribute name="FREQUENCY" value="2" />
  </node>
  <node id="DOUGLAS">
    <attribute name="FREQUENCY" value="1" />
  </node>
  <node id="EDT">
    <attribute name="FREQUENCY" value="1" />
  </node>
  <node id="ELIMINATE">
    <attribute name="FREQUENCY" value="1" />
  </node>
  <node id="ENTERTAIN">
    <attribute name="FREQUENCY" value="4" />
  </node>
  <node id="ESTIMATES">
    <attribute name="FREQUENCY" value="1" />
  </node>
  <node id="EXPOSED">
    <attribute name="FREQUENCY" value="2" />
  </node>
  <node id="EXPOSURE">
    <attribute name="FREQUENCY" value="1" />
  </node>
  <node id="EYES">
    <attribute name="FREQUENCY" value="1" />
  </node>
  <node id="FACE">
    <attribute name="FREQUENCY" value="2" />
  </node>
  <node id="FEWER">
    <attribute name="FREQUENCY" value="1" />
  </node>
  <node id="FLUORIDE">
    <attribute name="FREQUENCY" value="4" />
  </node>
  <node id="FOOD">
    <attribute name="FREQUENCY" value="4" />
  </node>
  <node id="FORM">
    <attribute name="FREQUENCY" value="1" />
  </node>
  <node id="FREQUENTLY">
    <attribute name="FREQUENCY" value="1" />
  </node>
  <node id="GENE">
    <attribute name="FREQUENCY" value="3" />
  </node>
  <node id="GENETIC">
    <attribute name="FREQUENCY" value="1" />
  </node>
  <node id="GROWING">
    <attribute name="FREQUENCY" value="3" />
  </node>
  <node id="HAPPENED">
    <attribute name="FREQUENCY" value="1" />
  </node>
  <node id="HAVEN">
    <attribute name="FREQUENCY" value="1" />
  </node>
  <node id="HEADLINES">
    <attribute name="FREQUENCY" value="1" />
  </node>
  <node id="HEALTH">
    <attribute name="FREQUENCY" value="4" />
  </node>
  <node id="HIGH">
    <attribute name="FREQUENCY" value="4" />
  </node>
  <node id="HIT">
    <attribute name="FREQUENCY" value="1" />
  </node>
  <node id="HOLIDAY">
    <attribute name="FREQUENCY" value="1" />
  </node>
  <node id="HTML">
    <attribute name="FREQUENCY" value="1" />
  </node>
  <node id="INCH">
    <attribute name="FREQUENCY" value="2" />
  </node>
  <node id="INCREASE">
    <attribute name="FREQUENCY" value="1" />
  </node>
  <node id="INFO">
    <attribute name="FREQUENCY" value="2" />
  </node>
  <node id="IRRADIATING">
    <attribute name="FREQUENCY" value="2" />
  </node>
  <node id="ISSUE">
    <attribute name="FREQUENCY" value="1" />
  </node>
  <node id="KILL">
    <attribute name="FREQUENCY" value="2" />
  </node>
  <node id="LIDS">
    <attribute name="FREQUENCY" value="1" />
  </node>
  <node id="LIFT">
    <attribute name="FREQUENCY" value="1" />
  </node>
  <node id="LIKELIHOOD">
    <attribute name="FREQUENCY" value="1" />
  </node>
  <node id="LIMITED">
    <attribute name="FREQUENCY" value="1" />
  </node>
  <node id="LIST">
    <attribute name="FREQUENCY" value="4" />
  </node>
  <node id="MAKES">
    <attribute name="FREQUENCY" value="2" />
  </node>
  <node id="MAKING">
    <attribute name="FREQUENCY" value="1" />
  </node>
  <node id="MEDICINE">
    <attribute name="FREQUENCY" value="1" />
  </node>
  <node id="MICE">
    <attribute name="FREQUENCY" value="1" />
  </node>
  <node id="MUTATED">
    <attribute name="FREQUENCY" value="6" />
  </node>
  <node id="MUTATION">
    <attribute name="FREQUENCY" value="4" />
  </node>
  <node id="NEWS">
    <attribute name="FREQUENCY" value="6" />
  </node>
  <node id="NORMAL">
    <attribute name="FREQUENCY" value="4" />
  </node>
  <node id="PART">
    <attribute name="FREQUENCY" value="3" />
  </node>
  <node id="PATCHES">
    <attribute name="FREQUENCY" value="10" />
  </node>
  <node id="PEOPLE">
    <attribute name="FREQUENCY" value="1" />
  </node>
  <node id="PM">
    <attribute name="FREQUENCY" value="1" />
  </node>
  <node id="POLITIC">
    <attribute name="FREQUENCY" value="4" />
  </node>
  <node id="POTENTIAL">
    <attribute name="FREQUENCY" value="2" />
  </node>
  <node id="PRE-CANCEROUS">
    <attribute name="FREQUENCY" value="2" />
  </node>
  <node id="PRECANCEROUS">
    <attribute name="FREQUENCY" value="1" />
  </node>
  <node id="PREVENT">
    <attribute name="FREQUENCY" value="1" />
  </node>
  <node id="PROCESS">
    <attribute name="FREQUENCY" value="1" />
  </node>
  <node id="PROFESSOR">
    <attribute name="FREQUENCY" value="1" />
  </node>
  <node id="PROGRAMMED">
    <attribute name="FREQUENCY" value="1" />
  </node>
  <node id="PROGRESS">
    <attribute name="FREQUENCY" value="1" />
  </node>
  <node id="PROMPT">
    <attribute name="FREQUENCY" value="1" />
  </node>
  <node id="PROTECT">
    <attribute name="FREQUENCY" value="1" />
  </node>
  <node id="PROTECTED">
    <attribute name="FREQUENCY" value="1" />
  </node>
  <node id="PROVIDE">
    <attribute name="FREQUENCY" value="1" />
  </node>
  <node id="PUBLISHED">
    <attribute name="FREQUENCY" value="1" />
  </node>
  <node id="PUSH">
    <attribute name="FREQUENCY" value="1" />
  </node>
  <node id="QUESTIONS">
    <attribute name="FREQUENCY" value="2" />
  </node>
  <node id="RADIOLOGY">
    <attribute name="FREQUENCY" value="1" />
  </node>
  <node id="RATE">
    <attribute name="FREQUENCY" value="4" />
  </node>
  <node id="REDUCTION">
    <attribute name="FREQUENCY" value="1" />
  </node>
  <node id="REMEMBER">
    <attribute name="FREQUENCY" value="1" />
  </node>
  <node id="REMINDER">
    <attribute name="FREQUENCY" value="1" />
  </node>
  <node id="REPEATED">
    <attribute name="FREQUENCY" value="1" />
  </node>
  <node id="REPORT">
    <attribute name="FREQUENCY" value="1" />
  </node>
  <node id="REUTERS">
    <attribute name="FREQUENCY" value="2" />
  </node>
  <node id="SAMPLES">
    <attribute name="FREQUENCY" value="1" />
  </node>
  <node id="SCHOOL">
    <attribute name="FREQUENCY" value="1" />
  </node>
  <node id="SCOREBOARD">
    <attribute name="FREQUENCY" value="4" />
  </node>
  <node id="SKIN">
    <attribute name="FREQUENCY" value="12" />
  </node>
  <node id="SKINAND">
    <attribute name="FREQUENCY" value="1" />
  </node>
  <node id="SKINANDALLERGY">
    <attribute name="FREQUENCY" value="1" />
  </node>
  <node id="SOURCE">
    <attribute name="FREQUENCY" value="1" />
  </node>
  <node id="SPORT">
    <attribute name="FREQUENCY" value="4" />
  </node>
  <node id="SQUARE">
    <attribute name="FREQUENCY" value="2" />
  </node>
  <node id="START">
    <attribute name="FREQUENCY" value="1" />
  </node>
  <node id="STAY">
    <attribute name="FREQUENCY" value="1" />
  </node>
  <node id="STOP">
    <attribute name="FREQUENCY" value="1" />
  </node>
  <node id="STORIES">
    <attribute name="FREQUENCY" value="1" />
  </node>
  <node id="STORY">
    <attribute name="FREQUENCY" value="4" />
  </node>
  <node id="STUDY">
    <attribute name="FREQUENCY" value="2" />
  </node>
  <node id="SUGGESTS">
    <attribute name="FREQUENCY" value="3" />
  </node>
  <node id="SUN">
    <attribute name="FREQUENCY" value="8" />
  </node>
  <node id="SUN-EXPOSED">
    <attribute name="FREQUENCY" value="1" />
  </node>
  <node id="SUNBLOCK">
    <attribute name="FREQUENCY" value="1" />
  </node>
  <node id="SUNLIGHT">
    <attribute name="FREQUENCY" value="3" />
  </node>
  <node id="SUPPRESSOR">
    <attribute name="FREQUENCY" value="1" />
  </node>
  <node id="SURGERY">
    <attribute name="FREQUENCY" value="1" />
  </node>
  <node id="SURVIVE">
    <attribute name="FREQUENCY" value="1" />
  </node>
  <node id="TAKES">
    <attribute name="FREQUENCY" value="1" />
  </node>
  <node id="TAMKINS">
    <attribute name="FREQUENCY" value="1" />
  </node>
  <node id="TARGET">
    <attribute name="FREQUENCY" value="1" />
  </node>
  <node id="TECH">
    <attribute name="FREQUENCY" value="4" />
  </node>
  <node id="TEXT">
    <attribute name="FREQUENCY" value="1" />
  </node>
  <node id="THERAPEUTIC">
    <attribute name="FREQUENCY" value="1" />
  </node>
  <node id="THERESA">
    <attribute name="FREQUENCY" value="1" />
  </node>
  <node id="THURSDAY">
    <attribute name="FREQUENCY" value="1" />
  </node>
  <node id="TUCK">
    <attribute name="FREQUENCY" value="1" />
  </node>
  <node id="TUMMY">
    <attribute name="FREQUENCY" value="1" />
  </node>
  <node id="TUMOR">
    <attribute name="FREQUENCY" value="1" />
  </node>
  <node id="TURN">
    <attribute name="FREQUENCY" value="2" />
  </node>
  <node id="UNDERGO">
    <attribute name="FREQUENCY" value="1" />
  </node>
  <node id="UNIVERSITY">
    <attribute name="FREQUENCY" value="1" />
  </node>
  <node id="UV">
    <attribute name="FREQUENCY" value="2" />
  </node>
  <node id="WEEK">
    <attribute name="FREQUENCY" value="1" />
  </node>
  <node id="WEEKEND">
    <attribute name="FREQUENCY" value="1" />
  </node>
  <node id="WORK">
    <attribute name="FREQUENCY" value="1" />
  </node>
  <node id="WRITE">
    <attribute name="FREQUENCY" value="2" />
  </node>
  <node id="YAHOO">
    <attribute name="FREQUENCY" value="4" />
  </node>
  <node id="YALE">
    <attribute name="FREQUENCY" value="1" />
  </node>
  <node id="YORK">
    <attribute name="FREQUENCY" value="1" />
  </node>
  <edge from="ABNORMAL" to="CELLS">
    <attribute name="TEXT" value="1" />
  </edge>
  <edge from="ALLERGY" to="NEWS">
    <attribute name="TEXT" value="1" />
  </edge>
  <edge from="AUGUST" to="ISSUE">
    <attribute name="TEXT" value="1" />
  </edge>
  <edge from="BABY" to="FOOD">
    <attribute name="TEXT" value="4" />
    <attribute name="LINKS" value="4" />
  </edge>
  <edge from="BABY" to="FOOD">
    <attribute name="TEXT" value="4" />
    <attribute name="LINKS" value="4" />
  </edge>
  <edge from="BADLY" to="DAMAGED">
    <attribute name="TEXT" value="1" />
  </edge>
  <edge from="BRASH" to="PROFESSOR">
    <attribute name="TEXT" value="1" />
  </edge>
  <edge from="BREAST" to="REDUCTION">
    <attribute name="TEXT" value="1" />
  </edge>
  <edge from="CELLS" to="CONTAINED">
    <attribute name="TEXT" value="1" />
  </edge>
  <edge from="CELLS" to="DEATH">
    <attribute name="TEXT" value="1" />
  </edge>
  <edge from="CELLS" to="REPEATED">
    <attribute name="TEXT" value="1" />
  </edge>
  <edge from="CELLS" to="STUDY">
    <attribute name="TEXT" value="1" />
  </edge>
  <edge from="CONTAINED" to="MUTATION">
    <attribute name="TEXT" value="1" />
  </edge>
  <edge from="CONTINUE" to="IRRADIATING">
    <attribute name="TEXT" value="1" />
  </edge>
  <edge from="CONTROL" to="PROGRAMMED">
    <attribute name="TEXT" value="1" />
  </edge>
  <edge from="COUPLE" to="WEEK">
    <attribute name="TEXT" value="1" />
  </edge>
  <edge from="DAMAGE" to="SKIN">
    <attribute name="TEXT" value="1" />
  </edge>
  <edge from="DAMAGED" to="CELLS">
    <attribute name="TEXT" value="3" />
  </edge>
  <edge from="DESTROY" to="DAMAGED">
    <attribute name="TEXT" value="1" />
  </edge>
  <edge from="DOUGLAS" to="BRASH">
    <attribute name="TEXT" value="1" />
  </edge>
  <edge from="EXPOSED" to="PART">
    <attribute name="TEXT" value="1" />
  </edge>
  <edge from="EYES" to="LIDS">
    <attribute name="TEXT" value="1" />
  </edge>
  <edge from="FACE" to="ESTIMATES">
    <attribute name="TEXT" value="1" />
  </edge>
  <edge from="FACE" to="LIFT">
    <attribute name="TEXT" value="1" />
  </edge>
  <edge from="FEWER" to="PATCHES">
    <attribute name="TEXT" value="1" />
  </edge>
  <edge from="FREQUENTLY" to="EXPOSED">
    <attribute name="TEXT" value="1" />
  </edge>
  <edge from="GENE" to="TUMOR">
    <attribute name="TEXT" value="1" />
  </edge>
  <edge from="HEALTH" to="STORIES">
    <attribute name="TEXT" value="1" />
  </edge>
  <edge from="HIGH" to="FLUORIDE">
    <attribute name="TEXT" value="2" />
    <attribute name="LINKS" value="2" />
  </edge>
  <edge from="HIGH" to="FLUORIDE">
    <attribute name="TEXT" value="2" />
    <attribute name="LINKS" value="2" />
  </edge>
  <edge from="HOLIDAY" to="WEEKEND">
    <attribute name="TEXT" value="1" />
  </edge>
  <edge from="KILL" to="NORMAL">
    <attribute name="TEXT" value="1" />
  </edge>
  <edge from="LIDS" to="SURGERY">
    <attribute name="TEXT" value="1" />
  </edge>
  <edge from="LIFT" to="EYES">
    <attribute name="TEXT" value="1" />
  </edge>
  <edge from="LIKELIHOOD" to="INCREASE">
    <attribute name="TEXT" value="1" />
  </edge>
  <edge from="LIST" to="RATE">
    <attribute name="TEXT" value="4" />
    <attribute name="LINKS" value="4" />
  </edge>
  <edge from="LIST" to="RATE">
    <attribute name="TEXT" value="4" />
    <attribute name="LINKS" value="4" />
  </edge>
  <edge from="MAKES" to="PRE-CANCEROUS">
    <attribute name="TEXT" value="1" />
    <attribute name="KEYWORDS" value="1" />
  </edge>
  <edge from="MAKES" to="PRE-CANCEROUS">
    <attribute name="TEXT" value="1" />
    <attribute name="KEYWORDS" value="1" />
  </edge>
  <edge from="MICE" to="SUGGESTS">
    <attribute name="TEXT" value="1" />
  </edge>
  <edge from="MUTATED" to="CELLS">
    <attribute name="TEXT" value="6" />
  </edge>
  <edge from="NORMAL" to="CELLS">
    <attribute name="TEXT" value="2" />
  </edge>
  <edge from="NORMAL" to="SKIN">
    <attribute name="TEXT" value="1" />
  </edge>
  <edge from="PATCHES" to="CROWD">
    <attribute name="TEXT" value="1" />
  </edge>
  <edge from="PEOPLE" to="UNDERGO">
    <attribute name="TEXT" value="1" />
  </edge>
  <edge from="PM" to="EDT">
    <attribute name="TEXT" value="1" />
  </edge>
  <edge from="POTENTIAL" to="TARGET">
    <attribute name="TEXT" value="1" />
  </edge>
  <edge from="PRE-CANCEROUS" to="SKIN">
    <attribute name="TEXT" value="1" />
    <attribute name="KEYWORDS" value="1" />
  </edge>
  <edge from="PRE-CANCEROUS" to="SKIN">
    <attribute name="TEXT" value="1" />
    <attribute name="KEYWORDS" value="1" />
  </edge>
  <edge from="PRECANCEROUS" to="CELLS">
    <attribute name="TEXT" value="1" />
  </edge>
  <edge from="PROGRAMMED" to="CELLS">
    <attribute name="TEXT" value="1" />
  </edge>
  <edge from="REPEATED" to="EXPOSURE">
    <attribute name="TEXT" value="1" />
  </edge>
  <edge from="REPORT" to="PUBLISHED">
    <attribute name="TEXT" value="1" />
  </edge>
  <edge from="REUTERS" to="LIMITED">
    <attribute name="TEXT" value="1" />
  </edge>
  <edge from="SKIN" to="CANCER">
    <attribute name="TEXT" value="1" />
  </edge>
  <edge from="SKIN" to="CELLS">
    <attribute name="TEXT" value="3" />
  </edge>
  <edge from="SKIN" to="COLLECTED">
    <attribute name="TEXT" value="1" />
  </edge>
  <edge from="SKIN" to="PATCHES">
    <attribute name="TEXT" value="1" />
    <attribute name="KEYWORDS" value="1" />
  </edge>
  <edge from="SKIN" to="PATCHES">
    <attribute name="TEXT" value="1" />
    <attribute name="KEYWORDS" value="1" />
  </edge>
  <edge from="SKIN" to="SAMPLES">
    <attribute name="TEXT" value="1" />
  </edge>
  <edge from="SKINAND" to="ALLERGY">
    <attribute name="TEXT" value="1" />
  </edge>
  <edge from="SKINANDALLERGY" to="NEWS">
    <attribute name="TEXT" value="1" />
  </edge>
  <edge from="SQUARE" to="INCH">
    <attribute name="TEXT" value="2" />
  </edge>
  <edge from="STOP" to="IRRADIATING">
    <attribute name="TEXT" value="1" />
  </edge>
  <edge from="STORIES" to="UV">
    <attribute name="TEXT" value="1" />
  </edge>
  <edge from="STUDY" to="CONDUCTED">
    <attribute name="TEXT" value="1" />
  </edge>
  <edge from="STUDY" to="SUGGESTS">
    <attribute name="TEXT" value="1" />
  </edge>
  <edge from="SUN" to="DAMAGE">
    <attribute name="TEXT" value="1" />
  </edge>
  <edge from="SUN" to="EXPOSED">
    <attribute name="TEXT" value="1" />
  </edge>
  <edge from="SUN" to="MAKES">
    <attribute name="TEXT" value="1" />
    <attribute name="KEYWORDS" value="1" />
  </edge>
  <edge from="SUN" to="MAKES">
    <attribute name="TEXT" value="1" />
    <attribute name="KEYWORDS" value="1" />
  </edge>
  <edge from="SUN" to="PROMPT">
    <attribute name="TEXT" value="1" />
  </edge>
  <edge from="SUN-EXPOSED" to="PART">
    <attribute name="TEXT" value="1" />
  </edge>
  <edge from="SUNLIGHT" to="DAMAGE">
    <attribute name="TEXT" value="1" />
  </edge>
  <edge from="SUNLIGHT" to="MAKING">
    <attribute name="TEXT" value="1" />
  </edge>
  <edge from="SUPPRESSOR" to="GENE">
    <attribute name="TEXT" value="1" />
  </edge>
  <edge from="SURGERY" to="TUMMY">
    <attribute name="TEXT" value="1" />
  </edge>
  <edge from="TEXT" to="HEADLINES">
    <attribute name="TEXT" value="1" />
  </edge>
  <edge from="THERAPEUTIC" to="RADIOLOGY">
    <attribute name="TEXT" value="1" />
  </edge>
  <edge from="THERESA" to="TAMKINS">
    <attribute name="TEXT" value="1" />
  </edge>
  <edge from="THURSDAY" to="AUGUST">
    <attribute name="TEXT" value="1" />
  </edge>
  <edge from="TUMMY" to="TUCK">
    <attribute name="TEXT" value="1" />
  </edge>
  <edge from="TUMOR" to="SUPPRESSOR">
    <attribute name="TEXT" value="1" />
  </edge>
  <edge from="UNDERGO" to="FACE">
    <attribute name="TEXT" value="1" />
  </edge>
  <edge from="UNIVERSITY" to="SCHOOL">
    <attribute name="TEXT" value="1" />
  </edge>
  <edge from="UV" to="KILL">
    <attribute name="TEXT" value="1" />
  </edge>
  <edge from="WORK" to="ANYMORE">
    <attribute name="TEXT" value="1" />
  </edge>
  <edge from="YALE" to="UNIVERSITY">
    <attribute name="TEXT" value="1" />
  </edge>
</graph>
