<graph>
  <node id="ABUNDANT">
    <attribute name="FREQUENCY" value="1" />
  </node>
  <node id="ACT">
    <attribute name="FREQUENCY" value="1" />
  </node>
  <node id="ADDED">
    <attribute name="FREQUENCY" value="1" />
  </node>
  <node id="ADMIT">
    <attribute name="FREQUENCY" value="1" />
  </node>
  <node id="ADOPTED">
    <attribute name="FREQUENCY" value="1" />
  </node>
  <node id="AGAINST">
    <attribute name="FREQUENCY" value="2" />
  </node>
  <node id="AGENCY">
    <attribute name="FREQUENCY" value="2" />
  </node>
  <node id="AIMED">
    <attribute name="FREQUENCY" value="2" />
  </node>
  <node id="AMERICAN">
    <attribute name="FREQUENCY" value="2" />
  </node>
  <node id="ANNUAL">
    <attribute name="FREQUENCY" value="1" />
  </node>
  <node id="ANTI-CANCER">
    <attribute name="FREQUENCY" value="1" />
  </node>
  <node id="APPEARS">
    <attribute name="FREQUENCY" value="1" />
  </node>
  <node id="BABIES">
    <attribute name="FREQUENCY" value="4" />
  </node>
  <node id="BARNETT">
    <attribute name="FREQUENCY" value="1" />
  </node>
  <node id="BEGINNING">
    <attribute name="FREQUENCY" value="1" />
  </node>
  <node id="BIOLOGY">
    <attribute name="FREQUENCY" value="1" />
  </node>
  <node id="BIZ">
    <attribute name="FREQUENCY" value="4" />
  </node>
  <node id="BOYS">
    <attribute name="FREQUENCY" value="4" />
  </node>
  <node id="BREAKTHROUGH">
    <attribute name="FREQUENCY" value="2" />
  </node>
  <node id="BREAST">
    <attribute name="FREQUENCY" value="1" />
  </node>
  <node id="BRING">
    <attribute name="FREQUENCY" value="1" />
  </node>
  <node id="BUDGET">
    <attribute name="FREQUENCY" value="2" />
  </node>
  <node id="BULLET">
    <attribute name="FREQUENCY" value="1" />
  </node>
  <node id="CANCER">
    <attribute name="FREQUENCY" value="24" />
  </node>
  <node id="CAREER">
    <attribute name="FREQUENCY" value="2" />
  </node>
  <node id="CAUSATION">
    <attribute name="FREQUENCY" value="1" />
  </node>
  <node id="CAUSED">
    <attribute name="FREQUENCY" value="1" />
  </node>
  <node id="CELEBS">
    <attribute name="FREQUENCY" value="2" />
  </node>
  <node id="CHILDHOOD">
    <attribute name="FREQUENCY" value="1" />
  </node>
  <node id="CHOSEN">
    <attribute name="FREQUENCY" value="1" />
  </node>
  <node id="COLORECTAL">
    <attribute name="FREQUENCY" value="1" />
  </node>
  <node id="COMMENTS">
    <attribute name="FREQUENCY" value="2" />
  </node>
  <node id="COMPRISE">
    <attribute name="FREQUENCY" value="1" />
  </node>
  <node id="COMPUTER">
    <attribute name="FREQUENCY" value="2" />
  </node>
  <node id="CONCLUDE">
    <attribute name="FREQUENCY" value="1" />
  </node>
  <node id="CONFRONTED">
    <attribute name="FREQUENCY" value="1" />
  </node>
  <node id="CONTENDED">
    <attribute name="FREQUENCY" value="1" />
  </node>
  <node id="CONTINUE">
    <attribute name="FREQUENCY" value="1" />
  </node>
  <node id="CONTROL">
    <attribute name="FREQUENCY" value="1" />
  </node>
  <node id="CRITICS">
    <attribute name="FREQUENCY" value="1" />
  </node>
  <node id="CURE">
    <attribute name="FREQUENCY" value="2" />
  </node>
  <node id="CURRENT">
    <attribute name="FREQUENCY" value="2" />
  </node>
  <node id="DEATH">
    <attribute name="FREQUENCY" value="2" />
  </node>
  <node id="DECADES">
    <attribute name="FREQUENCY" value="1" />
  </node>
  <node id="DECLINE">
    <attribute name="FREQUENCY" value="2" />
  </node>
  <node id="DECLINED">
    <attribute name="FREQUENCY" value="1" />
  </node>
  <node id="DECREASE">
    <attribute name="FREQUENCY" value="1" />
  </node>
  <node id="DEFEATISM">
    <attribute name="FREQUENCY" value="2" />
  </node>
  <node id="DEPENDING">
    <attribute name="FREQUENCY" value="1" />
  </node>
  <node id="DEPUTY">
    <attribute name="FREQUENCY" value="1" />
  </node>
  <node id="DETECTION">
    <attribute name="FREQUENCY" value="1" />
  </node>
  <node id="DEVELOPMENT">
    <attribute name="FREQUENCY" value="1" />
  </node>
  <node id="DIAGNOSIS">
    <attribute name="FREQUENCY" value="1" />
  </node>
  <node id="DIET">
    <attribute name="FREQUENCY" value="1" />
  </node>
  <node id="DIRECTION">
    <attribute name="FREQUENCY" value="1" />
  </node>
  <node id="DIRECTLY">
    <attribute name="FREQUENCY" value="1" />
  </node>
  <node id="DIRECTOR">
    <attribute name="FREQUENCY" value="2" />
  </node>
  <node id="DISEASE">
    <attribute name="FREQUENCY" value="1" />
  </node>
  <node id="DISTINCTION">
    <attribute name="FREQUENCY" value="1" />
  </node>
  <node id="DIVISION">
    <attribute name="FREQUENCY" value="1" />
  </node>
  <node id="DRS">
    <attribute name="FREQUENCY" value="1" />
  </node>
  <node id="EATING">
    <attribute name="FREQUENCY" value="1" />
  </node>
  <node id="EDT">
    <attribute name="FREQUENCY" value="1" />
  </node>
  <node id="EDUCATION">
    <attribute name="FREQUENCY" value="2" />
  </node>
  <node id="EFFECTIVE">
    <attribute name="FREQUENCY" value="1" />
  </node>
  <node id="EFFORT">
    <attribute name="FREQUENCY" value="4" />
  </node>
  <node id="ELUSIVE">
    <attribute name="FREQUENCY" value="1" />
  </node>
  <node id="EMERGING">
    <attribute name="FREQUENCY" value="1" />
  </node>
  <node id="END">
    <attribute name="FREQUENCY" value="1" />
  </node>
  <node id="ENGLAND">
    <attribute name="FREQUENCY" value="2" />
  </node>
  <node id="ENORMOUS">
    <attribute name="FREQUENCY" value="1" />
  </node>
  <node id="ENTERTAIN">
    <attribute name="FREQUENCY" value="4" />
  </node>
  <node id="ENTERTAINMENT">
    <attribute name="FREQUENCY" value="2" />
  </node>
  <node id="EVIDENCE">
    <attribute name="FREQUENCY" value="1" />
  </node>
  <node id="EXPENDITURE">
    <attribute name="FREQUENCY" value="1" />
  </node>
  <node id="EXPERTS">
    <attribute name="FREQUENCY" value="4" />
  </node>
  <node id="FACT">
    <attribute name="FREQUENCY" value="1" />
  </node>
  <node id="FACTORS">
    <attribute name="FREQUENCY" value="1" />
  </node>
  <node id="FASHIONANDBEAUTY">
    <attribute name="FREQUENCY" value="2" />
  </node>
  <node id="FEDERAL">
    <attribute name="FREQUENCY" value="1" />
  </node>
  <node id="FIGHT">
    <attribute name="FREQUENCY" value="1" />
  </node>
  <node id="FOCUS">
    <attribute name="FREQUENCY" value="1" />
  </node>
  <node id="FOODANDWINE">
    <attribute name="FREQUENCY" value="2" />
  </node>
  <node id="FORGOTTEN">
    <attribute name="FREQUENCY" value="1" />
  </node>
  <node id="FORM">
    <attribute name="FREQUENCY" value="1" />
  </node>
  <node id="FULL">
    <attribute name="FREQUENCY" value="1" />
  </node>
  <node id="FUND">
    <attribute name="FREQUENCY" value="1" />
  </node>
  <node id="FUNDAMENTAL">
    <attribute name="FREQUENCY" value="1" />
  </node>
  <node id="GENERATION">
    <attribute name="FREQUENCY" value="1" />
  </node>
  <node id="GOVERNMENT">
    <attribute name="FREQUENCY" value="1" />
  </node>
  <node id="GUIDELINES">
    <attribute name="FREQUENCY" value="4" />
  </node>
  <node id="HEADLINES">
    <attribute name="FREQUENCY" value="1" />
  </node>
  <node id="HEALTH">
    <attribute name="FREQUENCY" value="4" />
  </node>
  <node id="HEALTHANDNUTRITION">
    <attribute name="FREQUENCY" value="2" />
  </node>
  <node id="HOROSCOPES">
    <attribute name="FREQUENCY" value="2" />
  </node>
  <node id="HTML">
    <attribute name="FREQUENCY" value="1" />
  </node>
  <node id="IDEA">
    <attribute name="FREQUENCY" value="1" />
  </node>
  <node id="ILLUSORY">
    <attribute name="FREQUENCY" value="1" />
  </node>
  <node id="IMPOSSIBLE">
    <attribute name="FREQUENCY" value="1" />
  </node>
  <node id="IMPROVEMENT">
    <attribute name="FREQUENCY" value="2" />
  </node>
  <node id="INCREASINGLY">
    <attribute name="FREQUENCY" value="1" />
  </node>
  <node id="INFO">
    <attribute name="FREQUENCY" value="2" />
  </node>
  <node id="INSIGHTS">
    <attribute name="FREQUENCY" value="1" />
  </node>
  <node id="INSTITUTE">
    <attribute name="FREQUENCY" value="1" />
  </node>
  <node id="ISSUE">
    <attribute name="FREQUENCY" value="1" />
  </node>
  <node id="JOURNAL">
    <attribute name="FREQUENCY" value="2" />
  </node>
  <node id="KIDNEY">
    <attribute name="FREQUENCY" value="4" />
  </node>
  <node id="KLAUSNER">
    <attribute name="FREQUENCY" value="6" />
  </node>
  <node id="KRAMER">
    <attribute name="FREQUENCY" value="6" />
  </node>
  <node id="LEAD">
    <attribute name="FREQUENCY" value="1" />
  </node>
  <node id="LEUKEMIA">
    <attribute name="FREQUENCY" value="1" />
  </node>
  <node id="LIFESTYLE">
    <attribute name="FREQUENCY" value="1" />
  </node>
  <node id="LIMITED">
    <attribute name="FREQUENCY" value="1" />
  </node>
  <node id="LINKED">
    <attribute name="FREQUENCY" value="1" />
  </node>
  <node id="LIVE">
    <attribute name="FREQUENCY" value="2" />
  </node>
  <node id="LYMPHOMAS">
    <attribute name="FREQUENCY" value="1" />
  </node>
  <node id="MAGIC">
    <attribute name="FREQUENCY" value="1" />
  </node>
  <node id="MEDICAL">
    <attribute name="FREQUENCY" value="1" />
  </node>
  <node id="MEDICINE">
    <attribute name="FREQUENCY" value="2" />
  </node>
  <node id="MEN">
    <attribute name="FREQUENCY" value="4" />
  </node>
  <node id="MILLION">
    <attribute name="FREQUENCY" value="1" />
  </node>
  <node id="MONEY">
    <attribute name="FREQUENCY" value="2" />
  </node>
  <node id="MORTALITY">
    <attribute name="FREQUENCY" value="1" />
  </node>
  <node id="MUSIC">
    <attribute name="FREQUENCY" value="2" />
  </node>
  <node id="NATIONAL">
    <attribute name="FREQUENCY" value="2" />
  </node>
  <node id="NCI">
    <attribute name="FREQUENCY" value="6" />
  </node>
  <node id="NEWS">
    <attribute name="FREQUENCY" value="4" />
  </node>
  <node id="NEWSANDPOLITICS">
    <attribute name="FREQUENCY" value="2" />
  </node>
  <node id="NUMBERS">
    <attribute name="FREQUENCY" value="1" />
  </node>
  <node id="OFFICIALS">
    <attribute name="FREQUENCY" value="1" />
  </node>
  <node id="OLDER">
    <attribute name="FREQUENCY" value="4" />
  </node>
  <node id="OVERNIGHT">
    <attribute name="FREQUENCY" value="1" />
  </node>
  <node id="PASSAGE">
    <attribute name="FREQUENCY" value="1" />
  </node>
  <node id="PAST">
    <attribute name="FREQUENCY" value="1" />
  </node>
  <node id="PATH">
    <attribute name="FREQUENCY" value="1" />
  </node>
  <node id="PEOPLE">
    <attribute name="FREQUENCY" value="2" />
  </node>
  <node id="PERFECT">
    <attribute name="FREQUENCY" value="1" />
  </node>
  <node id="PIPELINE">
    <attribute name="FREQUENCY" value="1" />
  </node>
  <node id="PM">
    <attribute name="FREQUENCY" value="1" />
  </node>
  <node id="POINT">
    <attribute name="FREQUENCY" value="3" />
  </node>
  <node id="POINTED">
    <attribute name="FREQUENCY" value="1" />
  </node>
  <node id="POLICY">
    <attribute name="FREQUENCY" value="1" />
  </node>
  <node id="POLITIC">
    <attribute name="FREQUENCY" value="4" />
  </node>
  <node id="PREDICTED">
    <attribute name="FREQUENCY" value="1" />
  </node>
  <node id="PREVENTION">
    <attribute name="FREQUENCY" value="9" />
  </node>
  <node id="PROGRESS">
    <attribute name="FREQUENCY" value="1" />
  </node>
  <node id="PROJECTED">
    <attribute name="FREQUENCY" value="1" />
  </node>
  <node id="PROVE">
    <attribute name="FREQUENCY" value="1" />
  </node>
  <node id="PROVEN">
    <attribute name="FREQUENCY" value="1" />
  </node>
  <node id="QUESTIONS">
    <attribute name="FREQUENCY" value="2" />
  </node>
  <node id="RECEIVE">
    <attribute name="FREQUENCY" value="1" />
  </node>
  <node id="RECENT">
    <attribute name="FREQUENCY" value="1" />
  </node>
  <node id="REDUCE">
    <attribute name="FREQUENCY" value="2" />
  </node>
  <node id="REJECTS">
    <attribute name="FREQUENCY" value="1" />
  </node>
  <node id="RELATIONSHIP">
    <attribute name="FREQUENCY" value="2" />
  </node>
  <node id="REMAIN">
    <attribute name="FREQUENCY" value="1" />
  </node>
  <node id="RESEARCH">
    <attribute name="FREQUENCY" value="10" />
  </node>
  <node id="RESEARCHERS">
    <attribute name="FREQUENCY" value="1" />
  </node>
  <node id="RESULTS">
    <attribute name="FREQUENCY" value="1" />
  </node>
  <node id="REUTERS">
    <attribute name="FREQUENCY" value="2" />
  </node>
  <node id="REVIEW">
    <attribute name="FREQUENCY" value="1" />
  </node>
  <node id="RICHARD">
    <attribute name="FREQUENCY" value="1" />
  </node>
  <node id="RISE">
    <attribute name="FREQUENCY" value="1" />
  </node>
  <node id="RISK">
    <attribute name="FREQUENCY" value="2" />
  </node>
  <node id="SAVE">
    <attribute name="FREQUENCY" value="2" />
  </node>
  <node id="SCIENTISTS">
    <attribute name="FREQUENCY" value="1" />
  </node>
  <node id="SCOREBOARD">
    <attribute name="FREQUENCY" value="4" />
  </node>
  <node id="SEPTEMBER">
    <attribute name="FREQUENCY" value="1" />
  </node>
  <node id="SHOPPING">
    <attribute name="FREQUENCY" value="2" />
  </node>
  <node id="SIMPLY">
    <attribute name="FREQUENCY" value="1" />
  </node>
  <node id="SINGLE">
    <attribute name="FREQUENCY" value="1" />
  </node>
  <node id="SLOWLY">
    <attribute name="FREQUENCY" value="1" />
  </node>
  <node id="SMOKING">
    <attribute name="FREQUENCY" value="1" />
  </node>
  <node id="SOURCE">
    <attribute name="FREQUENCY" value="1" />
  </node>
  <node id="SPORT">
    <attribute name="FREQUENCY" value="4" />
  </node>
  <node id="SPORTSANDFITNESS">
    <attribute name="FREQUENCY" value="2" />
  </node>
  <node id="STONE">
    <attribute name="FREQUENCY" value="4" />
  </node>
  <node id="STOP">
    <attribute name="FREQUENCY" value="1" />
  </node>
  <node id="STOPPED">
    <attribute name="FREQUENCY" value="1" />
  </node>
  <node id="STORIES">
    <attribute name="FREQUENCY" value="1" />
  </node>
  <node id="STORY">
    <attribute name="FREQUENCY" value="4" />
  </node>
  <node id="STRATEGY">
    <attribute name="FREQUENCY" value="1" />
  </node>
  <node id="STUFF">
    <attribute name="FREQUENCY" value="2" />
  </node>
  <node id="SUPPORTED">
    <attribute name="FREQUENCY" value="1" />
  </node>
  <node id="TARGET">
    <attribute name="FREQUENCY" value="2" />
  </node>
  <node id="TECH">
    <attribute name="FREQUENCY" value="6" />
  </node>
  <node id="TESTICULAR">
    <attribute name="FREQUENCY" value="1" />
  </node>
  <node id="TEXT">
    <attribute name="FREQUENCY" value="1" />
  </node>
  <node id="TIPS">
    <attribute name="FREQUENCY" value="2" />
  </node>
  <node id="TOBACCO">
    <attribute name="FREQUENCY" value="1" />
  </node>
  <node id="TODAY">
    <attribute name="FREQUENCY" value="1" />
  </node>
  <node id="TRAVEL">
    <attribute name="FREQUENCY" value="2" />
  </node>
  <node id="TREAT">
    <attribute name="FREQUENCY" value="4" />
  </node>
  <node id="TREATMENT">
    <attribute name="FREQUENCY" value="3" />
  </node>
  <node id="TYPE">
    <attribute name="FREQUENCY" value="3" />
  </node>
  <node id="UNANTICIPATED">
    <attribute name="FREQUENCY" value="1" />
  </node>
  <node id="UNDEFEATED">
    <attribute name="FREQUENCY" value="1" />
  </node>
  <node id="UNDERFUNDING">
    <attribute name="FREQUENCY" value="1" />
  </node>
  <node id="UNDERSTAND">
    <attribute name="FREQUENCY" value="1" />
  </node>
  <node id="VARIETY">
    <attribute name="FREQUENCY" value="1" />
  </node>
  <node id="VIEW">
    <attribute name="FREQUENCY" value="1" />
  </node>
  <node id="WEAPONS">
    <attribute name="FREQUENCY" value="1" />
  </node>
  <node id="WEDNESDAY">
    <attribute name="FREQUENCY" value="1" />
  </node>
  <node id="WEEK">
    <attribute name="FREQUENCY" value="1" />
  </node>
  <node id="WOMEN">
    <attribute name="FREQUENCY" value="4" />
  </node>
  <node id="WON">
    <attribute name="FREQUENCY" value="1" />
  </node>
  <node id="WRITE">
    <attribute name="FREQUENCY" value="2" />
  </node>
  <node id="YAHOO">
    <attribute name="FREQUENCY" value="4" />
  </node>
  <node id="YEAR">
    <attribute name="FREQUENCY" value="1" />
  </node>
  <node id="YORK">
    <attribute name="FREQUENCY" value="1" />
  </node>
  <node id="YOUNG">
    <attribute name="FREQUENCY" value="4" />
  </node>
  <edge from="ABUNDANT" to="EVIDENCE">
    <attribute name="TEXT" value="1" />
  </edge>
  <edge from="AGAINST" to="CANCER">
    <attribute name="TEXT" value="2" />
  </edge>
  <edge from="AGENCY" to="ANTI-CANCER">
    <attribute name="TEXT" value="1" />
  </edge>
  <edge from="ANNUAL" to="BUDGET">
    <attribute name="TEXT" value="1" />
  </edge>
  <edge from="ANTI-CANCER" to="STRATEGY">
    <attribute name="TEXT" value="1" />
  </edge>
  <edge from="BARNETT" to="KRAMER">
    <attribute name="TEXT" value="1" />
  </edge>
  <edge from="BOYS" to="BABIES">
    <attribute name="TEXT" value="4" />
    <attribute name="LINKS" value="4" />
  </edge>
  <edge from="BOYS" to="BABIES">
    <attribute name="TEXT" value="4" />
    <attribute name="LINKS" value="4" />
  </edge>
  <edge from="BREAST" to="TESTICULAR">
    <attribute name="TEXT" value="1" />
  </edge>
  <edge from="CANCER" to="ACT">
    <attribute name="TEXT" value="1" />
  </edge>
  <edge from="CANCER" to="BIOLOGY">
    <attribute name="TEXT" value="1" />
  </edge>
  <edge from="CANCER" to="CAUSATION">
    <attribute name="TEXT" value="1" />
  </edge>
  <edge from="CANCER" to="DIAGNOSIS">
    <attribute name="TEXT" value="1" />
  </edge>
  <edge from="CANCER" to="INSTITUTE">
    <attribute name="TEXT" value="1" />
  </edge>
  <edge from="CANCER" to="PREVENTION">
    <attribute name="TEXT" value="2" />
  </edge>
  <edge from="CANCER" to="PROVE">
    <attribute name="TEXT" value="1" />
  </edge>
  <edge from="CANCER" to="REMAIN">
    <attribute name="TEXT" value="1" />
  </edge>
  <edge from="CANCER" to="RESEARCH">
    <attribute name="TEXT" value="2" />
    <attribute name="KEYWORDS" value="1" />
  </edge>
  <edge from="CANCER" to="RESEARCH">
    <attribute name="TEXT" value="2" />
    <attribute name="KEYWORDS" value="1" />
  </edge>
  <edge from="CANCER" to="RISK">
    <attribute name="TEXT" value="1" />
  </edge>
  <edge from="CANCER" to="TYPE">
    <attribute name="TEXT" value="2" />
  </edge>
  <edge from="CAUSATION" to="CANCER">
    <attribute name="TEXT" value="1" />
  </edge>
  <edge from="CHILDHOOD" to="LYMPHOMAS">
    <attribute name="TEXT" value="1" />
  </edge>
  <edge from="CHOSEN" to="SINGLE">
    <attribute name="TEXT" value="1" />
  </edge>
  <edge from="COLORECTAL" to="CANCER">
    <attribute name="TEXT" value="1" />
  </edge>
  <edge from="CURRENT" to="CANCER">
    <attribute name="TEXT" value="1" />
  </edge>
  <edge from="CURRENT" to="NCI">
    <attribute name="TEXT" value="1" />
  </edge>
  <edge from="DEATH" to="LINKED">
    <attribute name="TEXT" value="1" />
  </edge>
  <edge from="DECADES" to="PAST">
    <attribute name="TEXT" value="1" />
  </edge>
  <edge from="DECLINED" to="BEGINNING">
    <attribute name="TEXT" value="1" />
  </edge>
  <edge from="DEPUTY" to="DIRECTOR">
    <attribute name="TEXT" value="1" />
  </edge>
  <edge from="DIET" to="OVERNIGHT">
    <attribute name="TEXT" value="1" />
  </edge>
  <edge from="DIRECTLY" to="AIMED">
    <attribute name="TEXT" value="1" />
  </edge>
  <edge from="EFFORT" to="RISE">
    <attribute name="TEXT" value="1" />
  </edge>
  <edge from="ENGLAND" to="JOURNAL">
    <attribute name="TEXT" value="2" />
  </edge>
  <edge from="EXPERTS" to="POINT">
    <attribute name="TEXT" value="2" />
  </edge>
  <edge from="FACT" to="KRAMER">
    <attribute name="TEXT" value="1" />
  </edge>
  <edge from="FEDERAL" to="AGENCY">
    <attribute name="TEXT" value="1" />
  </edge>
  <edge from="FIGHT" to="AGAINST">
    <attribute name="TEXT" value="1" />
  </edge>
  <edge from="FUND" to="DIRECTLY">
    <attribute name="TEXT" value="1" />
  </edge>
  <edge from="FUNDAMENTAL" to="RESEARCH">
    <attribute name="TEXT" value="1" />
  </edge>
  <edge from="GOVERNMENT" to="RESEARCH">
    <attribute name="TEXT" value="1" />
  </edge>
  <edge from="HEALTH" to="STORIES">
    <attribute name="TEXT" value="1" />
  </edge>
  <edge from="INCREASINGLY" to="VIEW">
    <attribute name="TEXT" value="1" />
  </edge>
  <edge from="KIDNEY" to="STONE">
    <attribute name="TEXT" value="4" />
    <attribute name="LINKS" value="4" />
  </edge>
  <edge from="KIDNEY" to="STONE">
    <attribute name="TEXT" value="4" />
    <attribute name="LINKS" value="4" />
  </edge>
  <edge from="KLAUSNER" to="ADMIT">
    <attribute name="TEXT" value="1" />
  </edge>
  <edge from="MAGIC" to="BULLET">
    <attribute name="TEXT" value="1" />
  </edge>
  <edge from="MEDICAL" to="DEVELOPMENT">
    <attribute name="TEXT" value="1" />
  </edge>
  <edge from="MEN" to="YOUNG">
    <attribute name="TEXT" value="2" />
  </edge>
  <edge from="MILLION" to="AMERICAN">
    <attribute name="TEXT" value="1" />
  </edge>
  <edge from="NATIONAL" to="CANCER">
    <attribute name="TEXT" value="2" />
  </edge>
  <edge from="NCI" to="ANNUAL">
    <attribute name="TEXT" value="1" />
  </edge>
  <edge from="NCI" to="BUDGET">
    <attribute name="TEXT" value="1" />
  </edge>
  <edge from="NCI" to="DIVISION">
    <attribute name="TEXT" value="1" />
  </edge>
  <edge from="NCI" to="POLICY">
    <attribute name="TEXT" value="1" />
  </edge>
  <edge from="OLDER" to="MEN">
    <attribute name="TEXT" value="2" />
    <attribute name="LINKS" value="2" />
  </edge>
  <edge from="OLDER" to="MEN">
    <attribute name="TEXT" value="2" />
    <attribute name="LINKS" value="2" />
  </edge>
  <edge from="PM" to="EDT">
    <attribute name="TEXT" value="1" />
  </edge>
  <edge from="PREVENTION" to="DETECTION">
    <attribute name="TEXT" value="1" />
  </edge>
  <edge from="PREVENTION" to="EFFORT">
    <attribute name="TEXT" value="1" />
  </edge>
  <edge from="PROVEN" to="EFFECTIVE">
    <attribute name="TEXT" value="1" />
  </edge>
  <edge from="RECEIVE" to="CANCER">
    <attribute name="TEXT" value="1" />
  </edge>
  <edge from="RECENT" to="RESEARCH">
    <attribute name="TEXT" value="1" />
  </edge>
  <edge from="REDUCE" to="DEATH">
    <attribute name="TEXT" value="1" />
  </edge>
  <edge from="REMAIN" to="UNDEFEATED">
    <attribute name="TEXT" value="1" />
  </edge>
  <edge from="RESEARCH" to="AIMED">
    <attribute name="TEXT" value="1" />
  </edge>
  <edge from="RESEARCH" to="EFFORT">
    <attribute name="TEXT" value="2" />
    <attribute name="KEYWORDS" value="2" />
  </edge>
  <edge from="RESEARCH" to="EFFORT">
    <attribute name="TEXT" value="2" />
    <attribute name="KEYWORDS" value="2" />
  </edge>
  <edge from="RESEARCH" to="FOCUS">
    <attribute name="TEXT" value="1" />
  </edge>
  <edge from="RESEARCH" to="PIPELINE">
    <attribute name="TEXT" value="1" />
  </edge>
  <edge from="REUTERS" to="LIMITED">
    <attribute name="TEXT" value="1" />
  </edge>
  <edge from="RICHARD" to="KLAUSNER">
    <attribute name="TEXT" value="1" />
  </edge>
  <edge from="RISK" to="FACTORS">
    <attribute name="TEXT" value="1" />
  </edge>
  <edge from="SAVE" to="LIVE">
    <attribute name="TEXT" value="2" />
  </edge>
  <edge from="SCIENTISTS" to="INCREASINGLY">
    <attribute name="TEXT" value="1" />
  </edge>
  <edge from="SINGLE" to="PATH">
    <attribute name="TEXT" value="1" />
  </edge>
  <edge from="SLOWLY" to="CANCER">
    <attribute name="TEXT" value="1" />
  </edge>
  <edge from="STOP" to="SMOKING">
    <attribute name="TEXT" value="1" />
  </edge>
  <edge from="STOPPED" to="TODAY">
    <attribute name="TEXT" value="1" />
  </edge>
  <edge from="STORIES" to="DEFEATISM">
    <attribute name="TEXT" value="1" />
  </edge>
  <edge from="STRATEGY" to="APPEARS">
    <attribute name="TEXT" value="1" />
  </edge>
  <edge from="TECH" to="TIPS">
    <attribute name="TEXT" value="2" />
  </edge>
  <edge from="TEXT" to="HEADLINES">
    <attribute name="TEXT" value="1" />
  </edge>
  <edge from="TREAT" to="KIDNEY">
    <attribute name="TEXT" value="4" />
    <attribute name="LINKS" value="4" />
  </edge>
  <edge from="TREAT" to="KIDNEY">
    <attribute name="TEXT" value="4" />
    <attribute name="LINKS" value="4" />
  </edge>
  <edge from="UNANTICIPATED" to="BREAKTHROUGH">
    <attribute name="TEXT" value="1" />
  </edge>
  <edge from="UNDEFEATED" to="DEFEATISM">
    <attribute name="TEXT" value="1" />
  </edge>
  <edge from="UNDERFUNDING" to="PREVENTION">
    <attribute name="TEXT" value="1" />
  </edge>
  <edge from="VIEW" to="CANCER">
    <attribute name="TEXT" value="1" />
  </edge>
  <edge from="WEAPONS" to="AGAINST">
    <attribute name="TEXT" value="1" />
  </edge>
  <edge from="WEDNESDAY" to="SEPTEMBER">
    <attribute name="TEXT" value="1" />
  </edge>
  <edge from="WEEK" to="ISSUE">
    <attribute name="TEXT" value="1" />
  </edge>
  <edge from="WON" to="SLOWLY">
    <attribute name="TEXT" value="1" />
  </edge>
  <edge from="YOUNG" to="WOMEN">
    <attribute name="TEXT" value="2" />
    <attribute name="LINKS" value="2" />
  </edge>
  <edge from="YOUNG" to="WOMEN">
    <attribute name="TEXT" value="2" />
    <attribute name="LINKS" value="2" />
  </edge>
</graph>
