<graph>
  <node id="ABLE">
    <attribute name="FREQUENCY" value="1" />
  </node>
  <node id="ADULT-ONSET">
    <attribute name="FREQUENCY" value="1" />
  </node>
  <node id="ADULTS">
    <attribute name="FREQUENCY" value="1" />
  </node>
  <node id="AFFECT">
    <attribute name="FREQUENCY" value="1" />
  </node>
  <node id="ALBERT">
    <attribute name="FREQUENCY" value="1" />
  </node>
  <node id="ANIMALS">
    <attribute name="FREQUENCY" value="1" />
  </node>
  <node id="ASSOCIATE">
    <attribute name="FREQUENCY" value="1" />
  </node>
  <node id="BIOCHEMISTRY">
    <attribute name="FREQUENCY" value="1" />
  </node>
  <node id="BIZ">
    <attribute name="FREQUENCY" value="4" />
  </node>
  <node id="BLOOD">
    <attribute name="FREQUENCY" value="4" />
  </node>
  <node id="BODY">
    <attribute name="FREQUENCY" value="2" />
  </node>
  <node id="BRAIN">
    <attribute name="FREQUENCY" value="6" />
  </node>
  <node id="BREAK">
    <attribute name="FREQUENCY" value="1" />
  </node>
  <node id="BRING">
    <attribute name="FREQUENCY" value="4" />
  </node>
  <node id="BROKEN">
    <attribute name="FREQUENCY" value="1" />
  </node>
  <node id="BURN">
    <attribute name="FREQUENCY" value="3" />
  </node>
  <node id="CALL">
    <attribute name="FREQUENCY" value="1" />
  </node>
  <node id="CALLED">
    <attribute name="FREQUENCY" value="1" />
  </node>
  <node id="CELLS">
    <attribute name="FREQUENCY" value="2" />
  </node>
  <node id="CHARRON">
    <attribute name="FREQUENCY" value="4" />
  </node>
  <node id="CHRONICALLY">
    <attribute name="FREQUENCY" value="1" />
  </node>
  <node id="CLINICAL">
    <attribute name="FREQUENCY" value="1" />
  </node>
  <node id="COCAINE">
    <attribute name="FREQUENCY" value="4" />
  </node>
  <node id="COLLEAGUES">
    <attribute name="FREQUENCY" value="1" />
  </node>
  <node id="COLLEGE">
    <attribute name="FREQUENCY" value="1" />
  </node>
  <node id="COMMENTS">
    <attribute name="FREQUENCY" value="2" />
  </node>
  <node id="CONTROL">
    <attribute name="FREQUENCY" value="1" />
  </node>
  <node id="DATA">
    <attribute name="FREQUENCY" value="1" />
  </node>
  <node id="DECREASED">
    <attribute name="FREQUENCY" value="1" />
  </node>
  <node id="DETERMINE">
    <attribute name="FREQUENCY" value="2" />
  </node>
  <node id="DIABETES">
    <attribute name="FREQUENCY" value="6" />
  </node>
  <node id="DIABETIC">
    <attribute name="FREQUENCY" value="1" />
  </node>
  <node id="DIRECTLY">
    <attribute name="FREQUENCY" value="1" />
  </node>
  <node id="DISCOVERED">
    <attribute name="FREQUENCY" value="1" />
  </node>
  <node id="DISEASE">
    <attribute name="FREQUENCY" value="1" />
  </node>
  <node id="DOSE">
    <attribute name="FREQUENCY" value="1" />
  </node>
  <node id="DOUBLE">
    <attribute name="FREQUENCY" value="1" />
  </node>
  <node id="DRUG">
    <attribute name="FREQUENCY" value="1" />
  </node>
  <node id="EDT">
    <attribute name="FREQUENCY" value="1" />
  </node>
  <node id="EFFECT">
    <attribute name="FREQUENCY" value="2" />
  </node>
  <node id="EFFECTIVE">
    <attribute name="FREQUENCY" value="2" />
  </node>
  <node id="EFFICIENT">
    <attribute name="FREQUENCY" value="1" />
  </node>
  <node id="EINSTEIN">
    <attribute name="FREQUENCY" value="1" />
  </node>
  <node id="ENTERTAIN">
    <attribute name="FREQUENCY" value="4" />
  </node>
  <node id="EVENTUALLY">
    <attribute name="FREQUENCY" value="1" />
  </node>
  <node id="EXTRAPOLATE">
    <attribute name="FREQUENCY" value="1" />
  </node>
  <node id="FALL">
    <attribute name="FREQUENCY" value="4" />
  </node>
  <node id="FAT">
    <attribute name="FREQUENCY" value="1" />
  </node>
  <node id="FINDINGS">
    <attribute name="FREQUENCY" value="2" />
  </node>
  <node id="FORM">
    <attribute name="FREQUENCY" value="1" />
  </node>
  <node id="FRIDAY">
    <attribute name="FREQUENCY" value="1" />
  </node>
  <node id="FUEL">
    <attribute name="FREQUENCY" value="1" />
  </node>
  <node id="GENETICALLY">
    <attribute name="FREQUENCY" value="1" />
  </node>
  <node id="GLUCOSE">
    <attribute name="FREQUENCY" value="6" />
  </node>
  <node id="GLYCOGEN">
    <attribute name="FREQUENCY" value="1" />
  </node>
  <node id="HAPPEN">
    <attribute name="FREQUENCY" value="1" />
  </node>
  <node id="HEADLINES">
    <attribute name="FREQUENCY" value="1" />
  </node>
  <node id="HEALTH">
    <attribute name="FREQUENCY" value="4" />
  </node>
  <node id="HOLD">
    <attribute name="FREQUENCY" value="1" />
  </node>
  <node id="HORMONE">
    <attribute name="FREQUENCY" value="3" />
  </node>
  <node id="HTML">
    <attribute name="FREQUENCY" value="1" />
  </node>
  <node id="HUMAN">
    <attribute name="FREQUENCY" value="3" />
  </node>
  <node id="II">
    <attribute name="FREQUENCY" value="1" />
  </node>
  <node id="IMPLICATIONS">
    <attribute name="FREQUENCY" value="1" />
  </node>
  <node id="INCREASE">
    <attribute name="FREQUENCY" value="1" />
  </node>
  <node id="INDEPENDENT">
    <attribute name="FREQUENCY" value="2" />
  </node>
  <node id="INDOOR">
    <attribute name="FREQUENCY" value="4" />
  </node>
  <node id="INFO">
    <attribute name="FREQUENCY" value="2" />
  </node>
  <node id="INFUSED">
    <attribute name="FREQUENCY" value="3" />
  </node>
  <node id="INSULIN">
    <attribute name="FREQUENCY" value="9" />
  </node>
  <node id="INSULIN-SENSITIZING">
    <attribute name="FREQUENCY" value="1" />
  </node>
  <node id="LAY">
    <attribute name="FREQUENCY" value="1" />
  </node>
  <node id="LEAD">
    <attribute name="FREQUENCY" value="1" />
  </node>
  <node id="LEPTIN">
    <attribute name="FREQUENCY" value="13" />
  </node>
  <node id="LEPTIN-DEFICIENT">
    <attribute name="FREQUENCY" value="1" />
  </node>
  <node id="LEVELS">
    <attribute name="FREQUENCY" value="2" />
  </node>
  <node id="LIMITED">
    <attribute name="FREQUENCY" value="1" />
  </node>
  <node id="LIVER">
    <attribute name="FREQUENCY" value="2" />
  </node>
  <node id="LONG">
    <attribute name="FREQUENCY" value="1" />
  </node>
  <node id="LOS">
    <attribute name="FREQUENCY" value="1" />
  </node>
  <node id="LOSE">
    <attribute name="FREQUENCY" value="2" />
  </node>
  <node id="LOWER">
    <attribute name="FREQUENCY" value="1" />
  </node>
  <node id="MAKING">
    <attribute name="FREQUENCY" value="1" />
  </node>
  <node id="MAUREEN">
    <attribute name="FREQUENCY" value="1" />
  </node>
  <node id="MEDICINE">
    <attribute name="FREQUENCY" value="1" />
  </node>
  <node id="METABOLISM">
    <attribute name="FREQUENCY" value="1" />
  </node>
  <node id="METABOLIZES">
    <attribute name="FREQUENCY" value="1" />
  </node>
  <node id="MICE">
    <attribute name="FREQUENCY" value="4" />
  </node>
  <node id="MODE">
    <attribute name="FREQUENCY" value="1" />
  </node>
  <node id="MUSCLE">
    <attribute name="FREQUENCY" value="2" />
  </node>
  <node id="MUTATED">
    <attribute name="FREQUENCY" value="1" />
  </node>
  <node id="NATURE">
    <attribute name="FREQUENCY" value="2" />
  </node>
  <node id="NEEDED">
    <attribute name="FREQUENCY" value="2" />
  </node>
  <node id="NEWS">
    <attribute name="FREQUENCY" value="4" />
  </node>
  <node id="NICE">
    <attribute name="FREQUENCY" value="1" />
  </node>
  <node id="OBESITY">
    <attribute name="FREQUENCY" value="2" />
  </node>
  <node id="ONSET">
    <attribute name="FREQUENCY" value="1" />
  </node>
  <node id="PANCREAS">
    <attribute name="FREQUENCY" value="1" />
  </node>
  <node id="PERSON">
    <attribute name="FREQUENCY" value="1" />
  </node>
  <node id="PM">
    <attribute name="FREQUENCY" value="1" />
  </node>
  <node id="POLITIC">
    <attribute name="FREQUENCY" value="4" />
  </node>
  <node id="POLLUTION">
    <attribute name="FREQUENCY" value="4" />
  </node>
  <node id="POTENT">
    <attribute name="FREQUENCY" value="1" />
  </node>
  <node id="PREVENT">
    <attribute name="FREQUENCY" value="1" />
  </node>
  <node id="PRODUCE">
    <attribute name="FREQUENCY" value="1" />
  </node>
  <node id="PROFESSOR">
    <attribute name="FREQUENCY" value="1" />
  </node>
  <node id="PROMPT">
    <attribute name="FREQUENCY" value="1" />
  </node>
  <node id="QUESTIONS">
    <attribute name="FREQUENCY" value="2" />
  </node>
  <node id="QUICKLY">
    <attribute name="FREQUENCY" value="1" />
  </node>
  <node id="RATE">
    <attribute name="FREQUENCY" value="1" />
  </node>
  <node id="REACT">
    <attribute name="FREQUENCY" value="4" />
  </node>
  <node id="RECENTLY">
    <attribute name="FREQUENCY" value="1" />
  </node>
  <node id="REMAINED">
    <attribute name="FREQUENCY" value="2" />
  </node>
  <node id="REPORT">
    <attribute name="FREQUENCY" value="1" />
  </node>
  <node id="RESEARCHERS">
    <attribute name="FREQUENCY" value="1" />
  </node>
  <node id="RESPONSE">
    <attribute name="FREQUENCY" value="1" />
  </node>
  <node id="REUTERS">
    <attribute name="FREQUENCY" value="2" />
  </node>
  <node id="REVEAL">
    <attribute name="FREQUENCY" value="4" />
  </node>
  <node id="RISE">
    <attribute name="FREQUENCY" value="5" />
  </node>
  <node id="SCANS">
    <attribute name="FREQUENCY" value="4" />
  </node>
  <node id="SCOREBOARD">
    <attribute name="FREQUENCY" value="4" />
  </node>
  <node id="SENSITIVITY">
    <attribute name="FREQUENCY" value="2" />
  </node>
  <node id="SENSITIZER-LIKE">
    <attribute name="FREQUENCY" value="1" />
  </node>
  <node id="SEPTEMBER">
    <attribute name="FREQUENCY" value="1" />
  </node>
  <node id="SLIGHTLY">
    <attribute name="FREQUENCY" value="1" />
  </node>
  <node id="SOURCE">
    <attribute name="FREQUENCY" value="1" />
  </node>
  <node id="SPORT">
    <attribute name="FREQUENCY" value="4" />
  </node>
  <node id="STEADY">
    <attribute name="FREQUENCY" value="2" />
  </node>
  <node id="STIMULATE">
    <attribute name="FREQUENCY" value="2" />
  </node>
  <node id="STIMULATED">
    <attribute name="FREQUENCY" value="2" />
  </node>
  <node id="STORED">
    <attribute name="FREQUENCY" value="1" />
  </node>
  <node id="STORIES">
    <attribute name="FREQUENCY" value="1" />
  </node>
  <node id="STORY">
    <attribute name="FREQUENCY" value="4" />
  </node>
  <node id="STUDY">
    <attribute name="FREQUENCY" value="3" />
  </node>
  <node id="SUGAR">
    <attribute name="FREQUENCY" value="3" />
  </node>
  <node id="SUGGESTING">
    <attribute name="FREQUENCY" value="1" />
  </node>
  <node id="TAMKINS">
    <attribute name="FREQUENCY" value="1" />
  </node>
  <node id="TECH">
    <attribute name="FREQUENCY" value="4" />
  </node>
  <node id="TESTED">
    <attribute name="FREQUENCY" value="1" />
  </node>
  <node id="TEXT">
    <attribute name="FREQUENCY" value="1" />
  </node>
  <node id="TH">
    <attribute name="FREQUENCY" value="1" />
  </node>
  <node id="THERESA">
    <attribute name="FREQUENCY" value="1" />
  </node>
  <node id="TREAT">
    <attribute name="FREQUENCY" value="1" />
  </node>
  <node id="TREATED">
    <attribute name="FREQUENCY" value="1" />
  </node>
  <node id="TREATMENT">
    <attribute name="FREQUENCY" value="6" />
  </node>
  <node id="TRIAL">
    <attribute name="FREQUENCY" value="1" />
  </node>
  <node id="TRIGGER">
    <attribute name="FREQUENCY" value="1" />
  </node>
  <node id="TRUE">
    <attribute name="FREQUENCY" value="1" />
  </node>
  <node id="TYPE">
    <attribute name="FREQUENCY" value="1" />
  </node>
  <node id="WEIGHT">
    <attribute name="FREQUENCY" value="1" />
  </node>
  <node id="WRITE">
    <attribute name="FREQUENCY" value="2" />
  </node>
  <node id="YAHOO">
    <attribute name="FREQUENCY" value="4" />
  </node>
  <node id="YORK">
    <attribute name="FREQUENCY" value="2" />
  </node>
  <edge from="ADULT-ONSET" to="DIABETES">
    <attribute name="TEXT" value="1" />
  </edge>
  <edge from="ADULTS" to="ONSET">
    <attribute name="TEXT" value="1" />
  </edge>
  <edge from="AFFECT" to="INSULIN">
    <attribute name="TEXT" value="1" />
  </edge>
  <edge from="ALBERT" to="EINSTEIN">
    <attribute name="TEXT" value="1" />
  </edge>
  <edge from="ASSOCIATE" to="PROFESSOR">
    <attribute name="TEXT" value="1" />
  </edge>
  <edge from="BLOOD" to="GLUCOSE">
    <attribute name="TEXT" value="2" />
  </edge>
  <edge from="BLOOD" to="SUGAR">
    <attribute name="TEXT" value="1" />
  </edge>
  <edge from="BODY" to="CELLS">
    <attribute name="TEXT" value="1" />
  </edge>
  <edge from="BRAIN" to="REACT">
    <attribute name="TEXT" value="4" />
    <attribute name="LINKS" value="4" />
  </edge>
  <edge from="BRAIN" to="REACT">
    <attribute name="TEXT" value="4" />
    <attribute name="LINKS" value="4" />
  </edge>
  <edge from="BRING" to="RISE">
    <attribute name="TEXT" value="4" />
    <attribute name="LINKS" value="4" />
  </edge>
  <edge from="BRING" to="RISE">
    <attribute name="TEXT" value="4" />
    <attribute name="LINKS" value="4" />
  </edge>
  <edge from="BURN" to="FAT">
    <attribute name="TEXT" value="1" />
  </edge>
  <edge from="BURN" to="MODE">
    <attribute name="TEXT" value="1" />
  </edge>
  <edge from="CALLED" to="GLYCOGEN">
    <attribute name="TEXT" value="1" />
  </edge>
  <edge from="CELLS" to="LOSE">
    <attribute name="TEXT" value="1" />
  </edge>
  <edge from="CHRONICALLY" to="TREATED">
    <attribute name="TEXT" value="1" />
  </edge>
  <edge from="CLINICAL" to="TRIAL">
    <attribute name="TEXT" value="1" />
  </edge>
  <edge from="COLLEAGUES" to="INFUSED">
    <attribute name="TEXT" value="1" />
  </edge>
  <edge from="CONTROL" to="BLOOD">
    <attribute name="TEXT" value="1" />
  </edge>
  <edge from="DATA" to="HOLD">
    <attribute name="TEXT" value="1" />
  </edge>
  <edge from="DIABETES" to="TREATMENT">
    <attribute name="TEXT" value="1" />
    <attribute name="KEYWORDS" value="1" />
  </edge>
  <edge from="DIABETES" to="TREATMENT">
    <attribute name="TEXT" value="1" />
    <attribute name="KEYWORDS" value="1" />
  </edge>
  <edge from="DISCOVERED" to="OBESITY">
    <attribute name="TEXT" value="1" />
  </edge>
  <edge from="DISEASE" to="BLOOD">
    <attribute name="TEXT" value="1" />
  </edge>
  <edge from="EFFECTIVE" to="TREATMENT">
    <attribute name="TEXT" value="1" />
  </edge>
  <edge from="EINSTEIN" to="COLLEGE">
    <attribute name="TEXT" value="1" />
  </edge>
  <edge from="FALL" to="BRING">
    <attribute name="TEXT" value="4" />
    <attribute name="LINKS" value="4" />
  </edge>
  <edge from="FALL" to="BRING">
    <attribute name="TEXT" value="4" />
    <attribute name="LINKS" value="4" />
  </edge>
  <edge from="FRIDAY" to="SEPTEMBER">
    <attribute name="TEXT" value="1" />
  </edge>
  <edge from="GENETICALLY" to="MUTATED">
    <attribute name="TEXT" value="1" />
  </edge>
  <edge from="GLUCOSE" to="CALLED">
    <attribute name="TEXT" value="1" />
  </edge>
  <edge from="HEALTH" to="STORIES">
    <attribute name="TEXT" value="1" />
  </edge>
  <edge from="HORMONE" to="LEPTIN">
    <attribute name="TEXT" value="1" />
  </edge>
  <edge from="HORMONE" to="LONG">
    <attribute name="TEXT" value="1" />
  </edge>
  <edge from="INDOOR" to="POLLUTION">
    <attribute name="TEXT" value="2" />
    <attribute name="LINKS" value="2" />
  </edge>
  <edge from="INDOOR" to="POLLUTION">
    <attribute name="TEXT" value="2" />
    <attribute name="LINKS" value="2" />
  </edge>
  <edge from="INFUSED" to="DIRECTLY">
    <attribute name="TEXT" value="1" />
  </edge>
  <edge from="INFUSED" to="MICE">
    <attribute name="TEXT" value="1" />
  </edge>
  <edge from="INSULIN" to="LEVELS">
    <attribute name="TEXT" value="2" />
  </edge>
  <edge from="INSULIN" to="SENSITIZER-LIKE">
    <attribute name="TEXT" value="1" />
  </edge>
  <edge from="INSULIN-SENSITIZING" to="DRUG">
    <attribute name="TEXT" value="1" />
  </edge>
  <edge from="LAY" to="PERSON">
    <attribute name="TEXT" value="1" />
  </edge>
  <edge from="LEPTIN" to="EFFECT">
    <attribute name="TEXT" value="1" />
  </edge>
  <edge from="LEPTIN" to="INFUSED">
    <attribute name="TEXT" value="1" />
  </edge>
  <edge from="LEPTIN" to="PROMPT">
    <attribute name="TEXT" value="1" />
  </edge>
  <edge from="LEPTIN" to="TREATMENT">
    <attribute name="TEXT" value="1" />
  </edge>
  <edge from="LEPTIN" to="TRIGGER">
    <attribute name="TEXT" value="1" />
  </edge>
  <edge from="LEPTIN-DEFICIENT" to="GENETICALLY">
    <attribute name="TEXT" value="1" />
  </edge>
  <edge from="LEVELS" to="REMAINED">
    <attribute name="TEXT" value="2" />
  </edge>
  <edge from="LIVER" to="PANCREAS">
    <attribute name="TEXT" value="1" />
  </edge>
  <edge from="LOWER" to="DOSE">
    <attribute name="TEXT" value="1" />
  </edge>
  <edge from="MAUREEN" to="CHARRON">
    <attribute name="TEXT" value="1" />
  </edge>
  <edge from="METABOLISM" to="INDEPENDENT">
    <attribute name="TEXT" value="1" />
  </edge>
  <edge from="METABOLIZES" to="GLUCOSE">
    <attribute name="TEXT" value="1" />
  </edge>
  <edge from="MUSCLE" to="CELLS">
    <attribute name="TEXT" value="1" />
  </edge>
  <edge from="MUTATED" to="MICE">
    <attribute name="TEXT" value="1" />
  </edge>
  <edge from="OBESITY" to="HORMONE">
    <attribute name="TEXT" value="1" />
  </edge>
  <edge from="ONSET" to="FORM">
    <attribute name="TEXT" value="1" />
  </edge>
  <edge from="PM" to="EDT">
    <attribute name="TEXT" value="1" />
  </edge>
  <edge from="POTENT" to="RESPONSE">
    <attribute name="TEXT" value="1" />
  </edge>
  <edge from="PROMPT" to="WEIGHT">
    <attribute name="TEXT" value="1" />
  </edge>
  <edge from="RECENTLY" to="DISCOVERED">
    <attribute name="TEXT" value="1" />
  </edge>
  <edge from="REMAINED" to="STEADY">
    <attribute name="TEXT" value="1" />
  </edge>
  <edge from="REUTERS" to="LIMITED">
    <attribute name="TEXT" value="1" />
  </edge>
  <edge from="REVEAL" to="BRAIN">
    <attribute name="TEXT" value="2" />
    <attribute name="LINKS" value="2" />
  </edge>
  <edge from="REVEAL" to="BRAIN">
    <attribute name="TEXT" value="2" />
    <attribute name="LINKS" value="2" />
  </edge>
  <edge from="SCANS" to="REVEAL">
    <attribute name="TEXT" value="2" />
    <attribute name="LINKS" value="2" />
  </edge>
  <edge from="SCANS" to="REVEAL">
    <attribute name="TEXT" value="2" />
    <attribute name="LINKS" value="2" />
  </edge>
  <edge from="SENSITIZER-LIKE" to="EFFECT">
    <attribute name="TEXT" value="1" />
  </edge>
  <edge from="SLIGHTLY" to="DECREASED">
    <attribute name="TEXT" value="1" />
  </edge>
  <edge from="STIMULATE" to="SUGAR">
    <attribute name="TEXT" value="1" />
  </edge>
  <edge from="STIMULATED" to="MUSCLE">
    <attribute name="TEXT" value="1" />
  </edge>
  <edge from="STORED" to="GLUCOSE">
    <attribute name="TEXT" value="1" />
  </edge>
  <edge from="STORIES" to="LEPTIN">
    <attribute name="TEXT" value="1" />
  </edge>
  <edge from="STUDY" to="INSULIN">
    <attribute name="TEXT" value="1" />
  </edge>
  <edge from="SUGAR" to="METABOLISM">
    <attribute name="TEXT" value="1" />
  </edge>
  <edge from="SUGAR" to="RISE">
    <attribute name="TEXT" value="1" />
  </edge>
  <edge from="TEXT" to="HEADLINES">
    <attribute name="TEXT" value="1" />
  </edge>
  <edge from="THERESA" to="TAMKINS">
    <attribute name="TEXT" value="1" />
  </edge>
  <edge from="TREAT" to="DIABETES">
    <attribute name="TEXT" value="1" />
  </edge>
  <edge from="TYPE" to="II">
    <attribute name="TEXT" value="1" />
  </edge>
  <edge from="WEIGHT" to="LOS">
    <attribute name="TEXT" value="1" />
  </edge>
</graph>
