<graph>
  <node id="ABILITY">
    <attribute name="FREQUENCY" value="1" />
  </node>
  <node id="ACADEMY">
    <attribute name="FREQUENCY" value="2" />
  </node>
  <node id="ACTIVATE">
    <attribute name="FREQUENCY" value="1" />
  </node>
  <node id="AGAINST">
    <attribute name="FREQUENCY" value="2" />
  </node>
  <node id="ANALYSIS">
    <attribute name="FREQUENCY" value="1" />
  </node>
  <node id="BASED">
    <attribute name="FREQUENCY" value="1" />
  </node>
  <node id="BASICALLY">
    <attribute name="FREQUENCY" value="1" />
  </node>
  <node id="BEGIN">
    <attribute name="FREQUENCY" value="4" />
  </node>
  <node id="BETA">
    <attribute name="FREQUENCY" value="1" />
  </node>
  <node id="BIG">
    <attribute name="FREQUENCY" value="1" />
  </node>
  <node id="BILLION">
    <attribute name="FREQUENCY" value="1" />
  </node>
  <node id="BIOLOGICAL">
    <attribute name="FREQUENCY" value="1" />
  </node>
  <node id="BIZ">
    <attribute name="FREQUENCY" value="4" />
  </node>
  <node id="BODY">
    <attribute name="FREQUENCY" value="1" />
  </node>
  <node id="BREAST">
    <attribute name="FREQUENCY" value="4" />
  </node>
  <node id="CALLED">
    <attribute name="FREQUENCY" value="2" />
  </node>
  <node id="CANCER">
    <attribute name="FREQUENCY" value="12" />
  </node>
  <node id="CAROLINA">
    <attribute name="FREQUENCY" value="1" />
  </node>
  <node id="CELLS">
    <attribute name="FREQUENCY" value="11" />
  </node>
  <node id="CENTER">
    <attribute name="FREQUENCY" value="1" />
  </node>
  <node id="CHANCE">
    <attribute name="FREQUENCY" value="1" />
  </node>
  <node id="CHRONIC">
    <attribute name="FREQUENCY" value="1" />
  </node>
  <node id="COMMENTS">
    <attribute name="FREQUENCY" value="2" />
  </node>
  <node id="COMPENSATE">
    <attribute name="FREQUENCY" value="1" />
  </node>
  <node id="CONTROL">
    <attribute name="FREQUENCY" value="1" />
  </node>
  <node id="COPIES">
    <attribute name="FREQUENCY" value="2" />
  </node>
  <node id="COPY">
    <attribute name="FREQUENCY" value="1" />
  </node>
  <node id="CUT">
    <attribute name="FREQUENCY" value="2" />
  </node>
  <node id="DAMAGE">
    <attribute name="FREQUENCY" value="2" />
  </node>
  <node id="DEACTIVATE">
    <attribute name="FREQUENCY" value="1" />
  </node>
  <node id="DEFECTIVE">
    <attribute name="FREQUENCY" value="1" />
  </node>
  <node id="DELETED">
    <attribute name="FREQUENCY" value="1" />
  </node>
  <node id="DELETIONS">
    <attribute name="FREQUENCY" value="1" />
  </node>
  <node id="DEVELOP">
    <attribute name="FREQUENCY" value="1" />
  </node>
  <node id="DEVELOPMENT">
    <attribute name="FREQUENCY" value="1" />
  </node>
  <node id="DISCOVERED">
    <attribute name="FREQUENCY" value="1" />
  </node>
  <node id="DISEASE">
    <attribute name="FREQUENCY" value="6" />
  </node>
  <node id="DUKE">
    <attribute name="FREQUENCY" value="2" />
  </node>
  <node id="DURHAM">
    <attribute name="FREQUENCY" value="1" />
  </node>
  <node id="DYING">
    <attribute name="FREQUENCY" value="1" />
  </node>
  <node id="EARLIEST">
    <attribute name="FREQUENCY" value="1" />
  </node>
  <node id="EARLY">
    <attribute name="FREQUENCY" value="1" />
  </node>
  <node id="EDT">
    <attribute name="FREQUENCY" value="1" />
  </node>
  <node id="ENTERTAIN">
    <attribute name="FREQUENCY" value="4" />
  </node>
  <node id="EVENT">
    <attribute name="FREQUENCY" value="1" />
  </node>
  <node id="EVENTUAL">
    <attribute name="FREQUENCY" value="1" />
  </node>
  <node id="EVENTUALLY">
    <attribute name="FREQUENCY" value="1" />
  </node>
  <node id="EXPLAINS">
    <attribute name="FREQUENCY" value="2" />
  </node>
  <node id="FACTORS">
    <attribute name="FREQUENCY" value="1" />
  </node>
  <node id="FAVOR">
    <attribute name="FREQUENCY" value="1" />
  </node>
  <node id="FINDINGS">
    <attribute name="FREQUENCY" value="4" />
  </node>
  <node id="FORCE">
    <attribute name="FREQUENCY" value="1" />
  </node>
  <node id="FRONTPAGE">
    <attribute name="FREQUENCY" value="4" />
  </node>
  <node id="FUNCTION">
    <attribute name="FREQUENCY" value="1" />
  </node>
  <node id="GENE">
    <attribute name="FREQUENCY" value="10" />
  </node>
  <node id="GENETIC">
    <attribute name="FREQUENCY" value="2" />
  </node>
  <node id="GREAT">
    <attribute name="FREQUENCY" value="1" />
  </node>
  <node id="GROWTH">
    <attribute name="FREQUENCY" value="4" />
  </node>
  <node id="GUM">
    <attribute name="FREQUENCY" value="4" />
  </node>
  <node id="HEADLINES">
    <attribute name="FREQUENCY" value="1" />
  </node>
  <node id="HEALTH">
    <attribute name="FREQUENCY" value="4" />
  </node>
  <node id="HELPS">
    <attribute name="FREQUENCY" value="1" />
  </node>
  <node id="HEPATITIS">
    <attribute name="FREQUENCY" value="8" />
  </node>
  <node id="HIGHLY">
    <attribute name="FREQUENCY" value="1" />
  </node>
  <node id="HTML">
    <attribute name="FREQUENCY" value="1" />
  </node>
  <node id="HUMAN">
    <attribute name="FREQUENCY" value="1" />
  </node>
  <node id="IGF">
    <attribute name="FREQUENCY" value="4" />
  </node>
  <node id="IMPLANTS">
    <attribute name="FREQUENCY" value="4" />
  </node>
  <node id="IMPORTANT">
    <attribute name="FREQUENCY" value="2" />
  </node>
  <node id="INCREASE">
    <attribute name="FREQUENCY" value="1" />
  </node>
  <node id="INCREASED">
    <attribute name="FREQUENCY" value="1" />
  </node>
  <node id="INFECTED">
    <attribute name="FREQUENCY" value="2" />
  </node>
  <node id="INFECTION">
    <attribute name="FREQUENCY" value="4" />
  </node>
  <node id="INFO">
    <attribute name="FREQUENCY" value="2" />
  </node>
  <node id="INHIBITOR">
    <attribute name="FREQUENCY" value="1" />
  </node>
  <node id="JIRTLE">
    <attribute name="FREQUENCY" value="5" />
  </node>
  <node id="KEY">
    <attribute name="FREQUENCY" value="1" />
  </node>
  <node id="LARGE">
    <attribute name="FREQUENCY" value="1" />
  </node>
  <node id="LIMITED">
    <attribute name="FREQUENCY" value="1" />
  </node>
  <node id="LIVER">
    <attribute name="FREQUENCY" value="15" />
  </node>
  <node id="LOS">
    <attribute name="FREQUENCY" value="1" />
  </node>
  <node id="LOSE">
    <attribute name="FREQUENCY" value="1" />
  </node>
  <node id="LOST">
    <attribute name="FREQUENCY" value="5" />
  </node>
  <node id="LOT">
    <attribute name="FREQUENCY" value="1" />
  </node>
  <node id="MAKING">
    <attribute name="FREQUENCY" value="1" />
  </node>
  <node id="MARKERS">
    <attribute name="FREQUENCY" value="1" />
  </node>
  <node id="MEDICAL">
    <attribute name="FREQUENCY" value="1" />
  </node>
  <node id="MOLECULES">
    <attribute name="FREQUENCY" value="1" />
  </node>
  <node id="MUTATION">
    <attribute name="FREQUENCY" value="2" />
  </node>
  <node id="NATIONAL">
    <attribute name="FREQUENCY" value="2" />
  </node>
  <node id="NEWS">
    <attribute name="FREQUENCY" value="4" />
  </node>
  <node id="NORTH">
    <attribute name="FREQUENCY" value="1" />
  </node>
  <node id="NOTING">
    <attribute name="FREQUENCY" value="1" />
  </node>
  <node id="OCCUR">
    <attribute name="FREQUENCY" value="1" />
  </node>
  <node id="ONCOLOGY">
    <attribute name="FREQUENCY" value="1" />
  </node>
  <node id="PATIENTS">
    <attribute name="FREQUENCY" value="2" />
  </node>
  <node id="PLAY">
    <attribute name="FREQUENCY" value="1" />
  </node>
  <node id="PM">
    <attribute name="FREQUENCY" value="1" />
  </node>
  <node id="POINT">
    <attribute name="FREQUENCY" value="2" />
  </node>
  <node id="POLITIC">
    <attribute name="FREQUENCY" value="4" />
  </node>
  <node id="PORTION">
    <attribute name="FREQUENCY" value="1" />
  </node>
  <node id="POTENT">
    <attribute name="FREQUENCY" value="2" />
  </node>
  <node id="PRESENT">
    <attribute name="FREQUENCY" value="1" />
  </node>
  <node id="PROCEEDINGS">
    <attribute name="FREQUENCY" value="2" />
  </node>
  <node id="PROFESSOR">
    <attribute name="FREQUENCY" value="1" />
  </node>
  <node id="PROGRESSION">
    <attribute name="FREQUENCY" value="1" />
  </node>
  <node id="PROMOTER">
    <attribute name="FREQUENCY" value="1" />
  </node>
  <node id="PRONE">
    <attribute name="FREQUENCY" value="1" />
  </node>
  <node id="PROTECTED">
    <attribute name="FREQUENCY" value="2" />
  </node>
  <node id="PROTECTIVE">
    <attribute name="FREQUENCY" value="1" />
  </node>
  <node id="QUESTIONS">
    <attribute name="FREQUENCY" value="3" />
  </node>
  <node id="RADIATION">
    <attribute name="FREQUENCY" value="1" />
  </node>
  <node id="RANDY">
    <attribute name="FREQUENCY" value="1" />
  </node>
  <node id="REGENERATE">
    <attribute name="FREQUENCY" value="3" />
  </node>
  <node id="REMAIN">
    <attribute name="FREQUENCY" value="1" />
  </node>
  <node id="REPORT">
    <attribute name="FREQUENCY" value="1" />
  </node>
  <node id="RESEARCHERS">
    <attribute name="FREQUENCY" value="3" />
  </node>
  <node id="REUTERS">
    <attribute name="FREQUENCY" value="2" />
  </node>
  <node id="RISK">
    <attribute name="FREQUENCY" value="1" />
  </node>
  <node id="ROLE">
    <attribute name="FREQUENCY" value="1" />
  </node>
  <node id="SCIENCE">
    <attribute name="FREQUENCY" value="2" />
  </node>
  <node id="SCOREBOARD">
    <attribute name="FREQUENCY" value="4" />
  </node>
  <node id="SENIOR">
    <attribute name="FREQUENCY" value="1" />
  </node>
  <node id="SEPTEMBER">
    <attribute name="FREQUENCY" value="1" />
  </node>
  <node id="SERVE">
    <attribute name="FREQUENCY" value="1" />
  </node>
  <node id="SHOWING">
    <attribute name="FREQUENCY" value="1" />
  </node>
  <node id="SOURCE">
    <attribute name="FREQUENCY" value="1" />
  </node>
  <node id="SPORT">
    <attribute name="FREQUENCY" value="4" />
  </node>
  <node id="STAGE">
    <attribute name="FREQUENCY" value="1" />
  </node>
  <node id="STEP">
    <attribute name="FREQUENCY" value="1" />
  </node>
  <node id="STORIES">
    <attribute name="FREQUENCY" value="1" />
  </node>
  <node id="STORY">
    <attribute name="FREQUENCY" value="4" />
  </node>
  <node id="STUDIES">
    <attribute name="FREQUENCY" value="1" />
  </node>
  <node id="STUDY">
    <attribute name="FREQUENCY" value="1" />
  </node>
  <node id="SUPPRESSOR">
    <attribute name="FREQUENCY" value="2" />
  </node>
  <node id="SURPRISE">
    <attribute name="FREQUENCY" value="1" />
  </node>
  <node id="SURVIVAL">
    <attribute name="FREQUENCY" value="1" />
  </node>
  <node id="TECH">
    <attribute name="FREQUENCY" value="4" />
  </node>
  <node id="TEXT">
    <attribute name="FREQUENCY" value="1" />
  </node>
  <node id="TGFB">
    <attribute name="FREQUENCY" value="1" />
  </node>
  <node id="THERAPY">
    <attribute name="FREQUENCY" value="1" />
  </node>
  <node id="TRANSFORM">
    <attribute name="FREQUENCY" value="1" />
  </node>
  <node id="TRASHED">
    <attribute name="FREQUENCY" value="1" />
  </node>
  <node id="TUMOR">
    <attribute name="FREQUENCY" value="2" />
  </node>
  <node id="TUMOR-FIGHTING">
    <attribute name="FREQUENCY" value="1" />
  </node>
  <node id="UNDERSTAND">
    <attribute name="FREQUENCY" value="1" />
  </node>
  <node id="UNIVERSITY">
    <attribute name="FREQUENCY" value="1" />
  </node>
  <node id="VIRAL">
    <attribute name="FREQUENCY" value="1" />
  </node>
  <node id="VIRUS">
    <attribute name="FREQUENCY" value="4" />
  </node>
  <node id="VULNERABLE">
    <attribute name="FREQUENCY" value="1" />
  </node>
  <node id="WEDNESDAY">
    <attribute name="FREQUENCY" value="1" />
  </node>
  <node id="WRITE">
    <attribute name="FREQUENCY" value="2" />
  </node>
  <node id="YAHOO">
    <attribute name="FREQUENCY" value="4" />
  </node>
  <node id="YORK">
    <attribute name="FREQUENCY" value="1" />
  </node>
  <edge from="ACTIVATE" to="POTENT">
    <attribute name="TEXT" value="1" />
  </edge>
  <edge from="AGAINST" to="VIRAL">
    <attribute name="TEXT" value="1" />
  </edge>
  <edge from="BIG" to="DELETIONS">
    <attribute name="TEXT" value="1" />
  </edge>
  <edge from="BIOLOGICAL" to="KEY">
    <attribute name="TEXT" value="1" />
  </edge>
  <edge from="BREAST" to="CANCER">
    <attribute name="TEXT" value="2" />
    <attribute name="LINKS" value="2" />
  </edge>
  <edge from="BREAST" to="CANCER">
    <attribute name="TEXT" value="2" />
    <attribute name="LINKS" value="2" />
  </edge>
  <edge from="CALLED" to="TRANSFORM">
    <attribute name="TEXT" value="1" />
  </edge>
  <edge from="CANCER" to="CELLS">
    <attribute name="TEXT" value="1" />
  </edge>
  <edge from="CANCER" to="PRONE">
    <attribute name="TEXT" value="1" />
  </edge>
  <edge from="CELLS" to="GROWTH">
    <attribute name="TEXT" value="1" />
  </edge>
  <edge from="CELLS" to="TUMOR-FIGHTING">
    <attribute name="TEXT" value="1" />
  </edge>
  <edge from="CHRONIC" to="HEPATITIS">
    <attribute name="TEXT" value="1" />
  </edge>
  <edge from="CONTROL" to="CELLS">
    <attribute name="TEXT" value="1" />
  </edge>
  <edge from="CUT" to="GENE">
    <attribute name="TEXT" value="2" />
    <attribute name="KEYWORDS" value="2" />
  </edge>
  <edge from="CUT" to="GENE">
    <attribute name="TEXT" value="2" />
    <attribute name="KEYWORDS" value="2" />
  </edge>
  <edge from="DEVELOP" to="LIVER">
    <attribute name="TEXT" value="1" />
  </edge>
  <edge from="DISCOVERED" to="BIOLOGICAL">
    <attribute name="TEXT" value="1" />
  </edge>
  <edge from="DISEASE" to="BEGIN">
    <attribute name="TEXT" value="4" />
    <attribute name="LINKS" value="4" />
  </edge>
  <edge from="DISEASE" to="BEGIN">
    <attribute name="TEXT" value="4" />
    <attribute name="LINKS" value="4" />
  </edge>
  <edge from="DUKE" to="UNIVERSITY">
    <attribute name="TEXT" value="1" />
  </edge>
  <edge from="DURHAM" to="NORTH">
    <attribute name="TEXT" value="1" />
  </edge>
  <edge from="DYING" to="BASICALLY">
    <attribute name="TEXT" value="1" />
  </edge>
  <edge from="EARLIEST" to="EVENT">
    <attribute name="TEXT" value="1" />
  </edge>
  <edge from="EARLY" to="STAGE">
    <attribute name="TEXT" value="1" />
  </edge>
  <edge from="EVENTUAL" to="GENE">
    <attribute name="TEXT" value="1" />
  </edge>
  <edge from="EVENTUALLY" to="BILLION">
    <attribute name="TEXT" value="1" />
  </edge>
  <edge from="FACTORS" to="BETA">
    <attribute name="TEXT" value="1" />
  </edge>
  <edge from="FAVOR" to="SURVIVAL">
    <attribute name="TEXT" value="1" />
  </edge>
  <edge from="GENE" to="CALLED">
    <attribute name="TEXT" value="1" />
  </edge>
  <edge from="GENE" to="PLAY">
    <attribute name="TEXT" value="1" />
  </edge>
  <edge from="GENE" to="THERAPY">
    <attribute name="TEXT" value="1" />
  </edge>
  <edge from="GENETIC" to="ANALYSIS">
    <attribute name="TEXT" value="1" />
  </edge>
  <edge from="GENETIC" to="DAMAGE">
    <attribute name="TEXT" value="1" />
  </edge>
  <edge from="GREAT" to="FORCE">
    <attribute name="TEXT" value="1" />
  </edge>
  <edge from="GROWTH" to="FACTORS">
    <attribute name="TEXT" value="1" />
  </edge>
  <edge from="GROWTH" to="INHIBITOR">
    <attribute name="TEXT" value="1" />
  </edge>
  <edge from="GROWTH" to="PROMOTER">
    <attribute name="TEXT" value="1" />
  </edge>
  <edge from="GUM" to="DISEASE">
    <attribute name="TEXT" value="2" />
    <attribute name="LINKS" value="2" />
  </edge>
  <edge from="GUM" to="DISEASE">
    <attribute name="TEXT" value="2" />
    <attribute name="LINKS" value="2" />
  </edge>
  <edge from="HEALTH" to="STORIES">
    <attribute name="TEXT" value="1" />
  </edge>
  <edge from="HEPATITIS" to="INFECTION">
    <attribute name="TEXT" value="2" />
  </edge>
  <edge from="HEPATITIS" to="VIRUS">
    <attribute name="TEXT" value="1" />
  </edge>
  <edge from="HIGHLY" to="VULNERABLE">
    <attribute name="TEXT" value="1" />
  </edge>
  <edge from="HUMAN" to="LIVER">
    <attribute name="TEXT" value="1" />
  </edge>
  <edge from="IMPORTANT" to="FUNCTION">
    <attribute name="TEXT" value="1" />
  </edge>
  <edge from="IMPORTANT" to="ROLE">
    <attribute name="TEXT" value="1" />
  </edge>
  <edge from="INCREASED" to="RISK">
    <attribute name="TEXT" value="1" />
  </edge>
  <edge from="INHIBITOR" to="CALLED">
    <attribute name="TEXT" value="1" />
  </edge>
  <edge from="LARGE" to="PORTION">
    <attribute name="TEXT" value="1" />
  </edge>
  <edge from="LIVER" to="CANCER">
    <attribute name="TEXT" value="6" />
    <attribute name="KEYWORDS" value="1" />
  </edge>
  <edge from="LIVER" to="CANCER">
    <attribute name="TEXT" value="6" />
    <attribute name="KEYWORDS" value="1" />
  </edge>
  <edge from="LIVER" to="CELLS">
    <attribute name="TEXT" value="3" />
  </edge>
  <edge from="LIVER" to="TUMOR">
    <attribute name="TEXT" value="1" />
  </edge>
  <edge from="LOSE" to="LOT">
    <attribute name="TEXT" value="1" />
  </edge>
  <edge from="MEDICAL" to="CENTER">
    <attribute name="TEXT" value="1" />
  </edge>
  <edge from="NATIONAL" to="ACADEMY">
    <attribute name="TEXT" value="2" />
  </edge>
  <edge from="NORTH" to="CAROLINA">
    <attribute name="TEXT" value="1" />
  </edge>
  <edge from="PATIENTS" to="INFECTED">
    <attribute name="TEXT" value="1" />
  </edge>
  <edge from="PM" to="EDT">
    <attribute name="TEXT" value="1" />
  </edge>
  <edge from="POTENT" to="GROWTH">
    <attribute name="TEXT" value="2" />
  </edge>
  <edge from="PROMOTER" to="IGF">
    <attribute name="TEXT" value="1" />
  </edge>
  <edge from="PROTECTED" to="AGAINST">
    <attribute name="TEXT" value="1" />
  </edge>
  <edge from="PROTECTIVE" to="TUMOR">
    <attribute name="TEXT" value="1" />
  </edge>
  <edge from="RADIATION" to="ONCOLOGY">
    <attribute name="TEXT" value="1" />
  </edge>
  <edge from="RANDY" to="JIRTLE">
    <attribute name="TEXT" value="1" />
  </edge>
  <edge from="REGENERATE" to="LARGE">
    <attribute name="TEXT" value="1" />
  </edge>
  <edge from="REMAIN" to="COPY">
    <attribute name="TEXT" value="1" />
  </edge>
  <edge from="REUTERS" to="LIMITED">
    <attribute name="TEXT" value="1" />
  </edge>
  <edge from="SENIOR" to="RESEARCHERS">
    <attribute name="TEXT" value="1" />
  </edge>
  <edge from="STAGE" to="LIVER">
    <attribute name="TEXT" value="1" />
  </edge>
  <edge from="STORIES" to="HEPATITIS">
    <attribute name="TEXT" value="1" />
  </edge>
  <edge from="STUDY" to="SENIOR">
    <attribute name="TEXT" value="1" />
  </edge>
  <edge from="SUPPRESSOR" to="GENE">
    <attribute name="TEXT" value="2" />
  </edge>
  <edge from="TEXT" to="HEADLINES">
    <attribute name="TEXT" value="1" />
  </edge>
  <edge from="THERAPY" to="AGAINST">
    <attribute name="TEXT" value="1" />
  </edge>
  <edge from="TRANSFORM" to="GROWTH">
    <attribute name="TEXT" value="1" />
  </edge>
  <edge from="TUMOR" to="CELLS">
    <attribute name="TEXT" value="1" />
  </edge>
  <edge from="TUMOR" to="SUPPRESSOR">
    <attribute name="TEXT" value="1" />
  </edge>
  <edge from="TUMOR-FIGHTING" to="ABILITY">
    <attribute name="TEXT" value="1" />
  </edge>
  <edge from="UNIVERSITY" to="MEDICAL">
    <attribute name="TEXT" value="1" />
  </edge>
  <edge from="VIRAL" to="INFECTION">
    <attribute name="TEXT" value="1" />
  </edge>
  <edge from="VIRUS" to="CUT">
    <attribute name="TEXT" value="2" />
    <attribute name="KEYWORDS" value="2" />
  </edge>
  <edge from="VIRUS" to="CUT">
    <attribute name="TEXT" value="2" />
    <attribute name="KEYWORDS" value="2" />
  </edge>
  <edge from="VIRUS" to="DAMAGE">
    <attribute name="TEXT" value="1" />
  </edge>
  <edge from="VIRUS" to="LIVER">
    <attribute name="TEXT" value="1" />
  </edge>
  <edge from="WEDNESDAY" to="SEPTEMBER">
    <attribute name="TEXT" value="1" />
  </edge>
</graph>
