<graph>
  <node id="ABNORMAL">
    <attribute name="FREQUENCY" value="2" />
  </node>
  <node id="ACCUMULATE">
    <attribute name="FREQUENCY" value="1" />
  </node>
  <node id="ADDED">
    <attribute name="FREQUENCY" value="1" />
  </node>
  <node id="AGE">
    <attribute name="FREQUENCY" value="1" />
  </node>
  <node id="AGENT">
    <attribute name="FREQUENCY" value="1" />
  </node>
  <node id="ANALYSIS">
    <attribute name="FREQUENCY" value="2" />
  </node>
  <node id="ANIMALS">
    <attribute name="FREQUENCY" value="1" />
  </node>
  <node id="APPEARED">
    <attribute name="FREQUENCY" value="1" />
  </node>
  <node id="AUGUST">
    <attribute name="FREQUENCY" value="1" />
  </node>
  <node id="AVOID">
    <attribute name="FREQUENCY" value="3" />
  </node>
  <node id="BAD">
    <attribute name="FREQUENCY" value="1" />
  </node>
  <node id="BEEF">
    <attribute name="FREQUENCY" value="2" />
  </node>
  <node id="BERGER">
    <attribute name="FREQUENCY" value="3" />
  </node>
  <node id="BEVERLY">
    <attribute name="FREQUENCY" value="1" />
  </node>
  <node id="BIZ">
    <attribute name="FREQUENCY" value="4" />
  </node>
  <node id="BOVINE">
    <attribute name="FREQUENCY" value="1" />
  </node>
  <node id="BRAIN">
    <attribute name="FREQUENCY" value="11" />
  </node>
  <node id="BURGOO">
    <attribute name="FREQUENCY" value="1" />
  </node>
  <node id="CALLED">
    <attribute name="FREQUENCY" value="2" />
  </node>
  <node id="CARCASSES">
    <attribute name="FREQUENCY" value="1" />
  </node>
  <node id="CASE">
    <attribute name="FREQUENCY" value="4" />
  </node>
  <node id="CATTLE">
    <attribute name="FREQUENCY" value="1" />
  </node>
  <node id="CAUSED">
    <attribute name="FREQUENCY" value="3" />
  </node>
  <node id="CELLS">
    <attribute name="FREQUENCY" value="4" />
  </node>
  <node id="CHAIRMAN">
    <attribute name="FREQUENCY" value="1" />
  </node>
  <node id="CHANGE">
    <attribute name="FREQUENCY" value="1" />
  </node>
  <node id="CHILD">
    <attribute name="FREQUENCY" value="4" />
  </node>
  <node id="CJD">
    <attribute name="FREQUENCY" value="4" />
  </node>
  <node id="CLEAR">
    <attribute name="FREQUENCY" value="2" />
  </node>
  <node id="COLLEAGUES">
    <attribute name="FREQUENCY" value="1" />
  </node>
  <node id="COMMENTS">
    <attribute name="FREQUENCY" value="2" />
  </node>
  <node id="COMMUTE">
    <attribute name="FREQUENCY" value="4" />
  </node>
  <node id="CONDUCTED">
    <attribute name="FREQUENCY" value="1" />
  </node>
  <node id="CONFIRM">
    <attribute name="FREQUENCY" value="1" />
  </node>
  <node id="CONFIRMED">
    <attribute name="FREQUENCY" value="1" />
  </node>
  <node id="CONSUME">
    <attribute name="FREQUENCY" value="1" />
  </node>
  <node id="CONSUMPTION">
    <attribute name="FREQUENCY" value="3" />
  </node>
  <node id="CONTROVERSIAL">
    <attribute name="FREQUENCY" value="1" />
  </node>
  <node id="COW">
    <attribute name="FREQUENCY" value="3" />
  </node>
  <node id="CREUTZFELDT-JAKOB">
    <attribute name="FREQUENCY" value="1" />
  </node>
  <node id="DAMAGE">
    <attribute name="FREQUENCY" value="1" />
  </node>
  <node id="DEATH">
    <attribute name="FREQUENCY" value="4" />
  </node>
  <node id="DEER">
    <attribute name="FREQUENCY" value="1" />
  </node>
  <node id="DELICACY">
    <attribute name="FREQUENCY" value="1" />
  </node>
  <node id="DEMENTIA-INDUCING">
    <attribute name="FREQUENCY" value="1" />
  </node>
  <node id="DEPARTMENT">
    <attribute name="FREQUENCY" value="1" />
  </node>
  <node id="DIAGNOSIS">
    <attribute name="FREQUENCY" value="1" />
  </node>
  <node id="DIED">
    <attribute name="FREQUENCY" value="1" />
  </node>
  <node id="DISEASE">
    <attribute name="FREQUENCY" value="8" />
  </node>
  <node id="DISORDER">
    <attribute name="FREQUENCY" value="3" />
  </node>
  <node id="DRS">
    <attribute name="FREQUENCY" value="1" />
  </node>
  <node id="EATEN">
    <attribute name="FREQUENCY" value="1" />
  </node>
  <node id="EATING">
    <attribute name="FREQUENCY" value="8" />
  </node>
  <node id="EDT">
    <attribute name="FREQUENCY" value="1" />
  </node>
  <node id="EGG">
    <attribute name="FREQUENCY" value="1" />
  </node>
  <node id="ELK">
    <attribute name="FREQUENCY" value="1" />
  </node>
  <node id="ENCEPHALOPATHY">
    <attribute name="FREQUENCY" value="3" />
  </node>
  <node id="ENGLAND">
    <attribute name="FREQUENCY" value="1" />
  </node>
  <node id="ENTERTAIN">
    <attribute name="FREQUENCY" value="4" />
  </node>
  <node id="ERICK">
    <attribute name="FREQUENCY" value="1" />
  </node>
  <node id="EXPERTS">
    <attribute name="FREQUENCY" value="1" />
  </node>
  <node id="FAMILY">
    <attribute name="FREQUENCY" value="1" />
  </node>
  <node id="FATAL">
    <attribute name="FREQUENCY" value="1" />
  </node>
  <node id="FEED">
    <attribute name="FREQUENCY" value="1" />
  </node>
  <node id="FLUKE">
    <attribute name="FREQUENCY" value="1" />
  </node>
  <node id="FOOD">
    <attribute name="FREQUENCY" value="1" />
  </node>
  <node id="FORM">
    <attribute name="FREQUENCY" value="1" />
  </node>
  <node id="FRANCE">
    <attribute name="FREQUENCY" value="1" />
  </node>
  <node id="FRIDAY">
    <attribute name="FREQUENCY" value="1" />
  </node>
  <node id="GROUND">
    <attribute name="FREQUENCY" value="1" />
  </node>
  <node id="HABITS">
    <attribute name="FREQUENCY" value="1" />
  </node>
  <node id="HARVEST">
    <attribute name="FREQUENCY" value="1" />
  </node>
  <node id="HEADLINES">
    <attribute name="FREQUENCY" value="1" />
  </node>
  <node id="HEALTH">
    <attribute name="FREQUENCY" value="5" />
  </node>
  <node id="HEART">
    <attribute name="FREQUENCY" value="4" />
  </node>
  <node id="HOLE">
    <attribute name="FREQUENCY" value="1" />
  </node>
  <node id="HTML">
    <attribute name="FREQUENCY" value="1" />
  </node>
  <node id="HUMAN">
    <attribute name="FREQUENCY" value="2" />
  </node>
  <node id="IDEA">
    <attribute name="FREQUENCY" value="1" />
  </node>
  <node id="INCLUDING">
    <attribute name="FREQUENCY" value="1" />
  </node>
  <node id="INFECTIOUS">
    <attribute name="FREQUENCY" value="1" />
  </node>
  <node id="INFO">
    <attribute name="FREQUENCY" value="2" />
  </node>
  <node id="INTEREST">
    <attribute name="FREQUENCY" value="1" />
  </node>
  <node id="JOSEPH">
    <attribute name="FREQUENCY" value="1" />
  </node>
  <node id="KENTUCKY">
    <attribute name="FREQUENCY" value="6" />
  </node>
  <node id="LANCET">
    <attribute name="FREQUENCY" value="2" />
  </node>
  <node id="LETTER">
    <attribute name="FREQUENCY" value="1" />
  </node>
  <node id="LEXINGTON">
    <attribute name="FREQUENCY" value="1" />
  </node>
  <node id="LIMITED">
    <attribute name="FREQUENCY" value="1" />
  </node>
  <node id="LINKED">
    <attribute name="FREQUENCY" value="1" />
  </node>
  <node id="LIVE">
    <attribute name="FREQUENCY" value="1" />
  </node>
  <node id="LOCAL">
    <attribute name="FREQUENCY" value="1" />
  </node>
  <node id="LONG">
    <attribute name="FREQUENCY" value="4" />
  </node>
  <node id="MAD">
    <attribute name="FREQUENCY" value="2" />
  </node>
  <node id="MEANTIME">
    <attribute name="FREQUENCY" value="1" />
  </node>
  <node id="MEAT">
    <attribute name="FREQUENCY" value="1" />
  </node>
  <node id="MINK">
    <attribute name="FREQUENCY" value="1" />
  </node>
  <node id="MULE">
    <attribute name="FREQUENCY" value="1" />
  </node>
  <node id="NEEDED">
    <attribute name="FREQUENCY" value="1" />
  </node>
  <node id="NERVOUS">
    <attribute name="FREQUENCY" value="3" />
  </node>
  <node id="NEUROLOGY">
    <attribute name="FREQUENCY" value="1" />
  </node>
  <node id="NEWS">
    <attribute name="FREQUENCY" value="4" />
  </node>
  <node id="NORMAL">
    <attribute name="FREQUENCY" value="1" />
  </node>
  <node id="OCCUR">
    <attribute name="FREQUENCY" value="1" />
  </node>
  <node id="OVERREPRESENTATION">
    <attribute name="FREQUENCY" value="1" />
  </node>
  <node id="PART">
    <attribute name="FREQUENCY" value="1" />
  </node>
  <node id="PATIENTS">
    <attribute name="FREQUENCY" value="4" />
  </node>
  <node id="PEOPLE">
    <attribute name="FREQUENCY" value="4" />
  </node>
  <node id="PLANS">
    <attribute name="FREQUENCY" value="1" />
  </node>
  <node id="PM">
    <attribute name="FREQUENCY" value="1" />
  </node>
  <node id="POINT">
    <attribute name="FREQUENCY" value="1" />
  </node>
  <node id="POLITIC">
    <attribute name="FREQUENCY" value="4" />
  </node>
  <node id="POPULATION">
    <attribute name="FREQUENCY" value="1" />
  </node>
  <node id="POSSIBLY">
    <attribute name="FREQUENCY" value="1" />
  </node>
  <node id="PRACTICE">
    <attribute name="FREQUENCY" value="1" />
  </node>
  <node id="PREE-ON">
    <attribute name="FREQUENCY" value="1" />
  </node>
  <node id="PRION">
    <attribute name="FREQUENCY" value="2" />
  </node>
  <node id="PROFESSOR">
    <attribute name="FREQUENCY" value="1" />
  </node>
  <node id="PRONOUNCED">
    <attribute name="FREQUENCY" value="1" />
  </node>
  <node id="PROTEIN">
    <attribute name="FREQUENCY" value="4" />
  </node>
  <node id="PURSUE">
    <attribute name="FREQUENCY" value="1" />
  </node>
  <node id="QUESTIONS">
    <attribute name="FREQUENCY" value="3" />
  </node>
  <node id="RAISE">
    <attribute name="FREQUENCY" value="1" />
  </node>
  <node id="RANGED">
    <attribute name="FREQUENCY" value="1" />
  </node>
  <node id="RARE">
    <attribute name="FREQUENCY" value="1" />
  </node>
  <node id="REGION">
    <attribute name="FREQUENCY" value="1" />
  </node>
  <node id="REPORTED">
    <attribute name="FREQUENCY" value="1" />
  </node>
  <node id="RESEARCHERS">
    <attribute name="FREQUENCY" value="1" />
  </node>
  <node id="REUTERS">
    <attribute name="FREQUENCY" value="2" />
  </node>
  <node id="RURAL">
    <attribute name="FREQUENCY" value="2" />
  </node>
  <node id="SCIENTISTS">
    <attribute name="FREQUENCY" value="1" />
  </node>
  <node id="SCOREBOARD">
    <attribute name="FREQUENCY" value="4" />
  </node>
  <node id="SCOTLAND">
    <attribute name="FREQUENCY" value="1" />
  </node>
  <node id="SCRAMBLED">
    <attribute name="FREQUENCY" value="1" />
  </node>
  <node id="SCRAPIE">
    <attribute name="FREQUENCY" value="1" />
  </node>
  <node id="SHAPE">
    <attribute name="FREQUENCY" value="1" />
  </node>
  <node id="SHEEP">
    <attribute name="FREQUENCY" value="2" />
  </node>
  <node id="SICKLE">
    <attribute name="FREQUENCY" value="4" />
  </node>
  <node id="SOURCE">
    <attribute name="FREQUENCY" value="1" />
  </node>
  <node id="SPECIES">
    <attribute name="FREQUENCY" value="1" />
  </node>
  <node id="SPONGIFORM">
    <attribute name="FREQUENCY" value="3" />
  </node>
  <node id="SPONGY">
    <attribute name="FREQUENCY" value="1" />
  </node>
  <node id="SPONTANEOUSLY">
    <attribute name="FREQUENCY" value="1" />
  </node>
  <node id="SPORT">
    <attribute name="FREQUENCY" value="4" />
  </node>
  <node id="SPREAD">
    <attribute name="FREQUENCY" value="2" />
  </node>
  <node id="SQUIRREL">
    <attribute name="FREQUENCY" value="12" />
  </node>
  <node id="SQUIRREL-BRAIN">
    <attribute name="FREQUENCY" value="1" />
  </node>
  <node id="STATES">
    <attribute name="FREQUENCY" value="1" />
  </node>
  <node id="STATISTICAL">
    <attribute name="FREQUENCY" value="2" />
  </node>
  <node id="STEERING">
    <attribute name="FREQUENCY" value="1" />
  </node>
  <node id="STEW">
    <attribute name="FREQUENCY" value="1" />
  </node>
  <node id="STORIES">
    <attribute name="FREQUENCY" value="1" />
  </node>
  <node id="STORY">
    <attribute name="FREQUENCY" value="4" />
  </node>
  <node id="STUDY">
    <attribute name="FREQUENCY" value="1" />
  </node>
  <node id="SURVEY">
    <attribute name="FREQUENCY" value="1" />
  </node>
  <node id="SUSPECT">
    <attribute name="FREQUENCY" value="1" />
  </node>
  <node id="TAMKINS">
    <attribute name="FREQUENCY" value="1" />
  </node>
  <node id="TECH">
    <attribute name="FREQUENCY" value="4" />
  </node>
  <node id="TEST">
    <attribute name="FREQUENCY" value="1" />
  </node>
  <node id="TEXT">
    <attribute name="FREQUENCY" value="1" />
  </node>
  <node id="THEORY">
    <attribute name="FREQUENCY" value="1" />
  </node>
  <node id="THERESA">
    <attribute name="FREQUENCY" value="1" />
  </node>
  <node id="THOUGHT">
    <attribute name="FREQUENCY" value="2" />
  </node>
  <node id="TISSUE">
    <attribute name="FREQUENCY" value="2" />
  </node>
  <node id="TISSUE-CONTAMINATED">
    <attribute name="FREQUENCY" value="1" />
  </node>
  <node id="TROUBLE">
    <attribute name="FREQUENCY" value="4" />
  </node>
  <node id="UNCOMMON">
    <attribute name="FREQUENCY" value="1" />
  </node>
  <node id="UNIVERSITY">
    <attribute name="FREQUENCY" value="1" />
  </node>
  <node id="VEGETABLES">
    <attribute name="FREQUENCY" value="1" />
  </node>
  <node id="WARNING">
    <attribute name="FREQUENCY" value="2" />
  </node>
  <node id="WEISMAN">
    <attribute name="FREQUENCY" value="1" />
  </node>
  <node id="WESTERN">
    <attribute name="FREQUENCY" value="1" />
  </node>
  <node id="WRITE">
    <attribute name="FREQUENCY" value="2" />
  </node>
  <node id="YAHOO">
    <attribute name="FREQUENCY" value="4" />
  </node>
  <node id="YEAR">
    <attribute name="FREQUENCY" value="1" />
  </node>
  <node id="YORK">
    <attribute name="FREQUENCY" value="1" />
  </node>
  <edge from="ABNORMAL" to="PROTEIN">
    <attribute name="TEXT" value="2" />
  </edge>
  <edge from="AVOID" to="EATING">
    <attribute name="TEXT" value="3" />
  </edge>
  <edge from="BAD" to="IDEA">
    <attribute name="TEXT" value="1" />
  </edge>
  <edge from="BERGER" to="PROFESSOR">
    <attribute name="TEXT" value="1" />
  </edge>
  <edge from="BEVERLY" to="WEISMAN">
    <attribute name="TEXT" value="1" />
  </edge>
  <edge from="BOVINE" to="SPONGIFORM">
    <attribute name="TEXT" value="1" />
  </edge>
  <edge from="BRAIN" to="CONSUMPTION">
    <attribute name="TEXT" value="1" />
  </edge>
  <edge from="BRAIN" to="DISEASE">
    <attribute name="TEXT" value="1" />
  </edge>
  <edge from="CALLED" to="SCRAPIE">
    <attribute name="TEXT" value="1" />
  </edge>
  <edge from="CATTLE" to="FEED">
    <attribute name="TEXT" value="1" />
  </edge>
  <edge from="CELLS" to="DEATH">
    <attribute name="TEXT" value="8" />
    <attribute name="LINKS" value="8" />
  </edge>
  <edge from="CELLS" to="DEATH">
    <attribute name="TEXT" value="8" />
    <attribute name="LINKS" value="8" />
  </edge>
  <edge from="CHILD" to="SICKLE">
    <attribute name="TEXT" value="2" />
    <attribute name="LINKS" value="2" />
  </edge>
  <edge from="CHILD" to="SICKLE">
    <attribute name="TEXT" value="2" />
    <attribute name="LINKS" value="2" />
  </edge>
  <edge from="COLLEAGUES" to="DRS">
    <attribute name="TEXT" value="1" />
  </edge>
  <edge from="CONSUME" to="SQUIRREL">
    <attribute name="TEXT" value="1" />
  </edge>
  <edge from="COW" to="DISEASE">
    <attribute name="TEXT" value="2" />
  </edge>
  <edge from="CREUTZFELDT-JAKOB" to="DISEASE">
    <attribute name="TEXT" value="1" />
  </edge>
  <edge from="DAMAGE" to="NERVOUS">
    <attribute name="TEXT" value="1" />
  </edge>
  <edge from="DEER" to="ELK">
    <attribute name="TEXT" value="1" />
  </edge>
  <edge from="DEMENTIA-INDUCING" to="DISORDER">
    <attribute name="TEXT" value="1" />
  </edge>
  <edge from="DISEASE" to="CALLED">
    <attribute name="TEXT" value="1" />
  </edge>
  <edge from="DISEASE" to="RANGED">
    <attribute name="TEXT" value="1" />
  </edge>
  <edge from="DISORDER" to="CREUTZFELDT-JAKOB">
    <attribute name="TEXT" value="1" />
  </edge>
  <edge from="DISORDER" to="LINKED">
    <attribute name="TEXT" value="1" />
  </edge>
  <edge from="EATEN" to="SQUIRREL">
    <attribute name="TEXT" value="1" />
  </edge>
  <edge from="EATING" to="BEEF">
    <attribute name="TEXT" value="1" />
  </edge>
  <edge from="EATING" to="HABITS">
    <attribute name="TEXT" value="1" />
  </edge>
  <edge from="EATING" to="LOCAL">
    <attribute name="TEXT" value="1" />
  </edge>
  <edge from="EATING" to="SQUIRREL">
    <attribute name="TEXT" value="3" />
    <attribute name="KEYWORDS" value="1" />
  </edge>
  <edge from="EATING" to="SQUIRREL">
    <attribute name="TEXT" value="3" />
    <attribute name="KEYWORDS" value="1" />
  </edge>
  <edge from="ENCEPHALOPATHY" to="DISORDER">
    <attribute name="TEXT" value="1" />
  </edge>
  <edge from="ENGLAND" to="SCOTLAND">
    <attribute name="TEXT" value="1" />
  </edge>
  <edge from="EXPERTS" to="SUSPECT">
    <attribute name="TEXT" value="1" />
  </edge>
  <edge from="FATAL" to="DEMENTIA-INDUCING">
    <attribute name="TEXT" value="1" />
  </edge>
  <edge from="FRIDAY" to="AUGUST">
    <attribute name="TEXT" value="1" />
  </edge>
  <edge from="HARVEST" to="SQUIRREL">
    <attribute name="TEXT" value="1" />
  </edge>
  <edge from="HEALTH" to="EXPERTS">
    <attribute name="TEXT" value="1" />
  </edge>
  <edge from="HEALTH" to="STORIES">
    <attribute name="TEXT" value="1" />
  </edge>
  <edge from="HEART" to="TROUBLE">
    <attribute name="TEXT" value="2" />
    <attribute name="LINKS" value="2" />
  </edge>
  <edge from="HEART" to="TROUBLE">
    <attribute name="TEXT" value="2" />
    <attribute name="LINKS" value="2" />
  </edge>
  <edge from="HUMAN" to="POPULATION">
    <attribute name="TEXT" value="1" />
  </edge>
  <edge from="INCLUDING" to="ANALYSIS">
    <attribute name="TEXT" value="1" />
  </edge>
  <edge from="INFECTIOUS" to="AGENT">
    <attribute name="TEXT" value="1" />
  </edge>
  <edge from="INTEREST" to="QUESTIONS">
    <attribute name="TEXT" value="1" />
  </edge>
  <edge from="JOSEPH" to="BERGER">
    <attribute name="TEXT" value="1" />
  </edge>
  <edge from="KENTUCKY" to="CASE">
    <attribute name="TEXT" value="1" />
  </edge>
  <edge from="KENTUCKY" to="CONSUME">
    <attribute name="TEXT" value="1" />
  </edge>
  <edge from="KENTUCKY" to="RESEARCHERS">
    <attribute name="TEXT" value="1" />
  </edge>
  <edge from="LOCAL" to="DELICACY">
    <attribute name="TEXT" value="1" />
  </edge>
  <edge from="LONG" to="COMMUTE">
    <attribute name="TEXT" value="2" />
    <attribute name="LINKS" value="2" />
  </edge>
  <edge from="LONG" to="COMMUTE">
    <attribute name="TEXT" value="2" />
    <attribute name="LINKS" value="2" />
  </edge>
  <edge from="MAD" to="COW">
    <attribute name="TEXT" value="2" />
  </edge>
  <edge from="MEANTIME" to="STEERING">
    <attribute name="TEXT" value="1" />
  </edge>
  <edge from="MINK" to="MULE">
    <attribute name="TEXT" value="1" />
  </edge>
  <edge from="MULE" to="DEER">
    <attribute name="TEXT" value="1" />
  </edge>
  <edge from="NERVOUS" to="TISSUE">
    <attribute name="TEXT" value="2" />
  </edge>
  <edge from="NERVOUS" to="TISSUE-CONTAMINATED">
    <attribute name="TEXT" value="1" />
  </edge>
  <edge from="NEUROLOGY" to="DEPARTMENT">
    <attribute name="TEXT" value="1" />
  </edge>
  <edge from="NORMAL" to="PROTEIN">
    <attribute name="TEXT" value="1" />
  </edge>
  <edge from="OCCUR" to="SPONTANEOUSLY">
    <attribute name="TEXT" value="1" />
  </edge>
  <edge from="PATIENTS" to="REPORTED">
    <attribute name="TEXT" value="1" />
  </edge>
  <edge from="PEOPLE" to="CONDUCTED">
    <attribute name="TEXT" value="1" />
  </edge>
  <edge from="PEOPLE" to="LIVE">
    <attribute name="TEXT" value="1" />
  </edge>
  <edge from="PM" to="EDT">
    <attribute name="TEXT" value="1" />
  </edge>
  <edge from="POINT" to="FOOD">
    <attribute name="TEXT" value="1" />
  </edge>
  <edge from="PRION" to="PROTEIN">
    <attribute name="TEXT" value="1" />
  </edge>
  <edge from="PRONOUNCED" to="PREE-ON">
    <attribute name="TEXT" value="1" />
  </edge>
  <edge from="PROTEIN" to="THOUGHT">
    <attribute name="TEXT" value="1" />
  </edge>
  <edge from="REUTERS" to="LIMITED">
    <attribute name="TEXT" value="1" />
  </edge>
  <edge from="RURAL" to="KENTUCKY">
    <attribute name="TEXT" value="2" />
  </edge>
  <edge from="SHEEP" to="CARCASSES">
    <attribute name="TEXT" value="1" />
  </edge>
  <edge from="SHEEP" to="DISEASE">
    <attribute name="TEXT" value="1" />
  </edge>
  <edge from="SICKLE" to="CELLS">
    <attribute name="TEXT" value="4" />
    <attribute name="LINKS" value="4" />
  </edge>
  <edge from="SICKLE" to="CELLS">
    <attribute name="TEXT" value="4" />
    <attribute name="LINKS" value="4" />
  </edge>
  <edge from="SPONGIFORM" to="ENCEPHALOPATHY">
    <attribute name="TEXT" value="3" />
  </edge>
  <edge from="SPONGY" to="HOLE">
    <attribute name="TEXT" value="1" />
  </edge>
  <edge from="SQUIRREL" to="BRAIN">
    <attribute name="TEXT" value="12" />
    <attribute name="KEYWORDS" value="2" />
  </edge>
  <edge from="SQUIRREL" to="BRAIN">
    <attribute name="TEXT" value="12" />
    <attribute name="KEYWORDS" value="2" />
  </edge>
  <edge from="SQUIRREL-BRAIN" to="CONSUMPTION">
    <attribute name="TEXT" value="1" />
  </edge>
  <edge from="STATISTICAL" to="ANALYSIS">
    <attribute name="TEXT" value="1" />
  </edge>
  <edge from="STATISTICAL" to="FLUKE">
    <attribute name="TEXT" value="1" />
  </edge>
  <edge from="STEERING" to="CLEAR">
    <attribute name="TEXT" value="1" />
  </edge>
  <edge from="STEW" to="CALLED">
    <attribute name="TEXT" value="1" />
  </edge>
  <edge from="STORIES" to="SQUIRREL">
    <attribute name="TEXT" value="1" />
  </edge>
  <edge from="TEXT" to="HEADLINES">
    <attribute name="TEXT" value="1" />
  </edge>
  <edge from="THERESA" to="TAMKINS">
    <attribute name="TEXT" value="1" />
  </edge>
  <edge from="TISSUE-CONTAMINATED" to="BEEF">
    <attribute name="TEXT" value="1" />
  </edge>
  <edge from="VEGETABLES" to="STEW">
    <attribute name="TEXT" value="1" />
  </edge>
  <edge from="WESTERN" to="KENTUCKY">
    <attribute name="TEXT" value="1" />
  </edge>
</graph>
