<graph>
  <node id="ABSORB">
    <attribute name="FREQUENCY" value="2" />
  </node>
  <node id="ADEPT">
    <attribute name="FREQUENCY" value="1" />
  </node>
  <node id="AGE">
    <attribute name="FREQUENCY" value="2" />
  </node>
  <node id="AHEAD">
    <attribute name="FREQUENCY" value="1" />
  </node>
  <node id="APPEARS">
    <attribute name="FREQUENCY" value="1" />
  </node>
  <node id="APT">
    <attribute name="FREQUENCY" value="1" />
  </node>
  <node id="ATTACH">
    <attribute name="FREQUENCY" value="1" />
  </node>
  <node id="ATTENTION">
    <attribute name="FREQUENCY" value="2" />
  </node>
  <node id="AUTHOR">
    <attribute name="FREQUENCY" value="1" />
  </node>
  <node id="BABIES">
    <attribute name="FREQUENCY" value="5" />
  </node>
  <node id="BABY">
    <attribute name="FREQUENCY" value="2" />
  </node>
  <node id="BALTIMORE">
    <attribute name="FREQUENCY" value="1" />
  </node>
  <node id="BEGIN">
    <attribute name="FREQUENCY" value="1" />
  </node>
  <node id="BEGINNING">
    <attribute name="FREQUENCY" value="1" />
  </node>
  <node id="BELIEF">
    <attribute name="FREQUENCY" value="1" />
  </node>
  <node id="BELIEVES">
    <attribute name="FREQUENCY" value="1" />
  </node>
  <node id="BIRDSONGS">
    <attribute name="FREQUENCY" value="1" />
  </node>
  <node id="BIZ">
    <attribute name="FREQUENCY" value="4" />
  </node>
  <node id="BRAIN">
    <attribute name="FREQUENCY" value="5" />
  </node>
  <node id="BROUGHT">
    <attribute name="FREQUENCY" value="1" />
  </node>
  <node id="CALL">
    <attribute name="FREQUENCY" value="1" />
  </node>
  <node id="CAREER">
    <attribute name="FREQUENCY" value="2" />
  </node>
  <node id="CATCH">
    <attribute name="FREQUENCY" value="1" />
  </node>
  <node id="CELEBS">
    <attribute name="FREQUENCY" value="2" />
  </node>
  <node id="CHILDREN">
    <attribute name="FREQUENCY" value="1" />
  </node>
  <node id="COCAINE">
    <attribute name="FREQUENCY" value="4" />
  </node>
  <node id="COLD">
    <attribute name="FREQUENCY" value="1" />
  </node>
  <node id="COMMENTS">
    <attribute name="FREQUENCY" value="2" />
  </node>
  <node id="COMPARATIVELY">
    <attribute name="FREQUENCY" value="1" />
  </node>
  <node id="COMPUTER">
    <attribute name="FREQUENCY" value="2" />
  </node>
  <node id="CONCEPT">
    <attribute name="FREQUENCY" value="3" />
  </node>
  <node id="CONCLUDED">
    <attribute name="FREQUENCY" value="1" />
  </node>
  <node id="CONDUCIVE">
    <attribute name="FREQUENCY" value="1" />
  </node>
  <node id="CONTAINED">
    <attribute name="FREQUENCY" value="1" />
  </node>
  <node id="COUNTER">
    <attribute name="FREQUENCY" value="1" />
  </node>
  <node id="CRITICAL">
    <attribute name="FREQUENCY" value="1" />
  </node>
  <node id="DECOY">
    <attribute name="FREQUENCY" value="1" />
  </node>
  <node id="DETERMINE">
    <attribute name="FREQUENCY" value="1" />
  </node>
  <node id="DEVELOP">
    <attribute name="FREQUENCY" value="1" />
  </node>
  <node id="DIRECTION">
    <attribute name="FREQUENCY" value="1" />
  </node>
  <node id="DIRECTLY">
    <attribute name="FREQUENCY" value="1" />
  </node>
  <node id="DISPLAY">
    <attribute name="FREQUENCY" value="1" />
  </node>
  <node id="DRS">
    <attribute name="FREQUENCY" value="1" />
  </node>
  <node id="EARLY">
    <attribute name="FREQUENCY" value="1" />
  </node>
  <node id="EDT">
    <attribute name="FREQUENCY" value="1" />
  </node>
  <node id="EDUCATION">
    <attribute name="FREQUENCY" value="2" />
  </node>
  <node id="EIGHT-MONTH-OLD">
    <attribute name="FREQUENCY" value="1" />
  </node>
  <node id="ELECTRONIC">
    <attribute name="FREQUENCY" value="1" />
  </node>
  <node id="ELIZABETH">
    <attribute name="FREQUENCY" value="1" />
  </node>
  <node id="END">
    <attribute name="FREQUENCY" value="1" />
  </node>
  <node id="ENGAGE">
    <attribute name="FREQUENCY" value="1" />
  </node>
  <node id="ENTERTAIN">
    <attribute name="FREQUENCY" value="4" />
  </node>
  <node id="ENTERTAINMENT">
    <attribute name="FREQUENCY" value="2" />
  </node>
  <node id="ENVIRONMENT">
    <attribute name="FREQUENCY" value="1" />
  </node>
  <node id="EXPECTED">
    <attribute name="FREQUENCY" value="1" />
  </node>
  <node id="EXPERIENCE">
    <attribute name="FREQUENCY" value="1" />
  </node>
  <node id="EXPERTS">
    <attribute name="FREQUENCY" value="1" />
  </node>
  <node id="EXPLAINED">
    <attribute name="FREQUENCY" value="2" />
  </node>
  <node id="EXPLANATION">
    <attribute name="FREQUENCY" value="1" />
  </node>
  <node id="EXPLORE">
    <attribute name="FREQUENCY" value="1" />
  </node>
  <node id="FAMILIAR">
    <attribute name="FREQUENCY" value="1" />
  </node>
  <node id="FASHIONANDBEAUTY">
    <attribute name="FREQUENCY" value="2" />
  </node>
  <node id="FINDINGS">
    <attribute name="FREQUENCY" value="2" />
  </node>
  <node id="FOODANDWINE">
    <attribute name="FREQUENCY" value="2" />
  </node>
  <node id="FREQUENTLY">
    <attribute name="FREQUENCY" value="1" />
  </node>
  <node id="FRONT">
    <attribute name="FREQUENCY" value="1" />
  </node>
  <node id="GAY">
    <attribute name="FREQUENCY" value="4" />
  </node>
  <node id="GONORRHEA">
    <attribute name="FREQUENCY" value="4" />
  </node>
  <node id="GROUP">
    <attribute name="FREQUENCY" value="1" />
  </node>
  <node id="GUIDED">
    <attribute name="FREQUENCY" value="1" />
  </node>
  <node id="HANGING">
    <attribute name="FREQUENCY" value="1" />
  </node>
  <node id="HARD-WIRED">
    <attribute name="FREQUENCY" value="1" />
  </node>
  <node id="HEAD">
    <attribute name="FREQUENCY" value="1" />
  </node>
  <node id="HEADLINES">
    <attribute name="FREQUENCY" value="1" />
  </node>
  <node id="HEALTH">
    <attribute name="FREQUENCY" value="4" />
  </node>
  <node id="HEALTHANDNUTRITION">
    <attribute name="FREQUENCY" value="2" />
  </node>
  <node id="HEAR">
    <attribute name="FREQUENCY" value="1" />
  </node>
  <node id="HEARD">
    <attribute name="FREQUENCY" value="1" />
  </node>
  <node id="HOHNE">
    <attribute name="FREQUENCY" value="1" />
  </node>
  <node id="HOME-VISIT">
    <attribute name="FREQUENCY" value="1" />
  </node>
  <node id="HOMES">
    <attribute name="FREQUENCY" value="1" />
  </node>
  <node id="HOPKINS">
    <attribute name="FREQUENCY" value="2" />
  </node>
  <node id="HOROSCOPES">
    <attribute name="FREQUENCY" value="2" />
  </node>
  <node id="HTML">
    <attribute name="FREQUENCY" value="1" />
  </node>
  <node id="IDEA">
    <attribute name="FREQUENCY" value="1" />
  </node>
  <node id="IMPORTANT">
    <attribute name="FREQUENCY" value="1" />
  </node>
  <node id="IMPROVEMENT">
    <attribute name="FREQUENCY" value="2" />
  </node>
  <node id="INCLUDED">
    <attribute name="FREQUENCY" value="1" />
  </node>
  <node id="INCREASE">
    <attribute name="FREQUENCY" value="4" />
  </node>
  <node id="INFANT">
    <attribute name="FREQUENCY" value="9" />
  </node>
  <node id="INFECTION">
    <attribute name="FREQUENCY" value="4" />
  </node>
  <node id="INFO">
    <attribute name="FREQUENCY" value="2" />
  </node>
  <node id="INFORMATION">
    <attribute name="FREQUENCY" value="1" />
  </node>
  <node id="INHERENT">
    <attribute name="FREQUENCY" value="1" />
  </node>
  <node id="INNATELY">
    <attribute name="FREQUENCY" value="1" />
  </node>
  <node id="INSTINCTUAL">
    <attribute name="FREQUENCY" value="1" />
  </node>
  <node id="INTEREST">
    <attribute name="FREQUENCY" value="2" />
  </node>
  <node id="ISOLATES">
    <attribute name="FREQUENCY" value="1" />
  </node>
  <node id="ISOLATING">
    <attribute name="FREQUENCY" value="1" />
  </node>
  <node id="ISSUE">
    <attribute name="FREQUENCY" value="1" />
  </node>
  <node id="JOHN">
    <attribute name="FREQUENCY" value="2" />
  </node>
  <node id="JOURNAL">
    <attribute name="FREQUENCY" value="1" />
  </node>
  <node id="JUSCZYK">
    <attribute name="FREQUENCY" value="8" />
  </node>
  <node id="KIDS">
    <attribute name="FREQUENCY" value="2" />
  </node>
  <node id="LAB">
    <attribute name="FREQUENCY" value="1" />
  </node>
  <node id="LABEL">
    <attribute name="FREQUENCY" value="1" />
  </node>
  <node id="LANGUAGE">
    <attribute name="FREQUENCY" value="5" />
  </node>
  <node id="LEARN">
    <attribute name="FREQUENCY" value="6" />
  </node>
  <node id="LEND">
    <attribute name="FREQUENCY" value="1" />
  </node>
  <node id="LESSONS">
    <attribute name="FREQUENCY" value="1" />
  </node>
  <node id="LIGHT">
    <attribute name="FREQUENCY" value="3" />
  </node>
  <node id="LIKELIHOOD">
    <attribute name="FREQUENCY" value="1" />
  </node>
  <node id="LIMITED">
    <attribute name="FREQUENCY" value="1" />
  </node>
  <node id="LINKED">
    <attribute name="FREQUENCY" value="1" />
  </node>
  <node id="LIST">
    <attribute name="FREQUENCY" value="7" />
  </node>
  <node id="LISTEN">
    <attribute name="FREQUENCY" value="3" />
  </node>
  <node id="LOGICAL">
    <attribute name="FREQUENCY" value="1" />
  </node>
  <node id="LONG">
    <attribute name="FREQUENCY" value="1" />
  </node>
  <node id="LONG-TERM">
    <attribute name="FREQUENCY" value="1" />
  </node>
  <node id="LONGER">
    <attribute name="FREQUENCY" value="1" />
  </node>
  <node id="MARKED">
    <attribute name="FREQUENCY" value="1" />
  </node>
  <node id="MARYLAND">
    <attribute name="FREQUENCY" value="1" />
  </node>
  <node id="MASS">
    <attribute name="FREQUENCY" value="1" />
  </node>
  <node id="MEANING">
    <attribute name="FREQUENCY" value="1" />
  </node>
  <node id="MEASURE">
    <attribute name="FREQUENCY" value="1" />
  </node>
  <node id="MEASURED">
    <attribute name="FREQUENCY" value="1" />
  </node>
  <node id="MEN">
    <attribute name="FREQUENCY" value="4" />
  </node>
  <node id="MINUTES">
    <attribute name="FREQUENCY" value="1" />
  </node>
  <node id="MONEY">
    <attribute name="FREQUENCY" value="2" />
  </node>
  <node id="MONTH">
    <attribute name="FREQUENCY" value="2" />
  </node>
  <node id="MOVEMENT">
    <attribute name="FREQUENCY" value="1" />
  </node>
  <node id="MUNDELL">
    <attribute name="FREQUENCY" value="1" />
  </node>
  <node id="MUSIC">
    <attribute name="FREQUENCY" value="2" />
  </node>
  <node id="NEWS">
    <attribute name="FREQUENCY" value="4" />
  </node>
  <node id="NEWSANDPOLITICS">
    <attribute name="FREQUENCY" value="2" />
  </node>
  <node id="OBJECT">
    <attribute name="FREQUENCY" value="1" />
  </node>
  <node id="OCCUR">
    <attribute name="FREQUENCY" value="2" />
  </node>
  <node id="OFT-REPEATED">
    <attribute name="FREQUENCY" value="1" />
  </node>
  <node id="OLDER">
    <attribute name="FREQUENCY" value="1" />
  </node>
  <node id="OLDS">
    <attribute name="FREQUENCY" value="1" />
  </node>
  <node id="PERIOD">
    <attribute name="FREQUENCY" value="1" />
  </node>
  <node id="PETER">
    <attribute name="FREQUENCY" value="1" />
  </node>
  <node id="PLAYED">
    <attribute name="FREQUENCY" value="2" />
  </node>
  <node id="PM">
    <attribute name="FREQUENCY" value="1" />
  </node>
  <node id="POINT">
    <attribute name="FREQUENCY" value="1" />
  </node>
  <node id="POLITIC">
    <attribute name="FREQUENCY" value="4" />
  </node>
  <node id="PREFERENCES">
    <attribute name="FREQUENCY" value="1" />
  </node>
  <node id="PREREQUISITE">
    <attribute name="FREQUENCY" value="1" />
  </node>
  <node id="PROCESS">
    <attribute name="FREQUENCY" value="1" />
  </node>
  <node id="PUTTING">
    <attribute name="FREQUENCY" value="1" />
  </node>
  <node id="QUESTIONS">
    <attribute name="FREQUENCY" value="2" />
  </node>
  <node id="REACHED">
    <attribute name="FREQUENCY" value="1" />
  </node>
  <node id="REACT">
    <attribute name="FREQUENCY" value="4" />
  </node>
  <node id="READ">
    <attribute name="FREQUENCY" value="3" />
  </node>
  <node id="REAL">
    <attribute name="FREQUENCY" value="1" />
  </node>
  <node id="RECEIVED">
    <attribute name="FREQUENCY" value="1" />
  </node>
  <node id="RECOGNIZE">
    <attribute name="FREQUENCY" value="1" />
  </node>
  <node id="RED">
    <attribute name="FREQUENCY" value="3" />
  </node>
  <node id="RELATIONSHIP">
    <attribute name="FREQUENCY" value="2" />
  </node>
  <node id="REMEMBER">
    <attribute name="FREQUENCY" value="2" />
  </node>
  <node id="REMEMBERED">
    <attribute name="FREQUENCY" value="1" />
  </node>
  <node id="REPEATED">
    <attribute name="FREQUENCY" value="3" />
  </node>
  <node id="RESEARCHERS">
    <attribute name="FREQUENCY" value="3" />
  </node>
  <node id="RETAINED">
    <attribute name="FREQUENCY" value="1" />
  </node>
  <node id="REUTERS">
    <attribute name="FREQUENCY" value="2" />
  </node>
  <node id="REVEAL">
    <attribute name="FREQUENCY" value="4" />
  </node>
  <node id="RUN">
    <attribute name="FREQUENCY" value="2" />
  </node>
  <node id="SCANS">
    <attribute name="FREQUENCY" value="4" />
  </node>
  <node id="SCIENCE">
    <attribute name="FREQUENCY" value="2" />
  </node>
  <node id="SCIENTISTS">
    <attribute name="FREQUENCY" value="1" />
  </node>
  <node id="SCOREBOARD">
    <attribute name="FREQUENCY" value="4" />
  </node>
  <node id="SEEK">
    <attribute name="FREQUENCY" value="1" />
  </node>
  <node id="SELECTED">
    <attribute name="FREQUENCY" value="1" />
  </node>
  <node id="SEPTEMBER">
    <attribute name="FREQUENCY" value="1" />
  </node>
  <node id="SHOPPING">
    <attribute name="FREQUENCY" value="2" />
  </node>
  <node id="SIMILAR">
    <attribute name="FREQUENCY" value="2" />
  </node>
  <node id="SITUATION">
    <attribute name="FREQUENCY" value="1" />
  </node>
  <node id="SONGBIRDS">
    <attribute name="FREQUENCY" value="1" />
  </node>
  <node id="SOUGHT">
    <attribute name="FREQUENCY" value="1" />
  </node>
  <node id="SOUND-PATTERNS">
    <attribute name="FREQUENCY" value="1" />
  </node>
  <node id="SOUNDED">
    <attribute name="FREQUENCY" value="1" />
  </node>
  <node id="SOURCE">
    <attribute name="FREQUENCY" value="1" />
  </node>
  <node id="SPEAKER">
    <attribute name="FREQUENCY" value="1" />
  </node>
  <node id="SPEECH">
    <attribute name="FREQUENCY" value="1" />
  </node>
  <node id="SPORT">
    <attribute name="FREQUENCY" value="4" />
  </node>
  <node id="SPORTSANDFITNESS">
    <attribute name="FREQUENCY" value="2" />
  </node>
  <node id="SPURT">
    <attribute name="FREQUENCY" value="1" />
  </node>
  <node id="START">
    <attribute name="FREQUENCY" value="2" />
  </node>
  <node id="STORAGE">
    <attribute name="FREQUENCY" value="1" />
  </node>
  <node id="STORE">
    <attribute name="FREQUENCY" value="4" />
  </node>
  <node id="STORED">
    <attribute name="FREQUENCY" value="2" />
  </node>
  <node id="STORIES">
    <attribute name="FREQUENCY" value="9" />
  </node>
  <node id="STORY">
    <attribute name="FREQUENCY" value="5" />
  </node>
  <node id="STORY-VISITS">
    <attribute name="FREQUENCY" value="1" />
  </node>
  <node id="STUDY">
    <attribute name="FREQUENCY" value="3" />
  </node>
  <node id="STUFF">
    <attribute name="FREQUENCY" value="2" />
  </node>
  <node id="SUDDEN">
    <attribute name="FREQUENCY" value="1" />
  </node>
  <node id="SUPPORT">
    <attribute name="FREQUENCY" value="1" />
  </node>
  <node id="TAPE-RECORDED">
    <attribute name="FREQUENCY" value="2" />
  </node>
  <node id="TECH">
    <attribute name="FREQUENCY" value="6" />
  </node>
  <node id="TENDENCY">
    <attribute name="FREQUENCY" value="2" />
  </node>
  <node id="TEST">
    <attribute name="FREQUENCY" value="1" />
  </node>
  <node id="TEXT">
    <attribute name="FREQUENCY" value="1" />
  </node>
  <node id="THEORY">
    <attribute name="FREQUENCY" value="1" />
  </node>
  <node id="THINGS">
    <attribute name="FREQUENCY" value="2" />
  </node>
  <node id="THURSDAY">
    <attribute name="FREQUENCY" value="1" />
  </node>
  <node id="TIMES">
    <attribute name="FREQUENCY" value="1" />
  </node>
  <node id="TIPS">
    <attribute name="FREQUENCY" value="2" />
  </node>
  <node id="TRADITIONAL">
    <attribute name="FREQUENCY" value="1" />
  </node>
  <node id="TRAVEL">
    <attribute name="FREQUENCY" value="2" />
  </node>
  <node id="TWO-WEEK">
    <attribute name="FREQUENCY" value="1" />
  </node>
  <node id="UNIVERSITY">
    <attribute name="FREQUENCY" value="1" />
  </node>
  <node id="VISIT">
    <attribute name="FREQUENCY" value="3" />
  </node>
  <node id="VISUAL">
    <attribute name="FREQUENCY" value="1" />
  </node>
  <node id="WARMTH">
    <attribute name="FREQUENCY" value="1" />
  </node>
  <node id="WEEK">
    <attribute name="FREQUENCY" value="3" />
  </node>
  <node id="WORDS">
    <attribute name="FREQUENCY" value="18" />
  </node>
  <node id="WRITE">
    <attribute name="FREQUENCY" value="2" />
  </node>
  <node id="YAHOO">
    <attribute name="FREQUENCY" value="4" />
  </node>
  <node id="YEAR">
    <attribute name="FREQUENCY" value="1" />
  </node>
  <node id="YORK">
    <attribute name="FREQUENCY" value="1" />
  </node>
  <node id="YOUNG">
    <attribute name="FREQUENCY" value="1" />
  </node>
  <edge from="ADEPT" to="INFANT">
    <attribute name="TEXT" value="1" />
  </edge>
  <edge from="ATTENTION" to="INHERENT">
    <attribute name="TEXT" value="1" />
  </edge>
  <edge from="AUTHOR" to="CONCLUDED">
    <attribute name="TEXT" value="1" />
  </edge>
  <edge from="BABIES" to="REMEMBER">
    <attribute name="TEXT" value="1" />
  </edge>
  <edge from="BABIES" to="VISIT">
    <attribute name="TEXT" value="1" />
  </edge>
  <edge from="BABY" to="HEAD">
    <attribute name="TEXT" value="1" />
  </edge>
  <edge from="BALTIMORE" to="MARYLAND">
    <attribute name="TEXT" value="1" />
  </edge>
  <edge from="BRAIN" to="REACT">
    <attribute name="TEXT" value="4" />
    <attribute name="LINKS" value="4" />
  </edge>
  <edge from="BRAIN" to="REACT">
    <attribute name="TEXT" value="4" />
    <attribute name="LINKS" value="4" />
  </edge>
  <edge from="CALL" to="INNATELY">
    <attribute name="TEXT" value="1" />
  </edge>
  <edge from="CHILDREN" to="EXPLORE">
    <attribute name="TEXT" value="1" />
  </edge>
  <edge from="COLD" to="TAPE-RECORDED">
    <attribute name="TEXT" value="1" />
  </edge>
  <edge from="COMPARATIVELY" to="COLD">
    <attribute name="TEXT" value="1" />
  </edge>
  <edge from="CONCEPT" to="LANGUAGE">
    <attribute name="TEXT" value="1" />
  </edge>
  <edge from="CONTAINED" to="WORDS">
    <attribute name="TEXT" value="1" />
  </edge>
  <edge from="CRITICAL" to="MASS">
    <attribute name="TEXT" value="1" />
  </edge>
  <edge from="DETERMINE" to="INFANT">
    <attribute name="TEXT" value="1" />
  </edge>
  <edge from="EARLY" to="AGE">
    <attribute name="TEXT" value="1" />
  </edge>
  <edge from="EIGHT-MONTH-OLD" to="BABIES">
    <attribute name="TEXT" value="1" />
  </edge>
  <edge from="ELECTRONIC" to="SPEAKER">
    <attribute name="TEXT" value="1" />
  </edge>
  <edge from="ELIZABETH" to="HOHNE">
    <attribute name="TEXT" value="1" />
  </edge>
  <edge from="EXPERIENCE" to="LISTEN">
    <attribute name="TEXT" value="1" />
  </edge>
  <edge from="FINDINGS" to="LEND">
    <attribute name="TEXT" value="1" />
  </edge>
  <edge from="FINDINGS" to="RUN">
    <attribute name="TEXT" value="1" />
  </edge>
  <edge from="GAY" to="MEN">
    <attribute name="TEXT" value="2" />
    <attribute name="LINKS" value="2" />
  </edge>
  <edge from="GAY" to="MEN">
    <attribute name="TEXT" value="2" />
    <attribute name="LINKS" value="2" />
  </edge>
  <edge from="GONORRHEA" to="INFECTION">
    <attribute name="TEXT" value="4" />
    <attribute name="LINKS" value="4" />
  </edge>
  <edge from="GONORRHEA" to="INFECTION">
    <attribute name="TEXT" value="4" />
    <attribute name="LINKS" value="4" />
  </edge>
  <edge from="GUIDED" to="LEARN">
    <attribute name="TEXT" value="1" />
  </edge>
  <edge from="HEAD" to="MOVEMENT">
    <attribute name="TEXT" value="1" />
  </edge>
  <edge from="HEALTH" to="STORIES">
    <attribute name="TEXT" value="1" />
  </edge>
  <edge from="HOHNE" to="RESEARCHERS">
    <attribute name="TEXT" value="1" />
  </edge>
  <edge from="HOPKINS" to="LAB">
    <attribute name="TEXT" value="1" />
  </edge>
  <edge from="HOPKINS" to="UNIVERSITY">
    <attribute name="TEXT" value="1" />
  </edge>
  <edge from="IMPORTANT" to="PREREQUISITE">
    <attribute name="TEXT" value="1" />
  </edge>
  <edge from="INFANT" to="ATTENTION">
    <attribute name="TEXT" value="1" />
  </edge>
  <edge from="INFANT" to="BRAIN">
    <attribute name="TEXT" value="1" />
  </edge>
  <edge from="INFANT" to="STORE">
    <attribute name="TEXT" value="2" />
    <attribute name="KEYWORDS" value="2" />
  </edge>
  <edge from="INFANT" to="STORE">
    <attribute name="TEXT" value="2" />
    <attribute name="KEYWORDS" value="2" />
  </edge>
  <edge from="INFECTION" to="INCREASE">
    <attribute name="TEXT" value="4" />
    <attribute name="LINKS" value="4" />
  </edge>
  <edge from="INFECTION" to="INCREASE">
    <attribute name="TEXT" value="4" />
    <attribute name="LINKS" value="4" />
  </edge>
  <edge from="INNATELY" to="GUIDED">
    <attribute name="TEXT" value="1" />
  </edge>
  <edge from="INTEREST" to="SOUND-PATTERNS">
    <attribute name="TEXT" value="1" />
  </edge>
  <edge from="ISOLATING" to="RECOGNIZE">
    <attribute name="TEXT" value="1" />
  </edge>
  <edge from="JOHN" to="HOPKINS">
    <attribute name="TEXT" value="2" />
  </edge>
  <edge from="JOURNAL" to="SCIENCE">
    <attribute name="TEXT" value="1" />
  </edge>
  <edge from="JUSCZYK" to="BELIEVES">
    <attribute name="TEXT" value="1" />
  </edge>
  <edge from="JUSCZYK" to="EXPLAINED">
    <attribute name="TEXT" value="2" />
  </edge>
  <edge from="JUSCZYK" to="POINT">
    <attribute name="TEXT" value="1" />
  </edge>
  <edge from="LANGUAGE" to="BEGIN">
    <attribute name="TEXT" value="1" />
  </edge>
  <edge from="LANGUAGE" to="LEARN">
    <attribute name="TEXT" value="1" />
  </edge>
  <edge from="LEARN" to="BIRDSONGS">
    <attribute name="TEXT" value="1" />
  </edge>
  <edge from="LEARN" to="LANGUAGE">
    <attribute name="TEXT" value="1" />
  </edge>
  <edge from="LEARN" to="WORDS">
    <attribute name="TEXT" value="1" />
    <attribute name="KEYWORDS" value="1" />
  </edge>
  <edge from="LEARN" to="WORDS">
    <attribute name="TEXT" value="1" />
    <attribute name="KEYWORDS" value="1" />
  </edge>
  <edge from="LEND" to="SUPPORT">
    <attribute name="TEXT" value="1" />
  </edge>
  <edge from="LIST" to="CONTAINED">
    <attribute name="TEXT" value="1" />
  </edge>
  <edge from="LIST" to="INCLUDED">
    <attribute name="TEXT" value="1" />
  </edge>
  <edge from="LISTEN" to="LONGER">
    <attribute name="TEXT" value="1" />
  </edge>
  <edge from="LOGICAL" to="EXPLANATION">
    <attribute name="TEXT" value="1" />
  </edge>
  <edge from="LONG" to="RUN">
    <attribute name="TEXT" value="1" />
  </edge>
  <edge from="LONG-TERM" to="STORAGE">
    <attribute name="TEXT" value="1" />
  </edge>
  <edge from="MARKED" to="TENDENCY">
    <attribute name="TEXT" value="1" />
  </edge>
  <edge from="MEASURED" to="BABY">
    <attribute name="TEXT" value="1" />
  </edge>
  <edge from="MINUTES" to="TAPE-RECORDED">
    <attribute name="TEXT" value="1" />
  </edge>
  <edge from="MONTH" to="OLDS">
    <attribute name="TEXT" value="1" />
  </edge>
  <edge from="OCCUR" to="FREQUENTLY">
    <attribute name="TEXT" value="1" />
  </edge>
  <edge from="OFT-REPEATED" to="WORDS">
    <attribute name="TEXT" value="1" />
  </edge>
  <edge from="PETER" to="JUSCZYK">
    <attribute name="TEXT" value="1" />
  </edge>
  <edge from="PM" to="EDT">
    <attribute name="TEXT" value="1" />
  </edge>
  <edge from="REAL" to="SPURT">
    <attribute name="TEXT" value="1" />
  </edge>
  <edge from="RED" to="LIGHT">
    <attribute name="TEXT" value="3" />
  </edge>
  <edge from="REMEMBER" to="OFT-REPEATED">
    <attribute name="TEXT" value="1" />
  </edge>
  <edge from="REMEMBER" to="REPEATED">
    <attribute name="TEXT" value="1" />
  </edge>
  <edge from="REPEATED" to="WORDS">
    <attribute name="TEXT" value="1" />
  </edge>
  <edge from="RESEARCHERS" to="PLAYED">
    <attribute name="TEXT" value="1" />
  </edge>
  <edge from="RESEARCHERS" to="SOUGHT">
    <attribute name="TEXT" value="1" />
  </edge>
  <edge from="RETAINED" to="INFORMATION">
    <attribute name="TEXT" value="1" />
  </edge>
  <edge from="REUTERS" to="LIMITED">
    <attribute name="TEXT" value="1" />
  </edge>
  <edge from="REVEAL" to="BRAIN">
    <attribute name="TEXT" value="2" />
    <attribute name="LINKS" value="2" />
  </edge>
  <edge from="REVEAL" to="BRAIN">
    <attribute name="TEXT" value="2" />
    <attribute name="LINKS" value="2" />
  </edge>
  <edge from="RUN" to="COUNTER">
    <attribute name="TEXT" value="1" />
  </edge>
  <edge from="SCANS" to="REVEAL">
    <attribute name="TEXT" value="2" />
    <attribute name="LINKS" value="2" />
  </edge>
  <edge from="SCANS" to="REVEAL">
    <attribute name="TEXT" value="2" />
    <attribute name="LINKS" value="2" />
  </edge>
  <edge from="SCIENTISTS" to="MEASURED">
    <attribute name="TEXT" value="1" />
  </edge>
  <edge from="SIMILAR" to="PROCESS">
    <attribute name="TEXT" value="1" />
  </edge>
  <edge from="SONGBIRDS" to="LEARN">
    <attribute name="TEXT" value="1" />
  </edge>
  <edge from="SPEAKER" to="SOUNDED">
    <attribute name="TEXT" value="1" />
  </edge>
  <edge from="START" to="PUTTING">
    <attribute name="TEXT" value="1" />
  </edge>
  <edge from="STORE" to="LEARN">
    <attribute name="TEXT" value="1" />
  </edge>
  <edge from="STORE" to="WORDS">
    <attribute name="TEXT" value="1" />
  </edge>
  <edge from="STORED" to="CONCEPT">
    <attribute name="TEXT" value="1" />
  </edge>
  <edge from="STORED" to="WORDS">
    <attribute name="TEXT" value="1" />
  </edge>
  <edge from="STORIES" to="INFANT">
    <attribute name="TEXT" value="1" />
  </edge>
  <edge from="STORY" to="WORDS">
    <attribute name="TEXT" value="1" />
  </edge>
  <edge from="STUDY" to="APPEARS">
    <attribute name="TEXT" value="1" />
  </edge>
  <edge from="STUDY" to="AUTHOR">
    <attribute name="TEXT" value="1" />
  </edge>
  <edge from="TAPE-RECORDED" to="LANGUAGE">
    <attribute name="TEXT" value="1" />
  </edge>
  <edge from="TAPE-RECORDED" to="STORIES">
    <attribute name="TEXT" value="1" />
  </edge>
  <edge from="TECH" to="TIPS">
    <attribute name="TEXT" value="2" />
  </edge>
  <edge from="TEXT" to="HEADLINES">
    <attribute name="TEXT" value="1" />
  </edge>
  <edge from="THURSDAY" to="SEPTEMBER">
    <attribute name="TEXT" value="1" />
  </edge>
  <edge from="TRADITIONAL" to="BELIEF">
    <attribute name="TEXT" value="1" />
  </edge>
  <edge from="TWO-WEEK" to="PERIOD">
    <attribute name="TEXT" value="1" />
  </edge>
  <edge from="WEEK" to="ISSUE">
    <attribute name="TEXT" value="1" />
  </edge>
  <edge from="WORDS" to="EXPERTS">
    <attribute name="TEXT" value="1" />
  </edge>
  <edge from="WORDS" to="LIST">
    <attribute name="TEXT" value="1" />
  </edge>
  <edge from="WORDS" to="REPEATED">
    <attribute name="TEXT" value="1" />
  </edge>
  <edge from="YOUNG" to="BABIES">
    <attribute name="TEXT" value="1" />
  </edge>
</graph>
