<graph>
  <node id="ABDOMEN">
    <attribute name="FREQUENCY" value="1" />
  </node>
  <node id="ACTIVELY">
    <attribute name="FREQUENCY" value="1" />
  </node>
  <node id="ADDED">
    <attribute name="FREQUENCY" value="1" />
  </node>
  <node id="AGENT">
    <attribute name="FREQUENCY" value="3" />
  </node>
  <node id="APPLICATIONS">
    <attribute name="FREQUENCY" value="6" />
  </node>
  <node id="APPLIED">
    <attribute name="FREQUENCY" value="1" />
  </node>
  <node id="APPROACH">
    <attribute name="FREQUENCY" value="1" />
  </node>
  <node id="ARTICLE">
    <attribute name="FREQUENCY" value="1" />
  </node>
  <node id="BELGIUM">
    <attribute name="FREQUENCY" value="1" />
  </node>
  <node id="BIZ">
    <attribute name="FREQUENCY" value="4" />
  </node>
  <node id="BLACKSTONE">
    <attribute name="FREQUENCY" value="1" />
  </node>
  <node id="BLEEDING">
    <attribute name="FREQUENCY" value="14" />
  </node>
  <node id="BLOOD">
    <attribute name="FREQUENCY" value="1" />
  </node>
  <node id="BLOOD-CLOTTING">
    <attribute name="FREQUENCY" value="1" />
  </node>
  <node id="BRET">
    <attribute name="FREQUENCY" value="1" />
  </node>
  <node id="CALLED">
    <attribute name="FREQUENCY" value="2" />
  </node>
  <node id="CARRIES">
    <attribute name="FREQUENCY" value="1" />
  </node>
  <node id="CARRY">
    <attribute name="FREQUENCY" value="1" />
  </node>
  <node id="CAUSING">
    <attribute name="FREQUENCY" value="1" />
  </node>
  <node id="CHICAGO">
    <attribute name="FREQUENCY" value="1" />
  </node>
  <node id="CLEVELAND">
    <attribute name="FREQUENCY" value="1" />
  </node>
  <node id="CLINIC">
    <attribute name="FREQUENCY" value="1" />
  </node>
  <node id="COMBINATION">
    <attribute name="FREQUENCY" value="1" />
  </node>
  <node id="COMMENTS">
    <attribute name="FREQUENCY" value="2" />
  </node>
  <node id="COMPARED">
    <attribute name="FREQUENCY" value="1" />
  </node>
  <node id="COMPLICATIONS">
    <attribute name="FREQUENCY" value="3" />
  </node>
  <node id="CONCERNS">
    <attribute name="FREQUENCY" value="1" />
  </node>
  <node id="CONSTRICT">
    <attribute name="FREQUENCY" value="1" />
  </node>
  <node id="CREATED">
    <attribute name="FREQUENCY" value="1" />
  </node>
  <node id="DAILY">
    <attribute name="FREQUENCY" value="1" />
  </node>
  <node id="DAMAGE">
    <attribute name="FREQUENCY" value="1" />
  </node>
  <node id="DAY">
    <attribute name="FREQUENCY" value="1" />
  </node>
  <node id="DEVELOPMENT">
    <attribute name="FREQUENCY" value="1" />
  </node>
  <node id="DIRECTION">
    <attribute name="FREQUENCY" value="1" />
  </node>
  <node id="DIVISION">
    <attribute name="FREQUENCY" value="1" />
  </node>
  <node id="EDITORIAL">
    <attribute name="FREQUENCY" value="1" />
  </node>
  <node id="EDT">
    <attribute name="FREQUENCY" value="1" />
  </node>
  <node id="EFFECT">
    <attribute name="FREQUENCY" value="1" />
  </node>
  <node id="EFFECTIVE">
    <attribute name="FREQUENCY" value="2" />
  </node>
  <node id="ENDOMETRIOSIS">
    <attribute name="FREQUENCY" value="4" />
  </node>
  <node id="ENDOSCOPY">
    <attribute name="FREQUENCY" value="1" />
  </node>
  <node id="ENTERTAIN">
    <attribute name="FREQUENCY" value="4" />
  </node>
  <node id="EPINEPHRINE">
    <attribute name="FREQUENCY" value="1" />
  </node>
  <node id="EUROPEAN">
    <attribute name="FREQUENCY" value="1" />
  </node>
  <node id="EVALUATED">
    <attribute name="FREQUENCY" value="1" />
  </node>
  <node id="EVIDENCE">
    <attribute name="FREQUENCY" value="1" />
  </node>
  <node id="EXAMINATION">
    <attribute name="FREQUENCY" value="1" />
  </node>
  <node id="EXPERIENCE">
    <attribute name="FREQUENCY" value="1" />
  </node>
  <node id="EXTENSIVE">
    <attribute name="FREQUENCY" value="1" />
  </node>
  <node id="FACE">
    <attribute name="FREQUENCY" value="4" />
  </node>
  <node id="FACT">
    <attribute name="FREQUENCY" value="4" />
  </node>
  <node id="FATAL">
    <attribute name="FREQUENCY" value="1" />
  </node>
  <node id="FIBRIN">
    <attribute name="FREQUENCY" value="11" />
  </node>
  <node id="FIBRINOGEN">
    <attribute name="FREQUENCY" value="1" />
  </node>
  <node id="GASTHUISBERG">
    <attribute name="FREQUENCY" value="1" />
  </node>
  <node id="GASTROENTEROLOGIST">
    <attribute name="FREQUENCY" value="1" />
  </node>
  <node id="GASTROENTEROLOGY">
    <attribute name="FREQUENCY" value="1" />
  </node>
  <node id="GLUE">
    <attribute name="FREQUENCY" value="8" />
  </node>
  <node id="GREAT">
    <attribute name="FREQUENCY" value="1" />
  </node>
  <node id="HALT">
    <attribute name="FREQUENCY" value="3" />
  </node>
  <node id="HEADLINES">
    <attribute name="FREQUENCY" value="1" />
  </node>
  <node id="HEALTH">
    <attribute name="FREQUENCY" value="4" />
  </node>
  <node id="HELPS">
    <attribute name="FREQUENCY" value="4" />
  </node>
  <node id="HEMORRHAGE">
    <attribute name="FREQUENCY" value="2" />
  </node>
  <node id="HOLE">
    <attribute name="FREQUENCY" value="1" />
  </node>
  <node id="HOSPITAL">
    <attribute name="FREQUENCY" value="1" />
  </node>
  <node id="HTML">
    <attribute name="FREQUENCY" value="1" />
  </node>
  <node id="ILLINOIS">
    <attribute name="FREQUENCY" value="1" />
  </node>
  <node id="IMPORTANCE">
    <attribute name="FREQUENCY" value="1" />
  </node>
  <node id="IMPORTANT">
    <attribute name="FREQUENCY" value="1" />
  </node>
  <node id="INCLUDING">
    <attribute name="FREQUENCY" value="1" />
  </node>
  <node id="INFECTION">
    <attribute name="FREQUENCY" value="1" />
  </node>
  <node id="INFLAMMATION">
    <attribute name="FREQUENCY" value="1" />
  </node>
  <node id="INFO">
    <attribute name="FREQUENCY" value="2" />
  </node>
  <node id="INJECTED">
    <attribute name="FREQUENCY" value="1" />
  </node>
  <node id="INJECTION">
    <attribute name="FREQUENCY" value="5" />
  </node>
  <node id="INJURY">
    <attribute name="FREQUENCY" value="1" />
  </node>
  <node id="INTESTINAL">
    <attribute name="FREQUENCY" value="1" />
  </node>
  <node id="JOURNAL">
    <attribute name="FREQUENCY" value="1" />
  </node>
  <node id="KILL">
    <attribute name="FREQUENCY" value="1" />
  </node>
  <node id="LANCET">
    <attribute name="FREQUENCY" value="2" />
  </node>
  <node id="LASHNER">
    <attribute name="FREQUENCY" value="1" />
  </node>
  <node id="LED">
    <attribute name="FREQUENCY" value="1" />
  </node>
  <node id="LIFE-THREATENING">
    <attribute name="FREQUENCY" value="2" />
  </node>
  <node id="LIGHTED">
    <attribute name="FREQUENCY" value="1" />
  </node>
  <node id="LIMITED">
    <attribute name="FREQUENCY" value="2" />
  </node>
  <node id="LINE">
    <attribute name="FREQUENCY" value="1" />
  </node>
  <node id="MICHAEL">
    <attribute name="FREQUENCY" value="1" />
  </node>
  <node id="MONDAY">
    <attribute name="FREQUENCY" value="1" />
  </node>
  <node id="NATURAL">
    <attribute name="FREQUENCY" value="1" />
  </node>
  <node id="NECROSIS">
    <attribute name="FREQUENCY" value="1" />
  </node>
  <node id="NEWS">
    <attribute name="FREQUENCY" value="4" />
  </node>
  <node id="OBLITERATION">
    <attribute name="FREQUENCY" value="1" />
  </node>
  <node id="OHIO">
    <attribute name="FREQUENCY" value="1" />
  </node>
  <node id="OPERATIONS">
    <attribute name="FREQUENCY" value="1" />
  </node>
  <node id="PATIENTS">
    <attribute name="FREQUENCY" value="6" />
  </node>
  <node id="PAUL">
    <attribute name="FREQUENCY" value="1" />
  </node>
  <node id="PEPTIC">
    <attribute name="FREQUENCY" value="1" />
  </node>
  <node id="PERFORATION">
    <attribute name="FREQUENCY" value="2" />
  </node>
  <node id="PERITONITIS">
    <attribute name="FREQUENCY" value="1" />
  </node>
  <node id="PERSISTENT">
    <attribute name="FREQUENCY" value="1" />
  </node>
  <node id="PLASTIC">
    <attribute name="FREQUENCY" value="4" />
  </node>
  <node id="PM">
    <attribute name="FREQUENCY" value="1" />
  </node>
  <node id="POINT">
    <attribute name="FREQUENCY" value="1" />
  </node>
  <node id="POLIDOCANOL">
    <attribute name="FREQUENCY" value="5" />
  </node>
  <node id="POLITIC">
    <attribute name="FREQUENCY" value="4" />
  </node>
  <node id="PUTTING">
    <attribute name="FREQUENCY" value="1" />
  </node>
  <node id="QUESTIONS">
    <attribute name="FREQUENCY" value="2" />
  </node>
  <node id="RECURRENT">
    <attribute name="FREQUENCY" value="1" />
  </node>
  <node id="REGIMEN">
    <attribute name="FREQUENCY" value="1" />
  </node>
  <node id="REPEAT">
    <attribute name="FREQUENCY" value="1" />
  </node>
  <node id="REPEATED">
    <attribute name="FREQUENCY" value="6" />
  </node>
  <node id="REPORT">
    <attribute name="FREQUENCY" value="1" />
  </node>
  <node id="REQUIRE">
    <attribute name="FREQUENCY" value="1" />
  </node>
  <node id="RESEARCHERS">
    <attribute name="FREQUENCY" value="2" />
  </node>
  <node id="REUTERS">
    <attribute name="FREQUENCY" value="2" />
  </node>
  <node id="RISK">
    <attribute name="FREQUENCY" value="5" />
  </node>
  <node id="RUTGEERTS">
    <attribute name="FREQUENCY" value="1" />
  </node>
  <node id="SAFE">
    <attribute name="FREQUENCY" value="1" />
  </node>
  <node id="SAFETY">
    <attribute name="FREQUENCY" value="2" />
  </node>
  <node id="SCLEROSING">
    <attribute name="FREQUENCY" value="1" />
  </node>
  <node id="SCOPE">
    <attribute name="FREQUENCY" value="1" />
  </node>
  <node id="SCOREBOARD">
    <attribute name="FREQUENCY" value="4" />
  </node>
  <node id="SEPTEMBER">
    <attribute name="FREQUENCY" value="1" />
  </node>
  <node id="SEVERE">
    <attribute name="FREQUENCY" value="1" />
  </node>
  <node id="SHOT">
    <attribute name="FREQUENCY" value="1" />
  </node>
  <node id="SIDE">
    <attribute name="FREQUENCY" value="1" />
  </node>
  <node id="SINGLE">
    <attribute name="FREQUENCY" value="2" />
  </node>
  <node id="SOURCE">
    <attribute name="FREQUENCY" value="1" />
  </node>
  <node id="SPORT">
    <attribute name="FREQUENCY" value="4" />
  </node>
  <node id="STOMACH">
    <attribute name="FREQUENCY" value="3" />
  </node>
  <node id="STORIES">
    <attribute name="FREQUENCY" value="1" />
  </node>
  <node id="STORY">
    <attribute name="FREQUENCY" value="4" />
  </node>
  <node id="STUDY">
    <attribute name="FREQUENCY" value="3" />
  </node>
  <node id="SUBSTANCE">
    <attribute name="FREQUENCY" value="1" />
  </node>
  <node id="SUFFERED">
    <attribute name="FREQUENCY" value="1" />
  </node>
  <node id="SUGGESTS">
    <attribute name="FREQUENCY" value="1" />
  </node>
  <node id="SURGERY">
    <attribute name="FREQUENCY" value="9" />
  </node>
  <node id="SURGICALLY">
    <attribute name="FREQUENCY" value="1" />
  </node>
  <node id="SYMPTOMS">
    <attribute name="FREQUENCY" value="4" />
  </node>
  <node id="TAMKINS">
    <attribute name="FREQUENCY" value="1" />
  </node>
  <node id="TECH">
    <attribute name="FREQUENCY" value="4" />
  </node>
  <node id="TEXT">
    <attribute name="FREQUENCY" value="1" />
  </node>
  <node id="THERESA">
    <attribute name="FREQUENCY" value="1" />
  </node>
  <node id="THROMBIN">
    <attribute name="FREQUENCY" value="1" />
  </node>
  <node id="TISSUE">
    <attribute name="FREQUENCY" value="4" />
  </node>
  <node id="TRACT">
    <attribute name="FREQUENCY" value="1" />
  </node>
  <node id="TREAT">
    <attribute name="FREQUENCY" value="1" />
  </node>
  <node id="TREATED">
    <attribute name="FREQUENCY" value="3" />
  </node>
  <node id="TREATMENT">
    <attribute name="FREQUENCY" value="2" />
  </node>
  <node id="TYPE">
    <attribute name="FREQUENCY" value="1" />
  </node>
  <node id="ULCERS">
    <attribute name="FREQUENCY" value="9" />
  </node>
  <node id="UNIVERSITY">
    <attribute name="FREQUENCY" value="2" />
  </node>
  <node id="UPPER">
    <attribute name="FREQUENCY" value="1" />
  </node>
  <node id="VESSEL">
    <attribute name="FREQUENCY" value="3" />
  </node>
  <node id="WALL">
    <attribute name="FREQUENCY" value="1" />
  </node>
  <node id="WHETHER">
    <attribute name="FREQUENCY" value="1" />
  </node>
  <node id="WORRY">
    <attribute name="FREQUENCY" value="1" />
  </node>
  <node id="WRITE">
    <attribute name="FREQUENCY" value="2" />
  </node>
  <node id="WROTE">
    <attribute name="FREQUENCY" value="1" />
  </node>
  <node id="YAHOO">
    <attribute name="FREQUENCY" value="4" />
  </node>
  <node id="YORK">
    <attribute name="FREQUENCY" value="1" />
  </node>
  <edge from="ACTIVELY" to="BLEEDING">
    <attribute name="TEXT" value="1" />
  </edge>
  <edge from="ADDED" to="RISK">
    <attribute name="TEXT" value="1" />
  </edge>
  <edge from="AGENT" to="CALLED">
    <attribute name="TEXT" value="1" />
  </edge>
  <edge from="APPLIED" to="DAILY">
    <attribute name="TEXT" value="1" />
  </edge>
  <edge from="BLEEDING" to="PEPTIC">
    <attribute name="TEXT" value="1" />
  </edge>
  <edge from="BLEEDING" to="SEVERE">
    <attribute name="TEXT" value="1" />
  </edge>
  <edge from="BLEEDING" to="ULCERS">
    <attribute name="TEXT" value="6" />
    <attribute name="KEYWORDS" value="1" />
  </edge>
  <edge from="BLEEDING" to="ULCERS">
    <attribute name="TEXT" value="6" />
    <attribute name="KEYWORDS" value="1" />
  </edge>
  <edge from="BLEEDING" to="VESSEL">
    <attribute name="TEXT" value="1" />
  </edge>
  <edge from="BLOOD" to="VESSEL">
    <attribute name="TEXT" value="1" />
  </edge>
  <edge from="BLOOD-CLOTTING" to="AGENT">
    <attribute name="TEXT" value="1" />
  </edge>
  <edge from="BRET" to="LASHNER">
    <attribute name="TEXT" value="1" />
  </edge>
  <edge from="CALLED" to="FIBRIN">
    <attribute name="TEXT" value="1" />
  </edge>
  <edge from="CALLED" to="POLIDOCANOL">
    <attribute name="TEXT" value="1" />
  </edge>
  <edge from="CLEVELAND" to="CLINIC">
    <attribute name="TEXT" value="1" />
  </edge>
  <edge from="DAMAGE" to="PERFORATION">
    <attribute name="TEXT" value="1" />
  </edge>
  <edge from="ENDOMETRIOSIS" to="SURGERY">
    <attribute name="TEXT" value="2" />
    <attribute name="LINKS" value="2" />
  </edge>
  <edge from="ENDOMETRIOSIS" to="SURGERY">
    <attribute name="TEXT" value="2" />
    <attribute name="LINKS" value="2" />
  </edge>
  <edge from="EUROPEAN" to="RESEARCHERS">
    <attribute name="TEXT" value="1" />
  </edge>
  <edge from="EXTENSIVE" to="TISSUE">
    <attribute name="TEXT" value="1" />
  </edge>
  <edge from="FIBRIN" to="APPLICATIONS">
    <attribute name="TEXT" value="1" />
  </edge>
  <edge from="FIBRIN" to="GLUE">
    <attribute name="TEXT" value="5" />
  </edge>
  <edge from="FIBRIN" to="INJECTION">
    <attribute name="TEXT" value="2" />
  </edge>
  <edge from="GASTROENTEROLOGY" to="DIVISION">
    <attribute name="TEXT" value="1" />
  </edge>
  <edge from="GLUE" to="INJECTION">
    <attribute name="TEXT" value="1" />
  </edge>
  <edge from="GREAT" to="IMPORTANCE">
    <attribute name="TEXT" value="1" />
  </edge>
  <edge from="HALT" to="BLEEDING">
    <attribute name="TEXT" value="3" />
    <attribute name="KEYWORDS" value="2" />
  </edge>
  <edge from="HALT" to="BLEEDING">
    <attribute name="TEXT" value="3" />
    <attribute name="KEYWORDS" value="2" />
  </edge>
  <edge from="HEALTH" to="STORIES">
    <attribute name="TEXT" value="1" />
  </edge>
  <edge from="HELPS" to="SYMPTOMS">
    <attribute name="TEXT" value="2" />
    <attribute name="LINKS" value="2" />
  </edge>
  <edge from="HELPS" to="SYMPTOMS">
    <attribute name="TEXT" value="2" />
    <attribute name="LINKS" value="2" />
  </edge>
  <edge from="HOSPITAL" to="GASTHUISBERG">
    <attribute name="TEXT" value="1" />
  </edge>
  <edge from="IMPORTANT" to="BLOOD-CLOTTING">
    <attribute name="TEXT" value="1" />
  </edge>
  <edge from="INJECTION" to="EFFECTIVE">
    <attribute name="TEXT" value="1" />
  </edge>
  <edge from="INTESTINAL" to="TRACT">
    <attribute name="TEXT" value="1" />
  </edge>
  <edge from="KILL" to="TISSUE">
    <attribute name="TEXT" value="1" />
  </edge>
  <edge from="LASHNER" to="GASTROENTEROLOGIST">
    <attribute name="TEXT" value="1" />
  </edge>
  <edge from="LIFE-THREATENING" to="PERITONITIS">
    <attribute name="TEXT" value="1" />
  </edge>
  <edge from="LIGHTED" to="SCOPE">
    <attribute name="TEXT" value="1" />
  </edge>
  <edge from="MICHAEL" to="BLACKSTONE">
    <attribute name="TEXT" value="1" />
  </edge>
  <edge from="MONDAY" to="SEPTEMBER">
    <attribute name="TEXT" value="1" />
  </edge>
  <edge from="OPERATIONS" to="CARRY">
    <attribute name="TEXT" value="1" />
  </edge>
  <edge from="PATIENTS" to="SUFFERED">
    <attribute name="TEXT" value="1" />
  </edge>
  <edge from="PAUL" to="RUTGEERTS">
    <attribute name="TEXT" value="1" />
  </edge>
  <edge from="PEPTIC" to="ULCERS">
    <attribute name="TEXT" value="1" />
  </edge>
  <edge from="PERITONITIS" to="INFECTION">
    <attribute name="TEXT" value="1" />
  </edge>
  <edge from="PERSISTENT" to="BLEEDING">
    <attribute name="TEXT" value="1" />
  </edge>
  <edge from="PLASTIC" to="SURGERY">
    <attribute name="TEXT" value="2" />
    <attribute name="LINKS" value="2" />
  </edge>
  <edge from="PLASTIC" to="SURGERY">
    <attribute name="TEXT" value="2" />
    <attribute name="LINKS" value="2" />
  </edge>
  <edge from="PM" to="EDT">
    <attribute name="TEXT" value="1" />
  </edge>
  <edge from="POLIDOCANOL" to="APPLICATIONS">
    <attribute name="TEXT" value="1" />
  </edge>
  <edge from="RECURRENT" to="BLEEDING">
    <attribute name="TEXT" value="1" />
  </edge>
  <edge from="REPEAT" to="FIBRIN">
    <attribute name="TEXT" value="1" />
  </edge>
  <edge from="REPEATED" to="APPLICATIONS">
    <attribute name="TEXT" value="2" />
  </edge>
  <edge from="REPEATED" to="BLEEDING">
    <attribute name="TEXT" value="1" />
  </edge>
  <edge from="REPEATED" to="FIBRIN">
    <attribute name="TEXT" value="2" />
  </edge>
  <edge from="REQUIRE" to="SURGERY">
    <attribute name="TEXT" value="1" />
  </edge>
  <edge from="RESEARCHERS" to="TREATED">
    <attribute name="TEXT" value="1" />
  </edge>
  <edge from="REUTERS" to="LIMITED">
    <attribute name="TEXT" value="1" />
  </edge>
  <edge from="SAFETY" to="CONCERNS">
    <attribute name="TEXT" value="1" />
  </edge>
  <edge from="SCLEROSING" to="AGENT">
    <attribute name="TEXT" value="1" />
  </edge>
  <edge from="SIDE" to="EFFECT">
    <attribute name="TEXT" value="1" />
  </edge>
  <edge from="SINGLE" to="APPLICATIONS">
    <attribute name="TEXT" value="1" />
  </edge>
  <edge from="SINGLE" to="FIBRIN">
    <attribute name="TEXT" value="1" />
  </edge>
  <edge from="STOMACH" to="WALL">
    <attribute name="TEXT" value="1" />
  </edge>
  <edge from="STUDY" to="EUROPEAN">
    <attribute name="TEXT" value="1" />
  </edge>
  <edge from="STUDY" to="LED">
    <attribute name="TEXT" value="1" />
  </edge>
  <edge from="SUFFERED" to="BLEEDING">
    <attribute name="TEXT" value="1" />
  </edge>
  <edge from="SURGERY" to="COMPARED">
    <attribute name="TEXT" value="1" />
  </edge>
  <edge from="SURGERY" to="HELPS">
    <attribute name="TEXT" value="2" />
    <attribute name="LINKS" value="2" />
  </edge>
  <edge from="SURGERY" to="HELPS">
    <attribute name="TEXT" value="2" />
    <attribute name="LINKS" value="2" />
  </edge>
  <edge from="SURGICALLY" to="OPERATIONS">
    <attribute name="TEXT" value="1" />
  </edge>
  <edge from="TEXT" to="HEADLINES">
    <attribute name="TEXT" value="1" />
  </edge>
  <edge from="THERESA" to="TAMKINS">
    <attribute name="TEXT" value="1" />
  </edge>
  <edge from="TISSUE" to="DAMAGE">
    <attribute name="TEXT" value="1" />
  </edge>
  <edge from="TISSUE" to="INJURY">
    <attribute name="TEXT" value="1" />
  </edge>
  <edge from="TISSUE" to="NECROSIS">
    <attribute name="TEXT" value="1" />
  </edge>
  <edge from="TREAT" to="BLEEDING">
    <attribute name="TEXT" value="1" />
  </edge>
  <edge from="TREATED" to="SURGICALLY">
    <attribute name="TEXT" value="1" />
  </edge>
  <edge from="TREATMENT" to="REGIMEN">
    <attribute name="TEXT" value="1" />
  </edge>
  <edge from="ULCERS" to="HEMORRHAGE">
    <attribute name="TEXT" value="1" />
  </edge>
  <edge from="ULCERS" to="INCLUDING">
    <attribute name="TEXT" value="1" />
  </edge>
  <edge from="UNIVERSITY" to="HOSPITAL">
    <attribute name="TEXT" value="1" />
  </edge>
  <edge from="UPPER" to="INTESTINAL">
    <attribute name="TEXT" value="1" />
  </edge>
  <edge from="VESSEL" to="CAUSING">
    <attribute name="TEXT" value="1" />
  </edge>
  <edge from="VESSEL" to="OBLITERATION">
    <attribute name="TEXT" value="1" />
  </edge>
  <edge from="WALL" to="PUTTING">
    <attribute name="TEXT" value="1" />
  </edge>
</graph>
