<graph>
  <node id="ABLE">
    <attribute name="FREQUENCY" value="1" />
  </node>
  <node id="AGO">
    <attribute name="FREQUENCY" value="1" />
  </node>
  <node id="ANTERIOR-ROOT">
    <attribute name="FREQUENCY" value="1" />
  </node>
  <node id="ATTACHED">
    <attribute name="FREQUENCY" value="1" />
  </node>
  <node id="ATTEMPT">
    <attribute name="FREQUENCY" value="1" />
  </node>
  <node id="BALANCE">
    <attribute name="FREQUENCY" value="1" />
  </node>
  <node id="BEGINNING">
    <attribute name="FREQUENCY" value="4" />
  </node>
  <node id="BEGUN">
    <attribute name="FREQUENCY" value="1" />
  </node>
  <node id="BIZ">
    <attribute name="FREQUENCY" value="4" />
  </node>
  <node id="BRITAIN">
    <attribute name="FREQUENCY" value="1" />
  </node>
  <node id="CHOICE">
    <attribute name="FREQUENCY" value="4" />
  </node>
  <node id="COLLEAGUES">
    <attribute name="FREQUENCY" value="1" />
  </node>
  <node id="COLLEGE">
    <attribute name="FREQUENCY" value="1" />
  </node>
  <node id="COMMENTS">
    <attribute name="FREQUENCY" value="2" />
  </node>
  <node id="CONCLUDE">
    <attribute name="FREQUENCY" value="1" />
  </node>
  <node id="CONSECUTIVE">
    <attribute name="FREQUENCY" value="1" />
  </node>
  <node id="CYCLE">
    <attribute name="FREQUENCY" value="2" />
  </node>
  <node id="DECEMBER">
    <attribute name="FREQUENCY" value="1" />
  </node>
  <node id="DEVICES">
    <attribute name="FREQUENCY" value="2" />
  </node>
  <node id="DISTANCE">
    <attribute name="FREQUENCY" value="1" />
  </node>
  <node id="DONALDSON">
    <attribute name="FREQUENCY" value="1" />
  </node>
  <node id="EDT">
    <attribute name="FREQUENCY" value="1" />
  </node>
  <node id="ELECTRODES">
    <attribute name="FREQUENCY" value="2" />
  </node>
  <node id="EMERGED">
    <attribute name="FREQUENCY" value="1" />
  </node>
  <node id="ENABLE">
    <attribute name="FREQUENCY" value="1" />
  </node>
  <node id="ENABLED">
    <attribute name="FREQUENCY" value="1" />
  </node>
  <node id="ENGLAND">
    <attribute name="FREQUENCY" value="1" />
  </node>
  <node id="ENTERTAIN">
    <attribute name="FREQUENCY" value="4" />
  </node>
  <node id="EXIT">
    <attribute name="FREQUENCY" value="1" />
  </node>
  <node id="EXTERNAL">
    <attribute name="FREQUENCY" value="1" />
  </node>
  <node id="FOOD">
    <attribute name="FREQUENCY" value="4" />
  </node>
  <node id="GLUED">
    <attribute name="FREQUENCY" value="1" />
  </node>
  <node id="GREAT">
    <attribute name="FREQUENCY" value="1" />
  </node>
  <node id="GROUP">
    <attribute name="FREQUENCY" value="1" />
  </node>
  <node id="HAND">
    <attribute name="FREQUENCY" value="1" />
  </node>
  <node id="HEADLINES">
    <attribute name="FREQUENCY" value="1" />
  </node>
  <node id="HEALTH">
    <attribute name="FREQUENCY" value="4" />
  </node>
  <node id="HOLD">
    <attribute name="FREQUENCY" value="1" />
  </node>
  <node id="HOPE">
    <attribute name="FREQUENCY" value="2" />
  </node>
  <node id="HTML">
    <attribute name="FREQUENCY" value="1" />
  </node>
  <node id="IMPACT">
    <attribute name="FREQUENCY" value="4" />
  </node>
  <node id="IMPLANT-STIMULATED">
    <attribute name="FREQUENCY" value="1" />
  </node>
  <node id="IMPLANTED">
    <attribute name="FREQUENCY" value="2" />
  </node>
  <node id="IMPLANTS">
    <attribute name="FREQUENCY" value="9" />
  </node>
  <node id="INFO">
    <attribute name="FREQUENCY" value="2" />
  </node>
  <node id="INSERTED">
    <attribute name="FREQUENCY" value="1" />
  </node>
  <node id="INTENSIVE">
    <attribute name="FREQUENCY" value="1" />
  </node>
  <node id="JOINT">
    <attribute name="FREQUENCY" value="1" />
  </node>
  <node id="LABEL">
    <attribute name="FREQUENCY" value="4" />
  </node>
  <node id="LANCET">
    <attribute name="FREQUENCY" value="1" />
  </node>
  <node id="LARSI">
    <attribute name="FREQUENCY" value="2" />
  </node>
  <node id="LEG">
    <attribute name="FREQUENCY" value="1" />
  </node>
  <node id="LIMITED">
    <attribute name="FREQUENCY" value="1" />
  </node>
  <node id="LONDON">
    <attribute name="FREQUENCY" value="1" />
  </node>
  <node id="LONG-TERM">
    <attribute name="FREQUENCY" value="1" />
  </node>
  <node id="LUMBAR">
    <attribute name="FREQUENCY" value="2" />
  </node>
  <node id="MENOPAUSE">
    <attribute name="FREQUENCY" value="4" />
  </node>
  <node id="MONDAY">
    <attribute name="FREQUENCY" value="1" />
  </node>
  <node id="MONTH">
    <attribute name="FREQUENCY" value="1" />
  </node>
  <node id="MOVEMENT">
    <attribute name="FREQUENCY" value="1" />
  </node>
  <node id="MUSCLE">
    <attribute name="FREQUENCY" value="3" />
  </node>
  <node id="NERVE">
    <attribute name="FREQUENCY" value="3" />
  </node>
  <node id="NEUROSTIMULATOR">
    <attribute name="FREQUENCY" value="2" />
  </node>
  <node id="NEWS">
    <attribute name="FREQUENCY" value="4" />
  </node>
  <node id="NICK">
    <attribute name="FREQUENCY" value="1" />
  </node>
  <node id="OPTIMISTIC">
    <attribute name="FREQUENCY" value="1" />
  </node>
  <node id="PARALYZED">
    <attribute name="FREQUENCY" value="1" />
  </node>
  <node id="PARAPLEGIC">
    <attribute name="FREQUENCY" value="4" />
  </node>
  <node id="PASS">
    <attribute name="FREQUENCY" value="1" />
  </node>
  <node id="PATIENTS">
    <attribute name="FREQUENCY" value="4" />
  </node>
  <node id="PERMIT">
    <attribute name="FREQUENCY" value="1" />
  </node>
  <node id="PM">
    <attribute name="FREQUENCY" value="1" />
  </node>
  <node id="POLITIC">
    <attribute name="FREQUENCY" value="4" />
  </node>
  <node id="POSTURING">
    <attribute name="FREQUENCY" value="1" />
  </node>
  <node id="PRACTICE">
    <attribute name="FREQUENCY" value="1" />
  </node>
  <node id="QUESTIONS">
    <attribute name="FREQUENCY" value="2" />
  </node>
  <node id="RECEIVED">
    <attribute name="FREQUENCY" value="1" />
  </node>
  <node id="RECENTLY">
    <attribute name="FREQUENCY" value="1" />
  </node>
  <node id="RECREATIONAL">
    <attribute name="FREQUENCY" value="1" />
  </node>
  <node id="REPORT">
    <attribute name="FREQUENCY" value="1" />
  </node>
  <node id="RESEARCHERS">
    <attribute name="FREQUENCY" value="4" />
  </node>
  <node id="REUTERS">
    <attribute name="FREQUENCY" value="2" />
  </node>
  <node id="ROOTS">
    <attribute name="FREQUENCY" value="1" />
  </node>
  <node id="SCOREBOARD">
    <attribute name="FREQUENCY" value="4" />
  </node>
  <node id="SEPTEMBER">
    <attribute name="FREQUENCY" value="1" />
  </node>
  <node id="SHOPPING">
    <attribute name="FREQUENCY" value="4" />
  </node>
  <node id="SHORT">
    <attribute name="FREQUENCY" value="1" />
  </node>
  <node id="SITES">
    <attribute name="FREQUENCY" value="1" />
  </node>
  <node id="SITUATION">
    <attribute name="FREQUENCY" value="1" />
  </node>
  <node id="SKIN">
    <attribute name="FREQUENCY" value="2" />
  </node>
  <node id="SOURCE">
    <attribute name="FREQUENCY" value="1" />
  </node>
  <node id="SPINE">
    <attribute name="FREQUENCY" value="2" />
  </node>
  <node id="SPORT">
    <attribute name="FREQUENCY" value="4" />
  </node>
  <node id="STAND">
    <attribute name="FREQUENCY" value="3" />
  </node>
  <node id="STEP">
    <attribute name="FREQUENCY" value="2" />
  </node>
  <node id="STIMULATE">
    <attribute name="FREQUENCY" value="1" />
  </node>
  <node id="STIMULATORS">
    <attribute name="FREQUENCY" value="2" />
  </node>
  <node id="STORIES">
    <attribute name="FREQUENCY" value="1" />
  </node>
  <node id="STORY">
    <attribute name="FREQUENCY" value="4" />
  </node>
  <node id="SUPPLY">
    <attribute name="FREQUENCY" value="1" />
  </node>
  <node id="SUPPORT">
    <attribute name="FREQUENCY" value="2" />
  </node>
  <node id="SURGICALLY">
    <attribute name="FREQUENCY" value="3" />
  </node>
  <node id="SYSTEM">
    <attribute name="FREQUENCY" value="1" />
  </node>
  <node id="TECH">
    <attribute name="FREQUENCY" value="4" />
  </node>
  <node id="TEMPORARILY">
    <attribute name="FREQUENCY" value="1" />
  </node>
  <node id="TEXT">
    <attribute name="FREQUENCY" value="1" />
  </node>
  <node id="UNIVERSITY">
    <attribute name="FREQUENCY" value="1" />
  </node>
  <node id="UNLIKE">
    <attribute name="FREQUENCY" value="1" />
  </node>
  <node id="UNSATISFACTORY">
    <attribute name="FREQUENCY" value="1" />
  </node>
  <node id="VERTEBRAE">
    <attribute name="FREQUENCY" value="1" />
  </node>
  <node id="VIEW">
    <attribute name="FREQUENCY" value="4" />
  </node>
  <node id="WAIST">
    <attribute name="FREQUENCY" value="1" />
  </node>
  <node id="WALK">
    <attribute name="FREQUENCY" value="3" />
  </node>
  <node id="WEEK">
    <attribute name="FREQUENCY" value="1" />
  </node>
  <node id="WIRE">
    <attribute name="FREQUENCY" value="1" />
  </node>
  <node id="WOMEN">
    <attribute name="FREQUENCY" value="4" />
  </node>
  <node id="WRITE">
    <attribute name="FREQUENCY" value="2" />
  </node>
  <node id="YAHOO">
    <attribute name="FREQUENCY" value="4" />
  </node>
  <node id="YEAR">
    <attribute name="FREQUENCY" value="1" />
  </node>
  <node id="YORK">
    <attribute name="FREQUENCY" value="1" />
  </node>
  <edge from="ANTERIOR-ROOT" to="STIMULATORS">
    <attribute name="TEXT" value="1" />
  </edge>
  <edge from="BALANCE" to="SUPPORT">
    <attribute name="TEXT" value="1" />
  </edge>
  <edge from="COLLEGE" to="LONDON">
    <attribute name="TEXT" value="1" />
  </edge>
  <edge from="CONSECUTIVE" to="STEP">
    <attribute name="TEXT" value="1" />
  </edge>
  <edge from="DEVICES" to="GROUP">
    <attribute name="TEXT" value="1" />
  </edge>
  <edge from="ELECTRODES" to="TEMPORARILY">
    <attribute name="TEXT" value="1" />
  </edge>
  <edge from="ENGLAND" to="SURGICALLY">
    <attribute name="TEXT" value="1" />
  </edge>
  <edge from="EXTERNAL" to="ELECTRODES">
    <attribute name="TEXT" value="1" />
  </edge>
  <edge from="FOOD" to="LABEL">
    <attribute name="TEXT" value="4" />
    <attribute name="LINKS" value="4" />
  </edge>
  <edge from="FOOD" to="LABEL">
    <attribute name="TEXT" value="4" />
    <attribute name="LINKS" value="4" />
  </edge>
  <edge from="GREAT" to="BRITAIN">
    <attribute name="TEXT" value="1" />
  </edge>
  <edge from="HEALTH" to="STORIES">
    <attribute name="TEXT" value="1" />
  </edge>
  <edge from="HOLD" to="SUPPORT">
    <attribute name="TEXT" value="1" />
  </edge>
  <edge from="IMPACT" to="SHOPPING">
    <attribute name="TEXT" value="2" />
    <attribute name="LINKS" value="2" />
  </edge>
  <edge from="IMPACT" to="SHOPPING">
    <attribute name="TEXT" value="2" />
    <attribute name="LINKS" value="2" />
  </edge>
  <edge from="IMPLANT-STIMULATED" to="MUSCLE">
    <attribute name="TEXT" value="1" />
  </edge>
  <edge from="IMPLANTED" to="DEVICES">
    <attribute name="TEXT" value="1" />
  </edge>
  <edge from="IMPLANTED" to="ELECTRODES">
    <attribute name="TEXT" value="1" />
  </edge>
  <edge from="IMPLANTS" to="INSERTED">
    <attribute name="TEXT" value="1" />
  </edge>
  <edge from="IMPLANTS" to="SURGICALLY">
    <attribute name="TEXT" value="1" />
  </edge>
  <edge from="INTENSIVE" to="PRACTICE">
    <attribute name="TEXT" value="1" />
  </edge>
  <edge from="JOINT" to="MOVEMENT">
    <attribute name="TEXT" value="1" />
  </edge>
  <edge from="LABEL" to="IMPACT">
    <attribute name="TEXT" value="4" />
    <attribute name="LINKS" value="4" />
  </edge>
  <edge from="LABEL" to="IMPACT">
    <attribute name="TEXT" value="4" />
    <attribute name="LINKS" value="4" />
  </edge>
  <edge from="LARSI" to="IMPLANTS">
    <attribute name="TEXT" value="1" />
  </edge>
  <edge from="LONDON" to="ENGLAND">
    <attribute name="TEXT" value="1" />
  </edge>
  <edge from="LUMBAR" to="ANTERIOR-ROOT">
    <attribute name="TEXT" value="1" />
  </edge>
  <edge from="LUMBAR" to="SPINE">
    <attribute name="TEXT" value="1" />
  </edge>
  <edge from="MONDAY" to="SEPTEMBER">
    <attribute name="TEXT" value="1" />
  </edge>
  <edge from="MONTH" to="AGO">
    <attribute name="TEXT" value="1" />
  </edge>
  <edge from="NERVE" to="ROOTS">
    <attribute name="TEXT" value="1" />
  </edge>
  <edge from="NEUROSTIMULATOR" to="IMPLANTS">
    <attribute name="TEXT" value="2" />
  </edge>
  <edge from="NICK" to="DONALDSON">
    <attribute name="TEXT" value="1" />
  </edge>
  <edge from="PARAPLEGIC" to="PATIENTS">
    <attribute name="TEXT" value="1" />
  </edge>
  <edge from="PARAPLEGIC" to="WALK">
    <attribute name="TEXT" value="1" />
    <attribute name="KEYWORDS" value="1" />
  </edge>
  <edge from="PARAPLEGIC" to="WALK">
    <attribute name="TEXT" value="1" />
    <attribute name="KEYWORDS" value="1" />
  </edge>
  <edge from="PATIENTS" to="PARALYZED">
    <attribute name="TEXT" value="1" />
  </edge>
  <edge from="PERMIT" to="LONG-TERM">
    <attribute name="TEXT" value="1" />
  </edge>
  <edge from="PM" to="EDT">
    <attribute name="TEXT" value="1" />
  </edge>
  <edge from="RECREATIONAL" to="CYCLE">
    <attribute name="TEXT" value="1" />
  </edge>
  <edge from="RESEARCHERS" to="CONCLUDE">
    <attribute name="TEXT" value="1" />
  </edge>
  <edge from="REUTERS" to="LIMITED">
    <attribute name="TEXT" value="1" />
  </edge>
  <edge from="SHOPPING" to="CHOICE">
    <attribute name="TEXT" value="4" />
    <attribute name="LINKS" value="4" />
  </edge>
  <edge from="SHOPPING" to="CHOICE">
    <attribute name="TEXT" value="4" />
    <attribute name="LINKS" value="4" />
  </edge>
  <edge from="SHORT" to="DISTANCE">
    <attribute name="TEXT" value="1" />
  </edge>
  <edge from="STIMULATORS" to="IMPLANTS">
    <attribute name="TEXT" value="1" />
  </edge>
  <edge from="STORIES" to="HOPE">
    <attribute name="TEXT" value="1" />
  </edge>
  <edge from="SURGICALLY" to="ATTACHED">
    <attribute name="TEXT" value="1" />
  </edge>
  <edge from="SURGICALLY" to="IMPLANTED">
    <attribute name="TEXT" value="1" />
  </edge>
  <edge from="TEMPORARILY" to="GLUED">
    <attribute name="TEXT" value="1" />
  </edge>
  <edge from="TEXT" to="HEADLINES">
    <attribute name="TEXT" value="1" />
  </edge>
  <edge from="UNIVERSITY" to="COLLEGE">
    <attribute name="TEXT" value="1" />
  </edge>
  <edge from="VIEW" to="MENOPAUSE">
    <attribute name="TEXT" value="2" />
    <attribute name="LINKS" value="2" />
  </edge>
  <edge from="VIEW" to="MENOPAUSE">
    <attribute name="TEXT" value="2" />
    <attribute name="LINKS" value="2" />
  </edge>
  <edge from="WALK" to="SHORT">
    <attribute name="TEXT" value="1" />
  </edge>
  <edge from="WOMEN" to="VIEW">
    <attribute name="TEXT" value="2" />
    <attribute name="LINKS" value="2" />
  </edge>
  <edge from="WOMEN" to="VIEW">
    <attribute name="TEXT" value="2" />
    <attribute name="LINKS" value="2" />
  </edge>
</graph>
