<graph>
  <node id="ABNORMAL">
    <attribute name="FREQUENCY" value="1" />
  </node>
  <node id="ABNORMALITIES">
    <attribute name="FREQUENCY" value="1" />
  </node>
  <node id="ACCURACY">
    <attribute name="FREQUENCY" value="6" />
  </node>
  <node id="ACCURATE">
    <attribute name="FREQUENCY" value="2" />
  </node>
  <node id="ACTIVITY">
    <attribute name="FREQUENCY" value="1" />
  </node>
  <node id="ACTUAL">
    <attribute name="FREQUENCY" value="1" />
  </node>
  <node id="ACUTE">
    <attribute name="FREQUENCY" value="1" />
  </node>
  <node id="AIDS">
    <attribute name="FREQUENCY" value="1" />
  </node>
  <node id="APPEARS">
    <attribute name="FREQUENCY" value="1" />
  </node>
  <node id="ARTIFICIAL">
    <attribute name="FREQUENCY" value="2" />
  </node>
  <node id="ATTACK">
    <attribute name="FREQUENCY" value="5" />
  </node>
  <node id="AUTHOR">
    <attribute name="FREQUENCY" value="2" />
  </node>
  <node id="BEAT">
    <attribute name="FREQUENCY" value="1" />
  </node>
  <node id="BELONGED">
    <attribute name="FREQUENCY" value="1" />
  </node>
  <node id="BIZ">
    <attribute name="FREQUENCY" value="4" />
  </node>
  <node id="BROCCOLI">
    <attribute name="FREQUENCY" value="4" />
  </node>
  <node id="CANCER">
    <attribute name="FREQUENCY" value="4" />
  </node>
  <node id="CARDIAC">
    <attribute name="FREQUENCY" value="1" />
  </node>
  <node id="CARDIOLOGIST">
    <attribute name="FREQUENCY" value="7" />
  </node>
  <node id="CIRCULATION">
    <attribute name="FREQUENCY" value="2" />
  </node>
  <node id="CLEAR-CUT">
    <attribute name="FREQUENCY" value="1" />
  </node>
  <node id="COMMENTS">
    <attribute name="FREQUENCY" value="2" />
  </node>
  <node id="COMPARED">
    <attribute name="FREQUENCY" value="1" />
  </node>
  <node id="COMPUTER">
    <attribute name="FREQUENCY" value="10" />
  </node>
  <node id="COMPUTER-BASED">
    <attribute name="FREQUENCY" value="1" />
  </node>
  <node id="CONCLUDE">
    <attribute name="FREQUENCY" value="1" />
  </node>
  <node id="CONSISTING">
    <attribute name="FREQUENCY" value="1" />
  </node>
  <node id="CORRECTLY">
    <attribute name="FREQUENCY" value="1" />
  </node>
  <node id="CURRENT">
    <attribute name="FREQUENCY" value="1" />
  </node>
  <node id="DATABASE">
    <attribute name="FREQUENCY" value="1" />
  </node>
  <node id="DECISION">
    <attribute name="FREQUENCY" value="2" />
  </node>
  <node id="DECISION-MAKING">
    <attribute name="FREQUENCY" value="1" />
  </node>
  <node id="DIAGNOSE">
    <attribute name="FREQUENCY" value="2" />
  </node>
  <node id="DIAGNOSIS">
    <attribute name="FREQUENCY" value="7" />
  </node>
  <node id="DIAGNOSTIC">
    <attribute name="FREQUENCY" value="1" />
  </node>
  <node id="DISEASE">
    <attribute name="FREQUENCY" value="1" />
  </node>
  <node id="DOCTORS">
    <attribute name="FREQUENCY" value="1" />
  </node>
  <node id="EARLIER">
    <attribute name="FREQUENCY" value="1" />
  </node>
  <node id="ECG">
    <attribute name="FREQUENCY" value="11" />
  </node>
  <node id="EDENBRANDT">
    <attribute name="FREQUENCY" value="3" />
  </node>
  <node id="EDT">
    <attribute name="FREQUENCY" value="1" />
  </node>
  <node id="ELECTRICAL">
    <attribute name="FREQUENCY" value="1" />
  </node>
  <node id="ELECTROCARDIOGRAMS">
    <attribute name="FREQUENCY" value="1" />
  </node>
  <node id="ENTERTAIN">
    <attribute name="FREQUENCY" value="4" />
  </node>
  <node id="ERRORS">
    <attribute name="FREQUENCY" value="2" />
  </node>
  <node id="ESSENTIAL">
    <attribute name="FREQUENCY" value="1" />
  </node>
  <node id="EXPERIENCE">
    <attribute name="FREQUENCY" value="1" />
  </node>
  <node id="EXPERIENCED">
    <attribute name="FREQUENCY" value="4" />
  </node>
  <node id="FACT">
    <attribute name="FREQUENCY" value="2" />
  </node>
  <node id="FAIRLY">
    <attribute name="FREQUENCY" value="1" />
  </node>
  <node id="FIGHT">
    <attribute name="FREQUENCY" value="4" />
  </node>
  <node id="FINE-TUNING">
    <attribute name="FREQUENCY" value="1" />
  </node>
  <node id="FIVE-FOLD">
    <attribute name="FREQUENCY" value="4" />
  </node>
  <node id="GENE">
    <attribute name="FREQUENCY" value="4" />
  </node>
  <node id="HEADLINES">
    <attribute name="FREQUENCY" value="1" />
  </node>
  <node id="HEALTH">
    <attribute name="FREQUENCY" value="4" />
  </node>
  <node id="HEART">
    <attribute name="FREQUENCY" value="15" />
  </node>
  <node id="HIGH">
    <attribute name="FREQUENCY" value="1" />
  </node>
  <node id="HIGH-TECH">
    <attribute name="FREQUENCY" value="1" />
  </node>
  <node id="HIGHER">
    <attribute name="FREQUENCY" value="1" />
  </node>
  <node id="HISTORIES">
    <attribute name="FREQUENCY" value="1" />
  </node>
  <node id="HISTORY">
    <attribute name="FREQUENCY" value="1" />
  </node>
  <node id="HOSPITAL">
    <attribute name="FREQUENCY" value="1" />
  </node>
  <node id="HTML">
    <attribute name="FREQUENCY" value="1" />
  </node>
  <node id="HUMAN">
    <attribute name="FREQUENCY" value="1" />
  </node>
  <node id="IMPROVE">
    <attribute name="FREQUENCY" value="1" />
  </node>
  <node id="INCREASE">
    <attribute name="FREQUENCY" value="4" />
  </node>
  <node id="INDICATING">
    <attribute name="FREQUENCY" value="1" />
  </node>
  <node id="INFARCTION">
    <attribute name="FREQUENCY" value="1" />
  </node>
  <node id="INFO">
    <attribute name="FREQUENCY" value="2" />
  </node>
  <node id="INTERPRET">
    <attribute name="FREQUENCY" value="1" />
  </node>
  <node id="INVESTIGATORS">
    <attribute name="FREQUENCY" value="2" />
  </node>
  <node id="ISSUE">
    <attribute name="FREQUENCY" value="1" />
  </node>
  <node id="JOURNAL">
    <attribute name="FREQUENCY" value="1" />
  </node>
  <node id="LARS">
    <attribute name="FREQUENCY" value="1" />
  </node>
  <node id="LEAD">
    <attribute name="FREQUENCY" value="1" />
  </node>
  <node id="LEARN">
    <attribute name="FREQUENCY" value="2" />
  </node>
  <node id="LEVELS">
    <attribute name="FREQUENCY" value="1" />
  </node>
  <node id="LIFETIME">
    <attribute name="FREQUENCY" value="1" />
  </node>
  <node id="LIMITED">
    <attribute name="FREQUENCY" value="1" />
  </node>
  <node id="LUND">
    <attribute name="FREQUENCY" value="1" />
  </node>
  <node id="MACHINES">
    <attribute name="FREQUENCY" value="1" />
  </node>
  <node id="MATCH">
    <attribute name="FREQUENCY" value="1" />
  </node>
  <node id="MEDICAL">
    <attribute name="FREQUENCY" value="2" />
  </node>
  <node id="MIMIC">
    <attribute name="FREQUENCY" value="1" />
  </node>
  <node id="MISJUDGED">
    <attribute name="FREQUENCY" value="1" />
  </node>
  <node id="MON">
    <attribute name="FREQUENCY" value="1" />
  </node>
  <node id="NETWORK">
    <attribute name="FREQUENCY" value="7" />
  </node>
  <node id="NEURAL">
    <attribute name="FREQUENCY" value="5" />
  </node>
  <node id="NEWS">
    <attribute name="FREQUENCY" value="4" />
  </node>
  <node id="OBSOLETE">
    <attribute name="FREQUENCY" value="1" />
  </node>
  <node id="OCCUR">
    <attribute name="FREQUENCY" value="1" />
  </node>
  <node id="OMISSIONS">
    <attribute name="FREQUENCY" value="1" />
  </node>
  <node id="OVERLOOKED">
    <attribute name="FREQUENCY" value="1" />
  </node>
  <node id="PAST">
    <attribute name="FREQUENCY" value="1" />
  </node>
  <node id="PATIENTS">
    <attribute name="FREQUENCY" value="5" />
  </node>
  <node id="PERFORMED">
    <attribute name="FREQUENCY" value="1" />
  </node>
  <node id="PHYSICIANS">
    <attribute name="FREQUENCY" value="3" />
  </node>
  <node id="PM">
    <attribute name="FREQUENCY" value="2" />
  </node>
  <node id="POLITIC">
    <attribute name="FREQUENCY" value="4" />
  </node>
  <node id="POSSIBLY">
    <attribute name="FREQUENCY" value="1" />
  </node>
  <node id="POTENTIAL">
    <attribute name="FREQUENCY" value="1" />
  </node>
  <node id="PRESENTED">
    <attribute name="FREQUENCY" value="1" />
  </node>
  <node id="PRINTED">
    <attribute name="FREQUENCY" value="1" />
  </node>
  <node id="PROCESS">
    <attribute name="FREQUENCY" value="2" />
  </node>
  <node id="PROGRAM">
    <attribute name="FREQUENCY" value="4" />
  </node>
  <node id="QUARTER">
    <attribute name="FREQUENCY" value="1" />
  </node>
  <node id="QUESTIONS">
    <attribute name="FREQUENCY" value="2" />
  </node>
  <node id="QUICKEST">
    <attribute name="FREQUENCY" value="1" />
  </node>
  <node id="RAISE">
    <attribute name="FREQUENCY" value="1" />
  </node>
  <node id="READ">
    <attribute name="FREQUENCY" value="2" />
  </node>
  <node id="READERS">
    <attribute name="FREQUENCY" value="1" />
  </node>
  <node id="READINGS">
    <attribute name="FREQUENCY" value="1" />
  </node>
  <node id="READOUTS">
    <attribute name="FREQUENCY" value="1" />
  </node>
  <node id="RECEIVED">
    <attribute name="FREQUENCY" value="1" />
  </node>
  <node id="RECORD">
    <attribute name="FREQUENCY" value="1" />
  </node>
  <node id="REDUCE">
    <attribute name="FREQUENCY" value="1" />
  </node>
  <node id="RELATED">
    <attribute name="FREQUENCY" value="1" />
  </node>
  <node id="RELIABLE">
    <attribute name="FREQUENCY" value="1" />
  </node>
  <node id="REMAIN">
    <attribute name="FREQUENCY" value="2" />
  </node>
  <node id="RESEARCH">
    <attribute name="FREQUENCY" value="1" />
  </node>
  <node id="RESEARCHERS">
    <attribute name="FREQUENCY" value="1" />
  </node>
  <node id="RESULTS">
    <attribute name="FREQUENCY" value="1" />
  </node>
  <node id="REUTERS">
    <attribute name="FREQUENCY" value="2" />
  </node>
  <node id="REVEAL">
    <attribute name="FREQUENCY" value="1" />
  </node>
  <node id="REVIEW">
    <attribute name="FREQUENCY" value="1" />
  </node>
  <node id="RISK">
    <attribute name="FREQUENCY" value="4" />
  </node>
  <node id="SCOREBOARD">
    <attribute name="FREQUENCY" value="4" />
  </node>
  <node id="SEP">
    <attribute name="FREQUENCY" value="1" />
  </node>
  <node id="SEPTEMBER">
    <attribute name="FREQUENCY" value="1" />
  </node>
  <node id="SKILLED">
    <attribute name="FREQUENCY" value="1" />
  </node>
  <node id="SOURCE">
    <attribute name="FREQUENCY" value="1" />
  </node>
  <node id="SPECIALIST">
    <attribute name="FREQUENCY" value="1" />
  </node>
  <node id="SPORT">
    <attribute name="FREQUENCY" value="4" />
  </node>
  <node id="SPOTTING">
    <attribute name="FREQUENCY" value="2" />
  </node>
  <node id="SPROUTS">
    <attribute name="FREQUENCY" value="4" />
  </node>
  <node id="STORIES">
    <attribute name="FREQUENCY" value="2" />
  </node>
  <node id="STORY">
    <attribute name="FREQUENCY" value="4" />
  </node>
  <node id="STUDIES">
    <attribute name="FREQUENCY" value="1" />
  </node>
  <node id="STUDY">
    <attribute name="FREQUENCY" value="4" />
  </node>
  <node id="SUFFERED">
    <attribute name="FREQUENCY" value="1" />
  </node>
  <node id="SUPPLIED">
    <attribute name="FREQUENCY" value="1" />
  </node>
  <node id="SUPPORT">
    <attribute name="FREQUENCY" value="1" />
  </node>
  <node id="SURPASS">
    <attribute name="FREQUENCY" value="1" />
  </node>
  <node id="SWEDEN">
    <attribute name="FREQUENCY" value="1" />
  </node>
  <node id="SWEDISH">
    <attribute name="FREQUENCY" value="2" />
  </node>
  <node id="SYMPTOMS">
    <attribute name="FREQUENCY" value="1" />
  </node>
  <node id="TALK">
    <attribute name="FREQUENCY" value="1" />
  </node>
  <node id="TEAM">
    <attribute name="FREQUENCY" value="1" />
  </node>
  <node id="TECH">
    <attribute name="FREQUENCY" value="4" />
  </node>
  <node id="TECHNOLOGY">
    <attribute name="FREQUENCY" value="3" />
  </node>
  <node id="TEST">
    <attribute name="FREQUENCY" value="1" />
  </node>
  <node id="TESTED">
    <attribute name="FREQUENCY" value="1" />
  </node>
  <node id="TEXT">
    <attribute name="FREQUENCY" value="1" />
  </node>
  <node id="TH">
    <attribute name="FREQUENCY" value="1" />
  </node>
  <node id="THOUGHT">
    <attribute name="FREQUENCY" value="1" />
  </node>
  <node id="THOUSANDS">
    <attribute name="FREQUENCY" value="1" />
  </node>
  <node id="TOOLS">
    <attribute name="FREQUENCY" value="1" />
  </node>
  <node id="TUESDAY">
    <attribute name="FREQUENCY" value="1" />
  </node>
  <node id="UNIVERSITY">
    <attribute name="FREQUENCY" value="1" />
  </node>
  <node id="UPS">
    <attribute name="FREQUENCY" value="4" />
  </node>
  <node id="VICTIMS">
    <attribute name="FREQUENCY" value="1" />
  </node>
  <node id="WRITE">
    <attribute name="FREQUENCY" value="2" />
  </node>
  <node id="YAHOO">
    <attribute name="FREQUENCY" value="4" />
  </node>
  <node id="YORK">
    <attribute name="FREQUENCY" value="1" />
  </node>
  <edge from="ACCURACY" to="LEVELS">
    <attribute name="TEXT" value="1" />
  </edge>
  <edge from="ACTIVITY" to="REMAIN">
    <attribute name="TEXT" value="1" />
  </edge>
  <edge from="ACTUAL" to="PATIENTS">
    <attribute name="TEXT" value="1" />
  </edge>
  <edge from="ACUTE" to="INFARCTION">
    <attribute name="TEXT" value="1" />
  </edge>
  <edge from="ARTIFICIAL" to="NEURAL">
    <attribute name="TEXT" value="2" />
  </edge>
  <edge from="AUTHOR" to="CONCLUDE">
    <attribute name="TEXT" value="1" />
  </edge>
  <edge from="BROCCOLI" to="SPROUTS">
    <attribute name="TEXT" value="2" />
    <attribute name="LINKS" value="2" />
  </edge>
  <edge from="BROCCOLI" to="SPROUTS">
    <attribute name="TEXT" value="2" />
    <attribute name="LINKS" value="2" />
  </edge>
  <edge from="CARDIAC" to="DIAGNOSIS">
    <attribute name="TEXT" value="1" />
  </edge>
  <edge from="CARDIOLOGIST" to="INDICATING">
    <attribute name="TEXT" value="1" />
  </edge>
  <edge from="COMPUTER" to="NETWORK">
    <attribute name="TEXT" value="1" />
  </edge>
  <edge from="COMPUTER" to="PROGRAM">
    <attribute name="TEXT" value="3" />
  </edge>
  <edge from="COMPUTER" to="TECHNOLOGY">
    <attribute name="TEXT" value="2" />
  </edge>
  <edge from="COMPUTER" to="UPS">
    <attribute name="TEXT" value="2" />
    <attribute name="LINKS" value="1" />
    <attribute name="KEYWORDS" value="1" />
  </edge>
  <edge from="COMPUTER" to="UPS">
    <attribute name="TEXT" value="2" />
    <attribute name="LINKS" value="1" />
    <attribute name="KEYWORDS" value="1" />
  </edge>
  <edge from="COMPUTER" to="UPS">
    <attribute name="TEXT" value="2" />
    <attribute name="LINKS" value="1" />
    <attribute name="KEYWORDS" value="1" />
  </edge>
  <edge from="COMPUTER-BASED" to="DIAGNOSE">
    <attribute name="TEXT" value="1" />
  </edge>
  <edge from="CORRECTLY" to="SPOTTING">
    <attribute name="TEXT" value="1" />
  </edge>
  <edge from="CURRENT" to="ISSUE">
    <attribute name="TEXT" value="1" />
  </edge>
  <edge from="DATABASE" to="CONSISTING">
    <attribute name="TEXT" value="1" />
  </edge>
  <edge from="DECISION" to="AIDS">
    <attribute name="TEXT" value="1" />
  </edge>
  <edge from="DECISION" to="SUPPORT">
    <attribute name="TEXT" value="1" />
  </edge>
  <edge from="DECISION-MAKING" to="PROCESS">
    <attribute name="TEXT" value="1" />
  </edge>
  <edge from="DIAGNOSE" to="HEART">
    <attribute name="TEXT" value="1" />
  </edge>
  <edge from="DIAGNOSIS" to="ACCURACY">
    <attribute name="TEXT" value="2" />
    <attribute name="LINKS" value="1" />
    <attribute name="KEYWORDS" value="1" />
  </edge>
  <edge from="DIAGNOSIS" to="ACCURACY">
    <attribute name="TEXT" value="2" />
    <attribute name="LINKS" value="1" />
    <attribute name="KEYWORDS" value="1" />
  </edge>
  <edge from="DIAGNOSIS" to="ACCURACY">
    <attribute name="TEXT" value="2" />
    <attribute name="LINKS" value="1" />
    <attribute name="KEYWORDS" value="1" />
  </edge>
  <edge from="DIAGNOSTIC" to="ACCURACY">
    <attribute name="TEXT" value="1" />
  </edge>
  <edge from="DISEASE" to="HISTORIES">
    <attribute name="TEXT" value="1" />
  </edge>
  <edge from="EARLIER" to="RELATED">
    <attribute name="TEXT" value="1" />
  </edge>
  <edge from="ECG" to="ERRORS">
    <attribute name="TEXT" value="1" />
  </edge>
  <edge from="ECG" to="PRINTED">
    <attribute name="TEXT" value="1" />
  </edge>
  <edge from="ECG" to="READ">
    <attribute name="TEXT" value="1" />
  </edge>
  <edge from="ECG" to="READERS">
    <attribute name="TEXT" value="1" />
  </edge>
  <edge from="ECG" to="READINGS">
    <attribute name="TEXT" value="1" />
  </edge>
  <edge from="ELECTRICAL" to="ACTIVITY">
    <attribute name="TEXT" value="1" />
  </edge>
  <edge from="EXPERIENCED" to="CARDIOLOGIST">
    <attribute name="TEXT" value="3" />
  </edge>
  <edge from="EXPERIENCED" to="ECG">
    <attribute name="TEXT" value="1" />
  </edge>
  <edge from="FACT" to="SUFFERED">
    <attribute name="TEXT" value="1" />
  </edge>
  <edge from="FAIRLY" to="ACCURATE">
    <attribute name="TEXT" value="1" />
  </edge>
  <edge from="FIGHT" to="CANCER">
    <attribute name="TEXT" value="2" />
    <attribute name="LINKS" value="2" />
  </edge>
  <edge from="FIGHT" to="CANCER">
    <attribute name="TEXT" value="2" />
    <attribute name="LINKS" value="2" />
  </edge>
  <edge from="GENE" to="INCREASE">
    <attribute name="TEXT" value="4" />
    <attribute name="LINKS" value="4" />
  </edge>
  <edge from="GENE" to="INCREASE">
    <attribute name="TEXT" value="4" />
    <attribute name="LINKS" value="4" />
  </edge>
  <edge from="HEALTH" to="STORIES">
    <attribute name="TEXT" value="1" />
  </edge>
  <edge from="HEART" to="ATTACK">
    <attribute name="TEXT" value="5" />
  </edge>
  <edge from="HEART" to="DIAGNOSIS">
    <attribute name="TEXT" value="2" />
    <attribute name="LINKS" value="1" />
    <attribute name="KEYWORDS" value="1" />
  </edge>
  <edge from="HEART" to="DIAGNOSIS">
    <attribute name="TEXT" value="2" />
    <attribute name="LINKS" value="1" />
    <attribute name="KEYWORDS" value="1" />
  </edge>
  <edge from="HEART" to="DIAGNOSIS">
    <attribute name="TEXT" value="2" />
    <attribute name="LINKS" value="1" />
    <attribute name="KEYWORDS" value="1" />
  </edge>
  <edge from="HEART" to="ELECTRICAL">
    <attribute name="TEXT" value="1" />
  </edge>
  <edge from="HEART" to="RISK">
    <attribute name="TEXT" value="2" />
    <attribute name="LINKS" value="2" />
  </edge>
  <edge from="HEART" to="RISK">
    <attribute name="TEXT" value="2" />
    <attribute name="LINKS" value="2" />
  </edge>
  <edge from="HEART" to="SPECIALIST">
    <attribute name="TEXT" value="1" />
  </edge>
  <edge from="HIGH-TECH" to="COMPUTER">
    <attribute name="TEXT" value="1" />
  </edge>
  <edge from="HISTORIES" to="MATCH">
    <attribute name="TEXT" value="1" />
  </edge>
  <edge from="HUMAN" to="THOUGHT">
    <attribute name="TEXT" value="1" />
  </edge>
  <edge from="INCREASE" to="HEART">
    <attribute name="TEXT" value="4" />
    <attribute name="LINKS" value="4" />
  </edge>
  <edge from="INCREASE" to="HEART">
    <attribute name="TEXT" value="4" />
    <attribute name="LINKS" value="4" />
  </edge>
  <edge from="INTERPRET" to="ECG">
    <attribute name="TEXT" value="1" />
  </edge>
  <edge from="JOURNAL" to="CIRCULATION">
    <attribute name="TEXT" value="1" />
  </edge>
  <edge from="LARS" to="EDENBRANDT">
    <attribute name="TEXT" value="1" />
  </edge>
  <edge from="LEAD" to="AUTHOR">
    <attribute name="TEXT" value="1" />
  </edge>
  <edge from="LEVELS" to="CARDIOLOGIST">
    <attribute name="TEXT" value="1" />
  </edge>
  <edge from="LUND" to="SWEDEN">
    <attribute name="TEXT" value="1" />
  </edge>
  <edge from="MEDICAL" to="HISTORY">
    <attribute name="TEXT" value="1" />
  </edge>
  <edge from="MEDICAL" to="RECORD">
    <attribute name="TEXT" value="1" />
  </edge>
  <edge from="MIMIC" to="HUMAN">
    <attribute name="TEXT" value="1" />
  </edge>
  <edge from="MON" to="SEP">
    <attribute name="TEXT" value="1" />
  </edge>
  <edge from="NETWORK" to="IMPROVE">
    <attribute name="TEXT" value="1" />
  </edge>
  <edge from="NETWORK" to="PROGRAM">
    <attribute name="TEXT" value="1" />
  </edge>
  <edge from="NEURAL" to="NETWORK">
    <attribute name="TEXT" value="5" />
  </edge>
  <edge from="PAST" to="EXPERIENCE">
    <attribute name="TEXT" value="1" />
  </edge>
  <edge from="PATIENTS" to="DISEASE">
    <attribute name="TEXT" value="1" />
  </edge>
  <edge from="PATIENTS" to="ELECTROCARDIOGRAMS">
    <attribute name="TEXT" value="1" />
  </edge>
  <edge from="PERFORMED" to="HIGHER">
    <attribute name="TEXT" value="1" />
  </edge>
  <edge from="PM" to="EDT">
    <attribute name="TEXT" value="1" />
  </edge>
  <edge from="POSSIBLY" to="READ">
    <attribute name="TEXT" value="1" />
  </edge>
  <edge from="PRINTED" to="READOUTS">
    <attribute name="TEXT" value="1" />
  </edge>
  <edge from="RAISE" to="ACCURACY">
    <attribute name="TEXT" value="1" />
  </edge>
  <edge from="RECORD" to="SUPPLIED">
    <attribute name="TEXT" value="1" />
  </edge>
  <edge from="RELATED" to="STORIES">
    <attribute name="TEXT" value="1" />
  </edge>
  <edge from="RELIABLE" to="TOOLS">
    <attribute name="TEXT" value="1" />
  </edge>
  <edge from="REMAIN" to="ESSENTIAL">
    <attribute name="TEXT" value="1" />
  </edge>
  <edge from="RESEARCH" to="APPEARS">
    <attribute name="TEXT" value="1" />
  </edge>
  <edge from="REUTERS" to="LIMITED">
    <attribute name="TEXT" value="1" />
  </edge>
  <edge from="RISK" to="FIVE-FOLD">
    <attribute name="TEXT" value="2" />
    <attribute name="LINKS" value="2" />
  </edge>
  <edge from="RISK" to="FIVE-FOLD">
    <attribute name="TEXT" value="2" />
    <attribute name="LINKS" value="2" />
  </edge>
  <edge from="SKILLED" to="PHYSICIANS">
    <attribute name="TEXT" value="1" />
  </edge>
  <edge from="SPOTTING" to="ABNORMALITIES">
    <attribute name="TEXT" value="1" />
  </edge>
  <edge from="SPROUTS" to="FIGHT">
    <attribute name="TEXT" value="2" />
    <attribute name="LINKS" value="2" />
  </edge>
  <edge from="SPROUTS" to="FIGHT">
    <attribute name="TEXT" value="2" />
    <attribute name="LINKS" value="2" />
  </edge>
  <edge from="STORIES" to="MACHINES">
    <attribute name="TEXT" value="1" />
  </edge>
  <edge from="STUDIES" to="REVEAL">
    <attribute name="TEXT" value="1" />
  </edge>
  <edge from="STUDY" to="AUTHOR">
    <attribute name="TEXT" value="1" />
  </edge>
  <edge from="STUDY" to="LEAD">
    <attribute name="TEXT" value="1" />
  </edge>
  <edge from="STUDY" to="RECEIVED">
    <attribute name="TEXT" value="1" />
  </edge>
  <edge from="SUFFERED" to="HEART">
    <attribute name="TEXT" value="1" />
  </edge>
  <edge from="SURPASS" to="CARDIOLOGIST">
    <attribute name="TEXT" value="1" />
  </edge>
  <edge from="SWEDISH" to="INVESTIGATORS">
    <attribute name="TEXT" value="1" />
  </edge>
  <edge from="SWEDISH" to="STUDY">
    <attribute name="TEXT" value="1" />
  </edge>
  <edge from="TEXT" to="HEADLINES">
    <attribute name="TEXT" value="1" />
  </edge>
  <edge from="THOUGHT" to="PROCESS">
    <attribute name="TEXT" value="1" />
  </edge>
  <edge from="TUESDAY" to="SEPTEMBER">
    <attribute name="TEXT" value="1" />
  </edge>
  <edge from="UNIVERSITY" to="HOSPITAL">
    <attribute name="TEXT" value="1" />
  </edge>
  <edge from="UPS" to="HEART">
    <attribute name="TEXT" value="2" />
    <attribute name="LINKS" value="1" />
    <attribute name="KEYWORDS" value="1" />
  </edge>
  <edge from="UPS" to="HEART">
    <attribute name="TEXT" value="2" />
    <attribute name="LINKS" value="1" />
    <attribute name="KEYWORDS" value="1" />
  </edge>
  <edge from="UPS" to="HEART">
    <attribute name="TEXT" value="2" />
    <attribute name="LINKS" value="1" />
    <attribute name="KEYWORDS" value="1" />
  </edge>
</graph>
