<graph>
  <node id="ACT">
    <attribute name="FREQUENCY" value="1" />
  </node>
  <node id="ACTIVITIES">
    <attribute name="FREQUENCY" value="1" />
  </node>
  <node id="ACTIVITY">
    <attribute name="FREQUENCY" value="1" />
  </node>
  <node id="ADD">
    <attribute name="FREQUENCY" value="19" />
  </node>
  <node id="ADD-CAUSED">
    <attribute name="FREQUENCY" value="1" />
  </node>
  <node id="ADOLESCENTS">
    <attribute name="FREQUENCY" value="1" />
  </node>
  <node id="ADULTS">
    <attribute name="FREQUENCY" value="9" />
  </node>
  <node id="AGO">
    <attribute name="FREQUENCY" value="2" />
  </node>
  <node id="ALCOHOL">
    <attribute name="FREQUENCY" value="4" />
  </node>
  <node id="AMERICAN">
    <attribute name="FREQUENCY" value="2" />
  </node>
  <node id="ASSOCIATION">
    <attribute name="FREQUENCY" value="1" />
  </node>
  <node id="ATTENTION">
    <attribute name="FREQUENCY" value="4" />
  </node>
  <node id="AWARE">
    <attribute name="FREQUENCY" value="1" />
  </node>
  <node id="BALTIMORE">
    <attribute name="FREQUENCY" value="1" />
  </node>
  <node id="BASED">
    <attribute name="FREQUENCY" value="2" />
  </node>
  <node id="BEGINNING">
    <attribute name="FREQUENCY" value="2" />
  </node>
  <node id="BEHAVIOR">
    <attribute name="FREQUENCY" value="3" />
  </node>
  <node id="BELIEVES">
    <attribute name="FREQUENCY" value="1" />
  </node>
  <node id="BIZ">
    <attribute name="FREQUENCY" value="4" />
  </node>
  <node id="BRAIN">
    <attribute name="FREQUENCY" value="5" />
  </node>
  <node id="CAGE">
    <attribute name="FREQUENCY" value="1" />
  </node>
  <node id="CALMED">
    <attribute name="FREQUENCY" value="1" />
  </node>
  <node id="CAREER">
    <attribute name="FREQUENCY" value="1" />
  </node>
  <node id="CH">
    <attribute name="FREQUENCY" value="1" />
  </node>
  <node id="CHAOTIC">
    <attribute name="FREQUENCY" value="1" />
  </node>
  <node id="CHARACTERISTICS">
    <attribute name="FREQUENCY" value="1" />
  </node>
  <node id="CHARLES">
    <attribute name="FREQUENCY" value="1" />
  </node>
  <node id="CHEMICAL">
    <attribute name="FREQUENCY" value="1" />
  </node>
  <node id="CHILD">
    <attribute name="FREQUENCY" value="1" />
  </node>
  <node id="CHILDHOOD">
    <attribute name="FREQUENCY" value="2" />
  </node>
  <node id="CHILDREN">
    <attribute name="FREQUENCY" value="1" />
  </node>
  <node id="CLOSE">
    <attribute name="FREQUENCY" value="1" />
  </node>
  <node id="COLLECTION">
    <attribute name="FREQUENCY" value="1" />
  </node>
  <node id="COMBAT">
    <attribute name="FREQUENCY" value="1" />
  </node>
  <node id="COMMENTS">
    <attribute name="FREQUENCY" value="2" />
  </node>
  <node id="COMMONLY">
    <attribute name="FREQUENCY" value="1" />
  </node>
  <node id="COMMUNITY">
    <attribute name="FREQUENCY" value="1" />
  </node>
  <node id="COMPLETE">
    <attribute name="FREQUENCY" value="1" />
  </node>
  <node id="CONSTANTLY">
    <attribute name="FREQUENCY" value="1" />
  </node>
  <node id="CONSTITUTES">
    <attribute name="FREQUENCY" value="1" />
  </node>
  <node id="CONTINUE">
    <attribute name="FREQUENCY" value="1" />
  </node>
  <node id="CONTROVERSY">
    <attribute name="FREQUENCY" value="1" />
  </node>
  <node id="COST">
    <attribute name="FREQUENCY" value="1" />
  </node>
  <node id="CURE">
    <attribute name="FREQUENCY" value="1" />
  </node>
  <node id="DAILY">
    <attribute name="FREQUENCY" value="1" />
  </node>
  <node id="DEFICIT">
    <attribute name="FREQUENCY" value="2" />
  </node>
  <node id="DENCKLA">
    <attribute name="FREQUENCY" value="1" />
  </node>
  <node id="DETAILS">
    <attribute name="FREQUENCY" value="1" />
  </node>
  <node id="DIAGNOSED">
    <attribute name="FREQUENCY" value="4" />
  </node>
  <node id="DIAGNOSIS">
    <attribute name="FREQUENCY" value="2" />
  </node>
  <node id="DIAGNOSTIC">
    <attribute name="FREQUENCY" value="1" />
  </node>
  <node id="DISABILITIES">
    <attribute name="FREQUENCY" value="1" />
  </node>
  <node id="DISORDER">
    <attribute name="FREQUENCY" value="7" />
  </node>
  <node id="DISORGANIZED">
    <attribute name="FREQUENCY" value="1" />
  </node>
  <node id="DISRUPT">
    <attribute name="FREQUENCY" value="1" />
  </node>
  <node id="DOPAMINE">
    <attribute name="FREQUENCY" value="2" />
  </node>
  <node id="DRIFT">
    <attribute name="FREQUENCY" value="2" />
  </node>
  <node id="DRIVEN">
    <attribute name="FREQUENCY" value="1" />
  </node>
  <node id="DRUG">
    <attribute name="FREQUENCY" value="3" />
  </node>
  <node id="EARLY">
    <attribute name="FREQUENCY" value="1" />
  </node>
  <node id="EDITOR">
    <attribute name="FREQUENCY" value="1" />
  </node>
  <node id="EDT">
    <attribute name="FREQUENCY" value="1" />
  </node>
  <node id="EDUCATION">
    <attribute name="FREQUENCY" value="1" />
  </node>
  <node id="EMBRACE">
    <attribute name="FREQUENCY" value="1" />
  </node>
  <node id="ENTERTAIN">
    <attribute name="FREQUENCY" value="4" />
  </node>
  <node id="EPISODE">
    <attribute name="FREQUENCY" value="1" />
  </node>
  <node id="ERRORS">
    <attribute name="FREQUENCY" value="1" />
  </node>
  <node id="ESTIMATED">
    <attribute name="FREQUENCY" value="1" />
  </node>
  <node id="EXCESSIVE">
    <attribute name="FREQUENCY" value="1" />
  </node>
  <node id="EXHIBITED">
    <attribute name="FREQUENCY" value="1" />
  </node>
  <node id="EXPERTS">
    <attribute name="FREQUENCY" value="2" />
  </node>
  <node id="FACT">
    <attribute name="FREQUENCY" value="1" />
  </node>
  <node id="FAILURE">
    <attribute name="FREQUENCY" value="1" />
  </node>
  <node id="FAST">
    <attribute name="FREQUENCY" value="1" />
  </node>
  <node id="FEEL">
    <attribute name="FREQUENCY" value="1" />
  </node>
  <node id="FEELINGS">
    <attribute name="FREQUENCY" value="1" />
  </node>
  <node id="FEMALE">
    <attribute name="FREQUENCY" value="4" />
  </node>
  <node id="FIDGETING">
    <attribute name="FREQUENCY" value="1" />
  </node>
  <node id="FLOOD">
    <attribute name="FREQUENCY" value="1" />
  </node>
  <node id="FLORIDA">
    <attribute name="FREQUENCY" value="1" />
  </node>
  <node id="FORGETFULNESS">
    <attribute name="FREQUENCY" value="1" />
  </node>
  <node id="FRACTURED">
    <attribute name="FREQUENCY" value="1" />
  </node>
  <node id="FRENETIC">
    <attribute name="FREQUENCY" value="1" />
  </node>
  <node id="FREQUENT">
    <attribute name="FREQUENCY" value="3" />
  </node>
  <node id="FUNCTION">
    <attribute name="FREQUENCY" value="1" />
  </node>
  <node id="FURBISH">
    <attribute name="FREQUENCY" value="2" />
  </node>
  <node id="GAINESVILLE">
    <attribute name="FREQUENCY" value="1" />
  </node>
  <node id="GAVE">
    <attribute name="FREQUENCY" value="1" />
  </node>
  <node id="GENE">
    <attribute name="FREQUENCY" value="1" />
  </node>
  <node id="GEORGIA">
    <attribute name="FREQUENCY" value="1" />
  </node>
  <node id="HARVARD">
    <attribute name="FREQUENCY" value="1" />
  </node>
  <node id="HEADLINES">
    <attribute name="FREQUENCY" value="1" />
  </node>
  <node id="HEALTH">
    <attribute name="FREQUENCY" value="4" />
  </node>
  <node id="HELPS">
    <attribute name="FREQUENCY" value="8" />
  </node>
  <node id="HTML">
    <attribute name="FREQUENCY" value="1" />
  </node>
  <node id="IDEA">
    <attribute name="FREQUENCY" value="1" />
  </node>
  <node id="IMPAIR">
    <attribute name="FREQUENCY" value="1" />
  </node>
  <node id="INABILITY">
    <attribute name="FREQUENCY" value="1" />
  </node>
  <node id="INATTENTION">
    <attribute name="FREQUENCY" value="1" />
  </node>
  <node id="INCREASE">
    <attribute name="FREQUENCY" value="2" />
  </node>
  <node id="INDIVIDUALS">
    <attribute name="FREQUENCY" value="2" />
  </node>
  <node id="INFO">
    <attribute name="FREQUENCY" value="2" />
  </node>
  <node id="INHERITED">
    <attribute name="FREQUENCY" value="1" />
  </node>
  <node id="INSTITUTE">
    <attribute name="FREQUENCY" value="1" />
  </node>
  <node id="INTERRUPTING">
    <attribute name="FREQUENCY" value="1" />
  </node>
  <node id="JOB">
    <attribute name="FREQUENCY" value="2" />
  </node>
  <node id="JOURNAL">
    <attribute name="FREQUENCY" value="1" />
  </node>
  <node id="KENNEDY">
    <attribute name="FREQUENCY" value="1" />
  </node>
  <node id="KNEW">
    <attribute name="FREQUENCY" value="1" />
  </node>
  <node id="KREIGER">
    <attribute name="FREQUENCY" value="1" />
  </node>
  <node id="LEARN">
    <attribute name="FREQUENCY" value="1" />
  </node>
  <node id="LEOPARD">
    <attribute name="FREQUENCY" value="1" />
  </node>
  <node id="LEVELS">
    <attribute name="FREQUENCY" value="1" />
  </node>
  <node id="LIFE">
    <attribute name="FREQUENCY" value="2" />
  </node>
  <node id="LIMITED">
    <attribute name="FREQUENCY" value="1" />
  </node>
  <node id="LION">
    <attribute name="FREQUENCY" value="1" />
  </node>
  <node id="LIST">
    <attribute name="FREQUENCY" value="1" />
  </node>
  <node id="LITERATURE">
    <attribute name="FREQUENCY" value="1" />
  </node>
  <node id="LIVE">
    <attribute name="FREQUENCY" value="2" />
  </node>
  <node id="LONG">
    <attribute name="FREQUENCY" value="1" />
  </node>
  <node id="LOS">
    <attribute name="FREQUENCY" value="1" />
  </node>
  <node id="MAINTAIN">
    <attribute name="FREQUENCY" value="1" />
  </node>
  <node id="MAKING">
    <attribute name="FREQUENCY" value="1" />
  </node>
  <node id="MANUAL">
    <attribute name="FREQUENCY" value="1" />
  </node>
  <node id="MARTHA">
    <attribute name="FREQUENCY" value="1" />
  </node>
  <node id="MENTAL">
    <attribute name="FREQUENCY" value="1" />
  </node>
  <node id="MIND">
    <attribute name="FREQUENCY" value="2" />
  </node>
  <node id="MIRACLE">
    <attribute name="FREQUENCY" value="1" />
  </node>
  <node id="MISPLACEMENT">
    <attribute name="FREQUENCY" value="1" />
  </node>
  <node id="MODERATE">
    <attribute name="FREQUENCY" value="4" />
  </node>
  <node id="MOVE">
    <attribute name="FREQUENCY" value="1" />
  </node>
  <node id="MOVED">
    <attribute name="FREQUENCY" value="1" />
  </node>
  <node id="MOVEMENT">
    <attribute name="FREQUENCY" value="1" />
  </node>
  <node id="NATIONWIDE">
    <attribute name="FREQUENCY" value="1" />
  </node>
  <node id="NEWS">
    <attribute name="FREQUENCY" value="4" />
  </node>
  <node id="NORMAL">
    <attribute name="FREQUENCY" value="1" />
  </node>
  <node id="NOTES">
    <attribute name="FREQUENCY" value="1" />
  </node>
  <node id="OCCUR">
    <attribute name="FREQUENCY" value="1" />
  </node>
  <node id="OLDER">
    <attribute name="FREQUENCY" value="4" />
  </node>
  <node id="ORGANIZATION">
    <attribute name="FREQUENCY" value="1" />
  </node>
  <node id="ORGANIZE">
    <attribute name="FREQUENCY" value="2" />
  </node>
  <node id="OVERCOME">
    <attribute name="FREQUENCY" value="1" />
  </node>
  <node id="PACE">
    <attribute name="FREQUENCY" value="2" />
  </node>
  <node id="PATIENTS">
    <attribute name="FREQUENCY" value="1" />
  </node>
  <node id="PAY">
    <attribute name="FREQUENCY" value="1" />
  </node>
  <node id="PEOPLE">
    <attribute name="FREQUENCY" value="2" />
  </node>
  <node id="PERSONAL">
    <attribute name="FREQUENCY" value="1" />
  </node>
  <node id="PERSONALITY">
    <attribute name="FREQUENCY" value="1" />
  </node>
  <node id="PLACE">
    <attribute name="FREQUENCY" value="2" />
  </node>
  <node id="PLANNING">
    <attribute name="FREQUENCY" value="2" />
  </node>
  <node id="PLANTATION">
    <attribute name="FREQUENCY" value="1" />
  </node>
  <node id="PLAY">
    <attribute name="FREQUENCY" value="1" />
  </node>
  <node id="PM">
    <attribute name="FREQUENCY" value="1" />
  </node>
  <node id="POLITIC">
    <attribute name="FREQUENCY" value="4" />
  </node>
  <node id="POPPER">
    <attribute name="FREQUENCY" value="2" />
  </node>
  <node id="PRESCRIBED">
    <attribute name="FREQUENCY" value="1" />
  </node>
  <node id="PRESCRIPTION">
    <attribute name="FREQUENCY" value="1" />
  </node>
  <node id="PROBLEMS">
    <attribute name="FREQUENCY" value="1" />
  </node>
  <node id="PROGRAM">
    <attribute name="FREQUENCY" value="1" />
  </node>
  <node id="PROGRESS">
    <attribute name="FREQUENCY" value="1" />
  </node>
  <node id="PROVIDED">
    <attribute name="FREQUENCY" value="1" />
  </node>
  <node id="PSYCHIATRIC">
    <attribute name="FREQUENCY" value="2" />
  </node>
  <node id="PSYCHIATRIST">
    <attribute name="FREQUENCY" value="2" />
  </node>
  <node id="PSYCHOPHARMACOLOGY">
    <attribute name="FREQUENCY" value="1" />
  </node>
  <node id="QUESTIONS">
    <attribute name="FREQUENCY" value="2" />
  </node>
  <node id="REACHED">
    <attribute name="FREQUENCY" value="1" />
  </node>
  <node id="REAL">
    <attribute name="FREQUENCY" value="1" />
  </node>
  <node id="RELATIONSHIP">
    <attribute name="FREQUENCY" value="1" />
  </node>
  <node id="REPORT">
    <attribute name="FREQUENCY" value="1" />
  </node>
  <node id="RESEARCH">
    <attribute name="FREQUENCY" value="4" />
  </node>
  <node id="RESEARCHERS">
    <attribute name="FREQUENCY" value="1" />
  </node>
  <node id="RESISTANCE">
    <attribute name="FREQUENCY" value="4" />
  </node>
  <node id="RESTLESS">
    <attribute name="FREQUENCY" value="1" />
  </node>
  <node id="RESULTS">
    <attribute name="FREQUENCY" value="1" />
  </node>
  <node id="REUTERS">
    <attribute name="FREQUENCY" value="2" />
  </node>
  <node id="RITALIN">
    <attribute name="FREQUENCY" value="5" />
  </node>
  <node id="SALLY">
    <attribute name="FREQUENCY" value="1" />
  </node>
  <node id="SCOREBOARD">
    <attribute name="FREQUENCY" value="4" />
  </node>
  <node id="SEATS">
    <attribute name="FREQUENCY" value="1" />
  </node>
  <node id="SEPTEMBER">
    <attribute name="FREQUENCY" value="2" />
  </node>
  <node id="SHORTAGE">
    <attribute name="FREQUENCY" value="1" />
  </node>
  <node id="SOFTWARE">
    <attribute name="FREQUENCY" value="4" />
  </node>
  <node id="SOURCE">
    <attribute name="FREQUENCY" value="1" />
  </node>
  <node id="SPEAK">
    <attribute name="FREQUENCY" value="1" />
  </node>
  <node id="SPECIAL">
    <attribute name="FREQUENCY" value="1" />
  </node>
  <node id="SPECIFIC">
    <attribute name="FREQUENCY" value="1" />
  </node>
  <node id="SPORT">
    <attribute name="FREQUENCY" value="4" />
  </node>
  <node id="SQUIRMING">
    <attribute name="FREQUENCY" value="1" />
  </node>
  <node id="STATISTICAL">
    <attribute name="FREQUENCY" value="1" />
  </node>
  <node id="STOCKBROKERS">
    <attribute name="FREQUENCY" value="1" />
  </node>
  <node id="STORIES">
    <attribute name="FREQUENCY" value="1" />
  </node>
  <node id="STORY">
    <attribute name="FREQUENCY" value="4" />
  </node>
  <node id="STUDIES">
    <attribute name="FREQUENCY" value="1" />
  </node>
  <node id="SUBJECT">
    <attribute name="FREQUENCY" value="1" />
  </node>
  <node id="SUFFERED">
    <attribute name="FREQUENCY" value="1" />
  </node>
  <node id="SUFFERERS">
    <attribute name="FREQUENCY" value="1" />
  </node>
  <node id="SUGGESTED">
    <attribute name="FREQUENCY" value="1" />
  </node>
  <node id="SYMPTOMS">
    <attribute name="FREQUENCY" value="3" />
  </node>
  <node id="SYNDROME">
    <attribute name="FREQUENCY" value="1" />
  </node>
  <node id="TALK">
    <attribute name="FREQUENCY" value="2" />
  </node>
  <node id="TASK">
    <attribute name="FREQUENCY" value="2" />
  </node>
  <node id="TEACH">
    <attribute name="FREQUENCY" value="1" />
  </node>
  <node id="TEACHER">
    <attribute name="FREQUENCY" value="1" />
  </node>
  <node id="TECH">
    <attribute name="FREQUENCY" value="4" />
  </node>
  <node id="TERMS">
    <attribute name="FREQUENCY" value="1" />
  </node>
  <node id="TEXT">
    <attribute name="FREQUENCY" value="1" />
  </node>
  <node id="TH">
    <attribute name="FREQUENCY" value="1" />
  </node>
  <node id="THERAPY">
    <attribute name="FREQUENCY" value="1" />
  </node>
  <node id="THOUGHT">
    <attribute name="FREQUENCY" value="2" />
  </node>
  <node id="TIMES">
    <attribute name="FREQUENCY" value="5" />
  </node>
  <node id="TOLD">
    <attribute name="FREQUENCY" value="3" />
  </node>
  <node id="TOOLS">
    <attribute name="FREQUENCY" value="1" />
  </node>
  <node id="TRAIT">
    <attribute name="FREQUENCY" value="1" />
  </node>
  <node id="TREAT">
    <attribute name="FREQUENCY" value="1" />
  </node>
  <node id="TRIPLE">
    <attribute name="FREQUENCY" value="1" />
  </node>
  <node id="TROUBLE">
    <attribute name="FREQUENCY" value="1" />
  </node>
  <node id="TURN">
    <attribute name="FREQUENCY" value="1" />
  </node>
  <node id="UNDERSTAND">
    <attribute name="FREQUENCY" value="2" />
  </node>
  <node id="UNDIAGNOSED">
    <attribute name="FREQUENCY" value="1" />
  </node>
  <node id="UNIVERSITY">
    <attribute name="FREQUENCY" value="1" />
  </node>
  <node id="UNKNOWN">
    <attribute name="FREQUENCY" value="1" />
  </node>
  <node id="UNRESTRAINED">
    <attribute name="FREQUENCY" value="1" />
  </node>
  <node id="VISIBILITY">
    <attribute name="FREQUENCY" value="1" />
  </node>
  <node id="WEAKNESS">
    <attribute name="FREQUENCY" value="1" />
  </node>
  <node id="WEDNESDAY">
    <attribute name="FREQUENCY" value="1" />
  </node>
  <node id="WHETHER">
    <attribute name="FREQUENCY" value="1" />
  </node>
  <node id="WRITE">
    <attribute name="FREQUENCY" value="2" />
  </node>
  <node id="WRITTEN">
    <attribute name="FREQUENCY" value="1" />
  </node>
  <node id="WRONG">
    <attribute name="FREQUENCY" value="1" />
  </node>
  <node id="YAHOO">
    <attribute name="FREQUENCY" value="4" />
  </node>
  <node id="YEAR">
    <attribute name="FREQUENCY" value="4" />
  </node>
  <node id="YEAR-OLD">
    <attribute name="FREQUENCY" value="1" />
  </node>
  <node id="YORK">
    <attribute name="FREQUENCY" value="4" />
  </node>
  <edge from="ADD" to="BEHAVIOR">
    <attribute name="TEXT" value="1" />
  </edge>
  <edge from="ADD" to="CONSTITUTES">
    <attribute name="TEXT" value="1" />
  </edge>
  <edge from="ADD" to="DIAGNOSIS">
    <attribute name="TEXT" value="2" />
  </edge>
  <edge from="ADD" to="PATIENTS">
    <attribute name="TEXT" value="1" />
  </edge>
  <edge from="ADD" to="SUFFERERS">
    <attribute name="TEXT" value="1" />
  </edge>
  <edge from="ADD" to="SYMPTOMS">
    <attribute name="TEXT" value="1" />
  </edge>
  <edge from="ADD-CAUSED" to="WEAKNESS">
    <attribute name="TEXT" value="1" />
  </edge>
  <edge from="ADOLESCENTS" to="PSYCHOPHARMACOLOGY">
    <attribute name="TEXT" value="1" />
  </edge>
  <edge from="ADULTS" to="ADD">
    <attribute name="TEXT" value="1" />
  </edge>
  <edge from="ADULTS" to="DIAGNOSED">
    <attribute name="TEXT" value="1" />
    <attribute name="KEYWORDS" value="1" />
  </edge>
  <edge from="ADULTS" to="DIAGNOSED">
    <attribute name="TEXT" value="1" />
    <attribute name="KEYWORDS" value="1" />
  </edge>
  <edge from="ALCOHOL" to="HELPS">
    <attribute name="TEXT" value="2" />
    <attribute name="LINKS" value="2" />
  </edge>
  <edge from="ALCOHOL" to="HELPS">
    <attribute name="TEXT" value="2" />
    <attribute name="LINKS" value="2" />
  </edge>
  <edge from="AMERICAN" to="ADULTS">
    <attribute name="TEXT" value="1" />
  </edge>
  <edge from="AMERICAN" to="PSYCHIATRIC">
    <attribute name="TEXT" value="1" />
  </edge>
  <edge from="ASSOCIATION" to="DIAGNOSTIC">
    <attribute name="TEXT" value="1" />
  </edge>
  <edge from="ATTENTION" to="DEFICIT">
    <attribute name="TEXT" value="2" />
  </edge>
  <edge from="BALTIMORE" to="KENNEDY">
    <attribute name="TEXT" value="1" />
  </edge>
  <edge from="BEGINNING" to="RITALIN">
    <attribute name="TEXT" value="1" />
  </edge>
  <edge from="BRAIN" to="CHEMICAL">
    <attribute name="TEXT" value="1" />
  </edge>
  <edge from="CHAOTIC" to="PACE">
    <attribute name="TEXT" value="1" />
  </edge>
  <edge from="CHARLES" to="POPPER">
    <attribute name="TEXT" value="1" />
  </edge>
  <edge from="CHEMICAL" to="DOPAMINE">
    <attribute name="TEXT" value="1" />
  </edge>
  <edge from="CLOSE" to="ATTENTION">
    <attribute name="TEXT" value="1" />
  </edge>
  <edge from="COMPLETE" to="TASK">
    <attribute name="TEXT" value="1" />
  </edge>
  <edge from="CONSTITUTES" to="REAL">
    <attribute name="TEXT" value="1" />
  </edge>
  <edge from="CONTROVERSY" to="CONTINUE">
    <attribute name="TEXT" value="1" />
  </edge>
  <edge from="DAILY" to="FUNCTION">
    <attribute name="TEXT" value="1" />
  </edge>
  <edge from="DEFICIT" to="DISORDER">
    <attribute name="TEXT" value="2" />
  </edge>
  <edge from="DENCKLA" to="LEARN">
    <attribute name="TEXT" value="1" />
  </edge>
  <edge from="DISABILITIES" to="EXPERTS">
    <attribute name="TEXT" value="1" />
  </edge>
  <edge from="DISORDER" to="ADD">
    <attribute name="TEXT" value="1" />
  </edge>
  <edge from="DISORDER" to="ORGANIZATION">
    <attribute name="TEXT" value="1" />
  </edge>
  <edge from="DISORGANIZED" to="FRACTURED">
    <attribute name="TEXT" value="1" />
  </edge>
  <edge from="DRUG" to="THOUGHT">
    <attribute name="TEXT" value="1" />
  </edge>
  <edge from="DRUG" to="WRITTEN">
    <attribute name="TEXT" value="1" />
  </edge>
  <edge from="EARLY" to="CHILDHOOD">
    <attribute name="TEXT" value="1" />
  </edge>
  <edge from="EDUCATION" to="TEACHER">
    <attribute name="TEXT" value="1" />
  </edge>
  <edge from="EXCESSIVE" to="TALK">
    <attribute name="TEXT" value="1" />
  </edge>
  <edge from="EXPERTS" to="NOTES">
    <attribute name="TEXT" value="1" />
  </edge>
  <edge from="FACT" to="SPECIFIC">
    <attribute name="TEXT" value="1" />
  </edge>
  <edge from="FEMALE" to="BRAIN">
    <attribute name="TEXT" value="2" />
    <attribute name="LINKS" value="2" />
  </edge>
  <edge from="FEMALE" to="BRAIN">
    <attribute name="TEXT" value="2" />
    <attribute name="LINKS" value="2" />
  </edge>
  <edge from="FRACTURED" to="LIVE">
    <attribute name="TEXT" value="1" />
  </edge>
  <edge from="FRENETIC" to="PACE">
    <attribute name="TEXT" value="1" />
  </edge>
  <edge from="FREQUENT" to="EPISODE">
    <attribute name="TEXT" value="1" />
  </edge>
  <edge from="FREQUENT" to="ERRORS">
    <attribute name="TEXT" value="1" />
  </edge>
  <edge from="FREQUENT" to="LOS">
    <attribute name="TEXT" value="1" />
  </edge>
  <edge from="FURBISH" to="BELIEVES">
    <attribute name="TEXT" value="1" />
  </edge>
  <edge from="GAINESVILLE" to="GEORGIA">
    <attribute name="TEXT" value="1" />
  </edge>
  <edge from="GEORGIA" to="TOLD">
    <attribute name="TEXT" value="1" />
  </edge>
  <edge from="HARVARD" to="UNIVERSITY">
    <attribute name="TEXT" value="1" />
  </edge>
  <edge from="HEALTH" to="STORIES">
    <attribute name="TEXT" value="1" />
  </edge>
  <edge from="HELPS" to="OLDER">
    <attribute name="TEXT" value="2" />
    <attribute name="LINKS" value="2" />
  </edge>
  <edge from="HELPS" to="OLDER">
    <attribute name="TEXT" value="2" />
    <attribute name="LINKS" value="2" />
  </edge>
  <edge from="HELPS" to="RESISTANCE">
    <attribute name="TEXT" value="2" />
    <attribute name="LINKS" value="2" />
  </edge>
  <edge from="HELPS" to="RESISTANCE">
    <attribute name="TEXT" value="2" />
    <attribute name="LINKS" value="2" />
  </edge>
  <edge from="IMPAIR" to="DAILY">
    <attribute name="TEXT" value="1" />
  </edge>
  <edge from="INCREASE" to="LEVELS">
    <attribute name="TEXT" value="1" />
  </edge>
  <edge from="INCREASE" to="VISIBILITY">
    <attribute name="TEXT" value="1" />
  </edge>
  <edge from="INDIVIDUALS" to="DRIFT">
    <attribute name="TEXT" value="1" />
  </edge>
  <edge from="KENNEDY" to="KREIGER">
    <attribute name="TEXT" value="1" />
  </edge>
  <edge from="KREIGER" to="INSTITUTE">
    <attribute name="TEXT" value="1" />
  </edge>
  <edge from="LEARN" to="DISABILITIES">
    <attribute name="TEXT" value="1" />
  </edge>
  <edge from="LION" to="CAGE">
    <attribute name="TEXT" value="1" />
  </edge>
  <edge from="LITERATURE" to="PROVIDED">
    <attribute name="TEXT" value="1" />
  </edge>
  <edge from="LONG" to="TERMS">
    <attribute name="TEXT" value="1" />
  </edge>
  <edge from="MAINTAIN" to="ATTENTION">
    <attribute name="TEXT" value="1" />
  </edge>
  <edge from="MARTHA" to="DENCKLA">
    <attribute name="TEXT" value="1" />
  </edge>
  <edge from="MENTAL" to="DISORDER">
    <attribute name="TEXT" value="1" />
  </edge>
  <edge from="MIRACLE" to="CURE">
    <attribute name="TEXT" value="1" />
  </edge>
  <edge from="MODERATE" to="ALCOHOL">
    <attribute name="TEXT" value="2" />
    <attribute name="LINKS" value="2" />
  </edge>
  <edge from="MODERATE" to="ALCOHOL">
    <attribute name="TEXT" value="2" />
    <attribute name="LINKS" value="2" />
  </edge>
  <edge from="OLDER" to="FEMALE">
    <attribute name="TEXT" value="2" />
    <attribute name="LINKS" value="2" />
  </edge>
  <edge from="OLDER" to="FEMALE">
    <attribute name="TEXT" value="2" />
    <attribute name="LINKS" value="2" />
  </edge>
  <edge from="ORGANIZATION" to="BASED">
    <attribute name="TEXT" value="1" />
  </edge>
  <edge from="ORGANIZE" to="ACTIVITIES">
    <attribute name="TEXT" value="1" />
  </edge>
  <edge from="PACE" to="CHARACTERISTICS">
    <attribute name="TEXT" value="1" />
  </edge>
  <edge from="PATIENTS" to="TURN">
    <attribute name="TEXT" value="1" />
  </edge>
  <edge from="PAY" to="CLOSE">
    <attribute name="TEXT" value="1" />
  </edge>
  <edge from="PEOPLE" to="SPEAK">
    <attribute name="TEXT" value="1" />
  </edge>
  <edge from="PERSONAL" to="RELATIONSHIP">
    <attribute name="TEXT" value="1" />
  </edge>
  <edge from="PERSONALITY" to="TRAIT">
    <attribute name="TEXT" value="1" />
  </edge>
  <edge from="PLANTATION" to="FLORIDA">
    <attribute name="TEXT" value="1" />
  </edge>
  <edge from="PLAY" to="ACTIVITY">
    <attribute name="TEXT" value="1" />
  </edge>
  <edge from="PM" to="EDT">
    <attribute name="TEXT" value="1" />
  </edge>
  <edge from="POPPER" to="TOLD">
    <attribute name="TEXT" value="1" />
  </edge>
  <edge from="PRESCRIBED" to="RITALIN">
    <attribute name="TEXT" value="1" />
  </edge>
  <edge from="PSYCHIATRIC" to="ASSOCIATION">
    <attribute name="TEXT" value="1" />
  </edge>
  <edge from="PSYCHIATRIC" to="COMMUNITY">
    <attribute name="TEXT" value="1" />
  </edge>
  <edge from="REAL" to="DISORDER">
    <attribute name="TEXT" value="1" />
  </edge>
  <edge from="RESISTANCE" to="RESEARCH">
    <attribute name="TEXT" value="2" />
    <attribute name="LINKS" value="2" />
  </edge>
  <edge from="RESISTANCE" to="RESEARCH">
    <attribute name="TEXT" value="2" />
    <attribute name="LINKS" value="2" />
  </edge>
  <edge from="RESTLESS" to="MOVEMENT">
    <attribute name="TEXT" value="1" />
  </edge>
  <edge from="REUTERS" to="LIMITED">
    <attribute name="TEXT" value="1" />
  </edge>
  <edge from="RITALIN" to="DRUG">
    <attribute name="TEXT" value="1" />
  </edge>
  <edge from="RITALIN" to="THERAPY">
    <attribute name="TEXT" value="1" />
  </edge>
  <edge from="SALLY" to="FURBISH">
    <attribute name="TEXT" value="1" />
  </edge>
  <edge from="SOFTWARE" to="HELPS">
    <attribute name="TEXT" value="2" />
    <attribute name="LINKS" value="2" />
  </edge>
  <edge from="SOFTWARE" to="HELPS">
    <attribute name="TEXT" value="2" />
    <attribute name="LINKS" value="2" />
  </edge>
  <edge from="SPECIAL" to="EDUCATION">
    <attribute name="TEXT" value="1" />
  </edge>
  <edge from="SPECIFIC" to="DISORDER">
    <attribute name="TEXT" value="1" />
  </edge>
  <edge from="STATISTICAL" to="MANUAL">
    <attribute name="TEXT" value="1" />
  </edge>
  <edge from="STOCKBROKERS" to="TOLD">
    <attribute name="TEXT" value="1" />
  </edge>
  <edge from="STORIES" to="ADD">
    <attribute name="TEXT" value="1" />
  </edge>
  <edge from="SUFFERERS" to="NATIONWIDE">
    <attribute name="TEXT" value="1" />
  </edge>
  <edge from="SYMPTOMS" to="BEGINNING">
    <attribute name="TEXT" value="1" />
  </edge>
  <edge from="SYMPTOMS" to="EXHIBITED">
    <attribute name="TEXT" value="1" />
  </edge>
  <edge from="TEXT" to="HEADLINES">
    <attribute name="TEXT" value="1" />
  </edge>
  <edge from="TREAT" to="FLOOD">
    <attribute name="TEXT" value="1" />
  </edge>
  <edge from="TROUBLE" to="PLANNING">
    <attribute name="TEXT" value="1" />
  </edge>
  <edge from="UNDIAGNOSED" to="ADD">
    <attribute name="TEXT" value="1" />
  </edge>
  <edge from="UNIVERSITY" to="PSYCHIATRIST">
    <attribute name="TEXT" value="1" />
  </edge>
  <edge from="UNKNOWN" to="STUDIES">
    <attribute name="TEXT" value="1" />
  </edge>
  <edge from="UNRESTRAINED" to="ADD">
    <attribute name="TEXT" value="1" />
  </edge>
  <edge from="WEDNESDAY" to="SEPTEMBER">
    <attribute name="TEXT" value="1" />
  </edge>
  <edge from="YEAR" to="AGO">
    <attribute name="TEXT" value="2" />
  </edge>
  <edge from="YORK" to="STOCKBROKERS">
    <attribute name="TEXT" value="1" />
  </edge>
  <edge from="YORK" to="TIMES">
    <attribute name="TEXT" value="2" />
  </edge>
</graph>
