<graph>
  <node id="ACIERNO">
    <attribute name="FREQUENCY" value="7" />
  </node>
  <node id="ADDITION">
    <attribute name="FREQUENCY" value="1" />
  </node>
  <node id="ADDRESSED">
    <attribute name="FREQUENCY" value="1" />
  </node>
  <node id="ADULTS">
    <attribute name="FREQUENCY" value="1" />
  </node>
  <node id="AFTER-EFFECTS">
    <attribute name="FREQUENCY" value="1" />
  </node>
  <node id="AMOUNT">
    <attribute name="FREQUENCY" value="1" />
  </node>
  <node id="ANALYSIS">
    <attribute name="FREQUENCY" value="1" />
  </node>
  <node id="ANNUAL">
    <attribute name="FREQUENCY" value="1" />
  </node>
  <node id="ANNUALLY">
    <attribute name="FREQUENCY" value="1" />
  </node>
  <node id="ANXIETY-RELATED">
    <attribute name="FREQUENCY" value="1" />
  </node>
  <node id="APPEAL">
    <attribute name="FREQUENCY" value="4" />
  </node>
  <node id="ARTICLE">
    <attribute name="FREQUENCY" value="2" />
  </node>
  <node id="ASKED">
    <attribute name="FREQUENCY" value="2" />
  </node>
  <node id="ASSAULT">
    <attribute name="FREQUENCY" value="6" />
  </node>
  <node id="ASSAULTED">
    <attribute name="FREQUENCY" value="1" />
  </node>
  <node id="ATTACK">
    <attribute name="FREQUENCY" value="1" />
  </node>
  <node id="AUTHOR">
    <attribute name="FREQUENCY" value="1" />
  </node>
  <node id="AVERAGE">
    <attribute name="FREQUENCY" value="1" />
  </node>
  <node id="BASED">
    <attribute name="FREQUENCY" value="2" />
  </node>
  <node id="BASICALLY">
    <attribute name="FREQUENCY" value="1" />
  </node>
  <node id="BASIS">
    <attribute name="FREQUENCY" value="1" />
  </node>
  <node id="BEHAVIORAL">
    <attribute name="FREQUENCY" value="2" />
  </node>
  <node id="BIZ">
    <attribute name="FREQUENCY" value="4" />
  </node>
  <node id="BLACK">
    <attribute name="FREQUENCY" value="4" />
  </node>
  <node id="BLAMED">
    <attribute name="FREQUENCY" value="1" />
  </node>
  <node id="BLOOD">
    <attribute name="FREQUENCY" value="4" />
  </node>
  <node id="BP">
    <attribute name="FREQUENCY" value="4" />
  </node>
  <node id="CARE">
    <attribute name="FREQUENCY" value="7" />
  </node>
  <node id="CAROLINA">
    <attribute name="FREQUENCY" value="1" />
  </node>
  <node id="CAUTIONED">
    <attribute name="FREQUENCY" value="1" />
  </node>
  <node id="CENTER">
    <attribute name="FREQUENCY" value="1" />
  </node>
  <node id="CHANGE">
    <attribute name="FREQUENCY" value="1" />
  </node>
  <node id="CHARLESTON">
    <attribute name="FREQUENCY" value="2" />
  </node>
  <node id="CHILDREN">
    <attribute name="FREQUENCY" value="1" />
  </node>
  <node id="CHRONIC">
    <attribute name="FREQUENCY" value="1" />
  </node>
  <node id="CO-AUTHOR">
    <attribute name="FREQUENCY" value="1" />
  </node>
  <node id="COLLEAGUES">
    <attribute name="FREQUENCY" value="1" />
  </node>
  <node id="COMING">
    <attribute name="FREQUENCY" value="1" />
  </node>
  <node id="COMMENTS">
    <attribute name="FREQUENCY" value="2" />
  </node>
  <node id="COMPARE">
    <attribute name="FREQUENCY" value="1" />
  </node>
  <node id="COMPLAINTS">
    <attribute name="FREQUENCY" value="1" />
  </node>
  <node id="CONDITIONS">
    <attribute name="FREQUENCY" value="1" />
  </node>
  <node id="CRIME">
    <attribute name="FREQUENCY" value="1" />
  </node>
  <node id="CROSS">
    <attribute name="FREQUENCY" value="4" />
  </node>
  <node id="DANGER">
    <attribute name="FREQUENCY" value="1" />
  </node>
  <node id="DATA">
    <attribute name="FREQUENCY" value="1" />
  </node>
  <node id="DEVELOP">
    <attribute name="FREQUENCY" value="1" />
  </node>
  <node id="DISTRESS">
    <attribute name="FREQUENCY" value="1" />
  </node>
  <node id="DOCTORS">
    <attribute name="FREQUENCY" value="8" />
  </node>
  <node id="DOMESTIC">
    <attribute name="FREQUENCY" value="2" />
  </node>
  <node id="EDT">
    <attribute name="FREQUENCY" value="1" />
  </node>
  <node id="EFFECT">
    <attribute name="FREQUENCY" value="5" />
  </node>
  <node id="EMERGENCY">
    <attribute name="FREQUENCY" value="1" />
  </node>
  <node id="ENTERTAIN">
    <attribute name="FREQUENCY" value="4" />
  </node>
  <node id="EQUALLY">
    <attribute name="FREQUENCY" value="1" />
  </node>
  <node id="EVENT">
    <attribute name="FREQUENCY" value="2" />
  </node>
  <node id="EXPECT">
    <attribute name="FREQUENCY" value="1" />
  </node>
  <node id="EXPERIENCED">
    <attribute name="FREQUENCY" value="1" />
  </node>
  <node id="EXPLICIT">
    <attribute name="FREQUENCY" value="1" />
  </node>
  <node id="FAMILY">
    <attribute name="FREQUENCY" value="2" />
  </node>
  <node id="FEAR">
    <attribute name="FREQUENCY" value="1" />
  </node>
  <node id="FIGURES">
    <attribute name="FREQUENCY" value="1" />
  </node>
  <node id="FINDINGS">
    <attribute name="FREQUENCY" value="2" />
  </node>
  <node id="FREQUENT">
    <attribute name="FREQUENCY" value="1" />
  </node>
  <node id="FUTURE">
    <attribute name="FREQUENCY" value="1" />
  </node>
  <node id="GASTROINTESTINAL">
    <attribute name="FREQUENCY" value="1" />
  </node>
  <node id="GENERAL">
    <attribute name="FREQUENCY" value="1" />
  </node>
  <node id="HAPPEN">
    <attribute name="FREQUENCY" value="1" />
  </node>
  <node id="HEADLINES">
    <attribute name="FREQUENCY" value="1" />
  </node>
  <node id="HEALTH">
    <attribute name="FREQUENCY" value="14" />
  </node>
  <node id="HTML">
    <attribute name="FREQUENCY" value="1" />
  </node>
  <node id="INCREASE">
    <attribute name="FREQUENCY" value="6" />
  </node>
  <node id="INFO">
    <attribute name="FREQUENCY" value="2" />
  </node>
  <node id="INTERPERSONAL">
    <attribute name="FREQUENCY" value="1" />
  </node>
  <node id="JOURNAL">
    <attribute name="FREQUENCY" value="1" />
  </node>
  <node id="JUMP">
    <attribute name="FREQUENCY" value="1" />
  </node>
  <node id="KIDNEY">
    <attribute name="FREQUENCY" value="4" />
  </node>
  <node id="LIMITED">
    <attribute name="FREQUENCY" value="1" />
  </node>
  <node id="LIVE">
    <attribute name="FREQUENCY" value="1" />
  </node>
  <node id="MAJOR">
    <attribute name="FREQUENCY" value="1" />
  </node>
  <node id="MEDICAL">
    <attribute name="FREQUENCY" value="2" />
  </node>
  <node id="MEDICINE">
    <attribute name="FREQUENCY" value="2" />
  </node>
  <node id="MEN">
    <attribute name="FREQUENCY" value="2" />
  </node>
  <node id="NATIONAL">
    <attribute name="FREQUENCY" value="1" />
  </node>
  <node id="NEWS">
    <attribute name="FREQUENCY" value="4" />
  </node>
  <node id="NOTED">
    <attribute name="FREQUENCY" value="1" />
  </node>
  <node id="NOTES">
    <attribute name="FREQUENCY" value="1" />
  </node>
  <node id="NOTING">
    <attribute name="FREQUENCY" value="1" />
  </node>
  <node id="PANIC">
    <attribute name="FREQUENCY" value="1" />
  </node>
  <node id="PATIENTS">
    <attribute name="FREQUENCY" value="1" />
  </node>
  <node id="PEOPLE">
    <attribute name="FREQUENCY" value="2" />
  </node>
  <node id="PERCENT">
    <attribute name="FREQUENCY" value="1" />
  </node>
  <node id="PERSON">
    <attribute name="FREQUENCY" value="1" />
  </node>
  <node id="PHYSICAL">
    <attribute name="FREQUENCY" value="3" />
  </node>
  <node id="PHYSICALLY">
    <attribute name="FREQUENCY" value="1" />
  </node>
  <node id="PICKED">
    <attribute name="FREQUENCY" value="1" />
  </node>
  <node id="PM">
    <attribute name="FREQUENCY" value="1" />
  </node>
  <node id="POINT">
    <attribute name="FREQUENCY" value="1" />
  </node>
  <node id="POLITIC">
    <attribute name="FREQUENCY" value="4" />
  </node>
  <node id="POSSIBILITY">
    <attribute name="FREQUENCY" value="1" />
  </node>
  <node id="PREVALENT">
    <attribute name="FREQUENCY" value="1" />
  </node>
  <node id="PROACTIVE">
    <attribute name="FREQUENCY" value="1" />
  </node>
  <node id="PROBLEMS">
    <attribute name="FREQUENCY" value="5" />
  </node>
  <node id="PSYCHOLOGICAL">
    <attribute name="FREQUENCY" value="1" />
  </node>
  <node id="PUBLISHED">
    <attribute name="FREQUENCY" value="1" />
  </node>
  <node id="QUESTIONS">
    <attribute name="FREQUENCY" value="3" />
  </node>
  <node id="RANGE">
    <attribute name="FREQUENCY" value="1" />
  </node>
  <node id="RAPE">
    <attribute name="FREQUENCY" value="4" />
  </node>
  <node id="RAPED">
    <attribute name="FREQUENCY" value="1" />
  </node>
  <node id="RECOMMEND">
    <attribute name="FREQUENCY" value="1" />
  </node>
  <node id="RED">
    <attribute name="FREQUENCY" value="4" />
  </node>
  <node id="RELATED">
    <attribute name="FREQUENCY" value="1" />
  </node>
  <node id="REPEATED">
    <attribute name="FREQUENCY" value="1" />
  </node>
  <node id="REPORT">
    <attribute name="FREQUENCY" value="1" />
  </node>
  <node id="REPORTED">
    <attribute name="FREQUENCY" value="2" />
  </node>
  <node id="RESEARCH">
    <attribute name="FREQUENCY" value="1" />
  </node>
  <node id="RESEARCHERS">
    <attribute name="FREQUENCY" value="4" />
  </node>
  <node id="REUTERS">
    <attribute name="FREQUENCY" value="2" />
  </node>
  <node id="REVIEWED">
    <attribute name="FREQUENCY" value="1" />
  </node>
  <node id="RON">
    <attribute name="FREQUENCY" value="1" />
  </node>
  <node id="ROOM">
    <attribute name="FREQUENCY" value="1" />
  </node>
  <node id="SAMPLES">
    <attribute name="FREQUENCY" value="1" />
  </node>
  <node id="SCHOOL">
    <attribute name="FREQUENCY" value="1" />
  </node>
  <node id="SCOREBOARD">
    <attribute name="FREQUENCY" value="4" />
  </node>
  <node id="SEPTEMBER">
    <attribute name="FREQUENCY" value="1" />
  </node>
  <node id="SERIES">
    <attribute name="FREQUENCY" value="1" />
  </node>
  <node id="SERVICE">
    <attribute name="FREQUENCY" value="1" />
  </node>
  <node id="SET">
    <attribute name="FREQUENCY" value="1" />
  </node>
  <node id="SEXUAL">
    <attribute name="FREQUENCY" value="1" />
  </node>
  <node id="SITUATION">
    <attribute name="FREQUENCY" value="1" />
  </node>
  <node id="SOURCE">
    <attribute name="FREQUENCY" value="1" />
  </node>
  <node id="SOUTH">
    <attribute name="FREQUENCY" value="1" />
  </node>
  <node id="SPECIFIC">
    <attribute name="FREQUENCY" value="1" />
  </node>
  <node id="SPORT">
    <attribute name="FREQUENCY" value="4" />
  </node>
  <node id="STIGMA">
    <attribute name="FREQUENCY" value="1" />
  </node>
  <node id="STORIES">
    <attribute name="FREQUENCY" value="1" />
  </node>
  <node id="STORY">
    <attribute name="FREQUENCY" value="4" />
  </node>
  <node id="STUDIES">
    <attribute name="FREQUENCY" value="2" />
  </node>
  <node id="STUDY">
    <attribute name="FREQUENCY" value="2" />
  </node>
  <node id="SURVEY">
    <attribute name="FREQUENCY" value="1" />
  </node>
  <node id="TEACH">
    <attribute name="FREQUENCY" value="1" />
  </node>
  <node id="TECH">
    <attribute name="FREQUENCY" value="4" />
  </node>
  <node id="TERMS">
    <attribute name="FREQUENCY" value="1" />
  </node>
  <node id="TEXT">
    <attribute name="FREQUENCY" value="1" />
  </node>
  <node id="THEME">
    <attribute name="FREQUENCY" value="1" />
  </node>
  <node id="THIRDS">
    <attribute name="FREQUENCY" value="1" />
  </node>
  <node id="THRUST">
    <attribute name="FREQUENCY" value="1" />
  </node>
  <node id="TRAINING">
    <attribute name="FREQUENCY" value="2" />
  </node>
  <node id="TREATMENT">
    <attribute name="FREQUENCY" value="1" />
  </node>
  <node id="TREMENDOUS">
    <attribute name="FREQUENCY" value="1" />
  </node>
  <node id="TRUE">
    <attribute name="FREQUENCY" value="1" />
  </node>
  <node id="TUESDAY">
    <attribute name="FREQUENCY" value="1" />
  </node>
  <node id="UNIVERSITY">
    <attribute name="FREQUENCY" value="2" />
  </node>
  <node id="UTILIZATION">
    <attribute name="FREQUENCY" value="2" />
  </node>
  <node id="VICTIMIZATION">
    <attribute name="FREQUENCY" value="2" />
  </node>
  <node id="VICTIMS">
    <attribute name="FREQUENCY" value="7" />
  </node>
  <node id="VIOLENCE">
    <attribute name="FREQUENCY" value="9" />
  </node>
  <node id="VISIT">
    <attribute name="FREQUENCY" value="2" />
  </node>
  <node id="WOMEN">
    <attribute name="FREQUENCY" value="2" />
  </node>
  <node id="WORSE">
    <attribute name="FREQUENCY" value="1" />
  </node>
  <node id="WRITE">
    <attribute name="FREQUENCY" value="2" />
  </node>
  <node id="YAHOO">
    <attribute name="FREQUENCY" value="4" />
  </node>
  <node id="YEAR">
    <attribute name="FREQUENCY" value="6" />
  </node>
  <node id="YORK">
    <attribute name="FREQUENCY" value="1" />
  </node>
  <edge from="ACIERNO" to="NOTED">
    <attribute name="TEXT" value="1" />
  </edge>
  <edge from="ACIERNO" to="RESEARCHERS">
    <attribute name="TEXT" value="1" />
  </edge>
  <edge from="ANNUAL" to="VISIT">
    <attribute name="TEXT" value="1" />
  </edge>
  <edge from="ANXIETY-RELATED" to="GASTROINTESTINAL">
    <attribute name="TEXT" value="1" />
  </edge>
  <edge from="ARTICLE" to="PUBLISHED">
    <attribute name="TEXT" value="1" />
  </edge>
  <edge from="ASKED" to="FAMILY">
    <attribute name="TEXT" value="1" />
  </edge>
  <edge from="ASSAULT" to="EVENT">
    <attribute name="TEXT" value="1" />
  </edge>
  <edge from="ASSAULT" to="RESEARCHERS">
    <attribute name="TEXT" value="1" />
  </edge>
  <edge from="ASSAULT" to="VICTIMIZATION">
    <attribute name="TEXT" value="1" />
  </edge>
  <edge from="ASSAULT" to="VICTIMS">
    <attribute name="TEXT" value="1" />
  </edge>
  <edge from="AUTHOR" to="NOTES">
    <attribute name="TEXT" value="1" />
  </edge>
  <edge from="AVERAGE" to="INCREASE">
    <attribute name="TEXT" value="1" />
  </edge>
  <edge from="BEHAVIORAL" to="MEDICINE">
    <attribute name="TEXT" value="2" />
  </edge>
  <edge from="CARE" to="UTILIZATION">
    <attribute name="TEXT" value="2" />
  </edge>
  <edge from="CENTER" to="BASED">
    <attribute name="TEXT" value="1" />
  </edge>
  <edge from="CHARLESTON" to="AUTHOR">
    <attribute name="TEXT" value="1" />
  </edge>
  <edge from="CHRONIC" to="PHYSICAL">
    <attribute name="TEXT" value="1" />
  </edge>
  <edge from="COLLEAGUES" to="REVIEWED">
    <attribute name="TEXT" value="1" />
  </edge>
  <edge from="COMPARE" to="PEOPLE">
    <attribute name="TEXT" value="1" />
  </edge>
  <edge from="CRIME" to="VICTIMS">
    <attribute name="TEXT" value="1" />
  </edge>
  <edge from="CROSS" to="APPEAL">
    <attribute name="TEXT" value="4" />
    <attribute name="LINKS" value="4" />
  </edge>
  <edge from="CROSS" to="APPEAL">
    <attribute name="TEXT" value="4" />
    <attribute name="LINKS" value="4" />
  </edge>
  <edge from="DATA" to="COMING">
    <attribute name="TEXT" value="1" />
  </edge>
  <edge from="DEVELOP" to="HEALTH">
    <attribute name="TEXT" value="1" />
  </edge>
  <edge from="DOMESTIC" to="VIOLENCE">
    <attribute name="TEXT" value="2" />
  </edge>
  <edge from="EMERGENCY" to="ROOM">
    <attribute name="TEXT" value="1" />
  </edge>
  <edge from="EQUALLY" to="PREVALENT">
    <attribute name="TEXT" value="1" />
  </edge>
  <edge from="EXPERIENCED" to="VIOLENCE">
    <attribute name="TEXT" value="1" />
  </edge>
  <edge from="FAMILY" to="DOCTORS">
    <attribute name="TEXT" value="2" />
  </edge>
  <edge from="FREQUENT" to="HEALTH">
    <attribute name="TEXT" value="1" />
  </edge>
  <edge from="FUTURE" to="YEAR">
    <attribute name="TEXT" value="1" />
  </edge>
  <edge from="GASTROINTESTINAL" to="DISTRESS">
    <attribute name="TEXT" value="1" />
  </edge>
  <edge from="GENERAL" to="COMPLAINTS">
    <attribute name="TEXT" value="1" />
  </edge>
  <edge from="HEALTH" to="CARE">
    <attribute name="TEXT" value="6" />
    <attribute name="KEYWORDS" value="1" />
  </edge>
  <edge from="HEALTH" to="CARE">
    <attribute name="TEXT" value="6" />
    <attribute name="KEYWORDS" value="1" />
  </edge>
  <edge from="HEALTH" to="PROBLEMS">
    <attribute name="TEXT" value="2" />
  </edge>
  <edge from="HEALTH" to="SERVICE">
    <attribute name="TEXT" value="1" />
  </edge>
  <edge from="HEALTH" to="STORIES">
    <attribute name="TEXT" value="1" />
  </edge>
  <edge from="INCREASE" to="HEALTH">
    <attribute name="TEXT" value="2" />
    <attribute name="KEYWORDS" value="2" />
  </edge>
  <edge from="INCREASE" to="HEALTH">
    <attribute name="TEXT" value="2" />
    <attribute name="KEYWORDS" value="2" />
  </edge>
  <edge from="INTERPERSONAL" to="VIOLENCE">
    <attribute name="TEXT" value="1" />
  </edge>
  <edge from="JOURNAL" to="BEHAVIORAL">
    <attribute name="TEXT" value="1" />
  </edge>
  <edge from="MAJOR" to="THRUST">
    <attribute name="TEXT" value="1" />
  </edge>
  <edge from="MEDICAL" to="SCHOOL">
    <attribute name="TEXT" value="1" />
  </edge>
  <edge from="MEDICAL" to="UNIVERSITY">
    <attribute name="TEXT" value="1" />
  </edge>
  <edge from="NATIONAL" to="CRIME">
    <attribute name="TEXT" value="1" />
  </edge>
  <edge from="PEOPLE" to="DOCTORS">
    <attribute name="TEXT" value="1" />
  </edge>
  <edge from="PERCENT" to="REPORTED">
    <attribute name="TEXT" value="1" />
  </edge>
  <edge from="PHYSICAL" to="ASSAULT">
    <attribute name="TEXT" value="2" />
  </edge>
  <edge from="PHYSICAL" to="CONDITIONS">
    <attribute name="TEXT" value="1" />
  </edge>
  <edge from="PHYSICALLY" to="ASSAULTED">
    <attribute name="TEXT" value="1" />
  </edge>
  <edge from="PM" to="EDT">
    <attribute name="TEXT" value="1" />
  </edge>
  <edge from="PREVALENT" to="PROBLEMS">
    <attribute name="TEXT" value="1" />
  </edge>
  <edge from="PSYCHOLOGICAL" to="PROBLEMS">
    <attribute name="TEXT" value="1" />
  </edge>
  <edge from="RAPE" to="VICTIMS">
    <attribute name="TEXT" value="2" />
  </edge>
  <edge from="RED" to="CROSS">
    <attribute name="TEXT" value="2" />
    <attribute name="LINKS" value="2" />
  </edge>
  <edge from="RED" to="CROSS">
    <attribute name="TEXT" value="2" />
    <attribute name="LINKS" value="2" />
  </edge>
  <edge from="REPEATED" to="BASIS">
    <attribute name="TEXT" value="1" />
  </edge>
  <edge from="RESEARCHERS" to="POINT">
    <attribute name="TEXT" value="1" />
  </edge>
  <edge from="REUTERS" to="LIMITED">
    <attribute name="TEXT" value="1" />
  </edge>
  <edge from="RON" to="ACIERNO">
    <attribute name="TEXT" value="1" />
  </edge>
  <edge from="SET" to="AMOUNT">
    <attribute name="TEXT" value="1" />
  </edge>
  <edge from="SOUTH" to="CAROLINA">
    <attribute name="TEXT" value="1" />
  </edge>
  <edge from="SPECIFIC" to="QUESTIONS">
    <attribute name="TEXT" value="1" />
  </edge>
  <edge from="STORIES" to="VIOLENCE">
    <attribute name="TEXT" value="1" />
  </edge>
  <edge from="STUDY" to="SAMPLES">
    <attribute name="TEXT" value="1" />
  </edge>
  <edge from="TEXT" to="HEADLINES">
    <attribute name="TEXT" value="1" />
  </edge>
  <edge from="TRAINING" to="DOCTORS">
    <attribute name="TEXT" value="1" />
  </edge>
  <edge from="TREATMENT" to="CENTER">
    <attribute name="TEXT" value="1" />
  </edge>
  <edge from="TREMENDOUS" to="INCREASE">
    <attribute name="TEXT" value="1" />
  </edge>
  <edge from="TRUE" to="CHANGE">
    <attribute name="TEXT" value="1" />
  </edge>
  <edge from="TUESDAY" to="SEPTEMBER">
    <attribute name="TEXT" value="1" />
  </edge>
  <edge from="VICTIMS" to="RESEARCH">
    <attribute name="TEXT" value="1" />
  </edge>
  <edge from="VIOLENCE" to="INCREASE">
    <attribute name="TEXT" value="2" />
    <attribute name="KEYWORDS" value="2" />
  </edge>
  <edge from="VIOLENCE" to="INCREASE">
    <attribute name="TEXT" value="2" />
    <attribute name="KEYWORDS" value="2" />
  </edge>
  <edge from="VIOLENCE" to="SITUATION">
    <attribute name="TEXT" value="1" />
  </edge>
  <edge from="VIOLENCE" to="VICTIMIZATION">
    <attribute name="TEXT" value="1" />
  </edge>
  <edge from="YEAR" to="RESEARCHERS">
    <attribute name="TEXT" value="1" />
  </edge>
</graph>
