<graph>
  <node id="ACCUMULATE">
    <attribute name="FREQUENCY" value="1" />
  </node>
  <node id="ADD">
    <attribute name="FREQUENCY" value="1" />
  </node>
  <node id="ADDICTION">
    <attribute name="FREQUENCY" value="4" />
  </node>
  <node id="AIR">
    <attribute name="FREQUENCY" value="1" />
  </node>
  <node id="AIRBORNE">
    <attribute name="FREQUENCY" value="1" />
  </node>
  <node id="ALLERGENIC">
    <attribute name="FREQUENCY" value="1" />
  </node>
  <node id="ALLERGENS">
    <attribute name="FREQUENCY" value="8" />
  </node>
  <node id="ALLERGIC">
    <attribute name="FREQUENCY" value="4" />
  </node>
  <node id="ALLERGIES">
    <attribute name="FREQUENCY" value="3" />
  </node>
  <node id="ALLERGY">
    <attribute name="FREQUENCY" value="2" />
  </node>
  <node id="ALLERGY-CAUSING">
    <attribute name="FREQUENCY" value="1" />
  </node>
  <node id="ALLERGY-IRRITATING">
    <attribute name="FREQUENCY" value="1" />
  </node>
  <node id="AMERICAN">
    <attribute name="FREQUENCY" value="4" />
  </node>
  <node id="AMOUNT">
    <attribute name="FREQUENCY" value="1" />
  </node>
  <node id="ASSOCIATE">
    <attribute name="FREQUENCY" value="1" />
  </node>
  <node id="ASTHMA">
    <attribute name="FREQUENCY" value="1" />
  </node>
  <node id="AUTHOR">
    <attribute name="FREQUENCY" value="1" />
  </node>
  <node id="BATHTUB">
    <attribute name="FREQUENCY" value="1" />
  </node>
  <node id="BELIEF">
    <attribute name="FREQUENCY" value="1" />
  </node>
  <node id="BIT">
    <attribute name="FREQUENCY" value="1" />
  </node>
  <node id="BIZ">
    <attribute name="FREQUENCY" value="4" />
  </node>
  <node id="BRAIN">
    <attribute name="FREQUENCY" value="4" />
  </node>
  <node id="CARPET">
    <attribute name="FREQUENCY" value="1" />
  </node>
  <node id="CAT">
    <attribute name="FREQUENCY" value="22" />
  </node>
  <node id="CAUSING">
    <attribute name="FREQUENCY" value="1" />
  </node>
  <node id="CENTER">
    <attribute name="FREQUENCY" value="1" />
  </node>
  <node id="CHARLOTTESVILLE">
    <attribute name="FREQUENCY" value="1" />
  </node>
  <node id="CLINICAL">
    <attribute name="FREQUENCY" value="2" />
  </node>
  <node id="COMMENTS">
    <attribute name="FREQUENCY" value="2" />
  </node>
  <node id="COMMON">
    <attribute name="FREQUENCY" value="1" />
  </node>
  <node id="CONCLUDED">
    <attribute name="FREQUENCY" value="1" />
  </node>
  <node id="CONTRARY">
    <attribute name="FREQUENCY" value="1" />
  </node>
  <node id="CRAZY">
    <attribute name="FREQUENCY" value="1" />
  </node>
  <node id="DECREASE">
    <attribute name="FREQUENCY" value="1" />
  </node>
  <node id="DEGREE">
    <attribute name="FREQUENCY" value="1" />
  </node>
  <node id="DENT">
    <attribute name="FREQUENCY" value="1" />
  </node>
  <node id="DEPENDING">
    <attribute name="FREQUENCY" value="2" />
  </node>
  <node id="DETERMINE">
    <attribute name="FREQUENCY" value="1" />
  </node>
  <node id="DISEASE">
    <attribute name="FREQUENCY" value="5" />
  </node>
  <node id="DRIVE">
    <attribute name="FREQUENCY" value="1" />
  </node>
  <node id="EDT">
    <attribute name="FREQUENCY" value="1" />
  </node>
  <node id="ENTERTAIN">
    <attribute name="FREQUENCY" value="4" />
  </node>
  <node id="EXTRA">
    <attribute name="FREQUENCY" value="1" />
  </node>
  <node id="FEASIBLE">
    <attribute name="FREQUENCY" value="1" />
  </node>
  <node id="FELINE">
    <attribute name="FREQUENCY" value="1" />
  </node>
  <node id="FILTERING">
    <attribute name="FREQUENCY" value="1" />
  </node>
  <node id="FINAL">
    <attribute name="FREQUENCY" value="1" />
  </node>
  <node id="FINDINGS">
    <attribute name="FREQUENCY" value="2" />
  </node>
  <node id="FLU">
    <attribute name="FREQUENCY" value="4" />
  </node>
  <node id="FREQUENTLY">
    <attribute name="FREQUENCY" value="1" />
  </node>
  <node id="FRIDAY">
    <attribute name="FREQUENCY" value="1" />
  </node>
  <node id="GLANDS">
    <attribute name="FREQUENCY" value="1" />
  </node>
  <node id="GROUP">
    <attribute name="FREQUENCY" value="1" />
  </node>
  <node id="HAIR">
    <attribute name="FREQUENCY" value="2" />
  </node>
  <node id="HEADLINES">
    <attribute name="FREQUENCY" value="1" />
  </node>
  <node id="HEALTH">
    <attribute name="FREQUENCY" value="4" />
  </node>
  <node id="HOPE">
    <attribute name="FREQUENCY" value="1" />
  </node>
  <node id="HOSES">
    <attribute name="FREQUENCY" value="2" />
  </node>
  <node id="HOUSE">
    <attribute name="FREQUENCY" value="1" />
  </node>
  <node id="HTML">
    <attribute name="FREQUENCY" value="1" />
  </node>
  <node id="IMMERSED">
    <attribute name="FREQUENCY" value="3" />
  </node>
  <node id="IMMERSION">
    <attribute name="FREQUENCY" value="1" />
  </node>
  <node id="IMMUNOLOGY">
    <attribute name="FREQUENCY" value="2" />
  </node>
  <node id="IMPORTANT">
    <attribute name="FREQUENCY" value="1" />
  </node>
  <node id="INEFFECTIVE">
    <attribute name="FREQUENCY" value="1" />
  </node>
  <node id="INFO">
    <attribute name="FREQUENCY" value="2" />
  </node>
  <node id="INVESTIGATORS">
    <attribute name="FREQUENCY" value="1" />
  </node>
  <node id="ISSUE">
    <attribute name="FREQUENCY" value="1" />
  </node>
  <node id="JOURNAL">
    <attribute name="FREQUENCY" value="2" />
  </node>
  <node id="JUDITH">
    <attribute name="FREQUENCY" value="1" />
  </node>
  <node id="KITTY">
    <attribute name="FREQUENCY" value="1" />
  </node>
  <node id="LEVELS">
    <attribute name="FREQUENCY" value="5" />
  </node>
  <node id="LIMITED">
    <attribute name="FREQUENCY" value="1" />
  </node>
  <node id="LINGER">
    <attribute name="FREQUENCY" value="1" />
  </node>
  <node id="LIVE">
    <attribute name="FREQUENCY" value="1" />
  </node>
  <node id="LOAD">
    <attribute name="FREQUENCY" value="1" />
  </node>
  <node id="LONG">
    <attribute name="FREQUENCY" value="2" />
  </node>
  <node id="LOVE">
    <attribute name="FREQUENCY" value="1" />
  </node>
  <node id="LOW">
    <attribute name="FREQUENCY" value="1" />
  </node>
  <node id="MAINTAINED">
    <attribute name="FREQUENCY" value="1" />
  </node>
  <node id="MAJOR">
    <attribute name="FREQUENCY" value="1" />
  </node>
  <node id="MAKING">
    <attribute name="FREQUENCY" value="1" />
  </node>
  <node id="MATTER">
    <attribute name="FREQUENCY" value="1" />
  </node>
  <node id="METHOD">
    <attribute name="FREQUENCY" value="1" />
  </node>
  <node id="MILLIGRAMS">
    <attribute name="FREQUENCY" value="2" />
  </node>
  <node id="MILLION">
    <attribute name="FREQUENCY" value="1" />
  </node>
  <node id="MINUTE-LONG">
    <attribute name="FREQUENCY" value="1" />
  </node>
  <node id="MINUTES">
    <attribute name="FREQUENCY" value="1" />
  </node>
  <node id="MONTH">
    <attribute name="FREQUENCY" value="1" />
  </node>
  <node id="NEEDED">
    <attribute name="FREQUENCY" value="1" />
  </node>
  <node id="NEGATIVE">
    <attribute name="FREQUENCY" value="1" />
  </node>
  <node id="NEWS">
    <attribute name="FREQUENCY" value="4" />
  </node>
  <node id="NOTES">
    <attribute name="FREQUENCY" value="1" />
  </node>
  <node id="OCTOBER">
    <attribute name="FREQUENCY" value="1" />
  </node>
  <node id="OFFICE">
    <attribute name="FREQUENCY" value="1" />
  </node>
  <node id="OLDER">
    <attribute name="FREQUENCY" value="4" />
  </node>
  <node id="PAPER">
    <attribute name="FREQUENCY" value="1" />
  </node>
  <node id="PATIENTS">
    <attribute name="FREQUENCY" value="1" />
  </node>
  <node id="PEOPLE">
    <attribute name="FREQUENCY" value="1" />
  </node>
  <node id="PERIOD">
    <attribute name="FREQUENCY" value="1" />
  </node>
  <node id="PLAIN">
    <attribute name="FREQUENCY" value="1" />
  </node>
  <node id="PM">
    <attribute name="FREQUENCY" value="1" />
  </node>
  <node id="POLITIC">
    <attribute name="FREQUENCY" value="4" />
  </node>
  <node id="PROBLEMS">
    <attribute name="FREQUENCY" value="1" />
  </node>
  <node id="PRODUCE">
    <attribute name="FREQUENCY" value="1" />
  </node>
  <node id="PROTEIN">
    <attribute name="FREQUENCY" value="4" />
  </node>
  <node id="QUESTIONS">
    <attribute name="FREQUENCY" value="2" />
  </node>
  <node id="QUICKLY">
    <attribute name="FREQUENCY" value="1" />
  </node>
  <node id="RAPIDLY">
    <attribute name="FREQUENCY" value="1" />
  </node>
  <node id="RAY">
    <attribute name="FREQUENCY" value="1" />
  </node>
  <node id="REACTION">
    <attribute name="FREQUENCY" value="2" />
  </node>
  <node id="RECEIVED">
    <attribute name="FREQUENCY" value="1" />
  </node>
  <node id="RECENT">
    <attribute name="FREQUENCY" value="1" />
  </node>
  <node id="REDUCE">
    <attribute name="FREQUENCY" value="3" />
  </node>
  <node id="REDUCED">
    <attribute name="FREQUENCY" value="2" />
  </node>
  <node id="REDUCTION">
    <attribute name="FREQUENCY" value="1" />
  </node>
  <node id="REGAINED">
    <attribute name="FREQUENCY" value="1" />
  </node>
  <node id="REGULAR">
    <attribute name="FREQUENCY" value="1" />
  </node>
  <node id="REMOVE">
    <attribute name="FREQUENCY" value="1" />
  </node>
  <node id="REPEATEDLY">
    <attribute name="FREQUENCY" value="2" />
  </node>
  <node id="REPORT">
    <attribute name="FREQUENCY" value="1" />
  </node>
  <node id="RESEARCH">
    <attribute name="FREQUENCY" value="1" />
  </node>
  <node id="RESULTS">
    <attribute name="FREQUENCY" value="1" />
  </node>
  <node id="RETAIN">
    <attribute name="FREQUENCY" value="1" />
  </node>
  <node id="REUTERS">
    <attribute name="FREQUENCY" value="2" />
  </node>
  <node id="RINSE">
    <attribute name="FREQUENCY" value="1" />
  </node>
  <node id="RISE">
    <attribute name="FREQUENCY" value="1" />
  </node>
  <node id="ROUGHLY">
    <attribute name="FREQUENCY" value="1" />
  </node>
  <node id="SATISFACTORY">
    <attribute name="FREQUENCY" value="1" />
  </node>
  <node id="SCOREBOARD">
    <attribute name="FREQUENCY" value="4" />
  </node>
  <node id="SCRATCH">
    <attribute name="FREQUENCY" value="1" />
  </node>
  <node id="SEBACEOUS">
    <attribute name="FREQUENCY" value="1" />
  </node>
  <node id="SECRETED">
    <attribute name="FREQUENCY" value="1" />
  </node>
  <node id="SENIOR">
    <attribute name="FREQUENCY" value="1" />
  </node>
  <node id="SHEDDING">
    <attribute name="FREQUENCY" value="1" />
  </node>
  <node id="SHOT">
    <attribute name="FREQUENCY" value="4" />
  </node>
  <node id="SKIN">
    <attribute name="FREQUENCY" value="1" />
  </node>
  <node id="SNEEZING">
    <attribute name="FREQUENCY" value="1" />
  </node>
  <node id="SNIFFLING">
    <attribute name="FREQUENCY" value="1" />
  </node>
  <node id="SOAP">
    <attribute name="FREQUENCY" value="2" />
  </node>
  <node id="SOFAS">
    <attribute name="FREQUENCY" value="1" />
  </node>
  <node id="SOMETIMES">
    <attribute name="FREQUENCY" value="1" />
  </node>
  <node id="SOURCE">
    <attribute name="FREQUENCY" value="1" />
  </node>
  <node id="SPORT">
    <attribute name="FREQUENCY" value="4" />
  </node>
  <node id="STEP">
    <attribute name="FREQUENCY" value="1" />
  </node>
  <node id="STORIES">
    <attribute name="FREQUENCY" value="1" />
  </node>
  <node id="STORY">
    <attribute name="FREQUENCY" value="4" />
  </node>
  <node id="STUDY">
    <attribute name="FREQUENCY" value="4" />
  </node>
  <node id="SUCCESS">
    <attribute name="FREQUENCY" value="1" />
  </node>
  <node id="SUCCESSFUL">
    <attribute name="FREQUENCY" value="1" />
  </node>
  <node id="SUGGESTS">
    <attribute name="FREQUENCY" value="1" />
  </node>
  <node id="SYMPTOMS">
    <attribute name="FREQUENCY" value="1" />
  </node>
  <node id="TAMKINS">
    <attribute name="FREQUENCY" value="1" />
  </node>
  <node id="TAPES">
    <attribute name="FREQUENCY" value="3" />
  </node>
  <node id="TECH">
    <attribute name="FREQUENCY" value="4" />
  </node>
  <node id="TECHNIQUE">
    <attribute name="FREQUENCY" value="1" />
  </node>
  <node id="TEXT">
    <attribute name="FREQUENCY" value="1" />
  </node>
  <node id="THERESA">
    <attribute name="FREQUENCY" value="1" />
  </node>
  <node id="TOTAL">
    <attribute name="FREQUENCY" value="1" />
  </node>
  <node id="TOTALLY">
    <attribute name="FREQUENCY" value="1" />
  </node>
  <node id="TREAT">
    <attribute name="FREQUENCY" value="4" />
  </node>
  <node id="UNIVERSITY">
    <attribute name="FREQUENCY" value="1" />
  </node>
  <node id="URGED">
    <attribute name="FREQUENCY" value="4" />
  </node>
  <node id="VARIED">
    <attribute name="FREQUENCY" value="1" />
  </node>
  <node id="VETERINARIAN">
    <attribute name="FREQUENCY" value="1" />
  </node>
  <node id="VIRGINIA">
    <attribute name="FREQUENCY" value="1" />
  </node>
  <node id="WASH">
    <attribute name="FREQUENCY" value="7" />
  </node>
  <node id="WASHED">
    <attribute name="FREQUENCY" value="1" />
  </node>
  <node id="WASHINGS">
    <attribute name="FREQUENCY" value="1" />
  </node>
  <node id="WATER">
    <attribute name="FREQUENCY" value="5" />
  </node>
  <node id="WEEK">
    <attribute name="FREQUENCY" value="7" />
  </node>
  <node id="WOODFOLK">
    <attribute name="FREQUENCY" value="2" />
  </node>
  <node id="WORK">
    <attribute name="FREQUENCY" value="1" />
  </node>
  <node id="WRITE">
    <attribute name="FREQUENCY" value="2" />
  </node>
  <node id="YAHOO">
    <attribute name="FREQUENCY" value="4" />
  </node>
  <node id="YORK">
    <attribute name="FREQUENCY" value="1" />
  </node>
  <edge from="AIRBORNE" to="LINGER">
    <attribute name="TEXT" value="1" />
  </edge>
  <edge from="ALLERGENIC" to="PROTEIN">
    <attribute name="TEXT" value="1" />
  </edge>
  <edge from="ALLERGENS" to="LEVELS">
    <attribute name="TEXT" value="2" />
  </edge>
  <edge from="ALLERGENS" to="LOAD">
    <attribute name="TEXT" value="1" />
  </edge>
  <edge from="ALLERGIC" to="DISEASE">
    <attribute name="TEXT" value="1" />
  </edge>
  <edge from="ALLERGIC" to="REACTION">
    <attribute name="TEXT" value="2" />
  </edge>
  <edge from="ALLERGY-CAUSING" to="PROTEIN">
    <attribute name="TEXT" value="1" />
  </edge>
  <edge from="ALLERGY-IRRITATING" to="PROTEIN">
    <attribute name="TEXT" value="1" />
  </edge>
  <edge from="AUTHOR" to="CONCLUDED">
    <attribute name="TEXT" value="1" />
  </edge>
  <edge from="BELIEF" to="CAT">
    <attribute name="TEXT" value="1" />
  </edge>
  <edge from="BRAIN" to="DISEASE">
    <attribute name="TEXT" value="2" />
    <attribute name="LINKS" value="2" />
  </edge>
  <edge from="BRAIN" to="DISEASE">
    <attribute name="TEXT" value="2" />
    <attribute name="LINKS" value="2" />
  </edge>
  <edge from="CAT" to="ALLERGENS">
    <attribute name="TEXT" value="2" />
  </edge>
  <edge from="CAT" to="HAIR">
    <attribute name="TEXT" value="2" />
  </edge>
  <edge from="CAT" to="PRODUCE">
    <attribute name="TEXT" value="1" />
  </edge>
  <edge from="CAT" to="QUICKLY">
    <attribute name="TEXT" value="1" />
  </edge>
  <edge from="CAT" to="WASHED">
    <attribute name="TEXT" value="1" />
  </edge>
  <edge from="CAT" to="WASHINGS">
    <attribute name="TEXT" value="1" />
  </edge>
  <edge from="CLINICAL" to="IMMUNOLOGY">
    <attribute name="TEXT" value="2" />
  </edge>
  <edge from="COMMON" to="BELIEF">
    <attribute name="TEXT" value="1" />
  </edge>
  <edge from="DISEASE" to="CENTER">
    <attribute name="TEXT" value="1" />
  </edge>
  <edge from="EXTRA" to="RINSE">
    <attribute name="TEXT" value="1" />
  </edge>
  <edge from="FINAL" to="RESULTS">
    <attribute name="TEXT" value="1" />
  </edge>
  <edge from="FLU" to="SHOT">
    <attribute name="TEXT" value="4" />
    <attribute name="LINKS" value="4" />
  </edge>
  <edge from="FLU" to="SHOT">
    <attribute name="TEXT" value="4" />
    <attribute name="LINKS" value="4" />
  </edge>
  <edge from="FREQUENTLY" to="WASH">
    <attribute name="TEXT" value="1" />
  </edge>
  <edge from="FRIDAY" to="OCTOBER">
    <attribute name="TEXT" value="1" />
  </edge>
  <edge from="HEALTH" to="STORIES">
    <attribute name="TEXT" value="1" />
  </edge>
  <edge from="IMMERSION" to="REDUCED">
    <attribute name="TEXT" value="1" />
  </edge>
  <edge from="JUDITH" to="WOODFOLK">
    <attribute name="TEXT" value="1" />
  </edge>
  <edge from="LINGER" to="LONG">
    <attribute name="TEXT" value="1" />
  </edge>
  <edge from="LONG" to="PERIOD">
    <attribute name="TEXT" value="1" />
  </edge>
  <edge from="LOW" to="LEVELS">
    <attribute name="TEXT" value="1" />
  </edge>
  <edge from="MAJOR" to="FINDINGS">
    <attribute name="TEXT" value="1" />
  </edge>
  <edge from="MAKING" to="DENT">
    <attribute name="TEXT" value="1" />
  </edge>
  <edge from="MILLION" to="PEOPLE">
    <attribute name="TEXT" value="1" />
  </edge>
  <edge from="MINUTE-LONG" to="WASH">
    <attribute name="TEXT" value="1" />
  </edge>
  <edge from="NOTES" to="SENIOR">
    <attribute name="TEXT" value="1" />
  </edge>
  <edge from="OLDER" to="AMERICAN">
    <attribute name="TEXT" value="4" />
    <attribute name="LINKS" value="4" />
  </edge>
  <edge from="OLDER" to="AMERICAN">
    <attribute name="TEXT" value="4" />
    <attribute name="LINKS" value="4" />
  </edge>
  <edge from="PLAIN" to="TAPES">
    <attribute name="TEXT" value="1" />
  </edge>
  <edge from="PM" to="EDT">
    <attribute name="TEXT" value="1" />
  </edge>
  <edge from="PROTEIN" to="SECRETED">
    <attribute name="TEXT" value="1" />
  </edge>
  <edge from="QUICKLY" to="REGAINED">
    <attribute name="TEXT" value="1" />
  </edge>
  <edge from="RAPIDLY" to="SOMETIMES">
    <attribute name="TEXT" value="1" />
  </edge>
  <edge from="RECENT" to="ISSUE">
    <attribute name="TEXT" value="1" />
  </edge>
  <edge from="REDUCE" to="SHEDDING">
    <attribute name="TEXT" value="1" />
  </edge>
  <edge from="REDUCE" to="SNIFFLING">
    <attribute name="TEXT" value="1" />
  </edge>
  <edge from="REDUCE" to="SYMPTOMS">
    <attribute name="TEXT" value="1" />
  </edge>
  <edge from="REDUCED" to="CAT">
    <attribute name="TEXT" value="1" />
  </edge>
  <edge from="REGULAR" to="CAT">
    <attribute name="TEXT" value="1" />
  </edge>
  <edge from="REMOVE" to="CARPET">
    <attribute name="TEXT" value="1" />
  </edge>
  <edge from="REPEATEDLY" to="WASH">
    <attribute name="TEXT" value="2" />
  </edge>
  <edge from="RESEARCH" to="ASSOCIATE">
    <attribute name="TEXT" value="1" />
  </edge>
  <edge from="RETAIN" to="CAT">
    <attribute name="TEXT" value="1" />
  </edge>
  <edge from="REUTERS" to="LIMITED">
    <attribute name="TEXT" value="1" />
  </edge>
  <edge from="SATISFACTORY" to="METHOD">
    <attribute name="TEXT" value="1" />
  </edge>
  <edge from="SEBACEOUS" to="GLANDS">
    <attribute name="TEXT" value="1" />
  </edge>
  <edge from="SENIOR" to="INVESTIGATORS">
    <attribute name="TEXT" value="1" />
  </edge>
  <edge from="SHOT" to="URGED">
    <attribute name="TEXT" value="4" />
    <attribute name="LINKS" value="4" />
  </edge>
  <edge from="SHOT" to="URGED">
    <attribute name="TEXT" value="4" />
    <attribute name="LINKS" value="4" />
  </edge>
  <edge from="SKIN" to="ACCUMULATE">
    <attribute name="TEXT" value="1" />
  </edge>
  <edge from="SNEEZING" to="DEPENDING">
    <attribute name="TEXT" value="1" />
  </edge>
  <edge from="SOAP" to="WATER">
    <attribute name="TEXT" value="2" />
  </edge>
  <edge from="STORIES" to="CAT">
    <attribute name="TEXT" value="1" />
  </edge>
  <edge from="STUDY" to="SUGGESTS">
    <attribute name="TEXT" value="1" />
  </edge>
  <edge from="TAPES" to="WATER">
    <attribute name="TEXT" value="3" />
  </edge>
  <edge from="TEXT" to="HEADLINES">
    <attribute name="TEXT" value="1" />
  </edge>
  <edge from="THERESA" to="TAMKINS">
    <attribute name="TEXT" value="1" />
  </edge>
  <edge from="TOTAL" to="IMMERSION">
    <attribute name="TEXT" value="1" />
  </edge>
  <edge from="TOTALLY" to="IMMERSED">
    <attribute name="TEXT" value="1" />
  </edge>
  <edge from="TREAT" to="ADDICTION">
    <attribute name="TEXT" value="4" />
    <attribute name="LINKS" value="4" />
  </edge>
  <edge from="TREAT" to="ADDICTION">
    <attribute name="TEXT" value="4" />
    <attribute name="LINKS" value="4" />
  </edge>
  <edge from="VETERINARIAN" to="OFFICE">
    <attribute name="TEXT" value="1" />
  </edge>
  <edge from="VIRGINIA" to="ASTHMA">
    <attribute name="TEXT" value="1" />
  </edge>
  <edge from="WOODFOLK" to="RESEARCH">
    <attribute name="TEXT" value="1" />
  </edge>
</graph>
