<graph>
  <node id="ACHIEVE">
    <attribute name="FREQUENCY" value="3" />
  </node>
  <node id="ADDITION">
    <attribute name="FREQUENCY" value="1" />
  </node>
  <node id="AIR">
    <attribute name="FREQUENCY" value="9" />
  </node>
  <node id="ALA">
    <attribute name="FREQUENCY" value="2" />
  </node>
  <node id="ALLERGIC">
    <attribute name="FREQUENCY" value="2" />
  </node>
  <node id="ALLERGIES">
    <attribute name="FREQUENCY" value="2" />
  </node>
  <node id="ALLERGY">
    <attribute name="FREQUENCY" value="3" />
  </node>
  <node id="AMERICAN">
    <attribute name="FREQUENCY" value="3" />
  </node>
  <node id="ANIMALS">
    <attribute name="FREQUENCY" value="1" />
  </node>
  <node id="AREA">
    <attribute name="FREQUENCY" value="1" />
  </node>
  <node id="ASSOCIATION">
    <attribute name="FREQUENCY" value="2" />
  </node>
  <node id="ASTHMA">
    <attribute name="FREQUENCY" value="5" />
  </node>
  <node id="ASTHMATIC">
    <attribute name="FREQUENCY" value="2" />
  </node>
  <node id="AVOID">
    <attribute name="FREQUENCY" value="2" />
  </node>
  <node id="BALTIMORE">
    <attribute name="FREQUENCY" value="1" />
  </node>
  <node id="BASEMENT">
    <attribute name="FREQUENCY" value="1" />
  </node>
  <node id="BATHE">
    <attribute name="FREQUENCY" value="1" />
  </node>
  <node id="BATHROOM">
    <attribute name="FREQUENCY" value="1" />
  </node>
  <node id="BEDDING">
    <attribute name="FREQUENCY" value="1" />
  </node>
  <node id="BEDROOM">
    <attribute name="FREQUENCY" value="1" />
  </node>
  <node id="BIRD">
    <attribute name="FREQUENCY" value="1" />
  </node>
  <node id="BIZ">
    <attribute name="FREQUENCY" value="4" />
  </node>
  <node id="BLANKETS">
    <attribute name="FREQUENCY" value="1" />
  </node>
  <node id="BOX">
    <attribute name="FREQUENCY" value="1" />
  </node>
  <node id="BREATH">
    <attribute name="FREQUENCY" value="1" />
  </node>
  <node id="BUILDING">
    <attribute name="FREQUENCY" value="1" />
  </node>
  <node id="CARPET">
    <attribute name="FREQUENCY" value="1" />
  </node>
  <node id="CASE">
    <attribute name="FREQUENCY" value="1" />
  </node>
  <node id="CAT">
    <attribute name="FREQUENCY" value="1" />
  </node>
  <node id="CAULKING">
    <attribute name="FREQUENCY" value="1" />
  </node>
  <node id="CENTRAL">
    <attribute name="FREQUENCY" value="1" />
  </node>
  <node id="CHAIR">
    <attribute name="FREQUENCY" value="1" />
  </node>
  <node id="CHILDREN">
    <attribute name="FREQUENCY" value="2" />
  </node>
  <node id="CLEAN">
    <attribute name="FREQUENCY" value="1" />
  </node>
  <node id="CO-CHAIRS">
    <attribute name="FREQUENCY" value="1" />
  </node>
  <node id="COCKROACH">
    <attribute name="FREQUENCY" value="1" />
  </node>
  <node id="COMMENTS">
    <attribute name="FREQUENCY" value="2" />
  </node>
  <node id="COMMON">
    <attribute name="FREQUENCY" value="1" />
  </node>
  <node id="CONDITIONING">
    <attribute name="FREQUENCY" value="1" />
  </node>
  <node id="CONTROL">
    <attribute name="FREQUENCY" value="1" />
  </node>
  <node id="CONTROLLING">
    <attribute name="FREQUENCY" value="1" />
  </node>
  <node id="COOLERS">
    <attribute name="FREQUENCY" value="1" />
  </node>
  <node id="COVERS">
    <attribute name="FREQUENCY" value="1" />
  </node>
  <node id="DEGREE">
    <attribute name="FREQUENCY" value="1" />
  </node>
  <node id="DETERIORATION">
    <attribute name="FREQUENCY" value="1" />
  </node>
  <node id="DOG">
    <attribute name="FREQUENCY" value="1" />
  </node>
  <node id="DOOR">
    <attribute name="FREQUENCY" value="1" />
  </node>
  <node id="DUST">
    <attribute name="FREQUENCY" value="2" />
  </node>
  <node id="EDT">
    <attribute name="FREQUENCY" value="1" />
  </node>
  <node id="ELIMINATE">
    <attribute name="FREQUENCY" value="1" />
  </node>
  <node id="ENCOURAGE">
    <attribute name="FREQUENCY" value="1" />
  </node>
  <node id="ENTER">
    <attribute name="FREQUENCY" value="1" />
  </node>
  <node id="ENTERTAIN">
    <attribute name="FREQUENCY" value="4" />
  </node>
  <node id="ENVELOPE">
    <attribute name="FREQUENCY" value="1" />
  </node>
  <node id="ENVIRONMENT">
    <attribute name="FREQUENCY" value="1" />
  </node>
  <node id="EPIDEMIOLOGY">
    <attribute name="FREQUENCY" value="1" />
  </node>
  <node id="EVAPORATIVE">
    <attribute name="FREQUENCY" value="1" />
  </node>
  <node id="EXPERTS">
    <attribute name="FREQUENCY" value="1" />
  </node>
  <node id="EXPOSED">
    <attribute name="FREQUENCY" value="1" />
  </node>
  <node id="EXPOSURE">
    <attribute name="FREQUENCY" value="1" />
  </node>
  <node id="FACTORS">
    <attribute name="FREQUENCY" value="1" />
  </node>
  <node id="FAHRENHEIT">
    <attribute name="FREQUENCY" value="1" />
  </node>
  <node id="FLARE">
    <attribute name="FREQUENCY" value="1" />
  </node>
  <node id="FOUNDATION">
    <attribute name="FREQUENCY" value="1" />
  </node>
  <node id="FUNGI">
    <attribute name="FREQUENCY" value="1" />
  </node>
  <node id="GROUT">
    <attribute name="FREQUENCY" value="1" />
  </node>
  <node id="GROWTH">
    <attribute name="FREQUENCY" value="1" />
  </node>
  <node id="GUINEA">
    <attribute name="FREQUENCY" value="1" />
  </node>
  <node id="HEADLINES">
    <attribute name="FREQUENCY" value="1" />
  </node>
  <node id="HEALTH">
    <attribute name="FREQUENCY" value="4" />
  </node>
  <node id="HEALTHIER">
    <attribute name="FREQUENCY" value="3" />
  </node>
  <node id="HEALTHY">
    <attribute name="FREQUENCY" value="3" />
  </node>
  <node id="HELD">
    <attribute name="FREQUENCY" value="1" />
  </node>
  <node id="HELPS">
    <attribute name="FREQUENCY" value="1" />
  </node>
  <node id="HIGH">
    <attribute name="FREQUENCY" value="2" />
  </node>
  <node id="HIGHER">
    <attribute name="FREQUENCY" value="1" />
  </node>
  <node id="HOPKINS">
    <attribute name="FREQUENCY" value="1" />
  </node>
  <node id="HOUSE">
    <attribute name="FREQUENCY" value="1" />
  </node>
  <node id="HTML">
    <attribute name="FREQUENCY" value="1" />
  </node>
  <node id="HUMIDIFIERS">
    <attribute name="FREQUENCY" value="1" />
  </node>
  <node id="HUMIDITY">
    <attribute name="FREQUENCY" value="2" />
  </node>
  <node id="INCLUDING">
    <attribute name="FREQUENCY" value="2" />
  </node>
  <node id="INCREASE">
    <attribute name="FREQUENCY" value="1" />
  </node>
  <node id="INDOOR">
    <attribute name="FREQUENCY" value="12" />
  </node>
  <node id="INFESTATION">
    <attribute name="FREQUENCY" value="2" />
  </node>
  <node id="INFO">
    <attribute name="FREQUENCY" value="2" />
  </node>
  <node id="INFORMATION">
    <attribute name="FREQUENCY" value="1" />
  </node>
  <node id="JOHN">
    <attribute name="FREQUENCY" value="1" />
  </node>
  <node id="JONATHAN">
    <attribute name="FREQUENCY" value="1" />
  </node>
  <node id="KEEPING">
    <attribute name="FREQUENCY" value="1" />
  </node>
  <node id="KITCHEN">
    <attribute name="FREQUENCY" value="1" />
  </node>
  <node id="LEVELS">
    <attribute name="FREQUENCY" value="5" />
  </node>
  <node id="LIMITED">
    <attribute name="FREQUENCY" value="1" />
  </node>
  <node id="LUNG">
    <attribute name="FREQUENCY" value="2" />
  </node>
  <node id="MARYLAND">
    <attribute name="FREQUENCY" value="1" />
  </node>
  <node id="MATERIAL">
    <attribute name="FREQUENCY" value="1" />
  </node>
  <node id="MATTRESSES">
    <attribute name="FREQUENCY" value="1" />
  </node>
  <node id="MEETING">
    <attribute name="FREQUENCY" value="1" />
  </node>
  <node id="MIT">
    <attribute name="FREQUENCY" value="1" />
  </node>
  <node id="MITE">
    <attribute name="FREQUENCY" value="1" />
  </node>
  <node id="MITE-PROOF">
    <attribute name="FREQUENCY" value="1" />
  </node>
  <node id="MOISTURE">
    <attribute name="FREQUENCY" value="5" />
  </node>
  <node id="MOISTURE-RELATED">
    <attribute name="FREQUENCY" value="1" />
  </node>
  <node id="MOLDS">
    <attribute name="FREQUENCY" value="2" />
  </node>
  <node id="MONDAY">
    <attribute name="FREQUENCY" value="1" />
  </node>
  <node id="MONTHLY">
    <attribute name="FREQUENCY" value="1" />
  </node>
  <node id="NEWS">
    <attribute name="FREQUENCY" value="4" />
  </node>
  <node id="NOTED">
    <attribute name="FREQUENCY" value="1" />
  </node>
  <node id="OCTOBER">
    <attribute name="FREQUENCY" value="1" />
  </node>
  <node id="OUTDOOR">
    <attribute name="FREQUENCY" value="1" />
  </node>
  <node id="PANEL">
    <attribute name="FREQUENCY" value="1" />
  </node>
  <node id="PEOPLE">
    <attribute name="FREQUENCY" value="2" />
  </node>
  <node id="PET">
    <attribute name="FREQUENCY" value="2" />
  </node>
  <node id="PIGS">
    <attribute name="FREQUENCY" value="1" />
  </node>
  <node id="PILLOWS">
    <attribute name="FREQUENCY" value="1" />
  </node>
  <node id="PLACE">
    <attribute name="FREQUENCY" value="1" />
  </node>
  <node id="PM">
    <attribute name="FREQUENCY" value="1" />
  </node>
  <node id="POLITIC">
    <attribute name="FREQUENCY" value="4" />
  </node>
  <node id="POLLUTION">
    <attribute name="FREQUENCY" value="1" />
  </node>
  <node id="POOR">
    <attribute name="FREQUENCY" value="1" />
  </node>
  <node id="POTENT">
    <attribute name="FREQUENCY" value="1" />
  </node>
  <node id="PREFERABLY">
    <attribute name="FREQUENCY" value="1" />
  </node>
  <node id="PREVENT">
    <attribute name="FREQUENCY" value="1" />
  </node>
  <node id="PRIMARY">
    <attribute name="FREQUENCY" value="1" />
  </node>
  <node id="PROBLEMS">
    <attribute name="FREQUENCY" value="2" />
  </node>
  <node id="PROFESSOR">
    <attribute name="FREQUENCY" value="1" />
  </node>
  <node id="PROTECT">
    <attribute name="FREQUENCY" value="1" />
  </node>
  <node id="QUALITY">
    <attribute name="FREQUENCY" value="1" />
  </node>
  <node id="QUESTIONS">
    <attribute name="FREQUENCY" value="2" />
  </node>
  <node id="RECENT">
    <attribute name="FREQUENCY" value="1" />
  </node>
  <node id="RECOMMEND">
    <attribute name="FREQUENCY" value="1" />
  </node>
  <node id="REDUCE">
    <attribute name="FREQUENCY" value="4" />
  </node>
  <node id="REGULARLY">
    <attribute name="FREQUENCY" value="1" />
  </node>
  <node id="REMOVE">
    <attribute name="FREQUENCY" value="1" />
  </node>
  <node id="REPORT">
    <attribute name="FREQUENCY" value="3" />
  </node>
  <node id="REUTERS">
    <attribute name="FREQUENCY" value="2" />
  </node>
  <node id="ROOF">
    <attribute name="FREQUENCY" value="1" />
  </node>
  <node id="ROOM">
    <attribute name="FREQUENCY" value="1" />
  </node>
  <node id="SAMET">
    <attribute name="FREQUENCY" value="2" />
  </node>
  <node id="SCOREBOARD">
    <attribute name="FREQUENCY" value="4" />
  </node>
  <node id="SEAL">
    <attribute name="FREQUENCY" value="1" />
  </node>
  <node id="SKYLIGHT">
    <attribute name="FREQUENCY" value="1" />
  </node>
  <node id="SMALL">
    <attribute name="FREQUENCY" value="1" />
  </node>
  <node id="SMOKING">
    <attribute name="FREQUENCY" value="1" />
  </node>
  <node id="SOMETIMES">
    <attribute name="FREQUENCY" value="1" />
  </node>
  <node id="SOURCE">
    <attribute name="FREQUENCY" value="1" />
  </node>
  <node id="SPECIFIC">
    <attribute name="FREQUENCY" value="1" />
  </node>
  <node id="SPENDING">
    <attribute name="FREQUENCY" value="1" />
  </node>
  <node id="SPONSORED">
    <attribute name="FREQUENCY" value="1" />
  </node>
  <node id="SPORT">
    <attribute name="FREQUENCY" value="4" />
  </node>
  <node id="SPRING">
    <attribute name="FREQUENCY" value="1" />
  </node>
  <node id="STATISTICS">
    <attribute name="FREQUENCY" value="1" />
  </node>
  <node id="STEP">
    <attribute name="FREQUENCY" value="1" />
  </node>
  <node id="STORIES">
    <attribute name="FREQUENCY" value="1" />
  </node>
  <node id="SYMPTOMS">
    <attribute name="FREQUENCY" value="1" />
  </node>
  <node id="TECH">
    <attribute name="FREQUENCY" value="4" />
  </node>
  <node id="TEXT">
    <attribute name="FREQUENCY" value="1" />
  </node>
  <node id="TIMES">
    <attribute name="FREQUENCY" value="1" />
  </node>
  <node id="TIPS">
    <attribute name="FREQUENCY" value="2" />
  </node>
  <node id="TOBACCO">
    <attribute name="FREQUENCY" value="1" />
  </node>
  <node id="TRIGGER">
    <attribute name="FREQUENCY" value="3" />
  </node>
  <node id="UNIVERSITY">
    <attribute name="FREQUENCY" value="1" />
  </node>
  <node id="UPS">
    <attribute name="FREQUENCY" value="1" />
  </node>
  <node id="VENTILATION">
    <attribute name="FREQUENCY" value="1" />
  </node>
  <node id="VENTS">
    <attribute name="FREQUENCY" value="1" />
  </node>
  <node id="WALL">
    <attribute name="FREQUENCY" value="1" />
  </node>
  <node id="WARM-BLOODED">
    <attribute name="FREQUENCY" value="1" />
  </node>
  <node id="WASH">
    <attribute name="FREQUENCY" value="2" />
  </node>
  <node id="WASHINGTON">
    <attribute name="FREQUENCY" value="1" />
  </node>
  <node id="WATER">
    <attribute name="FREQUENCY" value="1" />
  </node>
  <node id="WEEK">
    <attribute name="FREQUENCY" value="1" />
  </node>
  <node id="WEEKLY">
    <attribute name="FREQUENCY" value="2" />
  </node>
  <node id="WINDOWS">
    <attribute name="FREQUENCY" value="1" />
  </node>
  <node id="WORKSHOP">
    <attribute name="FREQUENCY" value="2" />
  </node>
  <node id="WRITE">
    <attribute name="FREQUENCY" value="2" />
  </node>
  <node id="YAHOO">
    <attribute name="FREQUENCY" value="4" />
  </node>
  <node id="YORK">
    <attribute name="FREQUENCY" value="1" />
  </node>
  <edge from="ACHIEVE" to="HEALTHIER">
    <attribute name="TEXT" value="1" />
  </edge>
  <edge from="ACHIEVE" to="HEALTHY">
    <attribute name="TEXT" value="2" />
  </edge>
  <edge from="ADDITION" to="DETERIORATION">
    <attribute name="TEXT" value="1" />
  </edge>
  <edge from="AIR" to="CONDITIONING">
    <attribute name="TEXT" value="1" />
  </edge>
  <edge from="AIR" to="HELPS">
    <attribute name="TEXT" value="1" />
  </edge>
  <edge from="AIR" to="POLLUTION">
    <attribute name="TEXT" value="1" />
  </edge>
  <edge from="AIR" to="QUALITY">
    <attribute name="TEXT" value="1" />
  </edge>
  <edge from="AIR" to="WORKSHOP">
    <attribute name="TEXT" value="1" />
  </edge>
  <edge from="ALA" to="STATISTICS">
    <attribute name="TEXT" value="1" />
  </edge>
  <edge from="ALLERGIC" to="CHILDREN">
    <attribute name="TEXT" value="1" />
  </edge>
  <edge from="ALLERGIC" to="PEOPLE">
    <attribute name="TEXT" value="1" />
  </edge>
  <edge from="ALLERGY" to="SYMPTOMS">
    <attribute name="TEXT" value="1" />
  </edge>
  <edge from="ALLERGY" to="TRIGGER">
    <attribute name="TEXT" value="1" />
  </edge>
  <edge from="AMERICAN" to="LUNG">
    <attribute name="TEXT" value="2" />
  </edge>
  <edge from="AMERICAN" to="SPENDING">
    <attribute name="TEXT" value="1" />
  </edge>
  <edge from="AVOID" to="EVAPORATIVE">
    <attribute name="TEXT" value="1" />
  </edge>
  <edge from="AVOID" to="KEEPING">
    <attribute name="TEXT" value="1" />
  </edge>
  <edge from="BALTIMORE" to="MARYLAND">
    <attribute name="TEXT" value="1" />
  </edge>
  <edge from="BASEMENT" to="REGULARLY">
    <attribute name="TEXT" value="1" />
  </edge>
  <edge from="BATHROOM" to="KITCHEN">
    <attribute name="TEXT" value="1" />
  </edge>
  <edge from="BLANKETS" to="MONTHLY">
    <attribute name="TEXT" value="1" />
  </edge>
  <edge from="BOX" to="SPRING">
    <attribute name="TEXT" value="1" />
  </edge>
  <edge from="BREATH" to="PROBLEMS">
    <attribute name="TEXT" value="1" />
  </edge>
  <edge from="CENTRAL" to="AIR">
    <attribute name="TEXT" value="1" />
  </edge>
  <edge from="CLEAN" to="BATHROOM">
    <attribute name="TEXT" value="1" />
  </edge>
  <edge from="COCKROACH" to="INFESTATION">
    <attribute name="TEXT" value="1" />
  </edge>
  <edge from="COMMON" to="TRIGGER">
    <attribute name="TEXT" value="1" />
  </edge>
  <edge from="CONTROL" to="COCKROACH">
    <attribute name="TEXT" value="1" />
  </edge>
  <edge from="CONTROLLING" to="AIR">
    <attribute name="TEXT" value="1" />
  </edge>
  <edge from="COVERS" to="MATTRESSES">
    <attribute name="TEXT" value="1" />
  </edge>
  <edge from="DEGREE" to="FAHRENHEIT">
    <attribute name="TEXT" value="1" />
  </edge>
  <edge from="DOG" to="CAT">
    <attribute name="TEXT" value="1" />
  </edge>
  <edge from="DUST" to="MIT">
    <attribute name="TEXT" value="1" />
  </edge>
  <edge from="DUST" to="MITE">
    <attribute name="TEXT" value="1" />
  </edge>
  <edge from="ELIMINATE" to="INDOOR">
    <attribute name="TEXT" value="1" />
  </edge>
  <edge from="EVAPORATIVE" to="COOLERS">
    <attribute name="TEXT" value="1" />
  </edge>
  <edge from="EXPERTS" to="PANEL">
    <attribute name="TEXT" value="1" />
  </edge>
  <edge from="FAHRENHEIT" to="PREFERABLY">
    <attribute name="TEXT" value="1" />
  </edge>
  <edge from="FLARE" to="UPS">
    <attribute name="TEXT" value="1" />
  </edge>
  <edge from="GUINEA" to="PIGS">
    <attribute name="TEXT" value="1" />
  </edge>
  <edge from="HEALTH" to="STORIES">
    <attribute name="TEXT" value="1" />
  </edge>
  <edge from="HEALTHIER" to="INDOOR">
    <attribute name="TEXT" value="2" />
    <attribute name="KEYWORDS" value="1" />
  </edge>
  <edge from="HEALTHIER" to="INDOOR">
    <attribute name="TEXT" value="2" />
    <attribute name="KEYWORDS" value="1" />
  </edge>
  <edge from="HEALTHY" to="INDOOR">
    <attribute name="TEXT" value="2" />
  </edge>
  <edge from="HELPS" to="PREVENT">
    <attribute name="TEXT" value="1" />
  </edge>
  <edge from="HIGH" to="HUMIDITY">
    <attribute name="TEXT" value="1" />
  </edge>
  <edge from="HOPKINS" to="UNIVERSITY">
    <attribute name="TEXT" value="1" />
  </edge>
  <edge from="HOUSE" to="DUST">
    <attribute name="TEXT" value="1" />
  </edge>
  <edge from="INCLUDING" to="DOG">
    <attribute name="TEXT" value="1" />
  </edge>
  <edge from="INCLUDING" to="VENTS">
    <attribute name="TEXT" value="1" />
  </edge>
  <edge from="INCREASE" to="MOISTURE">
    <attribute name="TEXT" value="1" />
  </edge>
  <edge from="INDOOR" to="AIR">
    <attribute name="TEXT" value="6" />
    <attribute name="KEYWORDS" value="1" />
  </edge>
  <edge from="INDOOR" to="AIR">
    <attribute name="TEXT" value="6" />
    <attribute name="KEYWORDS" value="1" />
  </edge>
  <edge from="INDOOR" to="ENVIRONMENT">
    <attribute name="TEXT" value="1" />
  </edge>
  <edge from="INDOOR" to="MOISTURE">
    <attribute name="TEXT" value="1" />
  </edge>
  <edge from="INDOOR" to="MOLDS">
    <attribute name="TEXT" value="2" />
  </edge>
  <edge from="JOHN" to="HOPKINS">
    <attribute name="TEXT" value="1" />
  </edge>
  <edge from="JONATHAN" to="SAMET">
    <attribute name="TEXT" value="1" />
  </edge>
  <edge from="KEEPING" to="WARM-BLOODED">
    <attribute name="TEXT" value="1" />
  </edge>
  <edge from="LUNG" to="ASSOCIATION">
    <attribute name="TEXT" value="2" />
  </edge>
  <edge from="MEETING" to="EXPERTS">
    <attribute name="TEXT" value="1" />
  </edge>
  <edge from="MITE" to="EXPOSURE">
    <attribute name="TEXT" value="1" />
  </edge>
  <edge from="MITE-PROOF" to="CASE">
    <attribute name="TEXT" value="1" />
  </edge>
  <edge from="MOISTURE" to="ENCOURAGE">
    <attribute name="TEXT" value="1" />
  </edge>
  <edge from="MOISTURE" to="LEVELS">
    <attribute name="TEXT" value="3" />
  </edge>
  <edge from="MOISTURE-RELATED" to="PROBLEMS">
    <attribute name="TEXT" value="1" />
  </edge>
  <edge from="MONDAY" to="OCTOBER">
    <attribute name="TEXT" value="1" />
  </edge>
  <edge from="OUTDOOR" to="LEVELS">
    <attribute name="TEXT" value="1" />
  </edge>
  <edge from="PANEL" to="NOTED">
    <attribute name="TEXT" value="1" />
  </edge>
  <edge from="PLACE" to="INCLUDING">
    <attribute name="TEXT" value="1" />
  </edge>
  <edge from="PM" to="EDT">
    <attribute name="TEXT" value="1" />
  </edge>
  <edge from="POOR" to="VENTILATION">
    <attribute name="TEXT" value="1" />
  </edge>
  <edge from="POTENT" to="ASTHMA">
    <attribute name="TEXT" value="1" />
  </edge>
  <edge from="PREFERABLY" to="WEEKLY">
    <attribute name="TEXT" value="1" />
  </edge>
  <edge from="PREVENT" to="FLARE">
    <attribute name="TEXT" value="1" />
  </edge>
  <edge from="PRIMARY" to="SOURCE">
    <attribute name="TEXT" value="1" />
  </edge>
  <edge from="PROTECT" to="CHILDREN">
    <attribute name="TEXT" value="1" />
  </edge>
  <edge from="RECENT" to="WORKSHOP">
    <attribute name="TEXT" value="1" />
  </edge>
  <edge from="REDUCE" to="DUST">
    <attribute name="TEXT" value="1" />
  </edge>
  <edge from="REDUCE" to="HUMIDITY">
    <attribute name="TEXT" value="1" />
  </edge>
  <edge from="REDUCE" to="INDOOR">
    <attribute name="TEXT" value="1" />
  </edge>
  <edge from="REMOVE" to="CARPET">
    <attribute name="TEXT" value="1" />
  </edge>
  <edge from="REPORT" to="RECOMMEND">
    <attribute name="TEXT" value="1" />
  </edge>
  <edge from="REUTERS" to="LIMITED">
    <attribute name="TEXT" value="1" />
  </edge>
  <edge from="SAMET" to="PROFESSOR">
    <attribute name="TEXT" value="1" />
  </edge>
  <edge from="SEAL" to="MATERIAL">
    <attribute name="TEXT" value="1" />
  </edge>
  <edge from="SKYLIGHT" to="DOOR">
    <attribute name="TEXT" value="1" />
  </edge>
  <edge from="SMALL" to="ANIMALS">
    <attribute name="TEXT" value="1" />
  </edge>
  <edge from="SPECIFIC" to="STEP">
    <attribute name="TEXT" value="1" />
  </edge>
  <edge from="STORIES" to="HEALTHY">
    <attribute name="TEXT" value="1" />
  </edge>
  <edge from="TEXT" to="HEADLINES">
    <attribute name="TEXT" value="1" />
  </edge>
  <edge from="TIMES" to="HIGHER">
    <attribute name="TEXT" value="1" />
  </edge>
  <edge from="TOBACCO" to="SMOKING">
    <attribute name="TEXT" value="1" />
  </edge>
  <edge from="TRIGGER" to="ASTHMA">
    <attribute name="TEXT" value="1" />
  </edge>
  <edge from="VENTS" to="SKYLIGHT">
    <attribute name="TEXT" value="1" />
  </edge>
  <edge from="WALL" to="ROOF">
    <attribute name="TEXT" value="1" />
  </edge>
  <edge from="WARM-BLOODED" to="PET">
    <attribute name="TEXT" value="1" />
  </edge>
  <edge from="WASH" to="BLANKETS">
    <attribute name="TEXT" value="1" />
  </edge>
  <edge from="WASH" to="PILLOWS">
    <attribute name="TEXT" value="1" />
  </edge>
  <edge from="WORKSHOP" to="SPONSORED">
    <attribute name="TEXT" value="1" />
  </edge>
</graph>
