<graph>
  <node id="ABUSE">
    <attribute name="FREQUENCY" value="3" />
  </node>
  <node id="ACADEMIC">
    <attribute name="FREQUENCY" value="1" />
  </node>
  <node id="ACCESS">
    <attribute name="FREQUENCY" value="1" />
  </node>
  <node id="ACTIVITIES">
    <attribute name="FREQUENCY" value="1" />
  </node>
  <node id="ACTIVITY">
    <attribute name="FREQUENCY" value="2" />
  </node>
  <node id="ACTUAL">
    <attribute name="FREQUENCY" value="1" />
  </node>
  <node id="ADDITION">
    <attribute name="FREQUENCY" value="1" />
  </node>
  <node id="ADOLESCENCE">
    <attribute name="FREQUENCY" value="1" />
  </node>
  <node id="ADOLESCENTS">
    <attribute name="FREQUENCY" value="10" />
  </node>
  <node id="ADULTS">
    <attribute name="FREQUENCY" value="1" />
  </node>
  <node id="AGAINST">
    <attribute name="FREQUENCY" value="2" />
  </node>
  <node id="ALCOHOL">
    <attribute name="FREQUENCY" value="3" />
  </node>
  <node id="AMERICAN">
    <attribute name="FREQUENCY" value="3" />
  </node>
  <node id="APPEARS">
    <attribute name="FREQUENCY" value="1" />
  </node>
  <node id="ASSOCIATION">
    <attribute name="FREQUENCY" value="2" />
  </node>
  <node id="AT-HOME">
    <attribute name="FREQUENCY" value="1" />
  </node>
  <node id="AUTHOR">
    <attribute name="FREQUENCY" value="1" />
  </node>
  <node id="AVERAGE">
    <attribute name="FREQUENCY" value="1" />
  </node>
  <node id="AVOID">
    <attribute name="FREQUENCY" value="1" />
  </node>
  <node id="BACKGROUND">
    <attribute name="FREQUENCY" value="1" />
  </node>
  <node id="BEHAVED">
    <attribute name="FREQUENCY" value="1" />
  </node>
  <node id="BEHAVIOR">
    <attribute name="FREQUENCY" value="8" />
  </node>
  <node id="BIZ">
    <attribute name="FREQUENCY" value="4" />
  </node>
  <node id="CAR">
    <attribute name="FREQUENCY" value="2" />
  </node>
  <node id="CHILDREN">
    <attribute name="FREQUENCY" value="3" />
  </node>
  <node id="CIGARETTE">
    <attribute name="FREQUENCY" value="1" />
  </node>
  <node id="CLARIFY">
    <attribute name="FREQUENCY" value="1" />
  </node>
  <node id="CLOSENESS">
    <attribute name="FREQUENCY" value="1" />
  </node>
  <node id="COMMENTS">
    <attribute name="FREQUENCY" value="2" />
  </node>
  <node id="COMPARED">
    <attribute name="FREQUENCY" value="2" />
  </node>
  <node id="CONCLUDE">
    <attribute name="FREQUENCY" value="1" />
  </node>
  <node id="CONNECTED">
    <attribute name="FREQUENCY" value="1" />
  </node>
  <node id="CONNECTEDNESS">
    <attribute name="FREQUENCY" value="4" />
  </node>
  <node id="CONSISTENTLY">
    <attribute name="FREQUENCY" value="1" />
  </node>
  <node id="DESTRUCTIVE">
    <attribute name="FREQUENCY" value="1" />
  </node>
  <node id="DIRECTION">
    <attribute name="FREQUENCY" value="1" />
  </node>
  <node id="DISADVANTAGED">
    <attribute name="FREQUENCY" value="1" />
  </node>
  <node id="DISCOVERED">
    <attribute name="FREQUENCY" value="1" />
  </node>
  <node id="DRAWN">
    <attribute name="FREQUENCY" value="1" />
  </node>
  <node id="DRINK">
    <attribute name="FREQUENCY" value="1" />
  </node>
  <node id="DRUG">
    <attribute name="FREQUENCY" value="1" />
  </node>
  <node id="DRUG-RESISTANT">
    <attribute name="FREQUENCY" value="4" />
  </node>
  <node id="EARLY">
    <attribute name="FREQUENCY" value="1" />
  </node>
  <node id="EDT">
    <attribute name="FREQUENCY" value="1" />
  </node>
  <node id="EMOTIONAL">
    <attribute name="FREQUENCY" value="1" />
  </node>
  <node id="ENGAGE">
    <attribute name="FREQUENCY" value="1" />
  </node>
  <node id="ENTERTAIN">
    <attribute name="FREQUENCY" value="4" />
  </node>
  <node id="ENVIRONMENT">
    <attribute name="FREQUENCY" value="1" />
  </node>
  <node id="ESTRANGED">
    <attribute name="FREQUENCY" value="1" />
  </node>
  <node id="EVALUATED">
    <attribute name="FREQUENCY" value="1" />
  </node>
  <node id="EXCEL">
    <attribute name="FREQUENCY" value="1" />
  </node>
  <node id="EXPECTATIONS">
    <attribute name="FREQUENCY" value="1" />
  </node>
  <node id="EXPECTED">
    <attribute name="FREQUENCY" value="1" />
  </node>
  <node id="EXPERIENCE">
    <attribute name="FREQUENCY" value="1" />
  </node>
  <node id="EXPERTS">
    <attribute name="FREQUENCY" value="1" />
  </node>
  <node id="EXPLAINED">
    <attribute name="FREQUENCY" value="1" />
  </node>
  <node id="FACE">
    <attribute name="FREQUENCY" value="1" />
  </node>
  <node id="FACTORS">
    <attribute name="FREQUENCY" value="1" />
  </node>
  <node id="FALL">
    <attribute name="FREQUENCY" value="1" />
  </node>
  <node id="FAMILIES">
    <attribute name="FREQUENCY" value="1" />
  </node>
  <node id="FAMILY">
    <attribute name="FREQUENCY" value="7" />
  </node>
  <node id="FEEL">
    <attribute name="FREQUENCY" value="1" />
  </node>
  <node id="FEELINGS">
    <attribute name="FREQUENCY" value="1" />
  </node>
  <node id="FELT">
    <attribute name="FREQUENCY" value="2" />
  </node>
  <node id="FOCUS">
    <attribute name="FREQUENCY" value="1" />
  </node>
  <node id="GRADE">
    <attribute name="FREQUENCY" value="2" />
  </node>
  <node id="GUN">
    <attribute name="FREQUENCY" value="1" />
  </node>
  <node id="HABITS">
    <attribute name="FREQUENCY" value="1" />
  </node>
  <node id="HALF">
    <attribute name="FREQUENCY" value="1" />
  </node>
  <node id="HEADLINES">
    <attribute name="FREQUENCY" value="1" />
  </node>
  <node id="HEALTH">
    <attribute name="FREQUENCY" value="6" />
  </node>
  <node id="HELPS">
    <attribute name="FREQUENCY" value="1" />
  </node>
  <node id="HIGH">
    <attribute name="FREQUENCY" value="2" />
  </node>
  <node id="HIGHER">
    <attribute name="FREQUENCY" value="1" />
  </node>
  <node id="HISTORIES">
    <attribute name="FREQUENCY" value="2" />
  </node>
  <node id="HTML">
    <attribute name="FREQUENCY" value="1" />
  </node>
  <node id="INDULGE">
    <attribute name="FREQUENCY" value="1" />
  </node>
  <node id="INFO">
    <attribute name="FREQUENCY" value="2" />
  </node>
  <node id="INFORMATION">
    <attribute name="FREQUENCY" value="1" />
  </node>
  <node id="INTERCOURSE">
    <attribute name="FREQUENCY" value="1" />
  </node>
  <node id="INTERVIEW">
    <attribute name="FREQUENCY" value="1" />
  </node>
  <node id="INVESTIGATION">
    <attribute name="FREQUENCY" value="1" />
  </node>
  <node id="INVESTIGATORS">
    <attribute name="FREQUENCY" value="2" />
  </node>
  <node id="INVOLVEMENT">
    <attribute name="FREQUENCY" value="1" />
  </node>
  <node id="ISSUE">
    <attribute name="FREQUENCY" value="1" />
  </node>
  <node id="JOURNAL">
    <attribute name="FREQUENCY" value="2" />
  </node>
  <node id="KEY">
    <attribute name="FREQUENCY" value="1" />
  </node>
  <node id="LED">
    <attribute name="FREQUENCY" value="1" />
  </node>
  <node id="LIMITED">
    <attribute name="FREQUENCY" value="1" />
  </node>
  <node id="LINKED">
    <attribute name="FREQUENCY" value="1" />
  </node>
  <node id="LONGITUDINAL">
    <attribute name="FREQUENCY" value="1" />
  </node>
  <node id="LOUD">
    <attribute name="FREQUENCY" value="4" />
  </node>
  <node id="LOVE">
    <attribute name="FREQUENCY" value="1" />
  </node>
  <node id="LOWER">
    <attribute name="FREQUENCY" value="1" />
  </node>
  <node id="MARIJUANA">
    <attribute name="FREQUENCY" value="1" />
  </node>
  <node id="MEDICAL">
    <attribute name="FREQUENCY" value="2" />
  </node>
  <node id="MEN">
    <attribute name="FREQUENCY" value="4" />
  </node>
  <node id="MINNEAPOLIS">
    <attribute name="FREQUENCY" value="1" />
  </node>
  <node id="MINNESOTA">
    <attribute name="FREQUENCY" value="4" />
  </node>
  <node id="MISSED">
    <attribute name="FREQUENCY" value="1" />
  </node>
  <node id="MUSIC">
    <attribute name="FREQUENCY" value="4" />
  </node>
  <node id="NARROW">
    <attribute name="FREQUENCY" value="1" />
  </node>
  <node id="NATION">
    <attribute name="FREQUENCY" value="1" />
  </node>
  <node id="NATIONAL">
    <attribute name="FREQUENCY" value="1" />
  </node>
  <node id="NATIONWIDE">
    <attribute name="FREQUENCY" value="1" />
  </node>
  <node id="NEGATIVE">
    <attribute name="FREQUENCY" value="3" />
  </node>
  <node id="NEGOTIATING">
    <attribute name="FREQUENCY" value="1" />
  </node>
  <node id="NEWS">
    <attribute name="FREQUENCY" value="4" />
  </node>
  <node id="OPPOSITE">
    <attribute name="FREQUENCY" value="1" />
  </node>
  <node id="PARENTAL">
    <attribute name="FREQUENCY" value="1" />
  </node>
  <node id="PARENTS">
    <attribute name="FREQUENCY" value="4" />
  </node>
  <node id="PEERS">
    <attribute name="FREQUENCY" value="1" />
  </node>
  <node id="PEOPLE">
    <attribute name="FREQUENCY" value="2" />
  </node>
  <node id="PERCEIVED">
    <attribute name="FREQUENCY" value="1" />
  </node>
  <node id="PERFORMANCE">
    <attribute name="FREQUENCY" value="1" />
  </node>
  <node id="PHYSICAL">
    <attribute name="FREQUENCY" value="2" />
  </node>
  <node id="PLAGUE">
    <attribute name="FREQUENCY" value="1" />
  </node>
  <node id="PLAY">
    <attribute name="FREQUENCY" value="4" />
  </node>
  <node id="PM">
    <attribute name="FREQUENCY" value="1" />
  </node>
  <node id="POINT">
    <attribute name="FREQUENCY" value="2" />
  </node>
  <node id="POLITIC">
    <attribute name="FREQUENCY" value="4" />
  </node>
  <node id="POSITIVE">
    <attribute name="FREQUENCY" value="1" />
  </node>
  <node id="PRESENCE">
    <attribute name="FREQUENCY" value="1" />
  </node>
  <node id="PREY">
    <attribute name="FREQUENCY" value="1" />
  </node>
  <node id="PRIVILEGED">
    <attribute name="FREQUENCY" value="1" />
  </node>
  <node id="PROGRAM">
    <attribute name="FREQUENCY" value="1" />
  </node>
  <node id="PROTECTIVE">
    <attribute name="FREQUENCY" value="1" />
  </node>
  <node id="PUSH">
    <attribute name="FREQUENCY" value="1" />
  </node>
  <node id="QUARTER">
    <attribute name="FREQUENCY" value="1" />
  </node>
  <node id="QUESTIONS">
    <attribute name="FREQUENCY" value="2" />
  </node>
  <node id="QUICK">
    <attribute name="FREQUENCY" value="1" />
  </node>
  <node id="RAISED">
    <attribute name="FREQUENCY" value="2" />
  </node>
  <node id="RATE">
    <attribute name="FREQUENCY" value="2" />
  </node>
  <node id="REDUCE">
    <attribute name="FREQUENCY" value="1" />
  </node>
  <node id="REGULARLY">
    <attribute name="FREQUENCY" value="1" />
  </node>
  <node id="REPORT">
    <attribute name="FREQUENCY" value="3" />
  </node>
  <node id="RESEARCHERS">
    <attribute name="FREQUENCY" value="5" />
  </node>
  <node id="RESTRICTIVE">
    <attribute name="FREQUENCY" value="1" />
  </node>
  <node id="RESULTS">
    <attribute name="FREQUENCY" value="1" />
  </node>
  <node id="REUTERS">
    <attribute name="FREQUENCY" value="2" />
  </node>
  <node id="RISK">
    <attribute name="FREQUENCY" value="3" />
  </node>
  <node id="SAFE">
    <attribute name="FREQUENCY" value="2" />
  </node>
  <node id="SCHOOL">
    <attribute name="FREQUENCY" value="8" />
  </node>
  <node id="SCOREBOARD">
    <attribute name="FREQUENCY" value="4" />
  </node>
  <node id="SELF-REPORTED">
    <attribute name="FREQUENCY" value="1" />
  </node>
  <node id="SENSE">
    <attribute name="FREQUENCY" value="1" />
  </node>
  <node id="SEPTEMBER">
    <attribute name="FREQUENCY" value="1" />
  </node>
  <node id="SERVE">
    <attribute name="FREQUENCY" value="1" />
  </node>
  <node id="SEXUAL">
    <attribute name="FREQUENCY" value="3" />
  </node>
  <node id="SMOKING">
    <attribute name="FREQUENCY" value="5" />
  </node>
  <node id="SOCIAL">
    <attribute name="FREQUENCY" value="1" />
  </node>
  <node id="SOURCE">
    <attribute name="FREQUENCY" value="1" />
  </node>
  <node id="SPORT">
    <attribute name="FREQUENCY" value="4" />
  </node>
  <node id="STATES">
    <attribute name="FREQUENCY" value="4" />
  </node>
  <node id="STEMMED">
    <attribute name="FREQUENCY" value="1" />
  </node>
  <node id="STICK">
    <attribute name="FREQUENCY" value="1" />
  </node>
  <node id="STORIES">
    <attribute name="FREQUENCY" value="1" />
  </node>
  <node id="STORY">
    <attribute name="FREQUENCY" value="4" />
  </node>
  <node id="STRAIGHT">
    <attribute name="FREQUENCY" value="1" />
  </node>
  <node id="STRONG">
    <attribute name="FREQUENCY" value="2" />
  </node>
  <node id="STUDENTS">
    <attribute name="FREQUENCY" value="2" />
  </node>
  <node id="STUDIES">
    <attribute name="FREQUENCY" value="1" />
  </node>
  <node id="STUDY">
    <attribute name="FREQUENCY" value="4" />
  </node>
  <node id="SUBSTANCE">
    <attribute name="FREQUENCY" value="2" />
  </node>
  <node id="SUCCESSFULLY">
    <attribute name="FREQUENCY" value="1" />
  </node>
  <node id="SUICIDAL">
    <attribute name="FREQUENCY" value="1" />
  </node>
  <node id="SUICIDE">
    <attribute name="FREQUENCY" value="1" />
  </node>
  <node id="TB">
    <attribute name="FREQUENCY" value="4" />
  </node>
  <node id="TEACHER">
    <attribute name="FREQUENCY" value="1" />
  </node>
  <node id="TECH">
    <attribute name="FREQUENCY" value="4" />
  </node>
  <node id="TEENAGER">
    <attribute name="FREQUENCY" value="1" />
  </node>
  <node id="TENDED">
    <attribute name="FREQUENCY" value="1" />
  </node>
  <node id="TEXT">
    <attribute name="FREQUENCY" value="1" />
  </node>
  <node id="TH-">
    <attribute name="FREQUENCY" value="2" />
  </node>
  <node id="TH-GRADERS">
    <attribute name="FREQUENCY" value="2" />
  </node>
  <node id="THOUGHT">
    <attribute name="FREQUENCY" value="1" />
  </node>
  <node id="TIES">
    <attribute name="FREQUENCY" value="2" />
  </node>
  <node id="TIMES">
    <attribute name="FREQUENCY" value="1" />
  </node>
  <node id="UNIT">
    <attribute name="FREQUENCY" value="1" />
  </node>
  <node id="UNIVERSITY">
    <attribute name="FREQUENCY" value="1" />
  </node>
  <node id="UPBRINGING">
    <attribute name="FREQUENCY" value="1" />
  </node>
  <node id="VARIETY">
    <attribute name="FREQUENCY" value="1" />
  </node>
  <node id="VIOLENT">
    <attribute name="FREQUENCY" value="2" />
  </node>
  <node id="WARMTH">
    <attribute name="FREQUENCY" value="1" />
  </node>
  <node id="WEDNESDAY">
    <attribute name="FREQUENCY" value="1" />
  </node>
  <node id="WEEK">
    <attribute name="FREQUENCY" value="2" />
  </node>
  <node id="WRITE">
    <attribute name="FREQUENCY" value="2" />
  </node>
  <node id="YAHOO">
    <attribute name="FREQUENCY" value="4" />
  </node>
  <node id="YORK">
    <attribute name="FREQUENCY" value="1" />
  </node>
  <node id="YOUNG">
    <attribute name="FREQUENCY" value="2" />
  </node>
  <node id="YOUTH">
    <attribute name="FREQUENCY" value="1" />
  </node>
  <edge from="ABUSE" to="SMOKING">
    <attribute name="TEXT" value="1" />
  </edge>
  <edge from="ABUSE" to="VIOLENT">
    <attribute name="TEXT" value="1" />
  </edge>
  <edge from="ACADEMIC" to="HISTORIES">
    <attribute name="TEXT" value="1" />
  </edge>
  <edge from="ACTIVITY" to="COMPARED">
    <attribute name="TEXT" value="1" />
  </edge>
  <edge from="ACTIVITY" to="RESEARCHERS">
    <attribute name="TEXT" value="1" />
  </edge>
  <edge from="ACTUAL" to="PHYSICAL">
    <attribute name="TEXT" value="1" />
  </edge>
  <edge from="ADOLESCENTS" to="AVOID">
    <attribute name="TEXT" value="1" />
  </edge>
  <edge from="ADOLESCENTS" to="BEHAVIOR">
    <attribute name="TEXT" value="1" />
  </edge>
  <edge from="ADOLESCENTS" to="HEALTH">
    <attribute name="TEXT" value="2" />
  </edge>
  <edge from="ADOLESCENTS" to="SAFE">
    <attribute name="TEXT" value="1" />
    <attribute name="KEYWORDS" value="1" />
  </edge>
  <edge from="ADOLESCENTS" to="SAFE">
    <attribute name="TEXT" value="1" />
    <attribute name="KEYWORDS" value="1" />
  </edge>
  <edge from="ADOLESCENTS" to="SENSE">
    <attribute name="TEXT" value="1" />
  </edge>
  <edge from="ADULTS" to="SERVE">
    <attribute name="TEXT" value="1" />
  </edge>
  <edge from="AGAINST" to="FAMILY">
    <attribute name="TEXT" value="1" />
  </edge>
  <edge from="AGAINST" to="VARIETY">
    <attribute name="TEXT" value="1" />
  </edge>
  <edge from="ALCOHOL" to="ABUSE">
    <attribute name="TEXT" value="1" />
  </edge>
  <edge from="AMERICAN" to="ADOLESCENTS">
    <attribute name="TEXT" value="1" />
  </edge>
  <edge from="AMERICAN" to="MEDICAL">
    <attribute name="TEXT" value="2" />
  </edge>
  <edge from="AT-HOME" to="INTERVIEW">
    <attribute name="TEXT" value="1" />
  </edge>
  <edge from="AVOID" to="SMOKING">
    <attribute name="TEXT" value="1" />
  </edge>
  <edge from="BEHAVIOR" to="AGAINST">
    <attribute name="TEXT" value="1" />
  </edge>
  <edge from="CONCLUDE" to="STUDY">
    <attribute name="TEXT" value="1" />
  </edge>
  <edge from="DESTRUCTIVE" to="BEHAVIOR">
    <attribute name="TEXT" value="1" />
  </edge>
  <edge from="DISADVANTAGED" to="BACKGROUND">
    <attribute name="TEXT" value="1" />
  </edge>
  <edge from="DRINK" to="ALCOHOL">
    <attribute name="TEXT" value="1" />
  </edge>
  <edge from="DRUG-RESISTANT" to="TB">
    <attribute name="TEXT" value="2" />
    <attribute name="LINKS" value="2" />
  </edge>
  <edge from="DRUG-RESISTANT" to="TB">
    <attribute name="TEXT" value="2" />
    <attribute name="LINKS" value="2" />
  </edge>
  <edge from="EARLY" to="SEXUAL">
    <attribute name="TEXT" value="1" />
  </edge>
  <edge from="EMOTIONAL" to="CLOSENESS">
    <attribute name="TEXT" value="1" />
  </edge>
  <edge from="EVALUATED" to="INFORMATION">
    <attribute name="TEXT" value="1" />
  </edge>
  <edge from="FACE" to="RAISED">
    <attribute name="TEXT" value="1" />
  </edge>
  <edge from="FACTORS" to="AGAINST">
    <attribute name="TEXT" value="1" />
  </edge>
  <edge from="FALL" to="PREY">
    <attribute name="TEXT" value="1" />
  </edge>
  <edge from="FAMILY" to="SCHOOL">
    <attribute name="TEXT" value="1" />
  </edge>
  <edge from="FAMILY" to="UNIT">
    <attribute name="TEXT" value="1" />
  </edge>
  <edge from="FELT" to="STRONG">
    <attribute name="TEXT" value="1" />
  </edge>
  <edge from="GRADE" to="POINT">
    <attribute name="TEXT" value="1" />
  </edge>
  <edge from="GUN" to="CIGARETTE">
    <attribute name="TEXT" value="1" />
  </edge>
  <edge from="HEALTH" to="PROGRAM">
    <attribute name="TEXT" value="1" />
  </edge>
  <edge from="HEALTH" to="STORIES">
    <attribute name="TEXT" value="1" />
  </edge>
  <edge from="HELPS" to="ADOLESCENTS">
    <attribute name="TEXT" value="1" />
  </edge>
  <edge from="HIGH" to="EXPECTATIONS">
    <attribute name="TEXT" value="1" />
  </edge>
  <edge from="HIGH" to="SCHOOL">
    <attribute name="TEXT" value="1" />
  </edge>
  <edge from="HIGHER" to="RATE">
    <attribute name="TEXT" value="1" />
  </edge>
  <edge from="INFORMATION" to="DRAWN">
    <attribute name="TEXT" value="1" />
  </edge>
  <edge from="INVESTIGATION" to="STEMMED">
    <attribute name="TEXT" value="1" />
  </edge>
  <edge from="INVESTIGATORS" to="EVALUATED">
    <attribute name="TEXT" value="1" />
  </edge>
  <edge from="KEY" to="TIMES">
    <attribute name="TEXT" value="1" />
  </edge>
  <edge from="LONGITUDINAL" to="STUDY">
    <attribute name="TEXT" value="1" />
  </edge>
  <edge from="LOWER" to="HIGH">
    <attribute name="TEXT" value="1" />
  </edge>
  <edge from="MEDICAL" to="ASSOCIATION">
    <attribute name="TEXT" value="2" />
  </edge>
  <edge from="MINNESOTA" to="ADOLESCENTS">
    <attribute name="TEXT" value="1" />
  </edge>
  <edge from="MINNESOTA" to="EXPERTS">
    <attribute name="TEXT" value="1" />
  </edge>
  <edge from="MINNESOTA" to="INVESTIGATORS">
    <attribute name="TEXT" value="1" />
  </edge>
  <edge from="MINNESOTA" to="RESEARCHERS">
    <attribute name="TEXT" value="1" />
  </edge>
  <edge from="MISSED" to="GRADE">
    <attribute name="TEXT" value="1" />
  </edge>
  <edge from="MUSIC" to="LOUD">
    <attribute name="TEXT" value="2" />
    <attribute name="LINKS" value="2" />
  </edge>
  <edge from="MUSIC" to="LOUD">
    <attribute name="TEXT" value="2" />
    <attribute name="LINKS" value="2" />
  </edge>
  <edge from="NATION" to="YOUTH">
    <attribute name="TEXT" value="1" />
  </edge>
  <edge from="NATIONAL" to="LONGITUDINAL">
    <attribute name="TEXT" value="1" />
  </edge>
  <edge from="NEGATIVE" to="BEHAVIOR">
    <attribute name="TEXT" value="2" />
  </edge>
  <edge from="NEGATIVE" to="EXPERIENCE">
    <attribute name="TEXT" value="1" />
  </edge>
  <edge from="NEGOTIATING" to="ADOLESCENCE">
    <attribute name="TEXT" value="1" />
  </edge>
  <edge from="OPPOSITE" to="DIRECTION">
    <attribute name="TEXT" value="1" />
  </edge>
  <edge from="PARENTAL" to="CONNECTEDNESS">
    <attribute name="TEXT" value="1" />
  </edge>
  <edge from="PARENTS" to="EXPECTED">
    <attribute name="TEXT" value="1" />
  </edge>
  <edge from="PARENTS" to="FAMILY">
    <attribute name="TEXT" value="1" />
  </edge>
  <edge from="PEOPLE" to="STICK">
    <attribute name="TEXT" value="1" />
  </edge>
  <edge from="PERCEIVED" to="CAR">
    <attribute name="TEXT" value="1" />
  </edge>
  <edge from="PHYSICAL" to="PRESENCE">
    <attribute name="TEXT" value="1" />
  </edge>
  <edge from="PLAY" to="MUSIC">
    <attribute name="TEXT" value="2" />
    <attribute name="LINKS" value="2" />
  </edge>
  <edge from="PLAY" to="MUSIC">
    <attribute name="TEXT" value="2" />
    <attribute name="LINKS" value="2" />
  </edge>
  <edge from="PM" to="EDT">
    <attribute name="TEXT" value="1" />
  </edge>
  <edge from="POINT" to="AVERAGE">
    <attribute name="TEXT" value="1" />
  </edge>
  <edge from="POSITIVE" to="ADOLESCENTS">
    <attribute name="TEXT" value="1" />
  </edge>
  <edge from="PRIVILEGED" to="UPBRINGING">
    <attribute name="TEXT" value="1" />
  </edge>
  <edge from="PROTECTIVE" to="FACTORS">
    <attribute name="TEXT" value="1" />
  </edge>
  <edge from="PUSH" to="ADOLESCENTS">
    <attribute name="TEXT" value="1" />
  </edge>
  <edge from="RAISED" to="RISK">
    <attribute name="TEXT" value="1" />
  </edge>
  <edge from="RATE" to="SELF-REPORTED">
    <attribute name="TEXT" value="1" />
  </edge>
  <edge from="REDUCE" to="RISK">
    <attribute name="TEXT" value="1" />
  </edge>
  <edge from="REGULARLY" to="SMOKING">
    <attribute name="TEXT" value="1" />
  </edge>
  <edge from="REPORT" to="APPEARS">
    <attribute name="TEXT" value="1" />
  </edge>
  <edge from="RESEARCHERS" to="DISCOVERED">
    <attribute name="TEXT" value="1" />
  </edge>
  <edge from="RESEARCHERS" to="REPORT">
    <attribute name="TEXT" value="1" />
  </edge>
  <edge from="RESTRICTIVE" to="ENVIRONMENT">
    <attribute name="TEXT" value="1" />
  </edge>
  <edge from="REUTERS" to="LIMITED">
    <attribute name="TEXT" value="1" />
  </edge>
  <edge from="RISK" to="BEHAVIOR">
    <attribute name="TEXT" value="1" />
  </edge>
  <edge from="SCHOOL" to="ACTIVITIES">
    <attribute name="TEXT" value="1" />
  </edge>
  <edge from="SCHOOL" to="CONNECTEDNESS">
    <attribute name="TEXT" value="1" />
  </edge>
  <edge from="SCHOOL" to="GRADE">
    <attribute name="TEXT" value="1" />
  </edge>
  <edge from="SCHOOL" to="HELPS">
    <attribute name="TEXT" value="1" />
  </edge>
  <edge from="SCHOOL" to="TIES">
    <attribute name="TEXT" value="1" />
    <attribute name="KEYWORDS" value="1" />
  </edge>
  <edge from="SCHOOL" to="TIES">
    <attribute name="TEXT" value="1" />
    <attribute name="KEYWORDS" value="1" />
  </edge>
  <edge from="SELF-REPORTED" to="BEHAVIOR">
    <attribute name="TEXT" value="1" />
  </edge>
  <edge from="SEXUAL" to="ACTIVITY">
    <attribute name="TEXT" value="2" />
  </edge>
  <edge from="SEXUAL" to="INTERCOURSE">
    <attribute name="TEXT" value="1" />
  </edge>
  <edge from="SMOKING" to="MARIJUANA">
    <attribute name="TEXT" value="1" />
  </edge>
  <edge from="SMOKING" to="SUBSTANCE">
    <attribute name="TEXT" value="1" />
  </edge>
  <edge from="STORIES" to="SOCIAL">
    <attribute name="TEXT" value="1" />
  </edge>
  <edge from="STRONG" to="EMOTIONAL">
    <attribute name="TEXT" value="1" />
  </edge>
  <edge from="STRONG" to="INVOLVEMENT">
    <attribute name="TEXT" value="1" />
  </edge>
  <edge from="STUDENTS" to="PERFORMANCE">
    <attribute name="TEXT" value="1" />
  </edge>
  <edge from="STUDY" to="AUTHOR">
    <attribute name="TEXT" value="1" />
  </edge>
  <edge from="STUDY" to="LED">
    <attribute name="TEXT" value="1" />
  </edge>
  <edge from="SUBSTANCE" to="ABUSE">
    <attribute name="TEXT" value="2" />
  </edge>
  <edge from="SUCCESSFULLY" to="NEGOTIATING">
    <attribute name="TEXT" value="1" />
  </edge>
  <edge from="SUICIDAL" to="THOUGHT">
    <attribute name="TEXT" value="1" />
  </edge>
  <edge from="SUICIDE" to="SMOKING">
    <attribute name="TEXT" value="1" />
  </edge>
  <edge from="TEENAGER" to="SMOKING">
    <attribute name="TEXT" value="1" />
  </edge>
  <edge from="TEXT" to="HEADLINES">
    <attribute name="TEXT" value="1" />
  </edge>
  <edge from="TH-GRADERS" to="NATIONWIDE">
    <attribute name="TEXT" value="1" />
  </edge>
  <edge from="TH-GRADERS" to="REPORT">
    <attribute name="TEXT" value="1" />
  </edge>
  <edge from="THOUGHT" to="INDULGE">
    <attribute name="TEXT" value="1" />
  </edge>
  <edge from="TIMES" to="REDUCE">
    <attribute name="TEXT" value="1" />
  </edge>
  <edge from="UPBRINGING" to="FALL">
    <attribute name="TEXT" value="1" />
  </edge>
  <edge from="VIOLENT" to="BEHAVIOR">
    <attribute name="TEXT" value="1" />
  </edge>
  <edge from="WARMTH" to="LOVE">
    <attribute name="TEXT" value="1" />
  </edge>
  <edge from="WEDNESDAY" to="SEPTEMBER">
    <attribute name="TEXT" value="1" />
  </edge>
  <edge from="WEEK" to="ISSUE">
    <attribute name="TEXT" value="1" />
  </edge>
  <edge from="YOUNG" to="PEOPLE">
    <attribute name="TEXT" value="2" />
  </edge>
</graph>
