<graph>
  <node id="ADDITIONAL">
    <attribute name="FREQUENCY" value="1" />
  </node>
  <node id="ADMINISTRATION">
    <attribute name="FREQUENCY" value="1" />
  </node>
  <node id="ADULTS">
    <attribute name="FREQUENCY" value="1" />
  </node>
  <node id="ADVICE">
    <attribute name="FREQUENCY" value="4" />
  </node>
  <node id="AGENCIES">
    <attribute name="FREQUENCY" value="1" />
  </node>
  <node id="ALTOGETHER">
    <attribute name="FREQUENCY" value="1" />
  </node>
  <node id="AMERICAN">
    <attribute name="FREQUENCY" value="2" />
  </node>
  <node id="ANALYSIS">
    <attribute name="FREQUENCY" value="1" />
  </node>
  <node id="ANIMALS">
    <attribute name="FREQUENCY" value="5" />
  </node>
  <node id="ANNUAL">
    <attribute name="FREQUENCY" value="1" />
  </node>
  <node id="ASSOCIATION">
    <attribute name="FREQUENCY" value="2" />
  </node>
  <node id="AVOID">
    <attribute name="FREQUENCY" value="4" />
  </node>
  <node id="BAN">
    <attribute name="FREQUENCY" value="1" />
  </node>
  <node id="BANNED">
    <attribute name="FREQUENCY" value="4" />
  </node>
  <node id="BANNING">
    <attribute name="FREQUENCY" value="1" />
  </node>
  <node id="BEEF">
    <attribute name="FREQUENCY" value="2" />
  </node>
  <node id="BETHESDA">
    <attribute name="FREQUENCY" value="1" />
  </node>
  <node id="BIZ">
    <attribute name="FREQUENCY" value="4" />
  </node>
  <node id="BOVINE">
    <attribute name="FREQUENCY" value="2" />
  </node>
  <node id="BRAIN">
    <attribute name="FREQUENCY" value="3" />
  </node>
  <node id="BRITAIN">
    <attribute name="FREQUENCY" value="1" />
  </node>
  <node id="BRITISH">
    <attribute name="FREQUENCY" value="1" />
  </node>
  <node id="BROWN">
    <attribute name="FREQUENCY" value="4" />
  </node>
  <node id="BSE">
    <attribute name="FREQUENCY" value="4" />
  </node>
  <node id="BSE-COWS">
    <attribute name="FREQUENCY" value="1" />
  </node>
  <node id="CAPABLE">
    <attribute name="FREQUENCY" value="1" />
  </node>
  <node id="CAPSULES">
    <attribute name="FREQUENCY" value="1" />
  </node>
  <node id="CARCASSES">
    <attribute name="FREQUENCY" value="4" />
  </node>
  <node id="CASE">
    <attribute name="FREQUENCY" value="3" />
  </node>
  <node id="CATTLE">
    <attribute name="FREQUENCY" value="8" />
  </node>
  <node id="CAUSED">
    <attribute name="FREQUENCY" value="2" />
  </node>
  <node id="CAUSING">
    <attribute name="FREQUENCY" value="1" />
  </node>
  <node id="CENTURIES">
    <attribute name="FREQUENCY" value="1" />
  </node>
  <node id="CHANGED">
    <attribute name="FREQUENCY" value="1" />
  </node>
  <node id="CHARACTERISTICS">
    <attribute name="FREQUENCY" value="1" />
  </node>
  <node id="COLUMN">
    <attribute name="FREQUENCY" value="1" />
  </node>
  <node id="COMING">
    <attribute name="FREQUENCY" value="1" />
  </node>
  <node id="COMMENTS">
    <attribute name="FREQUENCY" value="2" />
  </node>
  <node id="COMPARED">
    <attribute name="FREQUENCY" value="1" />
  </node>
  <node id="CONCLUDED">
    <attribute name="FREQUENCY" value="1" />
  </node>
  <node id="CONCLUSIVELY">
    <attribute name="FREQUENCY" value="1" />
  </node>
  <node id="CONSIDERED">
    <attribute name="FREQUENCY" value="1" />
  </node>
  <node id="CONTAMINATED">
    <attribute name="FREQUENCY" value="1" />
  </node>
  <node id="CONTRACTED">
    <attribute name="FREQUENCY" value="1" />
  </node>
  <node id="CONTROL">
    <attribute name="FREQUENCY" value="1" />
  </node>
  <node id="COSMETIC">
    <attribute name="FREQUENCY" value="1" />
  </node>
  <node id="COUNTRIES">
    <attribute name="FREQUENCY" value="2" />
  </node>
  <node id="COUNTRY">
    <attribute name="FREQUENCY" value="1" />
  </node>
  <node id="COUPLE">
    <attribute name="FREQUENCY" value="1" />
  </node>
  <node id="COW">
    <attribute name="FREQUENCY" value="10" />
  </node>
  <node id="COW-DERIVED">
    <attribute name="FREQUENCY" value="1" />
  </node>
  <node id="CREUTZFELDT-JAKOB">
    <attribute name="FREQUENCY" value="1" />
  </node>
  <node id="CURRENT">
    <attribute name="FREQUENCY" value="1" />
  </node>
  <node id="DERIVED">
    <attribute name="FREQUENCY" value="1" />
  </node>
  <node id="DETERMINE">
    <attribute name="FREQUENCY" value="1" />
  </node>
  <node id="DEVELOP">
    <attribute name="FREQUENCY" value="1" />
  </node>
  <node id="DIED">
    <attribute name="FREQUENCY" value="2" />
  </node>
  <node id="DISEASE">
    <attribute name="FREQUENCY" value="9" />
  </node>
  <node id="DISORDER">
    <attribute name="FREQUENCY" value="4" />
  </node>
  <node id="DOWNER">
    <attribute name="FREQUENCY" value="2" />
  </node>
  <node id="DRUG">
    <attribute name="FREQUENCY" value="2" />
  </node>
  <node id="DYING">
    <attribute name="FREQUENCY" value="1" />
  </node>
  <node id="EARLIER">
    <attribute name="FREQUENCY" value="1" />
  </node>
  <node id="EATING">
    <attribute name="FREQUENCY" value="2" />
  </node>
  <node id="EDT">
    <attribute name="FREQUENCY" value="1" />
  </node>
  <node id="ELDERLY">
    <attribute name="FREQUENCY" value="4" />
  </node>
  <node id="ELIMINATE">
    <attribute name="FREQUENCY" value="1" />
  </node>
  <node id="ENCEPHALOPATHY">
    <attribute name="FREQUENCY" value="2" />
  </node>
  <node id="ENTERTAIN">
    <attribute name="FREQUENCY" value="4" />
  </node>
  <node id="EPIDEMIC">
    <attribute name="FREQUENCY" value="2" />
  </node>
  <node id="EUROPE">
    <attribute name="FREQUENCY" value="1" />
  </node>
  <node id="EVIDENCE">
    <attribute name="FREQUENCY" value="1" />
  </node>
  <node id="EXAMINED">
    <attribute name="FREQUENCY" value="1" />
  </node>
  <node id="EXERCISE">
    <attribute name="FREQUENCY" value="4" />
  </node>
  <node id="EXPLANATION">
    <attribute name="FREQUENCY" value="1" />
  </node>
  <node id="FACT">
    <attribute name="FREQUENCY" value="1" />
  </node>
  <node id="FATAL">
    <attribute name="FREQUENCY" value="1" />
  </node>
  <node id="FED">
    <attribute name="FREQUENCY" value="1" />
  </node>
  <node id="FEED">
    <attribute name="FREQUENCY" value="3" />
  </node>
  <node id="FLOCK">
    <attribute name="FREQUENCY" value="2" />
  </node>
  <node id="FOOD">
    <attribute name="FREQUENCY" value="3" />
  </node>
  <node id="FRANCE">
    <attribute name="FREQUENCY" value="1" />
  </node>
  <node id="FULL">
    <attribute name="FREQUENCY" value="1" />
  </node>
  <node id="FUTURE">
    <attribute name="FREQUENCY" value="1" />
  </node>
  <node id="GELATIN">
    <attribute name="FREQUENCY" value="1" />
  </node>
  <node id="GOVERNMENT">
    <attribute name="FREQUENCY" value="2" />
  </node>
  <node id="GREAT">
    <attribute name="FREQUENCY" value="1" />
  </node>
  <node id="GROUND-UP">
    <attribute name="FREQUENCY" value="1" />
  </node>
  <node id="HANDFUL">
    <attribute name="FREQUENCY" value="1" />
  </node>
  <node id="HAPPEN">
    <attribute name="FREQUENCY" value="1" />
  </node>
  <node id="HEADLINES">
    <attribute name="FREQUENCY" value="1" />
  </node>
  <node id="HEALTH">
    <attribute name="FREQUENCY" value="4" />
  </node>
  <node id="HELPED">
    <attribute name="FREQUENCY" value="1" />
  </node>
  <node id="HIGH-POWERED">
    <attribute name="FREQUENCY" value="1" />
  </node>
  <node id="HIGH-RISK">
    <attribute name="FREQUENCY" value="1" />
  </node>
  <node id="HOLE">
    <attribute name="FREQUENCY" value="1" />
  </node>
  <node id="HOSES">
    <attribute name="FREQUENCY" value="1" />
  </node>
  <node id="HTML">
    <attribute name="FREQUENCY" value="1" />
  </node>
  <node id="HUMAN">
    <attribute name="FREQUENCY" value="3" />
  </node>
  <node id="ILLNESS">
    <attribute name="FREQUENCY" value="4" />
  </node>
  <node id="INCIDENCE">
    <attribute name="FREQUENCY" value="1" />
  </node>
  <node id="INCLUDING">
    <attribute name="FREQUENCY" value="4" />
  </node>
  <node id="INCREASE">
    <attribute name="FREQUENCY" value="1" />
  </node>
  <node id="INCREASINGLY">
    <attribute name="FREQUENCY" value="1" />
  </node>
  <node id="INFECTED">
    <attribute name="FREQUENCY" value="1" />
  </node>
  <node id="INFO">
    <attribute name="FREQUENCY" value="2" />
  </node>
  <node id="INJECTED">
    <attribute name="FREQUENCY" value="1" />
  </node>
  <node id="INSTITUTE">
    <attribute name="FREQUENCY" value="1" />
  </node>
  <node id="INSTITUTED">
    <attribute name="FREQUENCY" value="1" />
  </node>
  <node id="ISSUE">
    <attribute name="FREQUENCY" value="1" />
  </node>
  <node id="JOURNAL">
    <attribute name="FREQUENCY" value="2" />
  </node>
  <node id="JUNE">
    <attribute name="FREQUENCY" value="1" />
  </node>
  <node id="LACK">
    <attribute name="FREQUENCY" value="1" />
  </node>
  <node id="LATE">
    <attribute name="FREQUENCY" value="1" />
  </node>
  <node id="LIE">
    <attribute name="FREQUENCY" value="1" />
  </node>
  <node id="LIKELIHOOD">
    <attribute name="FREQUENCY" value="1" />
  </node>
  <node id="LIMITED">
    <attribute name="FREQUENCY" value="1" />
  </node>
  <node id="LIVESTOCK">
    <attribute name="FREQUENCY" value="1" />
  </node>
  <node id="MAD">
    <attribute name="FREQUENCY" value="6" />
  </node>
  <node id="MAMMALS">
    <attribute name="FREQUENCY" value="1" />
  </node>
  <node id="MARYLAND">
    <attribute name="FREQUENCY" value="1" />
  </node>
  <node id="MEANTIME">
    <attribute name="FREQUENCY" value="1" />
  </node>
  <node id="MEAT">
    <attribute name="FREQUENCY" value="3" />
  </node>
  <node id="MECHANICALLY">
    <attribute name="FREQUENCY" value="1" />
  </node>
  <node id="MEDICAL">
    <attribute name="FREQUENCY" value="2" />
  </node>
  <node id="MILLION">
    <attribute name="FREQUENCY" value="2" />
  </node>
  <node id="MINK">
    <attribute name="FREQUENCY" value="1" />
  </node>
  <node id="MULTIPLE">
    <attribute name="FREQUENCY" value="1" />
  </node>
  <node id="NATIONAL">
    <attribute name="FREQUENCY" value="1" />
  </node>
  <node id="NEURODEGENERATIVE">
    <attribute name="FREQUENCY" value="1" />
  </node>
  <node id="NEUROLOGICAL">
    <attribute name="FREQUENCY" value="5" />
  </node>
  <node id="NEWS">
    <attribute name="FREQUENCY" value="4" />
  </node>
  <node id="NUTRITION">
    <attribute name="FREQUENCY" value="4" />
  </node>
  <node id="NUTRITIONAL">
    <attribute name="FREQUENCY" value="1" />
  </node>
  <node id="OUTBREAK">
    <attribute name="FREQUENCY" value="2" />
  </node>
  <node id="PASSED">
    <attribute name="FREQUENCY" value="2" />
  </node>
  <node id="PAUL">
    <attribute name="FREQUENCY" value="1" />
  </node>
  <node id="PEOPLE">
    <attribute name="FREQUENCY" value="1" />
  </node>
  <node id="PERSUASIVE">
    <attribute name="FREQUENCY" value="1" />
  </node>
  <node id="PLATE">
    <attribute name="FREQUENCY" value="1" />
  </node>
  <node id="PM">
    <attribute name="FREQUENCY" value="2" />
  </node>
  <node id="POINT">
    <attribute name="FREQUENCY" value="1" />
  </node>
  <node id="POLITIC">
    <attribute name="FREQUENCY" value="4" />
  </node>
  <node id="PREVENT">
    <attribute name="FREQUENCY" value="1" />
  </node>
  <node id="PROBLEMS">
    <attribute name="FREQUENCY" value="1" />
  </node>
  <node id="PROCESSED">
    <attribute name="FREQUENCY" value="1" />
  </node>
  <node id="PRODUCTS">
    <attribute name="FREQUENCY" value="3" />
  </node>
  <node id="PROTEIN">
    <attribute name="FREQUENCY" value="1" />
  </node>
  <node id="QUESTIONS">
    <attribute name="FREQUENCY" value="2" />
  </node>
  <node id="REASON">
    <attribute name="FREQUENCY" value="1" />
  </node>
  <node id="REASSURING">
    <attribute name="FREQUENCY" value="1" />
  </node>
  <node id="RECOGNIZED">
    <attribute name="FREQUENCY" value="1" />
  </node>
  <node id="RECOVERED">
    <attribute name="FREQUENCY" value="2" />
  </node>
  <node id="REDUCE">
    <attribute name="FREQUENCY" value="1" />
  </node>
  <node id="REGULATORY">
    <attribute name="FREQUENCY" value="1" />
  </node>
  <node id="RELATED">
    <attribute name="FREQUENCY" value="1" />
  </node>
  <node id="RENDERED">
    <attribute name="FREQUENCY" value="1" />
  </node>
  <node id="REUTERS">
    <attribute name="FREQUENCY" value="2" />
  </node>
  <node id="SCOREBOARD">
    <attribute name="FREQUENCY" value="4" />
  </node>
  <node id="SCRAPIE">
    <attribute name="FREQUENCY" value="5" />
  </node>
  <node id="SCRAPIE-INFECTED">
    <attribute name="FREQUENCY" value="2" />
  </node>
  <node id="SCRUTINY">
    <attribute name="FREQUENCY" value="1" />
  </node>
  <node id="SEP">
    <attribute name="FREQUENCY" value="1" />
  </node>
  <node id="SEPTEMBER">
    <attribute name="FREQUENCY" value="1" />
  </node>
  <node id="SHEEP">
    <attribute name="FREQUENCY" value="8" />
  </node>
  <node id="SICK">
    <attribute name="FREQUENCY" value="1" />
  </node>
  <node id="SIMPLY">
    <attribute name="FREQUENCY" value="1" />
  </node>
  <node id="SINGLE">
    <attribute name="FREQUENCY" value="1" />
  </node>
  <node id="SLAUGHTER">
    <attribute name="FREQUENCY" value="1" />
  </node>
  <node id="SO-CALLED">
    <attribute name="FREQUENCY" value="1" />
  </node>
  <node id="SOURCE">
    <attribute name="FREQUENCY" value="1" />
  </node>
  <node id="SPINAL">
    <attribute name="FREQUENCY" value="1" />
  </node>
  <node id="SPLEEN">
    <attribute name="FREQUENCY" value="1" />
  </node>
  <node id="SPONGIFORM">
    <attribute name="FREQUENCY" value="2" />
  </node>
  <node id="SPONGY">
    <attribute name="FREQUENCY" value="1" />
  </node>
  <node id="SPORT">
    <attribute name="FREQUENCY" value="4" />
  </node>
  <node id="SPREAD">
    <attribute name="FREQUENCY" value="1" />
  </node>
  <node id="STATES">
    <attribute name="FREQUENCY" value="1" />
  </node>
  <node id="STEP">
    <attribute name="FREQUENCY" value="6" />
  </node>
  <node id="STORIES">
    <attribute name="FREQUENCY" value="2" />
  </node>
  <node id="STORY">
    <attribute name="FREQUENCY" value="4" />
  </node>
  <node id="STRAIN">
    <attribute name="FREQUENCY" value="6" />
  </node>
  <node id="STROKE">
    <attribute name="FREQUENCY" value="1" />
  </node>
  <node id="SUPPLEMENTS">
    <attribute name="FREQUENCY" value="1" />
  </node>
  <node id="TAKES">
    <attribute name="FREQUENCY" value="4" />
  </node>
  <node id="TB">
    <attribute name="FREQUENCY" value="4" />
  </node>
  <node id="TECH">
    <attribute name="FREQUENCY" value="4" />
  </node>
  <node id="TEXT">
    <attribute name="FREQUENCY" value="1" />
  </node>
  <node id="THOUSANDS">
    <attribute name="FREQUENCY" value="1" />
  </node>
  <node id="THYMUS">
    <attribute name="FREQUENCY" value="1" />
  </node>
  <node id="TIGHTER">
    <attribute name="FREQUENCY" value="1" />
  </node>
  <node id="TISSUE">
    <attribute name="FREQUENCY" value="3" />
  </node>
  <node id="TRANSFERRING">
    <attribute name="FREQUENCY" value="1" />
  </node>
  <node id="TUE">
    <attribute name="FREQUENCY" value="1" />
  </node>
  <node id="TURNED">
    <attribute name="FREQUENCY" value="1" />
  </node>
  <node id="UNINFECTED">
    <attribute name="FREQUENCY" value="1" />
  </node>
  <node id="UNITED">
    <attribute name="FREQUENCY" value="1" />
  </node>
  <node id="UNKNOWN">
    <attribute name="FREQUENCY" value="1" />
  </node>
  <node id="VIRULENT">
    <attribute name="FREQUENCY" value="4" />
  </node>
  <node id="WEDNESDAY">
    <attribute name="FREQUENCY" value="1" />
  </node>
  <node id="WRITE">
    <attribute name="FREQUENCY" value="2" />
  </node>
  <node id="WROTE">
    <attribute name="FREQUENCY" value="2" />
  </node>
  <node id="YAHOO">
    <attribute name="FREQUENCY" value="4" />
  </node>
  <node id="YEAR">
    <attribute name="FREQUENCY" value="2" />
  </node>
  <node id="YORK">
    <attribute name="FREQUENCY" value="1" />
  </node>
  <node id="YOUNG">
    <attribute name="FREQUENCY" value="1" />
  </node>
  <edge from="ADDITIONAL" to="THOUSANDS">
    <attribute name="TEXT" value="1" />
  </edge>
  <edge from="ADMINISTRATION" to="BANNED">
    <attribute name="TEXT" value="1" />
  </edge>
  <edge from="ALTOGETHER" to="FULL">
    <attribute name="TEXT" value="1" />
  </edge>
  <edge from="AMERICAN" to="MEDICAL">
    <attribute name="TEXT" value="2" />
  </edge>
  <edge from="ANIMALS" to="CARCASSES">
    <attribute name="TEXT" value="1" />
  </edge>
  <edge from="ANIMALS" to="ELIMINATE">
    <attribute name="TEXT" value="1" />
  </edge>
  <edge from="ANIMALS" to="PROTEIN">
    <attribute name="TEXT" value="1" />
  </edge>
  <edge from="ANIMALS" to="TISSUE">
    <attribute name="TEXT" value="1" />
  </edge>
  <edge from="ANNUAL" to="INCIDENCE">
    <attribute name="TEXT" value="1" />
  </edge>
  <edge from="AVOID" to="MAD">
    <attribute name="TEXT" value="1" />
    <attribute name="LINKS" value="1" />
  </edge>
  <edge from="AVOID" to="MAD">
    <attribute name="TEXT" value="1" />
    <attribute name="LINKS" value="1" />
  </edge>
  <edge from="BANNING" to="MECHANICALLY">
    <attribute name="TEXT" value="1" />
  </edge>
  <edge from="BETHESDA" to="MARYLAND">
    <attribute name="TEXT" value="1" />
  </edge>
  <edge from="BOVINE" to="BRAIN">
    <attribute name="TEXT" value="1" />
  </edge>
  <edge from="BOVINE" to="SPONGIFORM">
    <attribute name="TEXT" value="1" />
  </edge>
  <edge from="BRAIN" to="SPLEEN">
    <attribute name="TEXT" value="1" />
  </edge>
  <edge from="BRITISH" to="GOVERNMENT">
    <attribute name="TEXT" value="1" />
  </edge>
  <edge from="BROWN" to="CONCLUDED">
    <attribute name="TEXT" value="1" />
  </edge>
  <edge from="BROWN" to="WROTE">
    <attribute name="TEXT" value="2" />
  </edge>
  <edge from="BSE" to="EPIDEMIC">
    <attribute name="TEXT" value="1" />
  </edge>
  <edge from="BSE" to="INCLUDING">
    <attribute name="TEXT" value="1" />
  </edge>
  <edge from="CARCASSES" to="INCREASE">
    <attribute name="TEXT" value="1" />
  </edge>
  <edge from="CATTLE" to="FEED">
    <attribute name="TEXT" value="2" />
  </edge>
  <edge from="CATTLE" to="INFECTED">
    <attribute name="TEXT" value="1" />
  </edge>
  <edge from="CATTLE" to="INJECTED">
    <attribute name="TEXT" value="1" />
  </edge>
  <edge from="CATTLE" to="PRODUCTS">
    <attribute name="TEXT" value="1" />
  </edge>
  <edge from="CAUSED" to="ILLNESS">
    <attribute name="TEXT" value="1" />
  </edge>
  <edge from="CAUSING" to="ILLNESS">
    <attribute name="TEXT" value="1" />
  </edge>
  <edge from="COMING" to="YEAR">
    <attribute name="TEXT" value="1" />
  </edge>
  <edge from="CONCLUSIVELY" to="DETERMINE">
    <attribute name="TEXT" value="1" />
  </edge>
  <edge from="CONTAMINATED" to="BEEF">
    <attribute name="TEXT" value="1" />
  </edge>
  <edge from="COW" to="BRAIN">
    <attribute name="TEXT" value="1" />
  </edge>
  <edge from="COW" to="DISEASE">
    <attribute name="TEXT" value="3" />
    <attribute name="LINKS" value="1" />
    <attribute name="KEYWORDS" value="1" />
  </edge>
  <edge from="COW" to="DISEASE">
    <attribute name="TEXT" value="3" />
    <attribute name="LINKS" value="1" />
    <attribute name="KEYWORDS" value="1" />
  </edge>
  <edge from="COW" to="DISEASE">
    <attribute name="TEXT" value="3" />
    <attribute name="LINKS" value="1" />
    <attribute name="KEYWORDS" value="1" />
  </edge>
  <edge from="COW-DERIVED" to="PRODUCTS">
    <attribute name="TEXT" value="1" />
  </edge>
  <edge from="CREUTZFELDT-JAKOB" to="DISEASE">
    <attribute name="TEXT" value="1" />
  </edge>
  <edge from="CURRENT" to="ISSUE">
    <attribute name="TEXT" value="1" />
  </edge>
  <edge from="DEVELOP" to="NEUROLOGICAL">
    <attribute name="TEXT" value="1" />
  </edge>
  <edge from="DISORDER" to="CREUTZFELDT-JAKOB">
    <attribute name="TEXT" value="1" />
  </edge>
  <edge from="DOWNER" to="COW">
    <attribute name="TEXT" value="2" />
  </edge>
  <edge from="DRUG" to="ADMINISTRATION">
    <attribute name="TEXT" value="1" />
  </edge>
  <edge from="DRUG" to="CAPSULES">
    <attribute name="TEXT" value="1" />
  </edge>
  <edge from="EARLIER" to="RELATED">
    <attribute name="TEXT" value="1" />
  </edge>
  <edge from="EATING" to="BEEF">
    <attribute name="TEXT" value="1" />
  </edge>
  <edge from="EATING" to="CONTAMINATED">
    <attribute name="TEXT" value="1" />
  </edge>
  <edge from="ELIMINATE" to="BOVINE">
    <attribute name="TEXT" value="1" />
  </edge>
  <edge from="EXERCISE" to="ADVICE">
    <attribute name="TEXT" value="2" />
    <attribute name="LINKS" value="2" />
  </edge>
  <edge from="EXERCISE" to="ADVICE">
    <attribute name="TEXT" value="2" />
    <attribute name="LINKS" value="2" />
  </edge>
  <edge from="FACT" to="CONTRACTED">
    <attribute name="TEXT" value="1" />
  </edge>
  <edge from="FATAL" to="NEUROLOGICAL">
    <attribute name="TEXT" value="1" />
  </edge>
  <edge from="FED" to="MEAT">
    <attribute name="TEXT" value="1" />
  </edge>
  <edge from="FULL" to="PLATE">
    <attribute name="TEXT" value="1" />
  </edge>
  <edge from="GOVERNMENT" to="REGULATORY">
    <attribute name="TEXT" value="1" />
  </edge>
  <edge from="GREAT" to="BRITAIN">
    <attribute name="TEXT" value="1" />
  </edge>
  <edge from="GROUND-UP" to="ANIMALS">
    <attribute name="TEXT" value="1" />
  </edge>
  <edge from="HEALTH" to="STORIES">
    <attribute name="TEXT" value="1" />
  </edge>
  <edge from="HELPED" to="NEUROLOGICAL">
    <attribute name="TEXT" value="1" />
  </edge>
  <edge from="HIGH-POWERED" to="HOSES">
    <attribute name="TEXT" value="1" />
  </edge>
  <edge from="HIGH-RISK" to="TISSUE">
    <attribute name="TEXT" value="1" />
  </edge>
  <edge from="HUMAN" to="FOOD">
    <attribute name="TEXT" value="1" />
  </edge>
  <edge from="INCLUDING" to="BAN">
    <attribute name="TEXT" value="1" />
  </edge>
  <edge from="INCLUDING" to="DRUG">
    <attribute name="TEXT" value="1" />
  </edge>
  <edge from="INCLUDING" to="GELATIN">
    <attribute name="TEXT" value="1" />
  </edge>
  <edge from="INCLUDING" to="SLAUGHTER">
    <attribute name="TEXT" value="1" />
  </edge>
  <edge from="INCREASINGLY" to="PERSUASIVE">
    <attribute name="TEXT" value="1" />
  </edge>
  <edge from="INSTITUTED" to="INCLUDING">
    <attribute name="TEXT" value="1" />
  </edge>
  <edge from="LIVESTOCK" to="FEED">
    <attribute name="TEXT" value="1" />
  </edge>
  <edge from="MAD" to="COW">
    <attribute name="TEXT" value="3" />
    <attribute name="LINKS" value="1" />
    <attribute name="KEYWORDS" value="1" />
  </edge>
  <edge from="MAD" to="COW">
    <attribute name="TEXT" value="3" />
    <attribute name="LINKS" value="1" />
    <attribute name="KEYWORDS" value="1" />
  </edge>
  <edge from="MAD" to="COW">
    <attribute name="TEXT" value="3" />
    <attribute name="LINKS" value="1" />
    <attribute name="KEYWORDS" value="1" />
  </edge>
  <edge from="MAMMALS" to="CARCASSES">
    <attribute name="TEXT" value="1" />
  </edge>
  <edge from="MEAT" to="RECOVERED">
    <attribute name="TEXT" value="1" />
  </edge>
  <edge from="MECHANICALLY" to="RECOVERED">
    <attribute name="TEXT" value="1" />
  </edge>
  <edge from="MEDICAL" to="ASSOCIATION">
    <attribute name="TEXT" value="2" />
  </edge>
  <edge from="MILLION" to="SHEEP">
    <attribute name="TEXT" value="2" />
  </edge>
  <edge from="MULTIPLE" to="PRODUCTS">
    <attribute name="TEXT" value="1" />
  </edge>
  <edge from="NATIONAL" to="INSTITUTE">
    <attribute name="TEXT" value="1" />
  </edge>
  <edge from="NEURODEGENERATIVE" to="DISORDER">
    <attribute name="TEXT" value="1" />
  </edge>
  <edge from="NEUROLOGICAL" to="DISEASE">
    <attribute name="TEXT" value="2" />
  </edge>
  <edge from="NEUROLOGICAL" to="DISORDER">
    <attribute name="TEXT" value="3" />
  </edge>
  <edge from="NUTRITIONAL" to="SUPPLEMENTS">
    <attribute name="TEXT" value="1" />
  </edge>
  <edge from="PAUL" to="BROWN">
    <attribute name="TEXT" value="1" />
  </edge>
  <edge from="PM" to="EDT">
    <attribute name="TEXT" value="1" />
  </edge>
  <edge from="PROCESSED" to="SHEEP">
    <attribute name="TEXT" value="1" />
  </edge>
  <edge from="PRODUCTS" to="INCLUDING">
    <attribute name="TEXT" value="1" />
  </edge>
  <edge from="RECOVERED" to="MEAT">
    <attribute name="TEXT" value="1" />
  </edge>
  <edge from="REGULATORY" to="AGENCIES">
    <attribute name="TEXT" value="1" />
  </edge>
  <edge from="RELATED" to="STORIES">
    <attribute name="TEXT" value="1" />
  </edge>
  <edge from="RENDERED" to="ANIMALS">
    <attribute name="TEXT" value="1" />
  </edge>
  <edge from="REUTERS" to="LIMITED">
    <attribute name="TEXT" value="1" />
  </edge>
  <edge from="SCRAPIE-INFECTED" to="FLOCK">
    <attribute name="TEXT" value="1" />
  </edge>
  <edge from="SCRAPIE-INFECTED" to="SHEEP">
    <attribute name="TEXT" value="1" />
  </edge>
  <edge from="SCRUTINY" to="INCLUDING">
    <attribute name="TEXT" value="1" />
  </edge>
  <edge from="SHEEP" to="CARCASSES">
    <attribute name="TEXT" value="1" />
  </edge>
  <edge from="SHEEP" to="SCRAPIE">
    <attribute name="TEXT" value="1" />
  </edge>
  <edge from="SHEEP" to="TISSUE">
    <attribute name="TEXT" value="1" />
  </edge>
  <edge from="SICK" to="ANIMALS">
    <attribute name="TEXT" value="1" />
  </edge>
  <edge from="SINGLE" to="CASE">
    <attribute name="TEXT" value="1" />
  </edge>
  <edge from="SPINAL" to="COLUMN">
    <attribute name="TEXT" value="1" />
  </edge>
  <edge from="SPONGIFORM" to="ENCEPHALOPATHY">
    <attribute name="TEXT" value="2" />
  </edge>
  <edge from="SPONGY" to="HOLE">
    <attribute name="TEXT" value="1" />
  </edge>
  <edge from="STORIES" to="MAD">
    <attribute name="TEXT" value="1" />
  </edge>
  <edge from="SUPPLEMENTS" to="STEP">
    <attribute name="TEXT" value="1" />
  </edge>
  <edge from="TAKES" to="STEP">
    <attribute name="TEXT" value="6" />
    <attribute name="LINKS" value="3" />
    <attribute name="KEYWORDS" value="3" />
  </edge>
  <edge from="TAKES" to="STEP">
    <attribute name="TEXT" value="6" />
    <attribute name="LINKS" value="3" />
    <attribute name="KEYWORDS" value="3" />
  </edge>
  <edge from="TAKES" to="STEP">
    <attribute name="TEXT" value="6" />
    <attribute name="LINKS" value="3" />
    <attribute name="KEYWORDS" value="3" />
  </edge>
  <edge from="TB" to="STRAIN">
    <attribute name="TEXT" value="2" />
    <attribute name="LINKS" value="2" />
  </edge>
  <edge from="TB" to="STRAIN">
    <attribute name="TEXT" value="2" />
    <attribute name="LINKS" value="2" />
  </edge>
  <edge from="TEXT" to="HEADLINES">
    <attribute name="TEXT" value="1" />
  </edge>
  <edge from="TIGHTER" to="CONTROL">
    <attribute name="TEXT" value="1" />
  </edge>
  <edge from="TISSUE" to="COMPARED">
    <attribute name="TEXT" value="1" />
  </edge>
  <edge from="TRANSFERRING" to="SHEEP">
    <attribute name="TEXT" value="1" />
  </edge>
  <edge from="TUE" to="SEP">
    <attribute name="TEXT" value="1" />
  </edge>
  <edge from="UNINFECTED" to="FLOCK">
    <attribute name="TEXT" value="1" />
  </edge>
  <edge from="UNITED" to="STATES">
    <attribute name="TEXT" value="1" />
  </edge>
  <edge from="UNKNOWN" to="ILLNESS">
    <attribute name="TEXT" value="1" />
  </edge>
  <edge from="VIRULENT" to="TB">
    <attribute name="TEXT" value="2" />
    <attribute name="LINKS" value="2" />
  </edge>
  <edge from="VIRULENT" to="TB">
    <attribute name="TEXT" value="2" />
    <attribute name="LINKS" value="2" />
  </edge>
  <edge from="WEDNESDAY" to="SEPTEMBER">
    <attribute name="TEXT" value="1" />
  </edge>
  <edge from="YOUNG" to="ADULTS">
    <attribute name="TEXT" value="1" />
  </edge>
</graph>
