<graph>
  <node id="ADDRESS">
    <attribute name="FREQUENCY" value="1" />
  </node>
  <node id="ADULTS">
    <attribute name="FREQUENCY" value="1" />
  </node>
  <node id="AFFECT">
    <attribute name="FREQUENCY" value="1" />
  </node>
  <node id="AGE">
    <attribute name="FREQUENCY" value="1" />
  </node>
  <node id="ALLOWED">
    <attribute name="FREQUENCY" value="1" />
  </node>
  <node id="ANTI-PSYCHOTIC">
    <attribute name="FREQUENCY" value="3" />
  </node>
  <node id="ASSIGNED">
    <attribute name="FREQUENCY" value="1" />
  </node>
  <node id="AUTHOR">
    <attribute name="FREQUENCY" value="3" />
  </node>
  <node id="AVERAGE">
    <attribute name="FREQUENCY" value="1" />
  </node>
  <node id="BASICALLY">
    <attribute name="FREQUENCY" value="1" />
  </node>
  <node id="BEGIN">
    <attribute name="FREQUENCY" value="1" />
  </node>
  <node id="BIT">
    <attribute name="FREQUENCY" value="1" />
  </node>
  <node id="BIZ">
    <attribute name="FREQUENCY" value="4" />
  </node>
  <node id="BLUNTED">
    <attribute name="FREQUENCY" value="1" />
  </node>
  <node id="BOUGHT">
    <attribute name="FREQUENCY" value="4" />
  </node>
  <node id="CAPITA">
    <attribute name="FREQUENCY" value="1" />
  </node>
  <node id="CARE">
    <attribute name="FREQUENCY" value="1" />
  </node>
  <node id="CELLS">
    <attribute name="FREQUENCY" value="4" />
  </node>
  <node id="CENTER">
    <attribute name="FREQUENCY" value="1" />
  </node>
  <node id="CHARACTERIZED">
    <attribute name="FREQUENCY" value="1" />
  </node>
  <node id="CHRONIC">
    <attribute name="FREQUENCY" value="1" />
  </node>
  <node id="CLINICAL">
    <attribute name="FREQUENCY" value="1" />
  </node>
  <node id="CLINICALLY">
    <attribute name="FREQUENCY" value="1" />
  </node>
  <node id="CLOZAPINE">
    <attribute name="FREQUENCY" value="16" />
  </node>
  <node id="COMMENTS">
    <attribute name="FREQUENCY" value="2" />
  </node>
  <node id="COMPARED">
    <attribute name="FREQUENCY" value="1" />
  </node>
  <node id="COMPARISON">
    <attribute name="FREQUENCY" value="1" />
  </node>
  <node id="COMPLIANCE">
    <attribute name="FREQUENCY" value="1" />
  </node>
  <node id="CONNECTICUT">
    <attribute name="FREQUENCY" value="2" />
  </node>
  <node id="CONTINUED">
    <attribute name="FREQUENCY" value="1" />
  </node>
  <node id="CONTROLLED">
    <attribute name="FREQUENCY" value="2" />
  </node>
  <node id="CONTROLLING">
    <attribute name="FREQUENCY" value="1" />
  </node>
  <node id="COST">
    <attribute name="FREQUENCY" value="4" />
  </node>
  <node id="DAMAGE">
    <attribute name="FREQUENCY" value="4" />
  </node>
  <node id="DAY">
    <attribute name="FREQUENCY" value="3" />
  </node>
  <node id="DELUSIONS">
    <attribute name="FREQUENCY" value="1" />
  </node>
  <node id="DEMONSTRATED">
    <attribute name="FREQUENCY" value="1" />
  </node>
  <node id="DEMONSTRATION">
    <attribute name="FREQUENCY" value="1" />
  </node>
  <node id="DIFFICULT-TO-TREAT">
    <attribute name="FREQUENCY" value="1" />
  </node>
  <node id="DISCOVER">
    <attribute name="FREQUENCY" value="1" />
  </node>
  <node id="DISEASE">
    <attribute name="FREQUENCY" value="1" />
  </node>
  <node id="DISORDER">
    <attribute name="FREQUENCY" value="1" />
  </node>
  <node id="DRUG">
    <attribute name="FREQUENCY" value="8" />
  </node>
  <node id="EDT">
    <attribute name="FREQUENCY" value="1" />
  </node>
  <node id="EFFECT">
    <attribute name="FREQUENCY" value="3" />
  </node>
  <node id="EFFECTIVE">
    <attribute name="FREQUENCY" value="3" />
  </node>
  <node id="EMOTION">
    <attribute name="FREQUENCY" value="1" />
  </node>
  <node id="ENDED">
    <attribute name="FREQUENCY" value="1" />
  </node>
  <node id="ENGLAND">
    <attribute name="FREQUENCY" value="2" />
  </node>
  <node id="ENTERTAIN">
    <attribute name="FREQUENCY" value="4" />
  </node>
  <node id="EVIDENCE">
    <attribute name="FREQUENCY" value="1" />
  </node>
  <node id="EXCITING">
    <attribute name="FREQUENCY" value="1" />
  </node>
  <node id="EXPENSIVE">
    <attribute name="FREQUENCY" value="1" />
  </node>
  <node id="FEWER">
    <attribute name="FREQUENCY" value="3" />
  </node>
  <node id="FORWARD">
    <attribute name="FREQUENCY" value="1" />
  </node>
  <node id="FULL">
    <attribute name="FREQUENCY" value="1" />
  </node>
  <node id="FULL-RANGE">
    <attribute name="FREQUENCY" value="1" />
  </node>
  <node id="FUNCTION">
    <attribute name="FREQUENCY" value="1" />
  </node>
  <node id="GENE">
    <attribute name="FREQUENCY" value="4" />
  </node>
  <node id="GROUP">
    <attribute name="FREQUENCY" value="6" />
  </node>
  <node id="HALF">
    <attribute name="FREQUENCY" value="1" />
  </node>
  <node id="HALLUCINATIONS">
    <attribute name="FREQUENCY" value="2" />
  </node>
  <node id="HALOPERIDOL">
    <attribute name="FREQUENCY" value="7" />
  </node>
  <node id="HAVEN">
    <attribute name="FREQUENCY" value="1" />
  </node>
  <node id="HEADLINES">
    <attribute name="FREQUENCY" value="1" />
  </node>
  <node id="HEALTH">
    <attribute name="FREQUENCY" value="5" />
  </node>
  <node id="HELPED">
    <attribute name="FREQUENCY" value="1" />
  </node>
  <node id="HELPS">
    <attribute name="FREQUENCY" value="3" />
  </node>
  <node id="HOSPITAL">
    <attribute name="FREQUENCY" value="2" />
  </node>
  <node id="HOSPITALIZATION">
    <attribute name="FREQUENCY" value="3" />
  </node>
  <node id="HOSPITALIZED">
    <attribute name="FREQUENCY" value="2" />
  </node>
  <node id="HTML">
    <attribute name="FREQUENCY" value="1" />
  </node>
  <node id="HUNDREDS">
    <attribute name="FREQUENCY" value="1" />
  </node>
  <node id="IMPAIRED">
    <attribute name="FREQUENCY" value="1" />
  </node>
  <node id="IMPROVE">
    <attribute name="FREQUENCY" value="1" />
  </node>
  <node id="IMPROVEMENT">
    <attribute name="FREQUENCY" value="2" />
  </node>
  <node id="INFO">
    <attribute name="FREQUENCY" value="2" />
  </node>
  <node id="INVOLUNTARY">
    <attribute name="FREQUENCY" value="1" />
  </node>
  <node id="INVOLVED">
    <attribute name="FREQUENCY" value="1" />
  </node>
  <node id="JOURNAL">
    <attribute name="FREQUENCY" value="2" />
  </node>
  <node id="LACK">
    <attribute name="FREQUENCY" value="1" />
  </node>
  <node id="LEAD">
    <attribute name="FREQUENCY" value="1" />
  </node>
  <node id="LIFE">
    <attribute name="FREQUENCY" value="3" />
  </node>
  <node id="LIMITED">
    <attribute name="FREQUENCY" value="1" />
  </node>
  <node id="LIVE">
    <attribute name="FREQUENCY" value="2" />
  </node>
  <node id="LOST">
    <attribute name="FREQUENCY" value="1" />
  </node>
  <node id="LOWER">
    <attribute name="FREQUENCY" value="1" />
  </node>
  <node id="LUNG">
    <attribute name="FREQUENCY" value="4" />
  </node>
  <node id="MAJOR">
    <attribute name="FREQUENCY" value="1" />
  </node>
  <node id="MAJORITY">
    <attribute name="FREQUENCY" value="1" />
  </node>
  <node id="MEDICAL">
    <attribute name="FREQUENCY" value="1" />
  </node>
  <node id="MEDICATION">
    <attribute name="FREQUENCY" value="2" />
  </node>
  <node id="MEDICINE">
    <attribute name="FREQUENCY" value="3" />
  </node>
  <node id="MID">
    <attribute name="FREQUENCY" value="1" />
  </node>
  <node id="MILLION">
    <attribute name="FREQUENCY" value="1" />
  </node>
  <node id="MONTH">
    <attribute name="FREQUENCY" value="1" />
  </node>
  <node id="MOTIVATION">
    <attribute name="FREQUENCY" value="1" />
  </node>
  <node id="MOVEMENT">
    <attribute name="FREQUENCY" value="1" />
  </node>
  <node id="NEUROMUSCULAR">
    <attribute name="FREQUENCY" value="1" />
  </node>
  <node id="NEWS">
    <attribute name="FREQUENCY" value="4" />
  </node>
  <node id="NOTES">
    <attribute name="FREQUENCY" value="3" />
  </node>
  <node id="OIL">
    <attribute name="FREQUENCY" value="4" />
  </node>
  <node id="OUTPATIENT">
    <attribute name="FREQUENCY" value="1" />
  </node>
  <node id="OVERWHELMING">
    <attribute name="FREQUENCY" value="1" />
  </node>
  <node id="PATIENTS">
    <attribute name="FREQUENCY" value="12" />
  </node>
  <node id="PEOPLE">
    <attribute name="FREQUENCY" value="3" />
  </node>
  <node id="PM">
    <attribute name="FREQUENCY" value="1" />
  </node>
  <node id="POLITIC">
    <attribute name="FREQUENCY" value="4" />
  </node>
  <node id="PREVENT">
    <attribute name="FREQUENCY" value="1" />
  </node>
  <node id="PROFESSOR">
    <attribute name="FREQUENCY" value="1" />
  </node>
  <node id="PSYCHIATRIC">
    <attribute name="FREQUENCY" value="2" />
  </node>
  <node id="PSYCHIATRY">
    <attribute name="FREQUENCY" value="1" />
  </node>
  <node id="QUALITY">
    <attribute name="FREQUENCY" value="2" />
  </node>
  <node id="QUESTIONS">
    <attribute name="FREQUENCY" value="2" />
  </node>
  <node id="REDUCE">
    <attribute name="FREQUENCY" value="1" />
  </node>
  <node id="REDUCED">
    <attribute name="FREQUENCY" value="1" />
  </node>
  <node id="REFRACTORY">
    <attribute name="FREQUENCY" value="3" />
  </node>
  <node id="RELAPSES">
    <attribute name="FREQUENCY" value="1" />
  </node>
  <node id="REPORT">
    <attribute name="FREQUENCY" value="2" />
  </node>
  <node id="REPORTED">
    <attribute name="FREQUENCY" value="1" />
  </node>
  <node id="RESEARCHERS">
    <attribute name="FREQUENCY" value="1" />
  </node>
  <node id="RESPOND">
    <attribute name="FREQUENCY" value="1" />
  </node>
  <node id="REST">
    <attribute name="FREQUENCY" value="1" />
  </node>
  <node id="REUTERS">
    <attribute name="FREQUENCY" value="2" />
  </node>
  <node id="ROBERT">
    <attribute name="FREQUENCY" value="1" />
  </node>
  <node id="ROSENHECK">
    <attribute name="FREQUENCY" value="3" />
  </node>
  <node id="SCHIZOPHRENIA">
    <attribute name="FREQUENCY" value="8" />
  </node>
  <node id="SCHOOL">
    <attribute name="FREQUENCY" value="1" />
  </node>
  <node id="SCOREBOARD">
    <attribute name="FREQUENCY" value="4" />
  </node>
  <node id="SENSE">
    <attribute name="FREQUENCY" value="1" />
  </node>
  <node id="SEPTEMBER">
    <attribute name="FREQUENCY" value="1" />
  </node>
  <node id="SERVICE">
    <attribute name="FREQUENCY" value="2" />
  </node>
  <node id="SIDE">
    <attribute name="FREQUENCY" value="3" />
  </node>
  <node id="SIX-WEEK">
    <attribute name="FREQUENCY" value="1" />
  </node>
  <node id="SLIGHTLY">
    <attribute name="FREQUENCY" value="1" />
  </node>
  <node id="SMOKING">
    <attribute name="FREQUENCY" value="4" />
  </node>
  <node id="SOCIAL">
    <attribute name="FREQUENCY" value="2" />
  </node>
  <node id="SOURCE">
    <attribute name="FREQUENCY" value="1" />
  </node>
  <node id="SPASMODIC">
    <attribute name="FREQUENCY" value="1" />
  </node>
  <node id="SPORT">
    <attribute name="FREQUENCY" value="4" />
  </node>
  <node id="STANDARD">
    <attribute name="FREQUENCY" value="2" />
  </node>
  <node id="STARTED">
    <attribute name="FREQUENCY" value="4" />
  </node>
  <node id="STATES">
    <attribute name="FREQUENCY" value="1" />
  </node>
  <node id="STEP">
    <attribute name="FREQUENCY" value="1" />
  </node>
  <node id="STOPPED">
    <attribute name="FREQUENCY" value="1" />
  </node>
  <node id="STORIES">
    <attribute name="FREQUENCY" value="1" />
  </node>
  <node id="STORY">
    <attribute name="FREQUENCY" value="4" />
  </node>
  <node id="STRIDE">
    <attribute name="FREQUENCY" value="1" />
  </node>
  <node id="STUDY">
    <attribute name="FREQUENCY" value="8" />
  </node>
  <node id="SWITCH">
    <attribute name="FREQUENCY" value="1" />
  </node>
  <node id="SYMPTOMS">
    <attribute name="FREQUENCY" value="5" />
  </node>
  <node id="SYSTEM">
    <attribute name="FREQUENCY" value="1" />
  </node>
  <node id="TAKING">
    <attribute name="FREQUENCY" value="2" />
  </node>
  <node id="TECH">
    <attribute name="FREQUENCY" value="4" />
  </node>
  <node id="TERMS">
    <attribute name="FREQUENCY" value="1" />
  </node>
  <node id="TEXT">
    <attribute name="FREQUENCY" value="1" />
  </node>
  <node id="TIMES">
    <attribute name="FREQUENCY" value="1" />
  </node>
  <node id="TOXIC">
    <attribute name="FREQUENCY" value="4" />
  </node>
  <node id="TRADITIONAL">
    <attribute name="FREQUENCY" value="1" />
  </node>
  <node id="TRADITIONALLY">
    <attribute name="FREQUENCY" value="1" />
  </node>
  <node id="TREADING">
    <attribute name="FREQUENCY" value="1" />
  </node>
  <node id="TREAT">
    <attribute name="FREQUENCY" value="2" />
  </node>
  <node id="TREATMENT">
    <attribute name="FREQUENCY" value="5" />
  </node>
  <node id="TRIAL">
    <attribute name="FREQUENCY" value="2" />
  </node>
  <node id="UNIT">
    <attribute name="FREQUENCY" value="1" />
  </node>
  <node id="UNIVERSITY">
    <attribute name="FREQUENCY" value="1" />
  </node>
  <node id="VA">
    <attribute name="FREQUENCY" value="1" />
  </node>
  <node id="VERSUS">
    <attribute name="FREQUENCY" value="2" />
  </node>
  <node id="WATER">
    <attribute name="FREQUENCY" value="1" />
  </node>
  <node id="WEDNESDAY">
    <attribute name="FREQUENCY" value="1" />
  </node>
  <node id="WITHDRAWAL">
    <attribute name="FREQUENCY" value="1" />
  </node>
  <node id="WORKED">
    <attribute name="FREQUENCY" value="1" />
  </node>
  <node id="WRITE">
    <attribute name="FREQUENCY" value="2" />
  </node>
  <node id="YAHOO">
    <attribute name="FREQUENCY" value="4" />
  </node>
  <node id="YALE">
    <attribute name="FREQUENCY" value="1" />
  </node>
  <node id="YEAR">
    <attribute name="FREQUENCY" value="2" />
  </node>
  <node id="YORK">
    <attribute name="FREQUENCY" value="1" />
  </node>
  <edge from="ADULTS" to="PATIENTS">
    <attribute name="TEXT" value="1" />
  </edge>
  <edge from="ANTI-PSYCHOTIC" to="DRUG">
    <attribute name="TEXT" value="1" />
  </edge>
  <edge from="ANTI-PSYCHOTIC" to="MEDICATION">
    <attribute name="TEXT" value="2" />
  </edge>
  <edge from="AUTHOR" to="NOTES">
    <attribute name="TEXT" value="1" />
  </edge>
  <edge from="BLUNTED" to="EMOTION">
    <attribute name="TEXT" value="1" />
  </edge>
  <edge from="CAPITA" to="TREATMENT">
    <attribute name="TEXT" value="1" />
  </edge>
  <edge from="CARE" to="SYSTEM">
    <attribute name="TEXT" value="1" />
  </edge>
  <edge from="CELLS" to="GENE">
    <attribute name="TEXT" value="8" />
    <attribute name="LINKS" value="8" />
  </edge>
  <edge from="CELLS" to="GENE">
    <attribute name="TEXT" value="8" />
    <attribute name="LINKS" value="8" />
  </edge>
  <edge from="CHRONIC" to="PSYCHIATRIC">
    <attribute name="TEXT" value="1" />
  </edge>
  <edge from="CLINICAL" to="PROFESSOR">
    <attribute name="TEXT" value="1" />
  </edge>
  <edge from="CLOZAPINE" to="CONTINUED">
    <attribute name="TEXT" value="1" />
  </edge>
  <edge from="CLOZAPINE" to="GROUP">
    <attribute name="TEXT" value="2" />
  </edge>
  <edge from="CLOZAPINE" to="HELPS">
    <attribute name="TEXT" value="2" />
    <attribute name="KEYWORDS" value="1" />
  </edge>
  <edge from="CLOZAPINE" to="HELPS">
    <attribute name="TEXT" value="2" />
    <attribute name="KEYWORDS" value="1" />
  </edge>
  <edge from="CONNECTICUT" to="HEALTH">
    <attribute name="TEXT" value="1" />
  </edge>
  <edge from="CONTINUED" to="TAKING">
    <attribute name="TEXT" value="1" />
  </edge>
  <edge from="CONTROLLED" to="TRIAL">
    <attribute name="TEXT" value="2" />
  </edge>
  <edge from="CONTROLLING" to="SYMPTOMS">
    <attribute name="TEXT" value="1" />
  </edge>
  <edge from="COST" to="COMPARISON">
    <attribute name="TEXT" value="1" />
  </edge>
  <edge from="DAMAGE" to="LUNG">
    <attribute name="TEXT" value="4" />
    <attribute name="LINKS" value="4" />
  </edge>
  <edge from="DAMAGE" to="LUNG">
    <attribute name="TEXT" value="4" />
    <attribute name="LINKS" value="4" />
  </edge>
  <edge from="DELUSIONS" to="LACK">
    <attribute name="TEXT" value="1" />
  </edge>
  <edge from="DIFFICULT-TO-TREAT" to="SCHIZOPHRENIA">
    <attribute name="TEXT" value="1" />
  </edge>
  <edge from="DRUG" to="CLOZAPINE">
    <attribute name="TEXT" value="1" />
  </edge>
  <edge from="DRUG" to="COMPARED">
    <attribute name="TEXT" value="1" />
  </edge>
  <edge from="DRUG" to="TREATMENT">
    <attribute name="TEXT" value="1" />
  </edge>
  <edge from="DRUG" to="WORKED">
    <attribute name="TEXT" value="1" />
  </edge>
  <edge from="ENGLAND" to="JOURNAL">
    <attribute name="TEXT" value="2" />
  </edge>
  <edge from="FEWER" to="DAY">
    <attribute name="TEXT" value="1" />
  </edge>
  <edge from="FEWER" to="NEUROMUSCULAR">
    <attribute name="TEXT" value="1" />
  </edge>
  <edge from="FEWER" to="SIDE">
    <attribute name="TEXT" value="1" />
  </edge>
  <edge from="FULL" to="YEAR">
    <attribute name="TEXT" value="1" />
  </edge>
  <edge from="HALLUCINATIONS" to="DELUSIONS">
    <attribute name="TEXT" value="1" />
  </edge>
  <edge from="HALLUCINATIONS" to="SOCIAL">
    <attribute name="TEXT" value="1" />
  </edge>
  <edge from="HALOPERIDOL" to="CLOZAPINE">
    <attribute name="TEXT" value="1" />
  </edge>
  <edge from="HALOPERIDOL" to="GROUP">
    <attribute name="TEXT" value="2" />
  </edge>
  <edge from="HAVEN" to="CONNECTICUT">
    <attribute name="TEXT" value="1" />
  </edge>
  <edge from="HEALTH" to="CARE">
    <attribute name="TEXT" value="1" />
  </edge>
  <edge from="HEALTH" to="STORIES">
    <attribute name="TEXT" value="1" />
  </edge>
  <edge from="HELPED" to="PEOPLE">
    <attribute name="TEXT" value="1" />
  </edge>
  <edge from="HELPS" to="QUALITY">
    <attribute name="TEXT" value="1" />
  </edge>
  <edge from="HELPS" to="TREAT">
    <attribute name="TEXT" value="1" />
    <attribute name="KEYWORDS" value="1" />
  </edge>
  <edge from="HELPS" to="TREAT">
    <attribute name="TEXT" value="1" />
    <attribute name="KEYWORDS" value="1" />
  </edge>
  <edge from="HUNDREDS" to="PEOPLE">
    <attribute name="TEXT" value="1" />
  </edge>
  <edge from="IMPAIRED" to="SOCIAL">
    <attribute name="TEXT" value="1" />
  </edge>
  <edge from="IMPROVE" to="TREATMENT">
    <attribute name="TEXT" value="1" />
  </edge>
  <edge from="INVOLUNTARY" to="SPASMODIC">
    <attribute name="TEXT" value="1" />
  </edge>
  <edge from="LEAD" to="AUTHOR">
    <attribute name="TEXT" value="1" />
  </edge>
  <edge from="LIFE" to="SIDE">
    <attribute name="TEXT" value="1" />
  </edge>
  <edge from="LIFE" to="STATES">
    <attribute name="TEXT" value="1" />
  </edge>
  <edge from="LUNG" to="CELLS">
    <attribute name="TEXT" value="4" />
    <attribute name="LINKS" value="4" />
  </edge>
  <edge from="LUNG" to="CELLS">
    <attribute name="TEXT" value="4" />
    <attribute name="LINKS" value="4" />
  </edge>
  <edge from="MAJOR" to="STRIDE">
    <attribute name="TEXT" value="1" />
  </edge>
  <edge from="MAJORITY" to="ENDED">
    <attribute name="TEXT" value="1" />
  </edge>
  <edge from="MEDICAL" to="CENTER">
    <attribute name="TEXT" value="1" />
  </edge>
  <edge from="MOVEMENT" to="TRADITIONALLY">
    <attribute name="TEXT" value="1" />
  </edge>
  <edge from="NEUROMUSCULAR" to="SIDE">
    <attribute name="TEXT" value="1" />
  </edge>
  <edge from="OIL" to="BOUGHT">
    <attribute name="TEXT" value="2" />
    <attribute name="LINKS" value="2" />
  </edge>
  <edge from="OIL" to="BOUGHT">
    <attribute name="TEXT" value="2" />
    <attribute name="LINKS" value="2" />
  </edge>
  <edge from="OUTPATIENT" to="SERVICE">
    <attribute name="TEXT" value="1" />
  </edge>
  <edge from="OVERWHELMING" to="MAJORITY">
    <attribute name="TEXT" value="1" />
  </edge>
  <edge from="PATIENTS" to="ASSIGNED">
    <attribute name="TEXT" value="1" />
  </edge>
  <edge from="PATIENTS" to="STARTED">
    <attribute name="TEXT" value="1" />
  </edge>
  <edge from="PM" to="EDT">
    <attribute name="TEXT" value="1" />
  </edge>
  <edge from="PREVENT" to="RELAPSES">
    <attribute name="TEXT" value="1" />
  </edge>
  <edge from="PSYCHIATRIC" to="DISORDER">
    <attribute name="TEXT" value="1" />
  </edge>
  <edge from="PSYCHIATRIC" to="HOSPITALIZATION">
    <attribute name="TEXT" value="1" />
  </edge>
  <edge from="REDUCE" to="HOSPITALIZATION">
    <attribute name="TEXT" value="1" />
  </edge>
  <edge from="REDUCED" to="HOSPITALIZATION">
    <attribute name="TEXT" value="1" />
  </edge>
  <edge from="REFRACTORY" to="PATIENTS">
    <attribute name="TEXT" value="1" />
  </edge>
  <edge from="REFRACTORY" to="SCHIZOPHRENIA">
    <attribute name="TEXT" value="2" />
  </edge>
  <edge from="REPORTED" to="FEWER">
    <attribute name="TEXT" value="1" />
  </edge>
  <edge from="RESEARCHERS" to="NOTES">
    <attribute name="TEXT" value="1" />
  </edge>
  <edge from="REUTERS" to="LIMITED">
    <attribute name="TEXT" value="1" />
  </edge>
  <edge from="ROBERT" to="ROSENHECK">
    <attribute name="TEXT" value="1" />
  </edge>
  <edge from="SCHIZOPHRENIA" to="AFFECT">
    <attribute name="TEXT" value="1" />
  </edge>
  <edge from="SENSE" to="TREADING">
    <attribute name="TEXT" value="1" />
  </edge>
  <edge from="SIDE" to="EFFECT">
    <attribute name="TEXT" value="3" />
  </edge>
  <edge from="SIX-WEEK" to="STUDY">
    <attribute name="TEXT" value="1" />
  </edge>
  <edge from="SLIGHTLY" to="LOWER">
    <attribute name="TEXT" value="1" />
  </edge>
  <edge from="SMOKING" to="DAMAGE">
    <attribute name="TEXT" value="4" />
    <attribute name="LINKS" value="4" />
  </edge>
  <edge from="SMOKING" to="DAMAGE">
    <attribute name="TEXT" value="4" />
    <attribute name="LINKS" value="4" />
  </edge>
  <edge from="SOCIAL" to="FUNCTION">
    <attribute name="TEXT" value="1" />
  </edge>
  <edge from="SOCIAL" to="WITHDRAWAL">
    <attribute name="TEXT" value="1" />
  </edge>
  <edge from="SPASMODIC" to="MOVEMENT">
    <attribute name="TEXT" value="1" />
  </edge>
  <edge from="STANDARD" to="DRUG">
    <attribute name="TEXT" value="2" />
  </edge>
  <edge from="STEP" to="FORWARD">
    <attribute name="TEXT" value="1" />
  </edge>
  <edge from="STOPPED" to="TAKING">
    <attribute name="TEXT" value="1" />
  </edge>
  <edge from="STORIES" to="CLOZAPINE">
    <attribute name="TEXT" value="1" />
  </edge>
  <edge from="STUDY" to="DEMONSTRATED">
    <attribute name="TEXT" value="1" />
  </edge>
  <edge from="STUDY" to="INVOLVED">
    <attribute name="TEXT" value="1" />
  </edge>
  <edge from="STUDY" to="LEAD">
    <attribute name="TEXT" value="1" />
  </edge>
  <edge from="SYMPTOMS" to="QUALITY">
    <attribute name="TEXT" value="1" />
  </edge>
  <edge from="TAKING" to="CLOZAPINE">
    <attribute name="TEXT" value="1" />
  </edge>
  <edge from="TEXT" to="HEADLINES">
    <attribute name="TEXT" value="1" />
  </edge>
  <edge from="TOXIC" to="OIL">
    <attribute name="TEXT" value="2" />
    <attribute name="LINKS" value="2" />
  </edge>
  <edge from="TOXIC" to="OIL">
    <attribute name="TEXT" value="2" />
    <attribute name="LINKS" value="2" />
  </edge>
  <edge from="TRADITIONAL" to="DRUG">
    <attribute name="TEXT" value="1" />
  </edge>
  <edge from="TREADING" to="WATER">
    <attribute name="TEXT" value="1" />
  </edge>
  <edge from="TREAT" to="SCHIZOPHRENIA">
    <attribute name="TEXT" value="1" />
    <attribute name="KEYWORDS" value="1" />
  </edge>
  <edge from="TREAT" to="SCHIZOPHRENIA">
    <attribute name="TEXT" value="1" />
    <attribute name="KEYWORDS" value="1" />
  </edge>
  <edge from="TREATMENT" to="COMPLIANCE">
    <attribute name="TEXT" value="1" />
  </edge>
  <edge from="TREATMENT" to="COST">
    <attribute name="TEXT" value="2" />
  </edge>
  <edge from="UNIVERSITY" to="SCHOOL">
    <attribute name="TEXT" value="1" />
  </edge>
  <edge from="VA" to="CONNECTICUT">
    <attribute name="TEXT" value="1" />
  </edge>
  <edge from="WEDNESDAY" to="SEPTEMBER">
    <attribute name="TEXT" value="1" />
  </edge>
  <edge from="YALE" to="UNIVERSITY">
    <attribute name="TEXT" value="1" />
  </edge>
</graph>
