<graph>
  <node id="ABRAMS">
    <attribute name="FREQUENCY" value="5" />
  </node>
  <node id="ACADEMY">
    <attribute name="FREQUENCY" value="1" />
  </node>
  <node id="ACCOUNT">
    <attribute name="FREQUENCY" value="1" />
  </node>
  <node id="ADEQUATE">
    <attribute name="FREQUENCY" value="1" />
  </node>
  <node id="AFFECTED">
    <attribute name="FREQUENCY" value="1" />
  </node>
  <node id="ANGELES">
    <attribute name="FREQUENCY" value="1" />
  </node>
  <node id="ARTHUR">
    <attribute name="FREQUENCY" value="1" />
  </node>
  <node id="BABIES">
    <attribute name="FREQUENCY" value="1" />
  </node>
  <node id="BABY">
    <attribute name="FREQUENCY" value="3" />
  </node>
  <node id="BARBARA">
    <attribute name="FREQUENCY" value="1" />
  </node>
  <node id="BENIGN">
    <attribute name="FREQUENCY" value="1" />
  </node>
  <node id="BERKELEY">
    <attribute name="FREQUENCY" value="1" />
  </node>
  <node id="BIRTH">
    <attribute name="FREQUENCY" value="6" />
  </node>
  <node id="BIZ">
    <attribute name="FREQUENCY" value="4" />
  </node>
  <node id="BODY">
    <attribute name="FREQUENCY" value="1" />
  </node>
  <node id="CALIFORNIA">
    <attribute name="FREQUENCY" value="2" />
  </node>
  <node id="CALL">
    <attribute name="FREQUENCY" value="1" />
  </node>
  <node id="CAUCASIAN">
    <attribute name="FREQUENCY" value="1" />
  </node>
  <node id="CHARTS">
    <attribute name="FREQUENCY" value="1" />
  </node>
  <node id="CLINICAL">
    <attribute name="FREQUENCY" value="1" />
  </node>
  <node id="COLLEAGUES">
    <attribute name="FREQUENCY" value="1" />
  </node>
  <node id="COMMENTS">
    <attribute name="FREQUENCY" value="2" />
  </node>
  <node id="CONCERNS">
    <attribute name="FREQUENCY" value="1" />
  </node>
  <node id="CONFIRMED">
    <attribute name="FREQUENCY" value="1" />
  </node>
  <node id="CONTRIBUTED">
    <attribute name="FREQUENCY" value="1" />
  </node>
  <node id="CRUCIAL">
    <attribute name="FREQUENCY" value="2" />
  </node>
  <node id="CURRENT">
    <attribute name="FREQUENCY" value="1" />
  </node>
  <node id="DAY">
    <attribute name="FREQUENCY" value="1" />
  </node>
  <node id="DECREASED">
    <attribute name="FREQUENCY" value="1" />
  </node>
  <node id="DEHYDRATION">
    <attribute name="FREQUENCY" value="1" />
  </node>
  <node id="DELIVERY">
    <attribute name="FREQUENCY" value="1" />
  </node>
  <node id="EARLY">
    <attribute name="FREQUENCY" value="2" />
  </node>
  <node id="EASE">
    <attribute name="FREQUENCY" value="1" />
  </node>
  <node id="EATING">
    <attribute name="FREQUENCY" value="1" />
  </node>
  <node id="EDT">
    <attribute name="FREQUENCY" value="1" />
  </node>
  <node id="EFFECT">
    <attribute name="FREQUENCY" value="1" />
  </node>
  <node id="ENTERTAIN">
    <attribute name="FREQUENCY" value="4" />
  </node>
  <node id="EPIDEMIOLOGIST">
    <attribute name="FREQUENCY" value="1" />
  </node>
  <node id="EXPLANATION">
    <attribute name="FREQUENCY" value="1" />
  </node>
  <node id="FACTORS">
    <attribute name="FREQUENCY" value="1" />
  </node>
  <node id="FAIRLY">
    <attribute name="FREQUENCY" value="1" />
  </node>
  <node id="FETUS">
    <attribute name="FREQUENCY" value="1" />
  </node>
  <node id="FINDINGS">
    <attribute name="FREQUENCY" value="4" />
  </node>
  <node id="FRIDAY">
    <attribute name="FREQUENCY" value="1" />
  </node>
  <node id="GAIN">
    <attribute name="FREQUENCY" value="8" />
  </node>
  <node id="GAINED">
    <attribute name="FREQUENCY" value="1" />
  </node>
  <node id="GESTATION">
    <attribute name="FREQUENCY" value="1" />
  </node>
  <node id="GROWTH">
    <attribute name="FREQUENCY" value="1" />
  </node>
  <node id="GUIDELINES">
    <attribute name="FREQUENCY" value="1" />
  </node>
  <node id="GYN">
    <attribute name="FREQUENCY" value="1" />
  </node>
  <node id="GYNECOLOGY">
    <attribute name="FREQUENCY" value="1" />
  </node>
  <node id="HEADLINES">
    <attribute name="FREQUENCY" value="1" />
  </node>
  <node id="HEALTH">
    <attribute name="FREQUENCY" value="5" />
  </node>
  <node id="HEIGHT">
    <attribute name="FREQUENCY" value="1" />
  </node>
  <node id="HELD">
    <attribute name="FREQUENCY" value="1" />
  </node>
  <node id="HORMONE">
    <attribute name="FREQUENCY" value="4" />
  </node>
  <node id="HTML">
    <attribute name="FREQUENCY" value="1" />
  </node>
  <node id="INCREASED">
    <attribute name="FREQUENCY" value="1" />
  </node>
  <node id="INFANT">
    <attribute name="FREQUENCY" value="1" />
  </node>
  <node id="INFO">
    <attribute name="FREQUENCY" value="2" />
  </node>
  <node id="INSTITUTE">
    <attribute name="FREQUENCY" value="1" />
  </node>
  <node id="IOM">
    <attribute name="FREQUENCY" value="1" />
  </node>
  <node id="LABOR">
    <attribute name="FREQUENCY" value="4" />
  </node>
  <node id="LED">
    <attribute name="FREQUENCY" value="1" />
  </node>
  <node id="LIMITED">
    <attribute name="FREQUENCY" value="1" />
  </node>
  <node id="LINKED">
    <attribute name="FREQUENCY" value="5" />
  </node>
  <node id="LONG">
    <attribute name="FREQUENCY" value="1" />
  </node>
  <node id="LOOKED">
    <attribute name="FREQUENCY" value="1" />
  </node>
  <node id="LOS">
    <attribute name="FREQUENCY" value="1" />
  </node>
  <node id="LOW">
    <attribute name="FREQUENCY" value="1" />
  </node>
  <node id="MALNUTRITION">
    <attribute name="FREQUENCY" value="1" />
  </node>
  <node id="MASS">
    <attribute name="FREQUENCY" value="1" />
  </node>
  <node id="MATERNAL">
    <attribute name="FREQUENCY" value="2" />
  </node>
  <node id="MEDICAL">
    <attribute name="FREQUENCY" value="1" />
  </node>
  <node id="MEDICINE">
    <attribute name="FREQUENCY" value="1" />
  </node>
  <node id="MENOPAUSAL">
    <attribute name="FREQUENCY" value="4" />
  </node>
  <node id="MONTH">
    <attribute name="FREQUENCY" value="4" />
  </node>
  <node id="MONTHLY">
    <attribute name="FREQUENCY" value="1" />
  </node>
  <node id="MORNING">
    <attribute name="FREQUENCY" value="2" />
  </node>
  <node id="MOTHER">
    <attribute name="FREQUENCY" value="1" />
  </node>
  <node id="NATIONAL">
    <attribute name="FREQUENCY" value="1" />
  </node>
  <node id="NAUSEA">
    <attribute name="FREQUENCY" value="1" />
  </node>
  <node id="NEWS">
    <attribute name="FREQUENCY" value="6" />
  </node>
  <node id="NON-OBESE">
    <attribute name="FREQUENCY" value="1" />
  </node>
  <node id="NOTES">
    <attribute name="FREQUENCY" value="1" />
  </node>
  <node id="NUTRITION">
    <attribute name="FREQUENCY" value="1" />
  </node>
  <node id="OB">
    <attribute name="FREQUENCY" value="1" />
  </node>
  <node id="OBESE">
    <attribute name="FREQUENCY" value="1" />
  </node>
  <node id="OBSTETRICS">
    <attribute name="FREQUENCY" value="1" />
  </node>
  <node id="ONSET">
    <attribute name="FREQUENCY" value="4" />
  </node>
  <node id="OUNCES">
    <attribute name="FREQUENCY" value="2" />
  </node>
  <node id="PM">
    <attribute name="FREQUENCY" value="1" />
  </node>
  <node id="POLITIC">
    <attribute name="FREQUENCY" value="4" />
  </node>
  <node id="POUNDS">
    <attribute name="FREQUENCY" value="3" />
  </node>
  <node id="PREGNANCY">
    <attribute name="FREQUENCY" value="9" />
  </node>
  <node id="PREGNANT">
    <attribute name="FREQUENCY" value="2" />
  </node>
  <node id="PROFESSOR">
    <attribute name="FREQUENCY" value="1" />
  </node>
  <node id="PUBLIC">
    <attribute name="FREQUENCY" value="1" />
  </node>
  <node id="QUESTIONS">
    <attribute name="FREQUENCY" value="2" />
  </node>
  <node id="RAPID">
    <attribute name="FREQUENCY" value="1" />
  </node>
  <node id="RATIO">
    <attribute name="FREQUENCY" value="1" />
  </node>
  <node id="REASSURING">
    <attribute name="FREQUENCY" value="1" />
  </node>
  <node id="REMAIN">
    <attribute name="FREQUENCY" value="1" />
  </node>
  <node id="RESEARCHERS">
    <attribute name="FREQUENCY" value="2" />
  </node>
  <node id="REUTERS">
    <attribute name="FREQUENCY" value="2" />
  </node>
  <node id="RIGID">
    <attribute name="FREQUENCY" value="1" />
  </node>
  <node id="SCHOOL">
    <attribute name="FREQUENCY" value="1" />
  </node>
  <node id="SCIENCE">
    <attribute name="FREQUENCY" value="1" />
  </node>
  <node id="SCOREBOARD">
    <attribute name="FREQUENCY" value="4" />
  </node>
  <node id="SEPTEMBER">
    <attribute name="FREQUENCY" value="2" />
  </node>
  <node id="SET">
    <attribute name="FREQUENCY" value="1" />
  </node>
  <node id="SEX">
    <attribute name="FREQUENCY" value="4" />
  </node>
  <node id="SICKNESS">
    <attribute name="FREQUENCY" value="2" />
  </node>
  <node id="SITUATION">
    <attribute name="FREQUENCY" value="1" />
  </node>
  <node id="SMALL">
    <attribute name="FREQUENCY" value="1" />
  </node>
  <node id="SMOKING">
    <attribute name="FREQUENCY" value="1" />
  </node>
  <node id="SOURCE">
    <attribute name="FREQUENCY" value="1" />
  </node>
  <node id="SPORT">
    <attribute name="FREQUENCY" value="4" />
  </node>
  <node id="STARVING">
    <attribute name="FREQUENCY" value="1" />
  </node>
  <node id="STOP">
    <attribute name="FREQUENCY" value="4" />
  </node>
  <node id="STORIES">
    <attribute name="FREQUENCY" value="1" />
  </node>
  <node id="STORY">
    <attribute name="FREQUENCY" value="4" />
  </node>
  <node id="STUDY">
    <attribute name="FREQUENCY" value="3" />
  </node>
  <node id="SURPRISE">
    <attribute name="FREQUENCY" value="1" />
  </node>
  <node id="TAKING">
    <attribute name="FREQUENCY" value="4" />
  </node>
  <node id="TECH">
    <attribute name="FREQUENCY" value="4" />
  </node>
  <node id="TEXT">
    <attribute name="FREQUENCY" value="1" />
  </node>
  <node id="TOTAL">
    <attribute name="FREQUENCY" value="1" />
  </node>
  <node id="TRIMESTER">
    <attribute name="FREQUENCY" value="5" />
  </node>
  <node id="ULTIMATE">
    <attribute name="FREQUENCY" value="1" />
  </node>
  <node id="UNCLEAR">
    <attribute name="FREQUENCY" value="1" />
  </node>
  <node id="UNIVERSITY">
    <attribute name="FREQUENCY" value="2" />
  </node>
  <node id="VOMITING">
    <attribute name="FREQUENCY" value="2" />
  </node>
  <node id="WASHINGTON">
    <attribute name="FREQUENCY" value="1" />
  </node>
  <node id="WEIGHT">
    <attribute name="FREQUENCY" value="20" />
  </node>
  <node id="WELL-BEING">
    <attribute name="FREQUENCY" value="1" />
  </node>
  <node id="WISOT">
    <attribute name="FREQUENCY" value="1" />
  </node>
  <node id="WOMAN">
    <attribute name="FREQUENCY" value="1" />
  </node>
  <node id="WOMEN">
    <attribute name="FREQUENCY" value="10" />
  </node>
  <node id="WORRIED">
    <attribute name="FREQUENCY" value="1" />
  </node>
  <node id="WORRY">
    <attribute name="FREQUENCY" value="3" />
  </node>
  <node id="WRITE">
    <attribute name="FREQUENCY" value="2" />
  </node>
  <node id="YAHOO">
    <attribute name="FREQUENCY" value="4" />
  </node>
  <node id="YORK">
    <attribute name="FREQUENCY" value="1" />
  </node>
  <edge from="ACCOUNT" to="MATERNAL">
    <attribute name="TEXT" value="1" />
  </edge>
  <edge from="ADEQUATE" to="NUTRITION">
    <attribute name="TEXT" value="1" />
  </edge>
  <edge from="ARTHUR" to="WISOT">
    <attribute name="TEXT" value="1" />
  </edge>
  <edge from="BABY" to="BIRTH">
    <attribute name="TEXT" value="1" />
  </edge>
  <edge from="BARBARA" to="ABRAMS">
    <attribute name="TEXT" value="1" />
  </edge>
  <edge from="BENIGN" to="SITUATION">
    <attribute name="TEXT" value="1" />
  </edge>
  <edge from="BERKELEY" to="SCHOOL">
    <attribute name="TEXT" value="1" />
  </edge>
  <edge from="BIRTH" to="WEIGHT">
    <attribute name="TEXT" value="6" />
  </edge>
  <edge from="BODY" to="MASS">
    <attribute name="TEXT" value="1" />
  </edge>
  <edge from="CAUCASIAN" to="WOMEN">
    <attribute name="TEXT" value="1" />
  </edge>
  <edge from="CLINICAL" to="PROFESSOR">
    <attribute name="TEXT" value="1" />
  </edge>
  <edge from="COLLEAGUES" to="LOOKED">
    <attribute name="TEXT" value="1" />
  </edge>
  <edge from="CURRENT" to="GUIDELINES">
    <attribute name="TEXT" value="1" />
  </edge>
  <edge from="DECREASED" to="BIRTH">
    <attribute name="TEXT" value="1" />
  </edge>
  <edge from="EARLY" to="PREGNANCY">
    <attribute name="TEXT" value="1" />
    <attribute name="KEYWORDS" value="1" />
  </edge>
  <edge from="EARLY" to="PREGNANCY">
    <attribute name="TEXT" value="1" />
    <attribute name="KEYWORDS" value="1" />
  </edge>
  <edge from="EASE" to="CONCERNS">
    <attribute name="TEXT" value="1" />
  </edge>
  <edge from="EXPLANATION" to="REMAIN">
    <attribute name="TEXT" value="1" />
  </edge>
  <edge from="FAIRLY" to="BENIGN">
    <attribute name="TEXT" value="1" />
  </edge>
  <edge from="FINDINGS" to="HELD">
    <attribute name="TEXT" value="1" />
  </edge>
  <edge from="FRIDAY" to="SEPTEMBER">
    <attribute name="TEXT" value="1" />
  </edge>
  <edge from="GESTATION" to="DAY">
    <attribute name="TEXT" value="1" />
  </edge>
  <edge from="GYN" to="NEWS">
    <attribute name="TEXT" value="1" />
  </edge>
  <edge from="HEALTH" to="STORIES">
    <attribute name="TEXT" value="1" />
  </edge>
  <edge from="INCREASED" to="BABY">
    <attribute name="TEXT" value="1" />
  </edge>
  <edge from="INFANT" to="BIRTH">
    <attribute name="TEXT" value="1" />
  </edge>
  <edge from="LABOR" to="ONSET">
    <attribute name="TEXT" value="2" />
    <attribute name="LINKS" value="2" />
  </edge>
  <edge from="LABOR" to="ONSET">
    <attribute name="TEXT" value="2" />
    <attribute name="LINKS" value="2" />
  </edge>
  <edge from="LOS" to="ANGELES">
    <attribute name="TEXT" value="1" />
  </edge>
  <edge from="LOW" to="BIRTH">
    <attribute name="TEXT" value="1" />
  </edge>
  <edge from="MATERNAL" to="FACTORS">
    <attribute name="TEXT" value="1" />
  </edge>
  <edge from="MATERNAL" to="WEIGHT">
    <attribute name="TEXT" value="1" />
  </edge>
  <edge from="MEDICAL" to="EPIDEMIOLOGIST">
    <attribute name="TEXT" value="1" />
  </edge>
  <edge from="MENOPAUSAL" to="WOMEN">
    <attribute name="TEXT" value="2" />
    <attribute name="LINKS" value="2" />
  </edge>
  <edge from="MENOPAUSAL" to="WOMEN">
    <attribute name="TEXT" value="2" />
    <attribute name="LINKS" value="2" />
  </edge>
  <edge from="MONTHLY" to="WEIGHT">
    <attribute name="TEXT" value="1" />
  </edge>
  <edge from="MORNING" to="SICKNESS">
    <attribute name="TEXT" value="2" />
  </edge>
  <edge from="MOTHER" to="WEIGHT">
    <attribute name="TEXT" value="1" />
  </edge>
  <edge from="NATIONAL" to="ACADEMY">
    <attribute name="TEXT" value="1" />
  </edge>
  <edge from="NON-OBESE" to="WOMEN">
    <attribute name="TEXT" value="1" />
  </edge>
  <edge from="OB" to="GYN">
    <attribute name="TEXT" value="1" />
  </edge>
  <edge from="OBESE" to="PREGNANT">
    <attribute name="TEXT" value="1" />
  </edge>
  <edge from="PM" to="EDT">
    <attribute name="TEXT" value="1" />
  </edge>
  <edge from="PREGNANCY" to="SET">
    <attribute name="TEXT" value="1" />
  </edge>
  <edge from="PREGNANCY" to="WEIGHT">
    <attribute name="TEXT" value="3" />
    <attribute name="KEYWORDS" value="1" />
  </edge>
  <edge from="PREGNANCY" to="WEIGHT">
    <attribute name="TEXT" value="3" />
    <attribute name="KEYWORDS" value="1" />
  </edge>
  <edge from="PREGNANT" to="WOMEN">
    <attribute name="TEXT" value="2" />
  </edge>
  <edge from="PUBLIC" to="HEALTH">
    <attribute name="TEXT" value="1" />
  </edge>
  <edge from="REASSURING" to="NEWS">
    <attribute name="TEXT" value="1" />
  </edge>
  <edge from="REMAIN" to="UNCLEAR">
    <attribute name="TEXT" value="1" />
  </edge>
  <edge from="RESEARCHERS" to="LED">
    <attribute name="TEXT" value="1" />
  </edge>
  <edge from="REUTERS" to="LIMITED">
    <attribute name="TEXT" value="1" />
  </edge>
  <edge from="SMALL" to="WEIGHT">
    <attribute name="TEXT" value="1" />
  </edge>
  <edge from="STOP" to="TAKING">
    <attribute name="TEXT" value="2" />
    <attribute name="LINKS" value="2" />
  </edge>
  <edge from="STOP" to="TAKING">
    <attribute name="TEXT" value="2" />
    <attribute name="LINKS" value="2" />
  </edge>
  <edge from="STORIES" to="WEIGHT">
    <attribute name="TEXT" value="1" />
  </edge>
  <edge from="STUDY" to="ABRAMS">
    <attribute name="TEXT" value="1" />
  </edge>
  <edge from="TAKING" to="HORMONE">
    <attribute name="TEXT" value="4" />
    <attribute name="LINKS" value="4" />
  </edge>
  <edge from="TAKING" to="HORMONE">
    <attribute name="TEXT" value="4" />
    <attribute name="LINKS" value="4" />
  </edge>
  <edge from="TEXT" to="HEADLINES">
    <attribute name="TEXT" value="1" />
  </edge>
  <edge from="TRIMESTER" to="CONTRIBUTED">
    <attribute name="TEXT" value="1" />
  </edge>
  <edge from="TRIMESTER" to="INCREASED">
    <attribute name="TEXT" value="1" />
  </edge>
  <edge from="ULTIMATE" to="EFFECT">
    <attribute name="TEXT" value="1" />
  </edge>
  <edge from="WEIGHT" to="CHARTS">
    <attribute name="TEXT" value="1" />
  </edge>
  <edge from="WEIGHT" to="GAIN">
    <attribute name="TEXT" value="6" />
  </edge>
  <edge from="WEIGHT" to="GAINED">
    <attribute name="TEXT" value="1" />
  </edge>
  <edge from="WEIGHT" to="STUDY">
    <attribute name="TEXT" value="1" />
  </edge>
  <edge from="WISOT" to="CLINICAL">
    <attribute name="TEXT" value="1" />
  </edge>
  <edge from="WOMEN" to="STOP">
    <attribute name="TEXT" value="2" />
    <attribute name="LINKS" value="2" />
  </edge>
  <edge from="WOMEN" to="STOP">
    <attribute name="TEXT" value="2" />
    <attribute name="LINKS" value="2" />
  </edge>
  <edge from="WOMEN" to="WORRIED">
    <attribute name="TEXT" value="1" />
  </edge>
</graph>
