<graph>
  <node id="ABSORB">
    <attribute name="FREQUENCY" value="1" />
  </node>
  <node id="ACCIDENT">
    <attribute name="FREQUENCY" value="1" />
  </node>
  <node id="ADDITION">
    <attribute name="FREQUENCY" value="1" />
  </node>
  <node id="ADMINISTRATION">
    <attribute name="FREQUENCY" value="1" />
  </node>
  <node id="ALIVE">
    <attribute name="FREQUENCY" value="1" />
  </node>
  <node id="ALLOGRAFT">
    <attribute name="FREQUENCY" value="1" />
  </node>
  <node id="ALLOY">
    <attribute name="FREQUENCY" value="1" />
  </node>
  <node id="AMERICAN">
    <attribute name="FREQUENCY" value="4" />
  </node>
  <node id="AMOUNT">
    <attribute name="FREQUENCY" value="1" />
  </node>
  <node id="APPLICABLE">
    <attribute name="FREQUENCY" value="1" />
  </node>
  <node id="APPROVAL">
    <attribute name="FREQUENCY" value="3" />
  </node>
  <node id="APPROVED">
    <attribute name="FREQUENCY" value="2" />
  </node>
  <node id="AREA">
    <attribute name="FREQUENCY" value="1" />
  </node>
  <node id="ARTHRITIS">
    <attribute name="FREQUENCY" value="5" />
  </node>
  <node id="ARTHROSCOPIC">
    <attribute name="FREQUENCY" value="1" />
  </node>
  <node id="ARTHROTOMY">
    <attribute name="FREQUENCY" value="1" />
  </node>
  <node id="ASSISTANT">
    <attribute name="FREQUENCY" value="1" />
  </node>
  <node id="AUGUST">
    <attribute name="FREQUENCY" value="1" />
  </node>
  <node id="AUTO">
    <attribute name="FREQUENCY" value="1" />
  </node>
  <node id="BASED">
    <attribute name="FREQUENCY" value="1" />
  </node>
  <node id="BENEFIT">
    <attribute name="FREQUENCY" value="1" />
  </node>
  <node id="BIOMEDICAL">
    <attribute name="FREQUENCY" value="1" />
  </node>
  <node id="BIOPSIES">
    <attribute name="FREQUENCY" value="2" />
  </node>
  <node id="BIZ">
    <attribute name="FREQUENCY" value="4" />
  </node>
  <node id="BODY">
    <attribute name="FREQUENCY" value="1" />
  </node>
  <node id="BONE">
    <attribute name="FREQUENCY" value="5" />
  </node>
  <node id="BREAK">
    <attribute name="FREQUENCY" value="1" />
  </node>
  <node id="CAMBRIDGE">
    <attribute name="FREQUENCY" value="1" />
  </node>
  <node id="CAREFULLY">
    <attribute name="FREQUENCY" value="1" />
  </node>
  <node id="CAROLINA">
    <attribute name="FREQUENCY" value="1" />
  </node>
  <node id="CARTICEL">
    <attribute name="FREQUENCY" value="8" />
  </node>
  <node id="CARTILAGE">
    <attribute name="FREQUENCY" value="12" />
  </node>
  <node id="CASE">
    <attribute name="FREQUENCY" value="1" />
  </node>
  <node id="CATCH">
    <attribute name="FREQUENCY" value="1" />
  </node>
  <node id="CAUSED">
    <attribute name="FREQUENCY" value="1" />
  </node>
  <node id="CAUTION">
    <attribute name="FREQUENCY" value="1" />
  </node>
  <node id="CAVITY">
    <attribute name="FREQUENCY" value="1" />
  </node>
  <node id="CELLS">
    <attribute name="FREQUENCY" value="9" />
  </node>
  <node id="CENTER">
    <attribute name="FREQUENCY" value="1" />
  </node>
  <node id="CITY">
    <attribute name="FREQUENCY" value="1" />
  </node>
  <node id="COMMENTS">
    <attribute name="FREQUENCY" value="2" />
  </node>
  <node id="COMPANY">
    <attribute name="FREQUENCY" value="1" />
  </node>
  <node id="COMPARISON">
    <attribute name="FREQUENCY" value="1" />
  </node>
  <node id="COMPLETION">
    <attribute name="FREQUENCY" value="1" />
  </node>
  <node id="CONCEPT">
    <attribute name="FREQUENCY" value="1" />
  </node>
  <node id="CONSIDERED">
    <attribute name="FREQUENCY" value="1" />
  </node>
  <node id="CONTRIBUTE">
    <attribute name="FREQUENCY" value="1" />
  </node>
  <node id="CORPORATION">
    <attribute name="FREQUENCY" value="1" />
  </node>
  <node id="COVERED">
    <attribute name="FREQUENCY" value="1" />
  </node>
  <node id="COVERING">
    <attribute name="FREQUENCY" value="1" />
  </node>
  <node id="COVERS">
    <attribute name="FREQUENCY" value="1" />
  </node>
  <node id="CREATE">
    <attribute name="FREQUENCY" value="1" />
  </node>
  <node id="CRITICAL">
    <attribute name="FREQUENCY" value="1" />
  </node>
  <node id="CRUTCHES">
    <attribute name="FREQUENCY" value="1" />
  </node>
  <node id="CULTURED">
    <attribute name="FREQUENCY" value="1" />
  </node>
  <node id="DAMAGE">
    <attribute name="FREQUENCY" value="4" />
  </node>
  <node id="DAMAGED">
    <attribute name="FREQUENCY" value="2" />
  </node>
  <node id="DASHBOARD">
    <attribute name="FREQUENCY" value="1" />
  </node>
  <node id="DECLINE">
    <attribute name="FREQUENCY" value="4" />
  </node>
  <node id="DEFECTS">
    <attribute name="FREQUENCY" value="1" />
  </node>
  <node id="DEVELOPMENT">
    <attribute name="FREQUENCY" value="1" />
  </node>
  <node id="DEVICES">
    <attribute name="FREQUENCY" value="1" />
  </node>
  <node id="DIRECT">
    <attribute name="FREQUENCY" value="1" />
  </node>
  <node id="DOCTORS">
    <attribute name="FREQUENCY" value="1" />
  </node>
  <node id="DRUG">
    <attribute name="FREQUENCY" value="1" />
  </node>
  <node id="DUKE">
    <attribute name="FREQUENCY" value="1" />
  </node>
  <node id="DURHAM">
    <attribute name="FREQUENCY" value="1" />
  </node>
  <node id="EDT">
    <attribute name="FREQUENCY" value="1" />
  </node>
  <node id="END">
    <attribute name="FREQUENCY" value="1" />
  </node>
  <node id="ENGINEERING">
    <attribute name="FREQUENCY" value="1" />
  </node>
  <node id="ENTERTAIN">
    <attribute name="FREQUENCY" value="4" />
  </node>
  <node id="ENZYME">
    <attribute name="FREQUENCY" value="1" />
  </node>
  <node id="EXPERTS">
    <attribute name="FREQUENCY" value="1" />
  </node>
  <node id="EXTENSIVE">
    <attribute name="FREQUENCY" value="1" />
  </node>
  <node id="FAILED">
    <attribute name="FREQUENCY" value="1" />
  </node>
  <node id="FAIR">
    <attribute name="FREQUENCY" value="1" />
  </node>
  <node id="FAMILIAR">
    <attribute name="FREQUENCY" value="1" />
  </node>
  <node id="FARSHID">
    <attribute name="FREQUENCY" value="1" />
  </node>
  <node id="FDA">
    <attribute name="FREQUENCY" value="8" />
  </node>
  <node id="FEMUR">
    <attribute name="FREQUENCY" value="1" />
  </node>
  <node id="FLAP">
    <attribute name="FREQUENCY" value="1" />
  </node>
  <node id="FOOD">
    <attribute name="FREQUENCY" value="1" />
  </node>
  <node id="FOOTBALL">
    <attribute name="FREQUENCY" value="1" />
  </node>
  <node id="FORM">
    <attribute name="FREQUENCY" value="1" />
  </node>
  <node id="FRICTION">
    <attribute name="FREQUENCY" value="1" />
  </node>
  <node id="GENERALLY">
    <attribute name="FREQUENCY" value="1" />
  </node>
  <node id="GENZYME">
    <attribute name="FREQUENCY" value="1" />
  </node>
  <node id="GRANTED">
    <attribute name="FREQUENCY" value="1" />
  </node>
  <node id="GROWING">
    <attribute name="FREQUENCY" value="2" />
  </node>
  <node id="GROWN">
    <attribute name="FREQUENCY" value="1" />
  </node>
  <node id="GUILAK">
    <attribute name="FREQUENCY" value="4" />
  </node>
  <node id="HAAS">
    <attribute name="FREQUENCY" value="1" />
  </node>
  <node id="HEADLINES">
    <attribute name="FREQUENCY" value="1" />
  </node>
  <node id="HEALTH">
    <attribute name="FREQUENCY" value="4" />
  </node>
  <node id="HEALTHY">
    <attribute name="FREQUENCY" value="1" />
  </node>
  <node id="HELPS">
    <attribute name="FREQUENCY" value="1" />
  </node>
  <node id="HIGH">
    <attribute name="FREQUENCY" value="4" />
  </node>
  <node id="HITTING">
    <attribute name="FREQUENCY" value="1" />
  </node>
  <node id="HOSPITAL">
    <attribute name="FREQUENCY" value="1" />
  </node>
  <node id="HTML">
    <attribute name="FREQUENCY" value="1" />
  </node>
  <node id="HYALINE">
    <attribute name="FREQUENCY" value="1" />
  </node>
  <node id="IMPLANTS">
    <attribute name="FREQUENCY" value="2" />
  </node>
  <node id="IMPROVEMENT">
    <attribute name="FREQUENCY" value="2" />
  </node>
  <node id="INCREASED">
    <attribute name="FREQUENCY" value="1" />
  </node>
  <node id="INFIRMED">
    <attribute name="FREQUENCY" value="1" />
  </node>
  <node id="INFO">
    <attribute name="FREQUENCY" value="2" />
  </node>
  <node id="INJECTED">
    <attribute name="FREQUENCY" value="1" />
  </node>
  <node id="INJURIES">
    <attribute name="FREQUENCY" value="5" />
  </node>
  <node id="INJURY">
    <attribute name="FREQUENCY" value="5" />
  </node>
  <node id="ISOLATED">
    <attribute name="FREQUENCY" value="1" />
  </node>
  <node id="JOINT">
    <attribute name="FREQUENCY" value="7" />
  </node>
  <node id="KICK">
    <attribute name="FREQUENCY" value="1" />
  </node>
  <node id="KNEE">
    <attribute name="FREQUENCY" value="8" />
  </node>
  <node id="KNEECAP">
    <attribute name="FREQUENCY" value="2" />
  </node>
  <node id="LABORATORY">
    <attribute name="FREQUENCY" value="1" />
  </node>
  <node id="LEG">
    <attribute name="FREQUENCY" value="1" />
  </node>
  <node id="LIMITED">
    <attribute name="FREQUENCY" value="1" />
  </node>
  <node id="LOCK">
    <attribute name="FREQUENCY" value="1" />
  </node>
  <node id="LONG-LASTING">
    <attribute name="FREQUENCY" value="1" />
  </node>
  <node id="LOOSE">
    <attribute name="FREQUENCY" value="1" />
  </node>
  <node id="LOW">
    <attribute name="FREQUENCY" value="1" />
  </node>
  <node id="LOWER">
    <attribute name="FREQUENCY" value="2" />
  </node>
  <node id="MASSACHUSETTS">
    <attribute name="FREQUENCY" value="1" />
  </node>
  <node id="MATERIAL">
    <attribute name="FREQUENCY" value="1" />
  </node>
  <node id="MEDICAL">
    <attribute name="FREQUENCY" value="1" />
  </node>
  <node id="METAL">
    <attribute name="FREQUENCY" value="1" />
  </node>
  <node id="MILLION">
    <attribute name="FREQUENCY" value="1" />
  </node>
  <node id="MONTH">
    <attribute name="FREQUENCY" value="2" />
  </node>
  <node id="MULTIPLY">
    <attribute name="FREQUENCY" value="1" />
  </node>
  <node id="NEWS">
    <attribute name="FREQUENCY" value="4" />
  </node>
  <node id="NOD">
    <attribute name="FREQUENCY" value="2" />
  </node>
  <node id="NORTH">
    <attribute name="FREQUENCY" value="1" />
  </node>
  <node id="OFFICIALS">
    <attribute name="FREQUENCY" value="1" />
  </node>
  <node id="OLDER">
    <attribute name="FREQUENCY" value="1" />
  </node>
  <node id="OPEN">
    <attribute name="FREQUENCY" value="1" />
  </node>
  <node id="OPERATIONS">
    <attribute name="FREQUENCY" value="2" />
  </node>
  <node id="ORTHOPEDIC">
    <attribute name="FREQUENCY" value="2" />
  </node>
  <node id="PAINFUL">
    <attribute name="FREQUENCY" value="1" />
  </node>
  <node id="PATIENTS">
    <attribute name="FREQUENCY" value="10" />
  </node>
  <node id="PEOPLE">
    <attribute name="FREQUENCY" value="3" />
  </node>
  <node id="PERIOSTEUM">
    <attribute name="FREQUENCY" value="2" />
  </node>
  <node id="PERSON">
    <attribute name="FREQUENCY" value="1" />
  </node>
  <node id="PIECE">
    <attribute name="FREQUENCY" value="1" />
  </node>
  <node id="PLAY">
    <attribute name="FREQUENCY" value="1" />
  </node>
  <node id="PLAYER">
    <attribute name="FREQUENCY" value="1" />
  </node>
  <node id="PM">
    <attribute name="FREQUENCY" value="1" />
  </node>
  <node id="POLITIC">
    <attribute name="FREQUENCY" value="4" />
  </node>
  <node id="POLYETHYLENE">
    <attribute name="FREQUENCY" value="1" />
  </node>
  <node id="PRIMARILY">
    <attribute name="FREQUENCY" value="1" />
  </node>
  <node id="PRIOR">
    <attribute name="FREQUENCY" value="1" />
  </node>
  <node id="PROBLEMS">
    <attribute name="FREQUENCY" value="1" />
  </node>
  <node id="PROCEDURE">
    <attribute name="FREQUENCY" value="4" />
  </node>
  <node id="PROCESS">
    <attribute name="FREQUENCY" value="5" />
  </node>
  <node id="PROFESSOR">
    <attribute name="FREQUENCY" value="1" />
  </node>
  <node id="PROGRAM">
    <attribute name="FREQUENCY" value="1" />
  </node>
  <node id="PROSTHETIC">
    <attribute name="FREQUENCY" value="1" />
  </node>
  <node id="PROVIDE">
    <attribute name="FREQUENCY" value="1" />
  </node>
  <node id="QUESTIONS">
    <attribute name="FREQUENCY" value="2" />
  </node>
  <node id="QUICK">
    <attribute name="FREQUENCY" value="1" />
  </node>
  <node id="RATE">
    <attribute name="FREQUENCY" value="4" />
  </node>
  <node id="RECOVERY">
    <attribute name="FREQUENCY" value="1" />
  </node>
  <node id="REHAB">
    <attribute name="FREQUENCY" value="1" />
  </node>
  <node id="REHABILITATION">
    <attribute name="FREQUENCY" value="1" />
  </node>
  <node id="REIMPLANTATION">
    <attribute name="FREQUENCY" value="1" />
  </node>
  <node id="REJECTION">
    <attribute name="FREQUENCY" value="1" />
  </node>
  <node id="REMOVE">
    <attribute name="FREQUENCY" value="2" />
  </node>
  <node id="REPAIR">
    <attribute name="FREQUENCY" value="3" />
  </node>
  <node id="REPETITIVE">
    <attribute name="FREQUENCY" value="2" />
  </node>
  <node id="REPLACE">
    <attribute name="FREQUENCY" value="1" />
  </node>
  <node id="REPORT">
    <attribute name="FREQUENCY" value="1" />
  </node>
  <node id="REPORTED">
    <attribute name="FREQUENCY" value="1" />
  </node>
  <node id="RESTORATIVE">
    <attribute name="FREQUENCY" value="1" />
  </node>
  <node id="RESULTS">
    <attribute name="FREQUENCY" value="1" />
  </node>
  <node id="REUTERS">
    <attribute name="FREQUENCY" value="2" />
  </node>
  <node id="REVEALED">
    <attribute name="FREQUENCY" value="1" />
  </node>
  <node id="RISK">
    <attribute name="FREQUENCY" value="1" />
  </node>
  <node id="RUNNING">
    <attribute name="FREQUENCY" value="1" />
  </node>
  <node id="SAMPLES">
    <attribute name="FREQUENCY" value="1" />
  </node>
  <node id="SCOREBOARD">
    <attribute name="FREQUENCY" value="4" />
  </node>
  <node id="SEWS">
    <attribute name="FREQUENCY" value="1" />
  </node>
  <node id="SHIP">
    <attribute name="FREQUENCY" value="1" />
  </node>
  <node id="SHOCK">
    <attribute name="FREQUENCY" value="1" />
  </node>
  <node id="SMALL">
    <attribute name="FREQUENCY" value="2" />
  </node>
  <node id="SMOKING">
    <attribute name="FREQUENCY" value="4" />
  </node>
  <node id="SOCCER">
    <attribute name="FREQUENCY" value="1" />
  </node>
  <node id="SPECIAL">
    <attribute name="FREQUENCY" value="1" />
  </node>
  <node id="SPORT">
    <attribute name="FREQUENCY" value="4" />
  </node>
  <node id="STATEMENT">
    <attribute name="FREQUENCY" value="1" />
  </node>
  <node id="STEVEN">
    <attribute name="FREQUENCY" value="1" />
  </node>
  <node id="STORIES">
    <attribute name="FREQUENCY" value="1" />
  </node>
  <node id="STORY">
    <attribute name="FREQUENCY" value="4" />
  </node>
  <node id="STUDIES">
    <attribute name="FREQUENCY" value="1" />
  </node>
  <node id="SUDDEN">
    <attribute name="FREQUENCY" value="1" />
  </node>
  <node id="SUFFERED">
    <attribute name="FREQUENCY" value="1" />
  </node>
  <node id="SURGEON">
    <attribute name="FREQUENCY" value="3" />
  </node>
  <node id="SURGERY">
    <attribute name="FREQUENCY" value="3" />
  </node>
  <node id="SURGICAL">
    <attribute name="FREQUENCY" value="1" />
  </node>
  <node id="SWEDEN">
    <attribute name="FREQUENCY" value="1" />
  </node>
  <node id="SWOLLEN">
    <attribute name="FREQUENCY" value="1" />
  </node>
  <node id="TAKES">
    <attribute name="FREQUENCY" value="2" />
  </node>
  <node id="TECH">
    <attribute name="FREQUENCY" value="4" />
  </node>
  <node id="TECHNICIANS">
    <attribute name="FREQUENCY" value="1" />
  </node>
  <node id="TEXT">
    <attribute name="FREQUENCY" value="1" />
  </node>
  <node id="THIGH">
    <attribute name="FREQUENCY" value="2" />
  </node>
  <node id="TIED">
    <attribute name="FREQUENCY" value="4" />
  </node>
  <node id="TISSUE">
    <attribute name="FREQUENCY" value="4" />
  </node>
  <node id="TISSUE-ENGINEERED">
    <attribute name="FREQUENCY" value="1" />
  </node>
  <node id="TOTALLY">
    <attribute name="FREQUENCY" value="1" />
  </node>
  <node id="TRAUMA">
    <attribute name="FREQUENCY" value="3" />
  </node>
  <node id="TREAT">
    <attribute name="FREQUENCY" value="2" />
  </node>
  <node id="TREATED">
    <attribute name="FREQUENCY" value="2" />
  </node>
  <node id="TREATMENT">
    <attribute name="FREQUENCY" value="2" />
  </node>
  <node id="UNIVERSITY">
    <attribute name="FREQUENCY" value="1" />
  </node>
  <node id="WASH">
    <attribute name="FREQUENCY" value="1" />
  </node>
  <node id="WEDNESDAY">
    <attribute name="FREQUENCY" value="1" />
  </node>
  <node id="WEEK">
    <attribute name="FREQUENCY" value="2" />
  </node>
  <node id="WEIGHT-BEARING">
    <attribute name="FREQUENCY" value="1" />
  </node>
  <node id="WRITE">
    <attribute name="FREQUENCY" value="2" />
  </node>
  <node id="YAHOO">
    <attribute name="FREQUENCY" value="4" />
  </node>
  <node id="YEAR">
    <attribute name="FREQUENCY" value="1" />
  </node>
  <node id="YORK">
    <attribute name="FREQUENCY" value="2" />
  </node>
  <node id="YOUNG">
    <attribute name="FREQUENCY" value="1" />
  </node>
  <edge from="ABSORB" to="SHOCK">
    <attribute name="TEXT" value="1" />
  </edge>
  <edge from="AMERICAN" to="INJURY">
    <attribute name="TEXT" value="2" />
    <attribute name="LINKS" value="2" />
  </edge>
  <edge from="AMERICAN" to="INJURY">
    <attribute name="TEXT" value="2" />
    <attribute name="LINKS" value="2" />
  </edge>
  <edge from="APPROVED" to="TISSUE-ENGINEERED">
    <attribute name="TEXT" value="1" />
  </edge>
  <edge from="AREA" to="CREATE">
    <attribute name="TEXT" value="1" />
  </edge>
  <edge from="ARTHROSCOPIC" to="PROCEDURE">
    <attribute name="TEXT" value="1" />
  </edge>
  <edge from="ASSISTANT" to="PROFESSOR">
    <attribute name="TEXT" value="1" />
  </edge>
  <edge from="AUTO" to="ACCIDENT">
    <attribute name="TEXT" value="1" />
  </edge>
  <edge from="BIOMEDICAL" to="ENGINEERING">
    <attribute name="TEXT" value="1" />
  </edge>
  <edge from="BIOPSIES" to="REVEALED">
    <attribute name="TEXT" value="1" />
  </edge>
  <edge from="CAMBRIDGE" to="MASSACHUSETTS">
    <attribute name="TEXT" value="1" />
  </edge>
  <edge from="CAREFULLY" to="REMOVE">
    <attribute name="TEXT" value="1" />
  </edge>
  <edge from="CARTICEL" to="CONTRIBUTE">
    <attribute name="TEXT" value="1" />
  </edge>
  <edge from="CARTICEL" to="IMPLANTS">
    <attribute name="TEXT" value="1" />
  </edge>
  <edge from="CARTICEL" to="PRIMARILY">
    <attribute name="TEXT" value="1" />
  </edge>
  <edge from="CARTICEL" to="PROCESS">
    <attribute name="TEXT" value="1" />
  </edge>
  <edge from="CARTICEL" to="REPORTED">
    <attribute name="TEXT" value="1" />
  </edge>
  <edge from="CARTILAGE" to="CELLS">
    <attribute name="TEXT" value="2" />
  </edge>
  <edge from="CARTILAGE" to="COVERING">
    <attribute name="TEXT" value="1" />
  </edge>
  <edge from="CARTILAGE" to="DAMAGE">
    <attribute name="TEXT" value="1" />
  </edge>
  <edge from="CARTILAGE" to="EXPERTS">
    <attribute name="TEXT" value="1" />
  </edge>
  <edge from="CARTILAGE" to="INJURIES">
    <attribute name="TEXT" value="1" />
  </edge>
  <edge from="CARTILAGE" to="PROCESS">
    <attribute name="TEXT" value="1" />
    <attribute name="KEYWORDS" value="1" />
  </edge>
  <edge from="CARTILAGE" to="PROCESS">
    <attribute name="TEXT" value="1" />
    <attribute name="KEYWORDS" value="1" />
  </edge>
  <edge from="CASE" to="REPORT">
    <attribute name="TEXT" value="1" />
  </edge>
  <edge from="CELLS" to="PROCESS">
    <attribute name="TEXT" value="1" />
  </edge>
  <edge from="COMPANY" to="CELLS">
    <attribute name="TEXT" value="1" />
  </edge>
  <edge from="CONSIDERED" to="CRITICAL">
    <attribute name="TEXT" value="1" />
  </edge>
  <edge from="COVERS" to="BONE">
    <attribute name="TEXT" value="1" />
  </edge>
  <edge from="CREATE" to="SMALL">
    <attribute name="TEXT" value="1" />
  </edge>
  <edge from="CULTURED" to="CELLS">
    <attribute name="TEXT" value="1" />
  </edge>
  <edge from="DAMAGED" to="AREA">
    <attribute name="TEXT" value="1" />
  </edge>
  <edge from="DAMAGED" to="TISSUE">
    <attribute name="TEXT" value="1" />
  </edge>
  <edge from="DIRECT" to="COMPARISON">
    <attribute name="TEXT" value="1" />
  </edge>
  <edge from="DOCTORS" to="CAREFULLY">
    <attribute name="TEXT" value="1" />
  </edge>
  <edge from="DRUG" to="ADMINISTRATION">
    <attribute name="TEXT" value="1" />
  </edge>
  <edge from="DUKE" to="UNIVERSITY">
    <attribute name="TEXT" value="1" />
  </edge>
  <edge from="DURHAM" to="NORTH">
    <attribute name="TEXT" value="1" />
  </edge>
  <edge from="EXPERTS" to="FAMILIAR">
    <attribute name="TEXT" value="1" />
  </edge>
  <edge from="EXTENSIVE" to="REHABILITATION">
    <attribute name="TEXT" value="1" />
  </edge>
  <edge from="FAIR" to="AMOUNT">
    <attribute name="TEXT" value="1" />
  </edge>
  <edge from="FARSHID" to="GUILAK">
    <attribute name="TEXT" value="1" />
  </edge>
  <edge from="FDA" to="CAUTION">
    <attribute name="TEXT" value="1" />
  </edge>
  <edge from="FDA" to="NOD">
    <attribute name="TEXT" value="1" />
    <attribute name="KEYWORDS" value="1" />
  </edge>
  <edge from="FDA" to="NOD">
    <attribute name="TEXT" value="1" />
    <attribute name="KEYWORDS" value="1" />
  </edge>
  <edge from="FDA" to="OFFICIALS">
    <attribute name="TEXT" value="1" />
  </edge>
  <edge from="FDA" to="STATEMENT">
    <attribute name="TEXT" value="1" />
  </edge>
  <edge from="GENERALLY" to="RESULTS">
    <attribute name="TEXT" value="1" />
  </edge>
  <edge from="GENZYME" to="CORPORATION">
    <attribute name="TEXT" value="1" />
  </edge>
  <edge from="GROWING" to="CARTILAGE">
    <attribute name="TEXT" value="1" />
  </edge>
  <edge from="GROWING" to="PATIENTS">
    <attribute name="TEXT" value="1" />
  </edge>
  <edge from="GROWN" to="MULTIPLY">
    <attribute name="TEXT" value="1" />
  </edge>
  <edge from="GUILAK" to="ASSISTANT">
    <attribute name="TEXT" value="1" />
  </edge>
  <edge from="GUILAK" to="CARTILAGE">
    <attribute name="TEXT" value="1" />
  </edge>
  <edge from="HEALTH" to="STORIES">
    <attribute name="TEXT" value="1" />
  </edge>
  <edge from="HEALTHY" to="CARTILAGE">
    <attribute name="TEXT" value="1" />
  </edge>
  <edge from="HYALINE" to="CARTILAGE">
    <attribute name="TEXT" value="1" />
  </edge>
  <edge from="INCREASED" to="WEIGHT-BEARING">
    <attribute name="TEXT" value="1" />
  </edge>
  <edge from="INJURIES" to="COVERED">
    <attribute name="TEXT" value="1" />
  </edge>
  <edge from="INJURIES" to="GENERALLY">
    <attribute name="TEXT" value="1" />
  </edge>
  <edge from="INJURY" to="RATE">
    <attribute name="TEXT" value="4" />
    <attribute name="LINKS" value="4" />
  </edge>
  <edge from="INJURY" to="RATE">
    <attribute name="TEXT" value="4" />
    <attribute name="LINKS" value="4" />
  </edge>
  <edge from="ISOLATED" to="DEFECTS">
    <attribute name="TEXT" value="1" />
  </edge>
  <edge from="JOINT" to="DECLINE">
    <attribute name="TEXT" value="2" />
    <attribute name="LINKS" value="2" />
  </edge>
  <edge from="JOINT" to="DECLINE">
    <attribute name="TEXT" value="2" />
    <attribute name="LINKS" value="2" />
  </edge>
  <edge from="KNEE" to="BIOPSIES">
    <attribute name="TEXT" value="1" />
  </edge>
  <edge from="KNEE" to="OPERATIONS">
    <attribute name="TEXT" value="1" />
  </edge>
  <edge from="KNEE" to="PATIENTS">
    <attribute name="TEXT" value="1" />
  </edge>
  <edge from="LEG" to="BONE">
    <attribute name="TEXT" value="1" />
  </edge>
  <edge from="LONG-LASTING" to="IMPROVEMENT">
    <attribute name="TEXT" value="1" />
  </edge>
  <edge from="LOOSE" to="PIECE">
    <attribute name="TEXT" value="1" />
  </edge>
  <edge from="LOW" to="RISK">
    <attribute name="TEXT" value="1" />
  </edge>
  <edge from="LOWER" to="END">
    <attribute name="TEXT" value="1" />
  </edge>
  <edge from="LOWER" to="LEG">
    <attribute name="TEXT" value="1" />
  </edge>
  <edge from="MEDICAL" to="CENTER">
    <attribute name="TEXT" value="1" />
  </edge>
  <edge from="METAL" to="ALLOY">
    <attribute name="TEXT" value="1" />
  </edge>
  <edge from="NORTH" to="CAROLINA">
    <attribute name="TEXT" value="1" />
  </edge>
  <edge from="OFFICIALS" to="BASED">
    <attribute name="TEXT" value="1" />
  </edge>
  <edge from="OLDER" to="PEOPLE">
    <attribute name="TEXT" value="1" />
  </edge>
  <edge from="ORTHOPEDIC" to="SURGEON">
    <attribute name="TEXT" value="1" />
  </edge>
  <edge from="ORTHOPEDIC" to="SURGERY">
    <attribute name="TEXT" value="1" />
  </edge>
  <edge from="PAINFUL" to="SWOLLEN">
    <attribute name="TEXT" value="1" />
  </edge>
  <edge from="PATIENTS" to="FEMUR">
    <attribute name="TEXT" value="1" />
  </edge>
  <edge from="PATIENTS" to="TREATED">
    <attribute name="TEXT" value="2" />
  </edge>
  <edge from="PERIOSTEUM" to="HELPS">
    <attribute name="TEXT" value="1" />
  </edge>
  <edge from="PLAY" to="FOOTBALL">
    <attribute name="TEXT" value="1" />
  </edge>
  <edge from="PLAYER" to="KNEE">
    <attribute name="TEXT" value="1" />
  </edge>
  <edge from="PM" to="EDT">
    <attribute name="TEXT" value="1" />
  </edge>
  <edge from="PRIOR" to="SURGICAL">
    <attribute name="TEXT" value="1" />
  </edge>
  <edge from="PROCEDURE" to="SURGEON">
    <attribute name="TEXT" value="1" />
  </edge>
  <edge from="PROCESS" to="LABORATORY">
    <attribute name="TEXT" value="1" />
  </edge>
  <edge from="PROSTHETIC" to="DEVICES">
    <attribute name="TEXT" value="1" />
  </edge>
  <edge from="PROVIDE" to="DIRECT">
    <attribute name="TEXT" value="1" />
  </edge>
  <edge from="QUICK" to="ARTHROSCOPIC">
    <attribute name="TEXT" value="1" />
  </edge>
  <edge from="REHABILITATION" to="PROGRAM">
    <attribute name="TEXT" value="1" />
  </edge>
  <edge from="REMOVE" to="DAMAGED">
    <attribute name="TEXT" value="1" />
  </edge>
  <edge from="REMOVE" to="SAMPLES">
    <attribute name="TEXT" value="1" />
  </edge>
  <edge from="REPAIR" to="DAMAGE">
    <attribute name="TEXT" value="1" />
  </edge>
  <edge from="REPAIR" to="OPERATIONS">
    <attribute name="TEXT" value="1" />
  </edge>
  <edge from="REPETITIVE" to="INJURIES">
    <attribute name="TEXT" value="1" />
  </edge>
  <edge from="REPETITIVE" to="TRAUMA">
    <attribute name="TEXT" value="1" />
  </edge>
  <edge from="REPORTED" to="LONG-LASTING">
    <attribute name="TEXT" value="1" />
  </edge>
  <edge from="RESTORATIVE" to="SURGERY">
    <attribute name="TEXT" value="1" />
  </edge>
  <edge from="REUTERS" to="LIMITED">
    <attribute name="TEXT" value="1" />
  </edge>
  <edge from="SMALL" to="CAVITY">
    <attribute name="TEXT" value="1" />
  </edge>
  <edge from="SMALL" to="FLAP">
    <attribute name="TEXT" value="1" />
  </edge>
  <edge from="SMOKING" to="TIED">
    <attribute name="TEXT" value="2" />
    <attribute name="LINKS" value="2" />
  </edge>
  <edge from="SMOKING" to="TIED">
    <attribute name="TEXT" value="2" />
    <attribute name="LINKS" value="2" />
  </edge>
  <edge from="SOCCER" to="PLAYER">
    <attribute name="TEXT" value="1" />
  </edge>
  <edge from="SPECIAL" to="SURGERY">
    <attribute name="TEXT" value="1" />
  </edge>
  <edge from="STATEMENT" to="KNEE">
    <attribute name="TEXT" value="1" />
  </edge>
  <edge from="STEVEN" to="HAAS">
    <attribute name="TEXT" value="1" />
  </edge>
  <edge from="STORIES" to="CARTICEL">
    <attribute name="TEXT" value="1" />
  </edge>
  <edge from="SUDDEN" to="TRAUMA">
    <attribute name="TEXT" value="1" />
  </edge>
  <edge from="SUFFERED" to="PLAY">
    <attribute name="TEXT" value="1" />
  </edge>
  <edge from="SURGEON" to="REMOVE">
    <attribute name="TEXT" value="1" />
  </edge>
  <edge from="SURGICAL" to="TREATMENT">
    <attribute name="TEXT" value="1" />
  </edge>
  <edge from="SWOLLEN" to="KNEE">
    <attribute name="TEXT" value="1" />
  </edge>
  <edge from="TAKES" to="FAIR">
    <attribute name="TEXT" value="1" />
  </edge>
  <edge from="TAKES" to="SMALL">
    <attribute name="TEXT" value="1" />
  </edge>
  <edge from="TEXT" to="HEADLINES">
    <attribute name="TEXT" value="1" />
  </edge>
  <edge from="THIGH" to="BONE">
    <attribute name="TEXT" value="2" />
  </edge>
  <edge from="TISSUE-ENGINEERED" to="PROCEDURE">
    <attribute name="TEXT" value="1" />
  </edge>
  <edge from="TREAT" to="CARTILAGE">
    <attribute name="TEXT" value="1" />
  </edge>
  <edge from="TREAT" to="INJURIES">
    <attribute name="TEXT" value="1" />
  </edge>
  <edge from="UNIVERSITY" to="MEDICAL">
    <attribute name="TEXT" value="1" />
  </edge>
  <edge from="WEDNESDAY" to="AUGUST">
    <attribute name="TEXT" value="1" />
  </edge>
  <edge from="YORK" to="CITY">
    <attribute name="TEXT" value="1" />
  </edge>
  <edge from="YOUNG" to="PEOPLE">
    <attribute name="TEXT" value="1" />
  </edge>
</graph>
